No.	Name	Description	Version	Popularity	Likes	Stars	Forks	Issues	Owner	Publisher	License	Last Commit	Repository URL
1	http	A composable, multi-platform, Future-based API for HTTP requests.	0.13.5	99.97831837301071	5621	886	292	158	dart-lang	dart.dev	BSD-3-Clause	2022-12-14T23:56:15.000Z	https://github.com/dart-lang/http/tree/master/pkgs/http
2	intl	Contains code to deal with internationalized/localized messages, date and number formatting and parsing, bi-directional text, and other internationalization issues.	0.18.0	99.97398204761285	3626	496	167	105	dart-lang	dart.dev	BSD-3-Clause	2022-12-19T10:00:12.000Z	https://github.com/dart-lang/intl
3	path	A string-based path manipulation library. All of the path operations you know and love, with solid support for Windows, POSIX (Linux and Mac OS X), and the web.	1.8.3	99.90893716664499	949	158	38	13	dart-lang	dart.dev	BSD-3-Clause	2022-12-05T23:13:55.000Z	https://github.com/dart-lang/path
4	equatable	A Dart package that helps to implement value based equality without needing to explicitly override == and hashCode.	2.0.5	99.89159186505356	2035	739	91	15	felangel	fluttercommunity.dev	MIT	2022-10-17T14:47:51.000Z	https://github.com/felangel/equatable
5	collection	Collections and utilities functions and classes related to collections.	1.17.0	99.82221065868782	708	268	69	34	dart-lang	dart.dev	BSD-3-Clause	2022-12-09T17:04:55.000Z	https://github.com/dart-lang/collection
6	rxdart	RxDart is an implementation of the popular reactiveX api for asynchronous programming, leveraging the native Dart Streams api.	0.27.7	99.80486535709639	1953	3199	266	47	ReactiveX	fluttercommunity.dev	NOASSERTION	2022-11-28T15:48:04.000Z	https://github.com/ReactiveX/rxdart
7	crypto	Implementations of SHA, MD5, and HMAC cryptographic functions	3.0.2	99.79185638090283	1029	191	42	23	dart-lang	dart.dev	BSD-3-Clause	2022-11-10T17:45:46.000Z	https://github.com/dart-lang/crypto
8	async	Utility functions and classes related to the 'dart:async' library.	2.10.0	99.75716577771996	367	214	44	13	dart-lang	dart.dev	BSD-3-Clause	2022-11-09T17:20:16.000Z	https://github.com/dart-lang/async
9	http_parser	A platform-independent package for parsing and serializing HTTP formats.	4.0.2	99.74415680152639	132	24	23	4	dart-lang	dart.dev	BSD-3-Clause	2022-10-31T00:30:28.000Z	https://github.com/dart-lang/http_parser
10	html	APIs for parsing and manipulating HTML content outside the browser.	0.15.1	99.72681149993495	393	232	56	71	dart-lang	tools.dart.dev	NOASSERTION	2022-11-09T23:34:42.000Z	https://github.com/dart-lang/html
11	mime	Utilities for handling media (MIME) types, including determining a type from a file extension and file contents.	1.0.3	99.71380252374138	253	78	38	21	dart-lang	tools.dart.dev	BSD-3-Clause	2022-12-13T15:49:04.000Z	https://github.com/dart-lang/mime
12	args	Library for defining parsers for parsing raw command-line arguments into a set of options and values using GNU and POSIX style options.	2.3.1	99.70512987294566	260	171	60	39	dart-lang	dart.dev	BSD-3-Clause	2022-11-09T20:45:35.000Z	https://github.com/dart-lang/args
13	logging	Provides APIs for debugging and error logging, similar to loggers in other languages, such as the Closure JS Logger and java.util.logging.Logger.	1.1.0	99.7007935475478	483	239	41	16	dart-lang	dart.dev	BSD-3-Clause	2022-12-06T22:23:52.000Z	https://github.com/dart-lang/logging
14	archive	Provides encoders and decoders for various archive and compression formats such as zip, tar, bzip2, gzip, and zlib.	3.3.5	99.69645722214995	418	297	85	72	brendan-duncan	loki3d.com	MIT	2022-12-19T23:11:03.000Z	https://github.com/brendan-duncan/archive
15	dart_code_metrics	Software analytics tool that helps developers analyse and improve software quality.	5.3.0	99.68778457135423	751	738	83	54	dart-code-checker	dartcodemetrics.dev	MIT	2022-12-19T15:46:26.000Z	https://github.com/dart-code-checker/dart-code-metrics
16	yaml	A parser for YAML, a human-friendly data serialization standard	3.1.1	99.63574866657994	174	121	53	18	dart-lang	tools.dart.dev	MIT	2022-11-15T20:27:41.000Z	https://github.com/dart-lang/yaml
17	convert	Utilities for converting between data representations. Provides a number of Sink, Codec, Decoder, and Encoder types.	3.1.1	99.63141234118208	64	45	21	8	dart-lang	dart.dev	BSD-3-Clause	2022-10-12T21:53:57.000Z	https://github.com/dart-lang/convert
18	web_socket_channel	StreamChannel wrappers for WebSockets. Provides a cross-platform WebSocketChannel API, a cross-platform implementation of that API that communicates over an underlying StreamChannel.	2.2.0	99.61406703959065	765	312	81	85	dart-lang	tools.dart.dev	BSD-3-Clause	2022-12-07T09:27:31.000Z	https://github.com/dart-lang/web_socket_channel
19	source_span	A library for identifying source spans and locations.	1.9.1	99.58371276180564	18	21	14	12	dart-lang	tools.dart.dev	BSD-3-Clause	2022-10-25T17:24:45.000Z	https://github.com/dart-lang/source_span
20	string_scanner	A class for parsing strings using a sequence of patterns.	1.2.0	99.57504011100993	150	51	13	5	dart-lang	tools.dart.dev	BSD-3-Clause	2022-12-13T00:08:03.000Z	https://github.com/dart-lang/string_scanner
21	typed_data	Utility functions and classes related to the dart:typed_data library.	1.3.1	99.57070378561207	30	29	10	3	dart-lang	dart.dev	BSD-3-Clause	2022-11-10T17:39:40.000Z	https://github.com/dart-lang/typed_data
22	shelf	A model for web server middleware that encourages composition and easy reuse.	1.4.0	99.56636746021421	559	701	102	29	dart-lang	tools.dart.dev	BSD-3-Clause	2022-12-08T17:24:18.000Z	https://github.com/dart-lang/shelf/tree/master/pkgs/shelf
23	pub_semver	Versions and version constraints implementing pub's versioning policy. This is very similar to vanilla semver, with a few corner cases.	2.1.3	99.54468583322492	71	47	22	8	dart-lang	tools.dart.dev	BSD-3-Clause	2022-11-12T00:56:02.000Z	https://github.com/dart-lang/pub_semver
24	bloc	A predictable state management library that helps implement the BLoC (Business Logic Component) design pattern.	8.1.0	99.54034950782706	2078	9890	3023	94	felangel	bloclibrary.dev	MIT	2022-12-11T03:56:07.000Z	https://github.com/felangel/bloc/tree/master/packages/bloc
25	term_glyph	Useful Unicode glyphs and ASCII substitutes.	1.2.1	99.5360131824292	21	10	10	0	dart-lang	tools.dart.dev	BSD-3-Clause	2022-11-15T22:30:35.000Z	https://github.com/dart-lang/term_glyph
26	clock	A fakeable wrapper for dart:core clock APIs.	1.1.1	99.53167685703134	119	34	13	1	dart-lang	tools.dart.dev	Apache-2.0	2022-11-09T23:23:34.000Z	https://github.com/dart-lang/clock
27	stack_trace	A package for manipulating stack traces and printing them readably.	1.11.0	99.51866788083777	147	102	19	18	dart-lang	tools.dart.dev	BSD-3-Clause	2022-12-01T20:24:46.000Z	https://github.com/dart-lang/stack_trace
28	shelf_static	Static file server support for the shelf package and ecosystem.	1.1.1	99.49698625384849	53	24	25	3	dart-archive	tools.dart.dev	BSD-3-Clause	2022-05-09T20:32:05.000Z	https://github.com/dart-lang/shelf/tree/master/pkgs/shelf_static
29	webkit_inspection_protocol	A client for the Chrome DevTools Protocol (previously called the Webkit Inspection Protocol).	1.2.0	99.47096830146134	4	24	26	4	google	google.dev	BSD-3-Clause	2022-11-14T17:14:57.000Z	https://github.com/google/webkit_inspection_protocol.dart
30	io	Utilities for the Dart VM Runtime including support for ANSI colors, file copying, and standard exit code values.	1.0.3	99.44928667447205	26	32	16	19	dart-lang	tools.dart.dev	BSD-3-Clause	2022-11-15T20:27:29.000Z	https://github.com/dart-lang/io
31	csslib	A library for parsing and analyzing CSS (Cascading Style Sheets)	0.17.2	99.42760504748276	22	69	32	21	dart-lang	tools.dart.dev	BSD-3-Clause	2022-11-15T15:46:59.000Z	https://github.com/dart-lang/csslib
32	petitparser	A dynamic parser framework to build efficient grammars and parsers quickly.	5.1.0	99.4232687220849	189	382	51	5	petitparser	lukas-renggli.ch	MIT	2022-12-18T16:27:51.000Z	https://github.com/petitparser/dart-petitparser
33	glob	A library to perform Bash-style file and directory globbing.	2.1.1	99.41025974589132	37	36	14	6	dart-lang	tools.dart.dev	BSD-3-Clause	2022-11-09T23:20:11.000Z	https://github.com/dart-lang/glob
34	package_config	Support for reading and writing Dart Package Configuration files.	2.1.0	99.40592342049347	6	13	16	6	dart-lang	tools.dart.dev	BSD-3-Clause	2022-11-15T20:29:54.000Z	https://github.com/dart-lang/package_config
35	stream_channel	An abstraction for two-way communication channels based on the Dart Stream class.	2.1.1	99.4015870950956	28	38	20	4	dart-lang	tools.dart.dev	BSD-3-Clause	2022-11-10T11:30:32.000Z	https://github.com/dart-lang/stream_channel
36	watcher	A file system watcher. It monitors changes to contents of directories and sends notifications when files have been added, removed, or modified.	1.0.2	99.39291444429989	114	103	26	19	dart-lang	tools.dart.dev	BSD-3-Clause	2022-10-14T17:19:59.000Z	https://github.com/dart-lang/watcher
37	fixnum	Library for 32- and 64-bit signed fixed-width integers with consistent behavior between native and JS runtimes.	1.0.1	99.38857811890203	25	36	25	16	dart-lang	dart.dev	BSD-3-Clause	2022-12-08T16:13:54.000Z	https://github.com/dart-lang/fixnum
38	coverage	Coverage data manipulation and formatting	1.6.1	99.38424179350417	60	90	55	27	dart-lang	tools.dart.dev	BSD-3-Clause	2022-11-14T22:55:10.000Z	https://github.com/dart-lang/coverage
39	shelf_web_socket	A shelf handler that wires up a listener for every connection.	1.0.3	99.36689649191275	81	22	15	6	dart-archive	tools.dart.dev	BSD-3-Clause	2022-05-09T20:49:07.000Z	https://github.com/dart-lang/shelf/tree/master/pkgs/shelf_web_socket
40	http_multi_server	A dart:io HttpServer wrapper that handles requests from multiple servers.	3.2.1	99.35822384111704	31	22	13	1	dart-lang	tools.dart.dev	BSD-3-Clause	2022-11-09T23:47:30.000Z	https://github.com/dart-lang/http_multi_server
41	pool	Manage a finite pool of resources. Useful for controlling concurrent file system or network requests.	1.5.1	99.3408785395256	45	35	20	5	dart-lang	tools.dart.dev	BSD-3-Clause	2022-11-09T23:47:56.000Z	https://github.com/dart-lang/pool
42	source_maps	A library to programmatically manipulate source map files.	0.10.11	99.33654221412775	0	12	14	13	dart-lang	tools.dart.dev	BSD-3-Clause	2022-10-19T17:16:50.000Z	https://github.com/dart-lang/source_maps
43	shelf_packages_handler	A shelf handler for serving a `packages/` directory.	3.0.1	99.31486058713845	2	3	4	0	dart-archive	tools.dart.dev	BSD-3-Clause	2022-05-09T20:49:46.000Z	https://github.com/dart-lang/shelf/tree/master/pkgs/shelf_packages_handler
44	tuple	A library providing a tuple data structure.	2.0.1	99.30618793634274	356	171	27	11	google	google.dev	BSD-2-Clause	2022-10-06T20:21:52.000Z	https://github.com/google/tuple.dart
45	matcher	Support for specifying test expectations via an extensible Matcher class. Also includes a number of built-in Matcher implementations for common cases.	0.12.14	99.30185161094488	28	54	32	27	dart-lang	dart.dev	BSD-3-Clause	2022-12-13T19:01:10.000Z	https://github.com/dart-lang/matcher
46	source_map_stack_trace	A package for applying source maps to stack traces.	2.1.1	99.28450630935345	5	5	7	0	dart-lang	tools.dart.dev	BSD-3-Clause	2022-10-18T18:16:18.000Z	https://github.com/dart-lang/source_map_stack_trace
47	sync_http	Synchronous HTTP client for Dart.	0.3.1	99.28016998395559	4	10	14	5	google	google.dev	BSD-3-Clause	2022-12-02T18:53:11.000Z	https://github.com/google/sync_http.dart
48	webdriver	Provides WebDriver bindings for Dart. Supports WebDriver JSON interface and W3C spec. Requires the use of WebDriver remote server.	3.0.1	99.27149733315987	29	121	59	23	google	google.dev	Apache-2.0	2022-12-15T01:13:15.000Z	https://github.com/google/webdriver.dart
49	boolean_selector	A flexible syntax for boolean expressions, based on a simplified version of Dart's expression syntax.	2.1.1	99.24114305537488	9	15	12	1	dart-lang	tools.dart.dev	BSD-3-Clause	2022-11-10T17:41:56.000Z	https://github.com/dart-lang/boolean_selector
50	json_rpc_2	Utilities to write a client or server using the JSON-RPC 2.0 spec.	3.0.2	99.21512510298773	56	63	33	6	dart-lang	tools.dart.dev	BSD-3-Clause	2022-11-09T23:47:44.000Z	https://github.com/dart-lang/json_rpc_2
51	shelf_proxy	A shelf handler for proxying HTTP requests to another server.	1.0.2	99.20211612679417	49	24	15	10	dart-archive	tools.dart.dev	BSD-3-Clause	2022-05-09T20:50:00.000Z	https://github.com/dart-lang/shelf/tree/master/pkgs/shelf_proxy
52	completion	A package to add shell command completion to your Dart application	1.0.1	99.19344347599845	26	53	11	1	kevmoo	j832.com	BSD-3-Clause	2022-12-14T20:13:37.000Z	https://github.com/kevmoo/completion.dart
53	fake_async	Fake asynchronous events such as timers and microtasks for deterministic testing.	1.3.1	99.17609817440702	49	68	13	5	dart-lang	dart.dev	Apache-2.0	2022-11-09T23:22:10.000Z	https://github.com/dart-lang/fake_async
54	browser_launcher	Provides a standardized way to launch web browsers for testing and tools.	1.1.1	99.15875287281558	5	10	9	2	dart-lang	tools.dart.dev	BSD-3-Clause	2022-12-13T18:32:41.000Z	https://github.com/dart-lang/browser_launcher
55	sse	Provides client and server functionality for setting up bi-directional communication through Server Sent Events (SSE) and corresponding POST requests.	4.1.2	99.15441654741772	24	49	18	5	dart-lang	tools.dart.dev	BSD-3-Clause	2022-12-14T21:03:50.000Z	https://github.com/dart-lang/sse
56	usage	A Google Analytics wrapper for command-line, web, and Flutter apps.	4.1.0	99.14140757122415	60	139	48	15	dart-lang	tools.dart.dev	BSD-3-Clause	2022-10-20T20:09:59.000Z	https://github.com/dart-lang/usage
57	pdf	A pdf producer for Dart. It can create pdf files for both web or flutter.	3.8.4	99.12839859503057	1746	950	372	120	DavBfr	nfet.net	Apache-2.0	2022-12-06T09:29:55.000Z	https://github.com/DavBfr/dart_pdf
58	internet_connection_checker	A pure Dart library that checks for internet by opening a socket to a list of specified addresses, each with individual port and timeout. Defaults are provided for convenience.	1.0.0+1	99.11972594423486	615	61	16	14	RounakTadvi		NOASSERTION	2022-09-22T10:54:54.000Z	https://github.com/RounakTadvi/internet_connection_checker
59	ffi	Utilities for working with Foreign Function Interface (FFI) code.	2.0.1	99.115389618837	161	125	28	20	dart-lang	dart.dev	BSD-3-Clause	2022-11-21T11:11:52.000Z	https://github.com/dart-lang/ffi
60	vector_math	A Vector Math library for 2D and 3D applications.	2.1.4	99.11105329343914	198	259	77	19	google	google.dev	NOASSERTION	2022-11-01T09:39:33.000Z	https://github.com/google/vector_math.dart
61	timezone	Time zone database and time zone aware DateTime.	0.9.0	99.06769003946056	240	76	38	31	srawlins		BSD-2-Clause	2022-11-07T12:23:11.000Z	https://github.com/srawlins/timezone
62	quiver	Quiver is a set of utility libraries for Dart that makes using many Dart libraries easier and more convenient, or adds additional functionality.	3.1.0	99.01131780928841	410	901	140	50	google	google.dev	Apache-2.0	2022-12-09T17:16:25.000Z	https://github.com/google/quiver-dart
63	jiffy	Jiffy is a date dart package inspired by momentjs for parsing, manipulating and formatting dates	5.0.0	98.9809635315034	569	401	78	32	jama5262		MIT	2022-11-02T17:46:17.000Z	https://github.com/jama5262/jiffy
64	win32	A Dart library for accessing common Win32 APIs using FFI. No C required!	3.1.3	98.91158232513769	561	601	94	31	timsneath	sneath.org	BSD-3-Clause	2022-12-17T10:19:39.000Z	https://github.com/timsneath/win32
65	googleapis	Auto-generated client libraries for accessing Google APIs described through the API discovery service.	9.2.0	98.8899006981484	668	329	103	33	google	google.dev	BSD-3-Clause	2022-12-19T19:06:11.000Z	https://github.com/google/googleapis.dart/tree/master/generated/googleapis
66	socket_io_client	Dartlang port of socket.io-client for web, flutter, dartvm to use	2.0.0	98.87689172195482	884	553	141	95	rikulo		MIT	2022-12-17T13:34:57.000Z	https://github.com/rikulo/socket.io-client-dart
67	mockito	A mock framework inspired by Mockito with APIs for Fakes, Mocks, behavior verification, and stubbing.	5.3.2	98.85521009496553	894	552	146	56	dart-lang	dart.dev	Apache-2.0	2022-12-14T21:34:39.000Z	https://github.com/dart-lang/mockito
68	pubspec_parse	Simple package for parsing pubspec.yaml files with a type-safe API and rich error reporting.	1.2.1	98.85087376956767	24	42	16	5	dart-lang	tools.dart.dev	BSD-3-Clause	2022-12-12T22:14:20.000Z	https://github.com/dart-lang/pubspec_parse
69	event_bus	A simple Event Bus using Dart Streams for decoupling applications	2.0.0	98.84653744416981	464	698	75	0	marcojakob	jakobservices.ch	MIT	2022-03-01T17:38:59.000Z	https://github.com/marcojakob/dart-event-bus
70	cli_util	A library to help in building Dart command-line apps.	0.3.5	98.75113828541694	40	45	22	5	dart-lang	tools.dart.dev	BSD-3-Clause	2022-11-15T15:54:18.000Z	https://github.com/dart-lang/cli_util
71	stream_transform	A collection of utilities to transform and manipulate streams.	2.1.0	98.72078400763193	160	104	18	11	dart-lang	tools.dart.dev	BSD-3-Clause	2022-12-12T18:24:29.000Z	https://github.com/dart-lang/stream_transform
72	characters	String replacement with operations that are Unicode/grapheme cluster aware.	1.2.1	98.7034387060405	273	54	11	3	dart-lang	dart.dev	BSD-3-Clause	2022-11-09T23:30:34.000Z	https://github.com/dart-lang/characters
73	protobuf	Runtime library for protocol buffers support. Use https://pub.dev/packages/protoc_plugin to generate dart code for your '.proto' files.	2.1.0	98.65573912666406	130	57454	14651	684	protocolbuffers	google.dev	NOASSERTION	2022-12-20T02:40:33.000Z	https://github.com/google/protobuf.dart/tree/master/protobuf
74	lints	Official Dart lint rules. Defines the 'core' and 'recommended' set of lints suggested by the Dart team.	2.0.1	98.60803954728763	162	66	23	23	dart-lang	tools.dart.dev	BSD-3-Clause	2022-11-14T22:19:20.000Z	https://github.com/dart-lang/lints
75	charcode	Constants for ASCII and common non-ASCII character codes. Integer constants corresponding to the code points of individual characters.	1.3.1	98.42157755517974	28	21	10	2	lrhn	infimum.dk	BSD-3-Clause	2022-10-14T16:50:53.000Z	https://github.com/lrhn/charcode
76	decimal	The decimal package allows you to deal with decimal numbers without losing precision.	2.3.2	98.30883309483544	204	146	39	2	a14n		Apache-2.0	2022-12-07T14:19:22.000Z	https://github.com/a14n/dart-decimal
77	formz	A unified form representation in Dart which aims to simplify form representation and validation in a generic way.	0.4.1	98.21343393608257	426	217	27	9	VeryGoodOpenSource	verygood.ventures	MIT	2022-12-13T02:08:36.000Z	https://github.com/ChicagoFlutter/formz
78	mocktail	A Dart mock library which simplifies mocking with null safety support and no manual mocks or code generation.	0.3.0	98.16139803130827	658	428	63	21	felangel	felangel.dev	MIT	2022-12-06T12:35:53.000Z	https://github.com/felangel/mocktail
79	drift	Drift is a reactive library to store relational data in Dart and Flutter applications.	2.3.0	98.11803477732968	836	1798	238	102	simolus3	simonbinder.eu	MIT	2022-12-19T23:40:06.000Z	https://github.com/simolus3/drift
80	hydrated_bloc	An extension to the bloc state management library which automatically persists and restores bloc states.	9.0.0	97.96626338840466	504	189	25	0	felangel	bloclibrary.dev	MIT	2020-07-09T03:23:09.000Z	https://github.com/felangel/bloc/tree/master/packages/hydrated_bloc
81	riverpod	A simple way to access state from anywhere in your application while robust and testable.	2.1.1	97.6844022375439	2202	3843	617	104	rrousselGit	dash-overflow.net	MIT	2022-12-17T20:19:05.000Z	https://github.com/rrousselGit/riverpod
82	geocode	Package to make Geocode requests. It exposes two methods to translate coordinates into locations and addresses into coordinates.	1.0.2	97.66272061055462	84	6	7	4	imvalient	imanol.dev	BSD-3-Clause	2022-07-24T11:27:50.000Z	https://github.com/imvalient/geocode
83	sentry	A crash reporting library for Dart that sends crash reports to Sentry.io. This library supports Dart VM and Web. For Flutter consider sentry_flutter instead.	6.18.1	97.58466675339318	382	600	158	81	getsentry	sentry.io	MIT	2022-12-19T16:47:17.000Z	https://github.com/getsentry/sentry-dart
84	data_connection_checker	A pure Dart library that checks for internet by opening a socket to a list of specified addresses, each with individual port and timeout. Defaults are provided for convenience.	0.3.4	97.49794024543603	415	103	71	19	komapeb		NOASSERTION	2021-12-14T10:00:14.000Z	https://github.com/komapeb/data_connection_checker
85	dart_style	Opinionated, automatic Dart source code formatter. Provides an API and a CLI tool.	2.2.4	97.46758596765102	69	571	108	100	dart-lang	tools.dart.dev	BSD-3-Clause	2022-12-19T23:17:17.000Z	https://github.com/dart-lang/dart_style
86	isar	Extremely fast, easy to use, and fully async NoSQL database for Flutter.	3.0.5	97.38519578509171	1041	2018	159	56	isar	isar.dev	Apache-2.0	2022-12-19T03:15:56.000Z	https://github.com/isar/isar/tree/main/packages/isar
87	grpc	Dart implementation of gRPC, a high performance, open-source universal RPC framework.	3.1.0	97.35484150730672	246	728	209	66	grpc	dart.dev	Apache-2.0	2022-12-13T20:46:41.000Z	https://github.com/grpc/grpc-dart
88	build	A package for authoring build_runner compatible code generators.	2.3.1	97.25510602315597	58	676	192	176	dart-lang	dart.dev	BSD-3-Clause	2022-12-19T23:26:42.000Z	https://github.com/dart-lang/build/tree/master/build
89	markdown	A portable Markdown library written in Dart that can parse Markdown into HTML.	6.0.1	97.11200728502666	173	348	159	39	dart-lang	tools.dart.dev	BSD-3-Clause	2022-12-16T18:04:09.000Z	https://github.com/dart-lang/markdown
90	http_interceptor	A lightweight, simple plugin that allows you to intercept request and response objects and modify them if desired.	1.0.2	97.09899830883309	136	86	51	4	CodingAleCR	codingale.dev	MIT	2022-08-24T21:03:52.000Z	https://github.com/CodingAleCR/http_interceptor
91	lint	An opinionated, community-driven set of lint rules for Dart and Flutter projects. Like pedantic but stricter	2.0.1	97.00793547547808	741	254	73	15	passsy	pascalwelsch.com	Apache-2.0	2022-11-30T14:52:38.000Z	https://github.com/passsy/dart-lint
92	objectbox	Flutter database for super-fast NoSQL ACID compliant object persistence.	1.7.0	97.00359915008022	823	720	88	54	objectbox	objectbox.io	Apache-2.0	2022-12-19T15:22:03.000Z	https://github.com/objectbox/objectbox-dart
93	barcode	Barcode generation library for Dart that can generate generic drawing operations for any backend.	2.2.3	96.85182776115519	330	88	26	7	DavBfr	nfet.net	Apache-2.0	2022-12-07T16:49:31.000Z	https://github.com/DavBfr/dart_barcode
94	copy_with_extension	Annotation for generating `copyWith` extensions code using `copy_with_extension_gen`.	5.0.0	96.80846450717662	70	57	23	8	numen31337	oleksandrkirichenko.com	MIT	2022-12-02T23:18:09.000Z	https://github.com/numen31337/copy_with_extension
95	qr	A QR code generation library for Dart and Flutter. Supports QR code version 1 through 40, error correction and redundancy.	3.0.1	96.7997918563809	134	234	54	2	kevmoo	j832.com	BSD-3-Clause	2022-12-15T21:18:34.000Z	https://github.com/kevmoo/qr.dart
96	flutter_chat_types	Utility library for the flutter_chat_ui and flutter_firebase_chat_core libraries which contains shared type declarations.	3.6.0	96.62633884046659	23	14	48	1	flyerhq	flyer.chat	MIT	2022-10-29T07:17:39.000Z	https://github.com/flyerhq/flutter_chat_types
97	very_good_analysis	Lint rules for Dart and Flutter used internally at Very Good Ventures.	3.1.0	96.53527600711158	333	242	30	1	VeryGoodOpenSource	verygood.ventures	MIT	2022-12-13T14:47:03.000Z	https://github.com/VeryGoodOpenSource/very_good_analysis
98	web3dart	Dart library to connect to Ethereum clients. Send transactions and interact with smart contracts!	2.5.2	96.48757642773514	369	91	45	58	xclud	pwa.ir	MIT	2022-12-14T20:38:05.000Z	https://github.com/xclud/web3dart
99	algolia	Algolia is a pure dart SDK, wrapped around Algolia REST API for easy implementation for your Flutter or Dart projects.	1.1.1	96.47456745154156	191	112	67	17	knoxpo	knoxpo.com	NOASSERTION	2022-10-08T11:49:40.000Z	https://github.com/knoxpo/dart_algolia
100	dart_jsonwebtoken	A dart implementation of the famous javascript library 'jsonwebtoken' (JWT).	2.6.2	96.4398768483587	99	29	19	5	jonasroussel	jroussel.fr	MIT	2022-12-11T19:08:14.000Z	https://github.com/jonasroussel/dart_jsonwebtoken
101	oauth2	A client library for authenticating with a remote service via OAuth2 on behalf of a user, and making authorized HTTP requests with the user's OAuth2 credentials.	2.0.1	96.35315034040154	211	173	116	44	dart-lang	tools.dart.dev	BSD-3-Clause	2022-11-11T07:22:29.000Z	https://github.com/dart-lang/oauth2
102	whatsapp_unilink	Dart package helping your app interact with WhatsApp via HTTP links (universal links). Works with Flutter.	2.1.0	96.31412341182082	192	18	7	0	dartsidedev	dartside.dev	BSD-3-Clause	2022-11-20T16:10:41.000Z	https://github.com/dartsidedev/whatsapp_unilink
103	dio_smart_retry	Retry library for Dio package made with love. By default, the request will be retried only for appropriate retryable http statuses.	1.4.0	96.17536099908938	81	43	15	1	rodion-m	rodion-m.ru	MIT	2022-12-08T19:04:58.000Z	https://github.com/rodion-m/dio_smart_retry
104	code_builder	A fluent, builder-based library for generating valid Dart code	4.3.0	96.13633407050865	146	326	58	19	dart-lang	tools.dart.dev	BSD-3-Clause	2022-12-20T01:35:43.000Z	https://github.com/dart-lang/code_builder
105	fpdart	Functional programming in Dart and Flutter. All the main functional programming types and patterns fully documented, tested, and with examples.	0.4.0	96.07128918954079	287	270	24	5	SandroMaglione	sandromaglione.com	MIT	2022-12-19T04:43:09.000Z	https://github.com/SandroMaglione/fpdart
106	mailto	Simple Dart package for creating mailto links in your Flutter apps	2.0.0	96.0496075625515	101	21	6	4	smaho-engineering	smaho.dev	BSD-3-Clause	2021-04-13T19:22:03.000Z	https://github.com/smaho-engineering/mailto
107	gql	GraphQL tools for parsing, transforming and printing GraphQL documents.	0.14.0	96.04093491175578	33	240	99	56	gql-dart	gql-dart.dev	MIT	2022-12-03T23:04:15.000Z	https://github.com/gql-dart/gql
108	sentry_dio	An integration which adds support for performance tracing for the Dio package.	6.18.1	95.8024370148736	14	600	158	81	getsentry	sentry.io	MIT	2022-12-19T16:47:17.000Z	https://github.com/getsentry/sentry-dart
109	flutter_gen	The Flutter code generator for your assets, fonts, colors, … — Get rid of all String-based APIs.	5.1.0+1	95.7504011100993	764	1133	95	40	FlutterGen	wasabeef.jp	MIT	2022-12-18T19:16:29.000Z	https://github.com/FlutterGen/flutter_gen
110	either_dart	Error handler library for type-safe and easy work with errors on Dart and Flutter. Either is an alternative to Nullable value and Exceptions.	0.3.0	95.72871948311001	73	20	6	0	avdosev		MIT	2022-11-06T17:04:13.000Z	https://github.com/avdosev/either_dart
111	http_mock_adapter	A simple to use mocking package for Dio intended to be used in tests. It provides various types and methods to declaratively mock request-response communication.	0.3.3	95.55960279259355	92	46	19	10	lomsa-dev	lomsa.com	MIT	2022-08-10T19:29:16.000Z	https://github.com/lomsa-dev/http-mock-adapter
112	flutter_gen_runner	The Flutter code generator for your assets, fonts, colors, … — Get rid of all String-based APIs.	5.1.0+1	95.45986730844282	82	1133	95	40	FlutterGen	wasabeef.jp	MIT	2022-12-18T19:16:29.000Z	https://github.com/FlutterGen/flutter_gen
113	gql_http_link	GQL Terminating Link to execute requests via HTTP using JSON.	0.4.5	95.44252200685139	10	240	99	56	gql-dart	gql-dart.dev	MIT	2022-12-03T23:04:15.000Z	https://github.com/gql-dart/gql
114	custom_lint	Lint rules are a powerful way to improve the maintainability of a project. Custom Lint allows package authors and developers to easily write custom lint rules.	0.0.16	95.29508694332422	59	151	17	20	invertase	invertase.io	Apache-2.0	2022-12-19T11:17:52.000Z	https://github.com/invertase/dart_custom_lint
115	darq	The power of lazy-evaluated enumerables in your hands! (A port of functional LINQ from the .NET library.)	1.2.1	95.12597025280776	118	75	7	0	Abion47		MIT	2022-09-18T18:01:58.000Z	https://github.com/abion47/darq
116	envied	Explicitly reads environment variables into a dart file from a .env file for more security and faster start up times.	0.3.0	95.03924374485061	107	30	15	3	petercinibulk		MIT	2022-11-28T17:56:33.000Z	https://github.com/petercinibulk/envied
117	queue	Queue up futures from multiple sources and await their return anywhere in your code.	3.1.0+2	94.96118988768917	66	37	8	5	rknell		MIT	2022-12-06T00:41:06.000Z	https://github.com/rknell/dart_queue
118	money2	Money and Currency classes with fixed precision maths, parsing and formatting. (Money.parse('$2010.00') * 10).format('S CC#,##0') -> $ US20,100	3.3.0	94.93950826069988	150	50	26	5	onepub-dev	onepub.dev	MIT	2022-11-02T04:43:07.000Z	https://github.com/onepub-dev/money.dart
119	supabase	A dart client for Supabase. This client makes it simple for developers to build secure and scalable products.	1.2.0	94.90481765751701	393	389	63	0	supabase	supabase.io	MIT	2022-12-03T13:45:54.000Z	https://github.com/supabase/supabase-dart
120	graphs	Graph algorithms that operate on graphs in any representation	2.2.0	94.83110012575344	63	69	14	3	dart-lang	tools.dart.dev	BSD-3-Clause	2022-11-01T16:47:02.000Z	https://github.com/dart-lang/graphs
121	ferry	Ferry is a simple, powerful GraphQL Client for Flutter and Dart.	0.13.0	94.73570096700057	275	478	90	52	gql-dart	gql-dart.dev	MIT	2022-12-19T20:07:48.000Z	https://github.com/gql-dart/ferry
122	credit_card_validator	A package that validates credit card numbers, expiration dates, and security codes (CVV/CVC) based on the type of credit card	2.0.1	94.59260222887126	57	21	14	1	cholojuanito		MIT	2022-11-01T18:06:45.000Z	https://github.com/cholojuanito/credit_card_validator
123	icons_launcher	A command-line tool that simplifies the task of updating your Flutter app's launcher icon.	2.0.6	94.47118511773124	209	48	5	3	mrrhak	mrrhak.com	MIT	2022-11-12T11:57:12.000Z	https://github.com/mrrhak/icons_launcher
124	shamsi_date	A Flutter and Dart package for using Jalali (Shamsi, Solar, Persian or Jalaali) calendar. You can convert, format and manipulate Jalali and Gregorian (Miladi) date and times.	1.0.1	94.10259745891332	144	64	7	2	FatulM		BSD-3-Clause	2022-11-15T13:28:51.000Z	https://github.com/FatulM/shamsi_date
125	kt_dart	This project is a port of kotlin-stdlib for Dart/Flutter projects. It includes collections (KtList, KtMap, KtSet) with 150+ methods as well as other useful packages.	1.0.0	94.03755257794545	148	456	28	6	passsy	pascalwelsch.com	Apache-2.0	2022-10-05T20:22:02.000Z	https://github.com/passsy/kt.dart
126	credit_card_type_detector	A package that detects credit card types based on the current credit card number patterns	2.0.0	93.99418932396686	52	23	10	0	cholojuanito		MIT	2022-11-01T17:54:23.000Z	https://github.com/cholojuanito/credit_card_type_detector
127	simple_logger	Provides super simple APIs for logging. The log also includes caller info by setting includeCallerInfo to true. On Android Studio, jump to called location by clicking the log.	1.9.0+1	93.91613546680543	77	50	7	1	mono0926	mono0926.com	MIT	2022-11-14T06:42:28.000Z	https://github.com/mono0926/simple_logger
128	import_sorter	Automatically organize your dart imports	4.6.0	93.82940895884828	231	138	27	19	fluttercommunity	fluttercommunity.dev	MIT	2022-10-31T06:06:51.000Z	https://github.com/fluttercommunity/import_sorter
129	numeral	A Dart library for Format number into beautiful string, Format the number into a beautiful, readable and short string.	2.0.1	93.80339100646113	43	8	5	0	medz	odroe.com	MIT	2022-07-21T17:15:35.000Z	https://github.com/medz/numeral.dart
130	amplify_core	The base package containing common types and utilities that are shared across the Amplify Flutter packages.	0.6.10	93.7123281731061	36	1127	176	195	aws-amplify	aws-amplify.com	Apache-2.0	2022-12-19T22:24:32.000Z	https://github.com/aws-amplify/amplify-flutter
131	pausable_timer	A timer implementation that can be paused, resumed and reset.	1.0.0+6	93.68197389532111	51	17	5	2	llucax	llucax.com	BSD-3-Clause	2022-09-02T20:58:21.000Z	https://github.com/llucax/pausable_timer
132	effective_dart	Linter rules corresponding to the guidelines in Effective Dart.	1.3.2	93.67330124452539	127	127	28	0	tenhobi	tenhobi.dev	MIT	2021-06-20T16:27:20.000Z	https://github.com/tenhobi/effective_dart
133	eventify	A cancellable event emitter which supports context based event driven programming. 	1.0.1	93.5388751571918	33	11	3	0	iMeshAcademy		NOASSERTION	2022-06-16T04:22:31.000Z	https://github.com/iMeshAcademy/EventEmitter
134	tiengviet	🇻🇳 Converts vietnamese language sign to unsigned easily. 😍 Give me a string vietnamese language, i will respond you string vietnamese unsigned. 👍	0.5.0	93.4348033476432	72	16	1	0	tvc12	4pet.social	BSD-3-Clause	2021-03-27T14:06:50.000Z	https://github.com/tvc12/tiengviet
135	data_connection_checker_tv	A pure Dart library that checks for internet by opening a socket to a list of specified addresses, each with individual port and timeout. Defaults are provided for convenience.	0.3.5-nullsafety	93.4044490698582	25	2	0	0	thorved		NOASSERTION	2021-05-15T16:48:21.000Z	https://github.com/thorved/data_connection_checker
136	intl_translation	Contains code to deal with internationalized/localized messages, date and number formatting and parsing, bi-directional text, and other internationalization issues.	0.18.0	93.28736828411604	68	117	182	27	dart-lang	dart.dev	BSD-3-Clause	2022-12-19T09:31:00.000Z	https://github.com/dart-lang/intl_translation
137	sentry_logging	An integration which adds support for recording log from the logging package.	6.18.1	93.23966870473961	6	600	158	81	getsentry	sentry.io	MIT	2022-12-19T16:47:17.000Z	https://github.com/getsentry/sentry-dart
138	gql_dio_link	Similar to gql_http_link, gql_dio_link is a GQL Terminating Link to execute requests via Dio using JSON	0.2.4	93.07055201422315	20	240	99	56	gql-dart	gql-dart.dev	MIT	2022-12-03T23:04:15.000Z	https://github.com/gql-dart/gql
139	spider	A small dart command-line tool for generating dart references of assets from the assets folder.	4.1.0	93.04019773643815	209	159	14	10	BirjuVachhani	birju.dev	Apache-2.0	2022-11-16T12:47:35.000Z	https://github.com/BirjuVachhani/spider
140	timing	A simple package for tracking the performance of synchronous and asynchronous actions.	1.0.0	93.02285243484671	14	10	5	2	dart-lang	tools.dart.dev	BSD-3-Clause	2022-11-09T23:30:57.000Z	https://github.com/dart-lang/timing
141	gql_link	A simple and modular AST-based GraphQL request execution interface.	0.5.0+1	92.94046225228742	16	240	99	56	gql-dart	gql-dart.dev	MIT	2022-12-03T23:04:15.000Z	https://github.com/gql-dart/gql
142	slang	Localization / Internationalization (i18n) solution. Use JSON, YAML or CSV files to create typesafe translations via source generation.	3.7.0	92.93612592688956	82	184	18	9	Tienisto	tienisto.com	MIT	2022-12-19T15:54:13.000Z	https://github.com/Tienisto/slang
143	dio_logging_interceptor	Logging interceptor for DIO	1.0.1	92.90143532370669	9	1	2	2	granoeste		Apache-2.0	2022-07-08T07:23:58.000Z	https://github.com/granoeste/dio_logging_interceptor
144	walletconnect_dart	Open protocol for connecting decentralised applications to mobile wallets with QR code scanning or deep linking.	0.0.11	92.85807206972811	91	87	52	27	RootSoft		MIT	2022-11-05T16:26:26.000Z	https://github.com/RootSoft/walletconnect-dart-sdk
145	dartdoc	A non-interactive HTML documentation generator for Dart source code.	6.1.5	92.81470881574954	116	415	113	262	dart-lang	tools.dart.dev	BSD-3-Clause	2022-12-20T02:03:19.000Z	https://github.com/dart-lang/dartdoc
146	gql_exec	Basis for GraphQL execution layer to support Link and Client.	0.4.3	92.78001821256667	0	240	99	56	gql-dart	gql-dart.dev	MIT	2022-12-03T23:04:15.000Z	https://github.com/gql-dart/gql
147	kana_kit	A Dart library for for detecting and transliterating Hiragana, Katakana, and Romaji.	2.0.0	92.67594640301809	24	25	5	4	jeroen-meijer	jfk.dev	MIT	2022-06-06T00:39:41.000Z	https://github.com/jeroen-meijer/kana_kit
148	dio_logger	Simple logging library for DIO requests. Prints request and response information to a console.	4.0.8+8	92.62391049824379	18	6	3	0	Defuera		BSD-3-Clause	2022-10-31T09:21:19.000Z	https://github.com/Defuera/dio_logger
149	gql_transform_link	GQL Link to transform Requests and Responses. May be used to update context, document, variables, data, errors, etc.	0.2.2+1	92.50682971250163	0	240	99	56	gql-dart	gql-dart.dev	MIT	2022-12-03T23:04:15.000Z	https://github.com/gql-dart/gql
150	week_of_year	Adds extension method to get the ISO 8601 week of year from a date	2.0.0	92.50249338710377	32	12	1	1	KadaDev	kada.se	BSD-3-Clause	2021-03-28T17:15:40.000Z	https://github.com/KadaDev/week_of_year
151	throttling	Contain "throttling" and "debouncing" async helper classes with listeners	1.0.0	92.45913013312519	25	35	3	0	PlugFox	plugfox.dev	MIT	2021-03-08T13:16:46.000Z	https://github.com/PlugFox/throttling
152	unsplash_client	Unsplash provides free high-resolution photos. This is a client for their REST API.	2.1.0+3	92.4070942283509	45	17	5	5	blaugold	gabriel.terwesten.net	BSD-3-Clause	2022-11-16T22:27:39.000Z	https://github.com/blaugold/unsplash_client
153	crypton	A simple Dart library for asymmetric encryption and digital signatures	2.1.0	92.30735874420016	51	28	9	2	konstantinullrich	konstantinullrich.de	MIT	2022-10-28T11:44:43.000Z	https://github.com/konstantinullrich/crypton
154	uri	Utilities for building and parsing URIs, including support for parsing URI templates as defined in RFC 6570.	1.0.0	92.2726681410173	18	70	51	8	google	google.dev	BSD-3-Clause	2022-07-14T13:38:15.000Z	https://github.com/google/uri.dart
155	gql_error_link	GQL Link to handle execution errors and exceptions	0.2.3+1	92.23364121243658	1	240	99	56	gql-dart	gql-dart.dev	MIT	2022-12-03T23:04:15.000Z	https://github.com/gql-dart/gql
156	barcode_image	Barcode generation library for Dart that can generate barcodes using the image library.	2.0.2	92.220632236243	46	88	26	7	DavBfr	nfet.net	Apache-2.0	2022-12-07T16:49:31.000Z	https://github.com/DavBfr/dart_barcode
157	shelf_cors_headers	CORS headers middleware for Shelf.	0.1.4	92.01682494254368	22	6	2	1	lenniezelk		MIT	2022-09-27T11:09:12.000Z	https://github.com/lenniezelk/shelf-cors-headers
158	polylabel	A fast algorithm for finding polygon pole of inaccessibility implemented as a Dart library.  Useful for optimal placement of a text label on a polygon.	1.0.1	91.96912536316725	7	2	2	0	beroso	beroso.dev	BSD-3-Clause	2022-08-15T15:26:33.000Z	https://github.com/beroso/dart_polylabel
159	profanity_filter	Simple filter to check and censor strings against profanity, obscene words. A default English words list is provided (LDNOOBW).	2.0.0	91.9431074107801	72	13	7	3	roshanrahman		BSD-2-Clause	2021-06-29T16:56:38.000Z	https://github.com/roshanrahman/profanity_filter
160	azure_application_insights	A Dart client to integrate with Azure's Application Insights service	3.1.0	91.92576210918867	28	7	5	0	kentcb	kent-boogaart.com	MIT	2022-11-26T00:14:55.000Z	https://github.com/kentcb/azure_application_insights
161	flutter_rust_bridge	High-level memory-safe binding generator for Flutter/Dart <-> Rust	1.56.0	91.88673518060794	111	2071	124	51	fzyzcjy	cjycode.com	MIT	2022-12-19T23:39:00.000Z	https://github.com/fzyzcjy/flutter_rust_bridge
162	ftpconnect	Simple and robust dart FTP Connect Library to interact with FTP Servers.	2.0.2	91.79133602185507	78	49	27	5	salim-lachdhaf	salimdev.ovh	MIT	2022-11-20T17:43:55.000Z	https://github.com/salim-lachdhaf/ftpConnect
163	linter	The implementation of the lint rules supported by the analyzer framework. This package is not intended to be used directly.	1.30.0	91.68292788690864	67	558	158	661	dart-lang	tools.dart.dev	BSD-3-Clause	2022-12-19T23:27:29.000Z	https://github.com/dart-lang/linter
164	scidart	Cross-platform scientific library for Dart. The main goal of SciDart is run where Dart can run, in other words, run on Flutter, Dart CLI, Dart web, etc.	0.0.2-dev.12	91.63956463293006	93	139	17	2	scidart		Apache-2.0	2022-12-06T14:57:34.000Z	https://github.com/scidart/scidart
165	environment_config	Environment specific config generator. Allows to specify env configuration during CI/CD build. Primarily created to simplify Flutter build configuration	3.1.0	91.60053770434934	81	86	7	8	TatsuUkraine		BSD-3-Clause	2022-05-26T10:57:47.000Z	https://github.com/TatsuUkraine/dart_environment_config
166	http2	A HTTP/2 implementation in Dart.	2.0.1	91.56151077576862	51	137	43	24	dart-lang	dart.dev	BSD-3-Clause	2022-12-15T02:04:06.000Z	https://github.com/dart-lang/http2
167	dart_geohash	A simple encode, decode, and neighbor finder for longitude/latitude and geohash.	2.0.2	91.44442999002645	28	6	11	0	nfrawley93	frawley.me	MIT	2022-02-02T01:41:03.000Z	https://github.com/nfrawley93/dart_geohash
168	basics	A Dart library containing convenient extension methods on basic Dart objects.	0.9.0	91.41841203763931	76	150	14	3	google	google.dev	BSD-3-Clause	2022-11-01T15:09:23.000Z	https://github.com/google/dart-basics
169	dart_frog	A fast, minimalistic backend framework for Dart built by Very Good Ventures.	0.3.1	91.37071245826287	376	1027	64	17	VeryGoodOpenSource	verygood.ventures	MIT	2022-12-19T21:53:47.000Z	https://github.com/VeryGoodOpenSource/dart_frog
170	just_debounce_it	A simple debounce library for preventing continuous execution of functions	4.1.0	91.31867655348857	16	8	0	2	mhrst	qrl.app	MIT	2022-05-03T18:37:20.000Z	https://github.com/mhrst/just_debounce_it
171	download	Cross-Platform file downloader for Dart and Flutter projects.	0.0.1+1	91.29699492649928	37	4	2	4	xclud	pwa.ir	MIT	2021-09-02T08:05:23.000Z	https://github.com/xclud/dart_download
172	build_version	A builder for extracting a package version into code.	2.1.1	91.26230432331643	15	39	9	4	kevmoo	j832.com	BSD-3-Clause	2022-11-09T20:21:14.000Z	https://github.com/kevmoo/build_version
173	system_info2	Provides easy access to useful information about the system (architecture, bitness, kernel, memory, operating system, CPU, user).	2.0.4	91.23628637092928	28	9	3	0	onepub-dev	onepub.dev	BSD-3-Clause	2022-06-03T05:10:41.000Z	https://github.com/onepub-dev/system_info
174	dio_http_formatter	A Dio interceptor for pretty printing the HTTP request/response to be printed in the console for easier debugging	2.1.0	91.21026841854213	23	8	4	2	assemmarwan		MIT	2022-03-26T10:31:23.000Z	https://github.com/assemmarwan/dio_http_formatter
175	ffigen	Generator for FFI bindings, using LibClang to parse C header files.	7.2.4	91.12787823598283	162	287	39	68	dart-lang	tools.dart.dev	NOASSERTION	2022-12-16T08:25:30.000Z	https://github.com/dart-lang/ffigen
176	optional	An implementation of the Optional type, which helps avoid dealing with null references	6.1.0+1	91.11486925978926	32	35	7	0	tonio-ramirez	tech42solutions.com	BSD-2-Clause	2022-04-12T10:57:45.000Z	https://github.com/tonio-ramirez/optional.dart
177	instant	A package that exports functions for converting, formatting, and nicening of dates/times in Dart.	0.4.1	91.1105329343914	27	10	3	5	AKushWarrior	kishoredev.live	AGPL-3.0	2021-03-07T05:36:50.000Z	https://github.com/AKushWarrior/instant
178	hasura_connect	Connect your Flutter/Dart apps to Hasura simply. All the power of GraphQL and Postgres in Flutter.	4.0.0+4	91.0584970296171	194	202	57	14	Flutterando	flutterando.com.br	MIT	2022-11-16T08:36:59.000Z	https://github.com/Flutterando/hasura_connect/tree/master/packages/hasura_connect
179	mocktail_image_network	A Dart package which allows you to mock Image.network in your widget tests with confidence using the mocktail package.	0.3.1	90.85035341051993	33	428	63	21	felangel	felangel.dev	MIT	2022-12-06T12:35:53.000Z	https://github.com/felangel/mocktail
180	fraction	A package that helps you working with fractions and mixed fractions.	4.1.4	90.8330081089285	39	14	3	0	albertodev01	fluttercompletereference.com	MIT	2022-08-30T23:20:40.000Z	https://github.com/albertodev01/fraction
181	cider	Tools for Dart package maintainers. Automates changelog and pubspec.yaml updates.	0.1.3	90.63353714062703	79	69	11	7	f3ath	karapetov.com	MIT	2022-12-17T23:10:13.000Z	https://github.com/f3ath/cider
182	steel_crypt	A comprehensive library of high-level, cryptographic APIs. This library supports hashing, password hashing, two-way encryption, MAC authentication, and key/IV generation.	3.0.0+1	90.5945102120463	69	41	10	8	AKushWarrior	kishoredev.live	MPL-2.0	2021-04-21T01:19:01.000Z	https://github.com/AKushWarrior/steel_crypt
183	ferry_hive_store	Hive-based Store implementation for Ferry GraphQL client	0.5.0	90.40804821993842	4	478	90	52	gql-dart	gql-dart.dev	MIT	2022-12-19T20:07:48.000Z	https://github.com/gql-dart/ferry
184	socket_io	Port of JS/Node library Socket.io. It enables real-time, bidirectional and  event-based communication cross-platform.	1.0.1	90.32565803737911	105	109	30	10	rikulo		MIT	2021-09-09T02:49:35.000Z	https://github.com/rikulo/socket.io-dart
185	udp	Lightweight, efficient, and easy-to-use UDP library for Dart. Supports Unicast, Broadcast, Multicast and Loopback communications.	5.0.3	90.24760418021769	52	40	16	7	xenoken		BSD-3-Clause	2022-03-27T12:21:20.000Z	https://github.com/xenoken/udp
186	serverpod	Serverpod is an open-source, scalable app server, written in Dart for the Flutter community.	0.9.21	90.23025887862626	231	980	71	81	serverpod	serverpod.dev	BSD-3-Clause	2022-12-19T12:33:44.000Z	https://github.com/serverpod/serverpod
187	pedantic_mono	[mono edition] Recommended lints for Flutter apps, packages, and plugins to encourage good coding practices.	1.20.1	90.21291357703483	55	62	21	0	mono0926	mono0926.com	MIT	2022-12-17T19:29:39.000Z	https://github.com/mono0926/pedantic_mono
188	dart_frog_gen	Code generation tooling for Dart Frog. Built by Very Good Ventures.	0.3.0	90.19556827544339	11	1027	64	17	VeryGoodOpenSource	verygood.ventures	MIT	2022-12-19T21:53:47.000Z	https://github.com/VeryGoodOpenSource/dart_frog
189	os_detect	Platform independent OS detection.	2.0.1	90.13052339447553	18	13	6	2	dart-lang	dart.dev	BSD-3-Clause	2022-11-15T20:27:18.000Z	https://github.com/dart-lang/os_detect
190	eth_sig_util	Ethereum signature utility porting from JS	0.0.9	90.03078791032479	15	13	11	5	wakumo		MIT	2022-12-13T05:02:10.000Z	https://github.com/wakumo/eth-sig-util
191	multiple_result	Multiple results for dart. Inspired by dartz's Either and Kotlin's sealed classes	3.1.0	89.93538875157192	78	29	7	0	higorlapa		MIT	2022-12-16T14:14:07.000Z	https://github.com/higorlapa/result
192	objectid	Blazing fast, cross-platform ObjectId implementation for the dart language.	2.1.0	89.87901652139976	26	6	1	0	gonuit	klyta.it	MIT	2022-06-15T16:22:07.000Z	https://github.com/gonuit/dart_objectid
193	functions_framework	FaaS (Function as a service) framework for writing portable Dart functions	0.4.1	89.79229001344261	124	484	49	26	GoogleCloudPlatform	cloud.google.com	Apache-2.0	2022-11-30T03:47:21.000Z	https://github.com/GoogleCloudPlatform/functions-framework-dart
194	mysql_client	Native MySQL client written in Dart. Tested with MySQL Percona Server (5.7, 8), MariaDB (10). Supports TLS.	0.0.27	89.77494471185118	78	46	11	10	zim32		BSD-3-Clause	2022-12-04T13:18:14.000Z	https://github.com/zim32/mysql.dart
195	yaml_edit	A library for YAML manipulation with comment and whitespace preservation.	2.0.3	89.54511946576471	17	16	5	6	dart-lang	tools.dart.dev	BSD-3-Clause	2022-11-10T11:31:16.000Z	https://github.com/dart-lang/yaml_edit
196	speed_test_dart	Internet speed tester (ping, upload, download) using speedtest.net	1.0.4+1	89.536446814969	6	2	3	0	jorger5	jrincondev.com	NOASSERTION	2022-10-03T16:37:56.000Z	https://github.com/jorger5/speed_test_dart
197	list_ext	Dart extension methods for Iterable and List. You can easily sum, count elements and many more.	1.0.6	89.52343783877542	33	10	2	0	Innim	innim.ru	BSD-3-Clause	2022-10-04T06:24:39.000Z	https://github.com/Innim/dart_list_extensions
198	either_option	The simple library for Error Handling with functionnal programming concept	2.0.0	89.49741988638827	39	34	8	1	cbyad		MIT	2022-10-31T09:36:48.000Z	https://github.com/cbyad/either_option
199	git	Git command line wrapper. Exposes a Git directory abstraction that makes it easy to inspect and manipulate a local Git repository.	2.2.0	89.40635705303326	28	112	16	15	kevmoo	j832.com	BSD-2-Clause	2022-11-09T23:27:57.000Z	https://github.com/kevmoo/git
200	gql_code_builder	Dart code builders taking *.graphql documents and SDL to build useful classes.	0.7.0	89.28060361649538	2	240	99	56	gql-dart	gql-dart.dev	MIT	2022-12-03T23:04:15.000Z	https://github.com/gql-dart/gql
201	gql_dedupe_link	GQL Link to deduplicate identical in-flight execution requests	2.0.3+1	89.21122241012965	1	240	99	56	gql-dart	gql-dart.dev	MIT	2022-12-03T23:04:15.000Z	https://github.com/gql-dart/gql
202	serverpod_client	Base classes for communication with the server.	0.9.21	89.17653180694678	5	980	71	81	serverpod	serverpod.dev	BSD-3-Clause	2022-12-19T12:33:44.000Z	https://github.com/serverpod/serverpod
203	aes_crypt	Dart encryption library for encrypting/decrypting files, plain text and binary data in AES Crypt file format.	0.1.1	89.01608776722605	83	27	22	17	alexgoussev	alexgusev.com	MIT	2022-03-19T07:11:46.000Z	https://github.com/alexgoussev/aes_crypt
204	ed25519_hd_key	BIP-0032 like derivation for ed25519 curve	2.2.0	88.80360782273102	9	12	6	1	alepop	alepop.dev	MIT	2021-09-16T06:40:18.000Z	https://github.com/alepop/dart-ed25519-hd-key
205	zxcvbn	Dart port of DropBox's zxcvbn library.	1.0.0	88.67351806079529	10	7	4	2	careapp-inc	careapp.com.au	MIT	2021-05-27T03:14:44.000Z	https://github.com/careapp-inc/zxcvbn-dart
206	faker_dart	generate massive amounts of fake data in Dart & Flutter! A dart port of the famous faker.js	0.1.11	88.651836433806	60	26	5	0	casvanluijtelaar	casvanluijtelaar.com	NOASSERTION	2022-11-02T15:24:41.000Z	https://github.com/casvanluijtelaar/faker.dart
207	normalize	Normalization and denormalization of GraphQL responses in Dart	0.8.0	88.56510992584884	8	478	90	52	gql-dart	gql-dart.dev	MIT	2022-12-19T20:07:48.000Z	https://github.com/gql-dart/ferry
208	nyxx	A Discord library for Dart. Simple, robust framework for creating discord bots for Dart language.	4.4.0	88.47838341789168	71	264	40	4	nyxx-discord	l7ssha.xyz	Apache-2.0	2022-12-12T17:07:06.000Z	https://github.com/nyxx-discord/nyxx
209	socket_io_common	Socket.io common parser library.	2.0.2	88.46971076709596	4	6	17	0	rikulo		MIT	2022-10-25T03:16:39.000Z	https://github.com/rikulo/socket_io_common
210	graphql_codegen	Simple, opinionated, codegen library for GraphQL. It allows you togenerate serializers and client helpers to easily call and parse your data.	0.11.2	88.44369281470883	56	85	37	16	heftapp	heft.app	MIT	2022-12-14T11:20:16.000Z	https://github.com/heftapp/graphql_codegen/tree/main/packages/graphql_codegen
211	redis	Redis database (https://redis.io/) client, with both simplicity and performance as primary goals.	3.1.0	88.42634751311739	87	62	27	2	ra1u		AGPL-3.0	2022-05-08T11:03:46.000Z	https://github.com/ra1u/redis-dart
212	stats	Calculate common statistical values for a set of numbers: max, min, mean, median, standard deviation, and standard error.	2.0.0	88.42201118771953	23	8	5	2	kevmoo	j832.com	MIT	2022-10-26T00:49:30.000Z	https://github.com/kevmoo/stats
213	just_throttle_it	A simple throttle library for limiting consecutive execution of functions	2.1.0	88.40032956073024	2	2	0	0	mhrst	qrl.app	MIT	2022-05-03T14:16:02.000Z	https://github.com/mhrst/just_throttle_it
214	gson	Parses and encodes the json generated by GSON (Can parse minecraft's json)	0.1.4	88.39599323533238	14	2	2	3	MinimineLP		BSD-2-Clause	2021-03-21T13:09:29.000Z	https://github.com/MinimineLP/dart-gson
215	window_location_href	Cross-platfrom window.location.href. Supports all platforms and is easy.	1.0.1+2	88.31793937817093	5	0	0	0	xclud		MIT	2022-10-24T20:06:12.000Z	https://github.com/xclud/window_location_href
216	aes_crypt_null_safe	Dart encryption library for encrypting/decrypting files, plain text and binary data in AES Crypt file format.	2.0.2	88.2919214257838	14	3	1	0	CodingFries	codingfries.com	MIT	2021-12-15T06:47:17.000Z	https://github.com/CodingFries/aes_crypt_null_safe
217	fuzzywuzzy	An implementation of the popular fuzzywuzzy package in Dart, to suit all your fuzzy string matching/searching needs!	0.2.0	88.28324877498808	48	22	3	3	SphericalKat	sphericalk.at	GPL-2.0	2022-06-26T07:19:47.000Z	https://github.com/sphericalkat/dart-fuzzywuzzy
218	change_case	An extension on String to transform a string between camelCase, PascalCase, Capital Case, snake_case, param-case, CONSTANT_CASE and others.	1.0.2	88.1574953384502	16	4	0	0	mrgnhnt96	mrgnhnt.com	MIT	2022-02-23T20:13:46.000Z	https://github.com/mrgnhnt96/change_case
219	byte_size	ByteSize is a library that handles how byte sizes are represented and an easy to use interface to convert to other forms of representation also taking locale into consideration.	1.4.1	88.14448636225663	4	3	4	1	ron4fun		NOASSERTION	2022-10-22T12:46:21.000Z	https://github.com/ron4fun/byte_size
220	firebase_core_dart	Pure Dart implementation of FlutterFire core API	1.0.1	88.0534235289016	7	286	36	18	invertase	invertase.io	NOASSERTION	2022-11-05T03:27:18.000Z	https://github.com/invertase/flutterfire_desktop
221	undo	A Undo/Redo Library for Flutter	1.4.0	87.94935171935302	66	55	13	2	rodydavis	rodydavis.com	MIT	2021-04-14T23:05:41.000Z	https://github.com/rodydavis/undo
222	shelf_plus	Shelf Plus is a quality of life addon for your server-side development within the Shelf platform.	1.5.0	87.92767009236373	75	53	9	0	felixblaschke	felix-blaschke.de	MIT	2022-09-09T19:13:55.000Z	https://github.com/felixblaschke/shelf_plus
223	toml	Parser and encoder for TOML v1.0.0 (Tom's Obvious, Minimal Language) configuration files.	0.13.1	87.78023502883656	19	31	5	1	just95		MIT	2022-12-19T08:09:57.000Z	https://github.com/just95/toml.dart
224	pocketbase	Multi-platform Dart SDK for PocketBase, an open source realtime backend in 1 file.	0.6.0	87.77156237804084	70	157	13	0	pocketbase	pocketbase.io	MIT	2022-12-16T15:27:44.000Z	https://github.com/pocketbase/dart-sdk
225	sentry_dart_plugin	A Dart Build Plugin that uploads symbols for Android, iOS/macOS, and Web to Sentry via sentry-cli.	1.0.0-beta.4	87.74988075105156	13	33	13	5	getsentry	sentry.io	MIT	2022-12-19T01:01:59.000Z	https://github.com/getsentry/sentry-dart-plugin
226	dart_appwrite	Appwrite is an open-source self-hosted backend server that abstract and simplify complex and repetitive development tasks behind a very simple REST API	7.1.0	87.7151901478687	69	91	15	2	appwrite	appwrite.io	BSD-3-Clause	2022-12-14T09:25:38.000Z	https://github.com/appwrite/sdk-for-dart
227	flutter_oss_licenses	A tool to generate detail and better OSS license list using pubspec.yaml/lock files.	2.0.1	87.68049954468583	40	30	9	3	espresso3389	espresso3389.jp	MIT	2022-10-22T13:07:06.000Z	https://github.com/espresso3389/flutter_oss_licenses
228	build_verify	Test utility to ensure generated Dart code within a package is up-to-date when using package:build.	3.1.0	87.55908243354581	30	52	10	2	kevmoo	j832.com	MIT	2022-12-02T20:46:45.000Z	https://github.com/kevmoo/build_verify
229	result_type	Result Type for Dart.	0.2.0	87.5504097827501	23	0	0	0	minikin	minikin.me	MIT	2022-08-25T08:07:46.000Z	https://github.com/minikin/result_type
230	schedulers	Dart library for running asynchronous functions on time. Useful for load balancing, rate limiting, lazy execution.	1.0.1	87.44633797320151	13	3	1	1	rtmigo	revercode.com	MIT	2022-11-25T05:28:46.000Z	https://github.com/rtmigo/schedulers
231	libserialport	Serial Port for Dart (FFI bindings to libserialport, a minimal C-library created by the sigrok).	0.3.0+1	87.41164737001864	42	61	15	32	jpnurmi		LGPL-3.0	2022-08-27T14:23:26.000Z	https://github.com/jpnurmi/libserialport.dart
232	msal_js	A Dart wrapper for the 'Microsoft Authentication Library for JavaScript (MSAL.js)'.	2.14.0	87.38562941763149	18	13	9	3	Francessco121		MIT	2022-05-12T03:53:46.000Z	https://github.com/Francessco121/msal-js-dart
233	nyxx_interactions	Nyxx Interactions Module. Discord library for Dart. Simple, robust framework for creating discord bots for Dart language.	4.5.0	87.23819435410434	7	7	6	2	nyxx-discord	l7ssha.xyz	Apache-2.0	2022-12-12T19:13:37.000Z	https://github.com/nyxx-discord/nyxx_interactions
234	nepali_utils	A pure dart package with collection of Nepali Utilities like Date converter, Date formatter, DateTime, Nepali Numbers, Nepali Unicode, Nepali Moments and many more.	3.0.3	87.17314947313646	35	23	13	3	sarbagyastha	sarbagyastha.com.np	MIT	2022-08-29T08:19:08.000Z	https://github.com/sarbagyastha/nepali_utils
235	dnd	Drag and Drop for Dart web apps with mouse and touch support.	2.0.1	87.14713152074933	47	136	92	5	marcojakob	jakobservices.ch	MIT	2021-10-07T20:03:58.000Z	https://github.com/marcojakob/dart-dnd
236	benchmark_harness	The official Dart project benchmark harness.	2.2.0	87.1081045921686	22	76	25	8	dart-lang	tools.dart.dev	BSD-3-Clause	2022-11-10T17:41:50.000Z	https://github.com/dart-lang/benchmark_harness
237	fhir	FHIR library of versions R4, STU3, DSTU2, and R5 (draft) for Dart & Flutter.	0.9.3	86.90429729846927	26	34	26	1	MayJuun	fhirfli.dev	MIT	2022-12-12T14:54:35.000Z	https://github.com/MayJuun/fhir/tree/main/fhir
238	isoweek	A lightweight Dart package which provides the class Week (based on the ISO 8601 format).	1.1.4	86.79588916352283	17	4	0	0	devj3ns	jensbecker.dev	BSD-3-Clause	2022-06-22T12:03:02.000Z	https://github.com/devj3ns/isoweek
239	swagger_dart_code_generator	Have you been turned into a problem with writing code for Http requests? This package can help. It has all of the Http and model codegen functionality you have been looking for.	2.9.0	86.72650795715711	193	185	59	5	epam-cross-platform-lab	mobilepeople.dev	Apache-2.0	2022-12-19T13:06:56.000Z	https://github.com/epam-cross-platform-lab/swagger-dart-code-generator
240	bcrypt	This package use jBCrypt modified code to work with Dart VM.	1.1.3	86.6961536793721	10	1	0	0	astudilloalex	alexastudillo.com	NOASSERTION	2022-03-23T21:03:10.000Z	https://github.com/astudilloalex/dart-bcrypt
241	ferry_generator	Generated types for Ferry GraphQL Client	0.7.0	86.67447205238281	15	478	90	52	gql-dart	gql-dart.dev	MIT	2022-12-19T20:07:48.000Z	https://github.com/gql-dart/ferry
242	dart_twitter_api	A dart wrapper for using the Twitter API with well documented interfaces for every endpoint.	0.5.8	86.5834092190278	41	54	23	0	robertodoering		BSD-3-Clause	2022-12-14T17:46:48.000Z	https://github.com/robertodoering/twitter_api
243	icalendar_parser	Package to parse iCalendar (.ics) files written in pure Dart.	1.1.0	86.55305494124279	34	26	4	1	TesteurManiak	rouxguillau.me	MIT	2022-12-12T14:11:44.000Z	https://github.com/TesteurManiak/icalendar_parser
244	custom_lint_builder	A package to help writing custom linters	0.0.16	86.32756602055419	3	151	17	20	invertase	invertase.io	Apache-2.0	2022-12-19T11:17:52.000Z	https://github.com/invertase/dart_custom_lint
245	http_status_code	HTTP Status Codes	0.0.2	86.19747625861845	9	3	3	0	salkuadrat		MIT	2021-10-30T10:07:24.000Z	https://github.com/salkuadrat/http_status_code
246	stream_chat	The official Dart client for Stream Chat, a service for building chat applications.	5.1.0	86.13676770304843	58	655	237	76	GetStream	getstream.io	NOASSERTION	2022-12-16T14:41:48.000Z	https://github.com/GetStream/stream-chat-flutter
247	humanizer	A library to convert Dart values into human-friendly representations.	2.0.0	86.10641342526343	40	19	2	0	kentcb	kent-boogaart.com	MIT	2022-05-12T08:41:27.000Z	https://github.com/kentcb/humanizer
248	gql_websocket_link	GQL Websocket Link	0.3.4+1	86.01968691730627	8	240	99	56	gql-dart	gql-dart.dev	MIT	2022-12-03T23:04:15.000Z	https://github.com/gql-dart/gql
249	japx	Lightweight parser for the JSON:API (http://jsonapi.org/) structure.	2.0.5	85.99366896491912	34	22	11	3	infinum	infinum.com	MIT	2022-11-07T10:04:13.000Z	https://github.com/infinum/flutter-plugins-japx
250	test_process	Test processes: starting; validating stdout and stderr; checking exit code	2.0.3	85.9546420363384	8	15	11	1	dart-lang	tools.dart.dev	BSD-3-Clause	2022-11-01T15:02:42.000Z	https://github.com/dart-lang/test_process
251	flagsmith	Flutter Client SDK for https://www.flagsmith.com/, Flagsmith is 100% Open Source. Host yourself or let us take care of the hosting.	3.0.3	85.86791552838125	15	13	7	3	Flagsmith	flagsmith.com	BSD-3-Clause	2022-11-30T09:14:20.000Z	https://github.com/Flagsmith/flagsmith-flutter-client
252	theme_tailor_annotation	Annotations for the Theme Tailor code-generator. This package does nothing without Theme Tailor.	1.0.3	85.85057022678981	8	33	7	6	Iteo	iteo.com	MIT	2022-12-13T13:45:39.000Z	https://github.com/Iteo/theme_tailor
253	algorand_dart	Unofficial community SDK to interact with the Algorand network, for Dart & Flutter	1.0.3	85.71614413945623	32	35	11	3	RootSoft		MIT	2022-12-15T14:02:19.000Z	https://github.com/RootSoft/algorand-dart
254	interact	A collection of customizable interactive command-line components.	2.1.1	85.69012618706908	42	70	7	5	frencojobs	frenco.dev	MIT	2022-10-05T12:51:01.000Z	https://github.com/frencojobs/interact
255	openapi_dart_common	OpenAPI API common libraries so the generator doesn't generate them	4.1.2	85.63809028229478	4	4	5	0	dart-ogurets	bluebiscuitdesign.dev	BSD-2-Clause	2022-07-23T06:32:33.000Z	https://github.com/dart-ogurets/openapi_dart_common
256	flrx_validator	A powerful, extensible validator package to get validation messages based on a list of rules.	0.6.0	85.3692381076276	4	12	0	14	flrx		MIT	2022-12-11T01:39:56.000Z	https://github.com/flrx/validator
257	melos	A tool for managing Dart & Flutter repositories with multiple packages (monorepo). Supports automated versioning via Conventional Commits. Inspired by JavaScripts Lerna package.	2.9.0	85.33454750444474	299	711	126	48	invertase	invertase.io	Apache-2.0	2022-12-19T12:28:43.000Z	https://github.com/invertase/melos/tree/main/packages/melos
258	flutter_translate_annotations	Defines the annotations used by flutter_translate_gen to create statically-typed localization keys.	2.1.0	85.33021117904688	2	6	7	0	Jesway	jesway.com	NOASSERTION	2021-12-11T11:54:21.000Z	https://github.com/bratan/flutter_translate_annotations
259	rate_limiter	A pure dart package to apply useful rate limiting strategies on regular functions.	1.0.0	85.32153852825117	37	24	4	0	GetStream	getstream.io	MIT	2022-12-14T13:07:39.000Z	https://github.com/GetStream/rate_limiter
260	squadron	Multithreading and worker thread pool for Dart / Flutter, to offload CPU-bound and heavy I/O tasks to Isolate or Web Worker threads.	4.3.3	85.31720220285331	43	28	0	0	d-markey		MIT	2022-11-30T23:45:23.000Z	https://github.com/d-markey/squadron
261	in_date_utils	Utils for DateTime. Easily modify, check and copy dates. Get numbers of days in year/month. And many more.	1.1.0	85.09604960756255	16	3	0	0	Innim	innim.ru	BSD-3-Clause	2022-06-15T17:42:48.000Z	https://github.com/Innim/in_date_utils
262	twitter_api_v2	The most famous and powerful Dart/Flutter library for Twitter API v2.0.	4.7.0	85.08737695676683	50	137	25	7	twitter-dart	shinyakato.dev	BSD-3-Clause	2022-12-12T00:57:33.000Z	https://github.com/twitter-dart/twitter-api-v2
263	redux_saga	redux_saga is a library that aims to make application side effects easier to manage, more efficient to execute, easy to test, and better at handling failures.	3.0.6	85.07436798057326	29	34	6	0	reduxsaga		MIT	2022-01-04T14:27:12.000Z	https://github.com/reduxsaga/redux_saga
264	nyxx_commander	Nyxx Commander Module. Discord library for Dart. Simple, robust framework for creating discord bots for Dart language.	3.0.0	85.0396773773904	5	264	40	4	nyxx-discord	l7ssha.xyz	Apache-2.0	2022-12-12T17:07:06.000Z	https://github.com/nyxx-discord/nyxx
265	data_connection_checker_nulls	A pure Dart library that checks for internet by opening a socket to a list of specified addresses, each with individual port and timeout. Defaults are provided for convenience.	0.0.2	85.0093230996054	5	0	0	0	AntiDesert5		NOASSERTION	2022-03-04T19:47:53.000Z	https://github.com/AntiDesert5/data_connection_checker
266	alfred	A performant, expressjs like web server / rest api framework thats easy to use and has all the bits in one place.	1.0.0+1	84.96595984562681	283	448	23	9	rknell		NOASSERTION	2022-12-05T11:26:39.000Z	https://github.com/rknell/alfred
267	odoo_rpc	Odoo RPC Client library for Dart with session changes tracking via steam.	0.5.1	84.88790598846538	31	24	20	5	ERP-Ukraine	erp.co.ua	MIT	2022-10-14T09:02:42.000Z	https://github.com/ERP-Ukraine/odoo-rpc-dart
268	dart_jts	An ongoing effort to port the Java Topology Suite to the dart programming language and make it available to its mobile, dektop and web environments.	0.2.1+1	84.87056068687394	17	18	12	5	moovida	hydrologis.com	NOASSERTION	2022-08-08T22:51:21.000Z	https://github.com/moovida/dart_jts
269	compute	Flutter's compute function made available for all non-Flutter Dart programs	1.0.2	84.74047092493821	12	6	0	1	dartsidedev	dartside.dev	BSD-3-Clause	2022-08-14T13:21:31.000Z	https://github.com/dartsidedev/compute
270	talker	Advanced and simple error handler and logger for dart and flutter apps with history, sharing, customization, etc.	2.1.0+1	84.5453362820346	87	100	7	5	Frezyx	frezycode.com	MIT	2022-12-19T06:39:01.000Z	https://github.com/Frezyx/talker
271	image_compare	Dart package for image comparison. Compare images for difference using a variety of algorithms.	1.1.2	84.4629460994753	32	17	1	3	nitinramadoss		BSD-3-Clause	2022-05-09T12:38:16.000Z	https://github.com/nitinramadoss/image_compare
272	day	A date library Day.js in dart. Day.dart is inspired by Day.js. Write with nearly the same API. Build on the top of the powerful DateTime class.	0.8.0	84.42391917089458	18	60	3	0	dayjs		MIT	2022-02-04T03:55:29.000Z	https://github.com/dayjs/day.dart
273	postgrest	PostgREST client for Dart. This library provides an ORM interface to PostgREST.	1.2.1	84.25480248037813	73	126	31	0	supabase	supabase.io	MIT	2022-11-29T04:26:37.000Z	https://github.com/supabase/postgrest-dart
274	derry	A script manager to help you define script shortcuts and use them effortlessly, and performantly.	1.4.3	84.19843025020597	157	161	18	10	frencojobs	frenco.dev	MIT	2022-10-31T19:59:18.000Z	https://github.com/frencojobs/derry
275	bazel_worker	Protocol and utilities to implement or invoke persistent bazel workers.	1.0.2	84.09869476605525	2	19	16	0	dart-lang	tools.dart.dev	BSD-3-Clause	2022-11-10T17:43:12.000Z	https://github.com/dart-lang/bazel_worker
276	orm	◭ Next-generation ORM for Dart & Flutter | PostgreSQL, MySQL, MariaDB, SQL Server, SQLite, MongoDB and CockroachDB.	2.4.6	84.02931355968953	57	149	4	22	odroe	odroe.com	BSD-3-Clause	2022-12-19T04:29:30.000Z	https://github.com/odroe/prisma-dart
277	typesense	Dart client library for accessing the HTTP API of Typesense search engine.	0.2.0	83.97294132951737	28	39	9	7	typesense		Apache-2.0	2022-12-19T06:35:15.000Z	https://github.com/typesense/typesense-dart
278	shelf_hotreload	Wrapper to easily enable hot-reload for shelf applications.	1.3.0	83.90356012315165	35	25	3	0	felixblaschke	felix-blaschke.de	MIT	2022-06-13T18:09:16.000Z	https://github.com/felixblaschke/shelf_hotreload
279	cbl	Couchbase Lite is an embedded, NoSQL JSON Document Style database, supporting Blobs, Encryption, N1QL Queries, Live Queries, Full-Text Search and Data Sync.	2.1.3	83.89922379775379	45	72	10	29	cbl-dart	gabriel.terwesten.net	Apache-2.0	2022-12-19T21:36:59.000Z	https://github.com/cbl-dart/cbl-dart
280	cli_script	Write scripts that call subprocesses with the ease of shell scripting and the power of Dart.	0.3.0	83.88621482156022	8	19	7	0	google	sass-lang.com	Apache-2.0	2022-12-19T22:01:25.000Z	https://github.com/google/dart_cli_script
281	network_tools	Networking Tools library which can help you discover open ports, devices on subnet and many other things.	3.0.0+3	83.8255062659902	20	28	7	8	osociety	fsoc13ty.blogspot.com	BSD-3-Clause	2022-11-28T15:25:37.000Z	https://github.com/osociety/network_tools/tree/main/network_tools
282	stash	Stash is a key-value store abstraction with plain and cache driven semantics  and support for a pluggable backend architecture.	4.4.1	83.76913403581806	120	72	10	0	ivoleitao	ivoleitao.dev	MIT	2022-12-05T23:19:18.000Z	https://github.com/ivoleitao/stash
283	bs58	Dart package to compute base 58 encoding. This encoding is typically used for crypto currencies such as Bitcoin.	1.0.2	83.67807120246303	6	1	1	0	litaoh		MIT	2021-11-17T01:16:52.000Z	https://github.com/litaoh/base58
284	fast_csv	Classic non-configurable CSV parser suitable for most use cases. Pretty fast parsing.	0.1.44	83.6000173453016	10	3	0	0	mezoni		BSD-3-Clause	2022-06-04T13:45:44.000Z	https://github.com/mezoni/csv_parser
285	kotlin_flavor	An utility package for providing static extension methods familiar in Kotlin.	0.2.0	83.49594553575301	22	27	0	0	YusukeIwaki	dartpkg.yusuke-iwaki.com	MIT	2021-04-01T11:38:43.000Z	https://github.com/YusukeIwaki/dart-kotlin_flavor
286	time_formatter	Format UNIX timestamps into human-readable strings in Dart; inspired by YouTube's time formatting habits.	1.0.0+5	83.47426390876372	38	9	11	5	tpscrpt		GPL-2.0	2021-05-11T11:25:47.000Z	https://github.com/jeremigendron/time_formatter
287	ngdart	Fast and productive web framework by Google. Separate, but similar to the JavaScript framework with a similar name.	7.1.1	83.36151944841941	16	40	5	5	angulardart-community	angulardart.xyz	MIT	2022-12-03T19:31:43.000Z	https://github.com/angulardart-community/angular
288	collision	Collision Detection and 2D geometry library for Dart and/or Flutter.	0.0.3	83.32249251983869	1	1	2	0	xclud		MIT	2021-05-22T15:59:53.000Z	https://github.com/xclud/dart_collision
289	charset	Multiple charset Encoding and Decoding Library.	1.1.0	83.28780191665582	11	9	0	0	shirne	shirne.com	Apache-2.0	2022-09-24T03:14:03.000Z	https://github.com/shirne/charset-dart
290	stash_memory	Memory storage extension for the stash API. Provides support to store vaults  and caches in-memory	4.4.1	83.08833094835435	4	72	10	0	ivoleitao	ivoleitao.dev	MIT	2022-12-05T23:19:18.000Z	https://github.com/ivoleitao/stash
291	geocore	Geospatial data structures (points, geometry, features, meta) and parsers (GeoJSON, WKT) for Dart.	0.10.0	82.83248774988076	11	20	3	31	navibyte	navibyte.com	NOASSERTION	2022-12-02T20:19:03.000Z	https://github.com/navibyte/geospatial
292	gql_build	Useful builders for your GraphQL SDL and documents. Based on package:gql_code_builder and package:build	0.7.0	82.52027232123498	13	240	99	56	gql-dart	gql-dart.dev	MIT	2022-12-03T23:04:15.000Z	https://github.com/gql-dart/gql
293	ethereum_addresses	A dart library to generate, checksum, and validate Ethereum addresses	1.0.2	82.49425436884785	8	1	1	0	fuseio	fuse.io	MIT	2021-12-05T10:42:17.000Z	https://github.com/fuseio/dart-ethereum_address
294	xid	Xid is a globally unique id generator. Xids are small, fast to generate, sortable, compact URL-safe string with no configuration or central generator server.	1.0.12	82.4162005116864	15	5	2	0	pitabwire		MIT	2022-11-13T11:15:31.000Z	https://github.com/pitabwire/xid
295	unleash	A Server Side Dart SDK for Unleash. Unleash is an open-source feature flag service.	0.4.1	82.34248297992282	16	11	8	5	ivarconr	getunleash.io	Apache-2.0	2022-11-06T20:09:00.000Z	https://github.com/ivarconr/unleash-client-dart
296	at_utils	A Dart library that contains various utility classes such as atSign, atmetadata, configuration, and logger.	3.0.11	82.19504791639565	7	24	9	12	atsign-foundation	atsign.org	BSD-3-Clause	2022-12-19T17:34:24.000Z	https://github.com/atsign-foundation/at_tools
297	messagepack	Streaming API implementation of MessagePack binary serialization format - msgpack.	0.2.1	82.07796713065349	30	17	8	5	nailgilaziev		BSD-3-Clause	2022-04-21T07:58:45.000Z	https://github.com/nailgilaziev/messagepack
298	test_descriptor	An API for defining and verifying directory structures.	2.0.1	81.98256797190061	2	7	8	0	dart-lang	tools.dart.dev	BSD-3-Clause	2022-11-07T16:13:31.000Z	https://github.com/dart-lang/test_descriptor
299	at_commons	A library of Dart and Flutter utility classes that are used across other components of the atPlatform.	3.0.32	81.94787736871774	13	24	9	12	atsign-foundation	atsign.org	BSD-3-Clause	2022-12-19T17:34:24.000Z	https://github.com/atsign-foundation/at_tools
300	big_decimal	A bugless implementation of BigDecimal in Dart based on Java's BigDecimal	0.3.1	81.88283248774988	9	18	0	2	bugless	bugless.dev	MIT	2022-03-15T20:39:26.000Z	https://github.com/bugless/big-decimal
301	turf	A turf.js-like geospatial analysis library working with GeoJSON, written in pure Dart.	0.0.7	81.73106109882485	21	29	12	21	dartclub	dartlang.rocks	MIT	2022-09-30T04:59:57.000Z	https://github.com/dartclub/turf_dart
302	esp_smartconfig	EspTouch and EspTouchV2 implementations of SmartConfig provisioning protocols. Plain Dart. All platforms.	1.1.10	81.72238844802914	12	25	2	0	abobija	abobija.com	MIT	2022-08-11T22:10:49.000Z	https://github.com/abobija/esp-smartconfig-dart
303	dhttpd	A static HTTP file server for easy local hosting of a directory.	4.0.1	81.69637049564199	70	82	18	10	kevmoo	j832.com	BSD-3-Clause	2022-11-09T20:33:26.000Z	https://github.com/kevmoo/dhttpd
304	country	Generated country class with country_generator using countries.	2.0.3	81.62698928927627	9	0	1	0	aaassseee		MIT	2022-12-13T01:47:03.000Z	https://github.com/aaassseee/country/tree/master/country
305	flat	A simple, no dependency 🚀 way to take a nested Map and flatten it into a single depth Map. Based on Node.js `flat` package.	0.4.1	81.51858115432982	11	8	2	1	danilofuchs		MIT	2021-11-18T20:51:29.000Z	https://github.com/danilofuchs/flat
306	import_lint	The Import Lint package defines import lint rules and report on lints found in Dart code.	0.9.4	81.50123585273839	13	15	1	4	kawa1214	kawa.dev	NOASSERTION	2022-12-09T21:05:33.000Z	https://github.com/kawa1214/import-lint
307	gviz	A simple utility for creating GraphViz directed graphs using an object oriented API.	0.4.0	81.31477386063051	7	15	5	1	kevmoo	j832.com	BSD-3-Clause	2022-11-10T01:44:01.000Z	https://github.com/kevmoo/gviz
308	very_good_cli	A Very Good Command-Line Interface for Dart created by Very Good Ventures.	0.9.1	81.24972897966263	387	1758	148	52	VeryGoodOpenSource	verygood.ventures	MIT	2022-12-19T17:55:25.000Z	https://github.com/VeryGoodOpenSource/very_good_cli
309	persian_tools	An anthology of a variety of tools for the Persian language which you can use in all platform that dart supports	1.0.3	81.06326698755475	39	53	9	4	persian-tools		MIT	2022-11-28T06:29:05.000Z	https://github.com/persian-tools/dart-persian-tools
310	equations	An equation solving library that also works with complex numbers and fractions.	4.1.0	81.0589306621569	54	42	3	2	albertodev01	fluttercompletereference.com	MIT	2022-09-09T12:46:12.000Z	https://github.com/albertodev01/equations
311	at_lookup	A Dart library that contains the core commands that can be used with a secondary server (scan, update, lookup, llookup, plookup, etc.)	3.0.33	81.01556740817831	8	35	10	17	atsign-foundation	atsign.org	BSD-3-Clause	2022-12-20T02:02:21.000Z	https://github.com/atsign-foundation/at_libraries
312	cloudinary	A dart package to integrate Cloudinary API in Dart and Flutter.	1.0.3	80.9245045748233	1	1	0	0	nixrajput	nixlab.co.in	GPL-3.0	2022-09-11T01:00:40.000Z	https://github.com/nixrajput/cloudinary-dart
313	const_date_time	A drop-in replacement for Dart's DateTime class with const constructors.	1.0.2	80.80308746368328	1	1	1	0	westy92	westy92.com	MIT	2022-12-18T05:02:06.000Z	https://github.com/westy92/const-date-time
314	bloc_event_transformers	Configurable transformers for your bloc (bloclibrary.dev) events. Throttle, debounce, skip, and delay with ease.	1.0.1	80.65998872555397	4	3	2	1	wrbl-xyz	wrbl.xyz	MIT	2022-03-15T13:37:47.000Z	https://github.com/wrbl-xyz/bloc_event_transformers
315	browser_detector	Dart browser detector library. Detects popular browsers, engines and platforms by analyzing the user agent string. Safe to use with Flutter Native.	2.0.0	80.56025324140323	3	1	1	0	aicantar	aicantar.com	MIT	2021-11-14T09:53:46.000Z	https://github.com/aicantar/browser_detector
316	simple_link_preview	Returns a simple metadata for generating a weblink preview by examining the html <meta> tags.	1.0.2	80.55158059060751	8	3	0	0	sonnts996		AGPL-3.0	2021-10-05T02:55:07.000Z	https://github.com/sonnts996/simple_link_preview
317	stream_bloc	Modern implementation of the Original BLoC that uses asynchronous generators to describe relationships between events and states.	0.5.3	80.43449980486535	28	24	5	1	purplenoodlesoop		MIT	2022-11-12T21:51:36.000Z	https://github.com/purplenoodlesoop/stream-bloc
318	sqlparser	Parses sqlite statements and performs static analysis on them	0.24.0	80.33910064611248	16	1798	238	102	simolus3	simonbinder.eu	MIT	2022-12-19T23:40:06.000Z	https://github.com/simolus3/drift
319	korea_regexp	정규표현식을 이용해서 한국어를 더 쉽게 다룰 수 있게 해주는 플러그인입니다.	0.2.0+3	80.21768353497247	25	13	2	2	jpoh281	honor-driven.dev	MIT	2022-08-29T13:44:49.000Z	https://github.com/jpoh281/flutter_korea_regexp
320	ubuntu_service	Simple service locator API based on GetIt.	0.2.0	80.20467455877889	3	3	0	0	ubuntu-flutter-community		MPL-2.0	2022-07-20T11:43:21.000Z	https://github.com/ubuntu-flutter-community/ubuntu_service
321	dio_proxy_adapter	Simple proxy configuration for Dio	1.0.1	80.12228437621958	2	0	0	0	netsells		MIT	2022-05-17T10:07:26.000Z	https://github.com/netsells/dio-proxy-adapter
322	slang_build_runner	build_runner integration for slang. This library ensures that slang is recognized by build_runner.	3.7.0	79.97051298729457	2	184	18	9	Tienisto	tienisto.com	MIT	2022-12-19T15:54:13.000Z	https://github.com/Tienisto/slang
323	eip55	Utility to convert an upper or lower case Web3/Ethereum address to a checksum address (EIP55).	1.0.2	79.94449503490742	4	1	0	0	xclud	pwa.ir	MIT	2022-01-03T15:20:42.000Z	https://github.com/xclud/dart_eip55
324	rohd	The Rapid Open Hardware Development (ROHD) framework, a framework for describing and verifying hardware	0.4.1	79.87077750314383	11	235	32	69	intel		NOASSERTION	2022-12-20T01:39:40.000Z	https://github.com/intel/rohd
325	dart_random_choice	A library for generating a random choice from an iterable.	0.0.2	79.77104201899311	14	4	2	0	kmorkos		MIT	2021-02-15T21:16:11.000Z	https://github.com/kmorkos/dart_random_choice
326	stream_feed	Stream Feed official Dart SDK. Build your own feed experience using Dart and Flutter.	0.6.0+2	79.67564286024023	18	67	25	31	GetStream	getstream.io	NOASSERTION	2022-11-15T01:27:16.000Z	https://github.com/GetStream/stream-feed-flutter
327	surf_logger	Logger for Dart & Flutter	1.1.0	79.59325267768094	21	7	0	0	surfstudio	surf.ru	Apache-2.0	2022-05-12T10:59:15.000Z	https://github.com/surfstudio/flutter-surf-logger
328	shelf_swagger_ui	Present clean and professional documentation with Swagger + shelf.	1.0.0+2	79.51086249512164	62	20	0	1	Flutterando	flutterando.com.br	NOASSERTION	2022-07-11T01:20:52.000Z	https://github.com/Flutterando/shelf_swagger_ui
329	extra_pedantic	Stricter Dart analyzer linter settings and best practices.	3.0.0	79.4111270109709	22	33	4	36	modulovalue	modulovalue.com	NOASSERTION	2022-09-17T15:13:29.000Z	https://github.com/modulovalue/extra_pedantic
330	dart_mappable	Improved json serialization and data classes with full support for generics, inheritance, customization and more.	1.2.0	79.38944538398161	61	26	3	5	schultek	schultek.de	MIT	2022-12-15T12:03:21.000Z	https://github.com/schultek/dart_mappable
331	binary	Utilities for accessing binary data and bit manipulation in Dart and Flutter	3.0.1	79.28970989983088	13	21	13	1	matanlurey	lurey.dev	MIT	2022-06-27T00:22:31.000Z	https://github.com/matanlurey/binary
332	casbin	An authorization library that supports access control models like ACL, RBAC, ABAC.	0.1.0	79.21165604266945	7	31	13	1	casbin	casbin.org	Apache-2.0	2022-07-17T10:21:30.000Z	https://github.com/casbin/dart-casbin
333	serverpod_auth_server	Serverpod authentication server module.	0.9.21	79.14227483630371	5	980	71	81	serverpod	serverpod.dev	BSD-3-Clause	2022-12-19T12:33:44.000Z	https://github.com/serverpod/serverpod
334	rohd_vf	The ROHD Verification Framework, a verification framework built upon ROHD for building testbenches.	0.4.1	79.09023893152943	3	17	6	6	intel		NOASSERTION	2022-11-29T23:01:54.000Z	https://github.com/intel/rohd-vf
335	ferry_exec	A strongly typed execution interface for GraphQL operations	0.3.0	79.08156628073371	1	478	90	52	gql-dart	gql-dart.dev	MIT	2022-12-19T20:07:48.000Z	https://github.com/gql-dart/ferry
336	chunked_uploader	A plugin to upload files to server in chunks using Dio.	0.1.0	78.99483977277654	16	11	1	1	Taskulu		MIT	2021-03-29T08:16:30.000Z	https://github.com/Taskulu/chunked_uploader
337	win32_registry	A set of helper classes for working with the Windows registry.	1.0.2	78.90377693942153	15	19	3	1	timsneath	sneath.org	BSD-3-Clause	2022-08-12T16:56:08.000Z	https://github.com/timsneath/win32_registry
338	dart_vlc_ffi	package:dart_vlc internal dependency package.	0.2.0+1	78.79103247907723	14	416	108	28	alexmercerind		LGPL-2.1	2022-12-01T03:01:49.000Z	https://github.com/alexmercerind/dart_vlc
339	word_search	A word search puzzle generator built with dart.This library allows you to create a puzzle from a list of input words that can be arranged in many orientations.	0.1.2	78.7736871774858	34	11	11	3	nisheed2440		BSD-3-Clause	2021-09-27T11:32:28.000Z	https://github.com/nisheed2440/word_search.dart
340	surf_lint_rules	Lint rules for "Surf" company for Dart and Flutter projects.	1.5.0	78.65227006634578	39	17	2	0	surfstudio	surf.ru	Apache-2.0	2022-05-12T10:57:14.000Z	https://github.com/surfstudio/flutter-surf-lint-rules
341	dog	Simple and pretty log package for Dart, includes Flutter and web.	1.4.0	78.64793374094792	10	3	1	1	chenenyu		Apache-2.0	2021-10-20T07:14:10.000Z	https://github.com/chenenyu/dog
342	interpolation	A Dart package to handle dynamic String & Json interpolation.	2.1.2	78.58288885998005	8	6	0	1	Terran-Source	marganam.com	MIT	2021-09-14T09:49:15.000Z	https://github.com/Terran-Source/dart-interpolation
343	namefully	A Dart utility for handling person names in a particular order, way, or shape.	0.1.8+1	78.53518928060362	23	3	0	0	ralflorent	ralflorent.com	MIT	2022-11-14T02:30:10.000Z	https://github.com/ralflorent/namefully-dart
344	wav	Super simple pure Dart package for reading and writing WAV files.	1.2.0	78.49182602662503	10	7	2	0	liamappelbe		Apache-2.0	2022-10-24T21:58:32.000Z	https://github.com/liamappelbe/wav
345	actions_toolkit_dart	The GitHub ToolKit for developing GitHub Actions in Dart.	0.5.1	78.3920905424743	2	6	1	7	dkrutskikh		MIT	2022-12-13T09:04:41.000Z	https://github.com/dkrutskikh/actions-toolkit-dart
346	coingecko_api	Dart package that provides simple access to the CoinGecko API (Version 3)	1.1.0+2	78.35739993929145	16	11	4	1	yegor-pelykh		MIT	2022-09-19T07:35:54.000Z	https://github.com/yegor-pelykh/coingecko_api
347	country_list	A dart library provides a list of country data like Country Name, Dial Code, ISO Code.	0.0.5	78.26633710593643	4	1	0	0	crawlinknetworks	crawlink.com	MIT	2021-06-10T10:57:36.000Z	https://github.com/crawlinknetworks/country_list
348	aes256gcm	AES-256-GCM symmetric encryption functions that allow to encrypt/decrypt package	1.0.1	78.25332812974285	3	8	2	0	swiftyapp	getswifty.pro	MIT	2021-12-17T23:32:45.000Z	https://github.com/swiftyapp/aes-256-gcm-dart
349	mpesa	This is a dart wrapper around mpesa daraja api. Written in pure dart which means it's framework agnostic(ios,android,web,plain dart,fuschia) and works out of the box.	2.0.2	78.1666016217857	29	19	14	0	newtonmunene99	newtonmunene.me	MIT	2022-01-18T14:51:40.000Z	https://github.com/newtonmunene99/mpesa-dart
350	configcat_client	Dart (Flutter) SDK for ConfigCat. ConfigCat is a hosted feature flag service that lets you manage feature toggles across frontend, backend, mobile, desktop apps.	2.4.0	78.05819348683926	4	5	4	0	configcat	configcat.com	MIT	2022-12-20T00:49:05.000Z	https://github.com/configcat/dart-sdk
351	dart_nats	A Dart client for the NATS messaging system. Design to use with Dart and flutter.	0.6.1	78.04084818524782	31	32	10	1	chartchuo		MIT	2022-11-16T08:59:17.000Z	https://github.com/chartchuo/dart-nats
352	fingerprintjs	Fingerprintjs wrapper for Dart - A modern & flexible browser fingerprinting library	2.0.0	78.0018212566671	10	3	2	3	samihaddad	samihaddad.dev	MIT	2021-07-04T14:25:17.000Z	https://github.com/samihaddad/dart-fingerprintjs
353	flusmic	A functional and kind of elegant Prismic.io integration for Dart and Flutter.	3.2.3	77.86305884393565	9	22	9	1	PixelaGt	pixela.tech	MIT	2022-08-23T23:24:50.000Z	https://github.com/PixelaGt/flusmic
354	data_class_plugin	A tool that uses Dart's Analyzer to generate code on-the-fly.	0.0.6	77.82836824075278	6	5	1	8	spideythewebhead		MIT	2022-12-19T19:22:35.000Z	https://github.com/spideythewebhead/dart_data_class_plugin
355	realm_dart	The official Realm SDK for Dart. Realm is a mobile database - an alternative to SQLite and key-value stores.	0.8.0+rc	77.60287932006418	13	525	44	123	realm	realm.io	Apache-2.0	2022-12-19T23:55:32.000Z	https://github.com/realm/realm-dart
356	tint	A library for terminal string styling as an extension on `String`.	2.0.0	77.42075365335414	20	26	2	2	frencojobs	frenco.dev	MIT	2021-11-03T15:54:04.000Z	https://github.com/frencojobs/tint
357	bidi	Implementation of the Bidi algorithm, as described in http://www.unicode.org/reports/tr9/tr9-17.html.	2.0.4	77.32101816920341	9	1	2	0	xclud	pwa.ir	MIT	2022-12-14T05:54:50.000Z	https://github.com/xclud/dart_bidi
358	ubuntu_session	Native Dart client library to access the GNOME Session Manager	0.0.3	77.28632756602055	4	7	2	2	canonical	canonical.com	MPL-2.0	2022-11-14T15:59:20.000Z	https://github.com/canonical/ubuntu_session.dart
359	tonic	Classes and methods for representing and manipulating concepts from music theory: Pitch, PitchClass, Interval, Scale, Chord.	0.2.4	77.24296431204198	21	41	12	4	osteele		MIT	2021-07-05T13:12:47.000Z	https://github.com/osteele/dart-tonic
360	persian	Utilities and Humanizer for Persian language and culture. Includes some String extensions and PersianDate class.	1.2.0	77.23429166124626	33	9	2	0	xclud	pwa.ir	MIT	2022-12-11T12:43:14.000Z	https://github.com/xclud/dart_persian
361	string_ext	Dart extension methods for String. Provides a more convenient and powerful API for working with strings.	0.2.0	77.09552924851481	3	1	0	0	Innim	innim.ru	BSD-3-Clause	2021-08-11T15:55:51.000Z	https://github.com/Innim/dart_string_extensions
362	axios	Simple, zero-configuration command-line http server	1.0.1+1	77.08252027232123	21	1	0	0	Sayegh7		MIT	2021-03-07T15:54:25.000Z	https://github.com/Sayegh7/axios
363	freezer	Provides the easiest and most productive automatic generation of model objects from JSON files.	0.6.1	77.07818394692337	21	14	2	6	myConsciousness	shinyakato.dev	BSD-3-Clause	2022-12-17T03:05:12.000Z	https://github.com/myConsciousness/freezer
364	analytics	Interface for working with analytic services. The library is supposed to unify work with various analytic services.	1.0.2	77.02181171675122	31	12	1	0	surfstudio	surf.ru	Apache-2.0	2022-05-12T10:52:59.000Z	https://github.com/surfstudio/flutter-analytics
365	pana	PAckage aNAlyzer - produce a report summarizing the health and quality of a Dart package.	0.21.23	76.92207623260049	81	149	41	64	dart-lang	tools.dart.dev	BSD-3-Clause	2022-12-18T18:33:07.000Z	https://github.com/dart-lang/pana
366	package_rename	A Blazingly Fast way to configure your awesome flutter project to be production ready.	1.0.0+1	76.8787129786219	10	3	0	1	OutdatedGuy	outdatedguy.rocks	BSD-3-Clause	2022-08-18T18:54:11.000Z	https://github.com/OutdatedGuy/package_rename
367	dlna_dart	simple dlna client in pure dart,works fine in flutter,do all the job less than 500 lines	0.0.8	76.86136767703049	9	17	4	2	suconghou		BSD-3-Clause	2022-10-30T06:08:08.000Z	https://github.com/suconghou/dlna-dart
368	triple_test	Test Helper for Store of flutter_triple with Mocktail.	1.0.0+1	76.71393261350332	6	132	30	10	Flutterando	flutterando.com.br	MIT	2022-12-14T20:41:16.000Z	https://github.com/Flutterando/triple_pattern
369	min_id	ID generator for dart easily like eat 🥮🥮🥮🥮. You can generate unique string, unique number, unique any thing by min_id 👍.	1.1.0	76.63587875634188	8	1	0	1	tvc12	4pet.social	BSD-3-Clause	2021-03-27T15:11:40.000Z	https://github.com/tvc12/min_id
370	flutter_sanity	Dart libary to query the Sanity.io API. Supports running queries and downloading files.	1.1.0	76.60986080395473	13	7	1	1	joelrose		BSD-3-Clause	2022-10-25T13:47:15.000Z	https://github.com/joelrose/flutter_sanity
371	rsa_pkcs	Privacy-Enhanced Mail (PEM) parser, RSA, PKCS#1, PKCS#8, X.509	2.0.1	76.49711634361043	3	5	21	5	amaurel		Apache-2.0	2022-02-14T08:06:49.000Z	https://github.com/amaurel/rsa_pkcs
372	php_serializer	Serialize and deserialize Strings that the Php-Functions serialize created or unserializecan parse, so Dart code can communicate with Php in its native format	1.1.0	76.46242574042756	5	5	0	0	Manu311	manu311.de	BSD-2-Clause	2022-01-12T11:24:48.000Z	https://github.com/Manu311/dart-php_serializer
373	cherrypick	Cherrypick is a small dependency injection (DI) library for dart/flutter projects.	1.0.2	76.23693681973896	7	4	2	3	pese-git		Apache-2.0	2022-08-10T14:27:04.000Z	https://github.com/pese-git/cherrypick
374	figma	A Figma API wrapper library for interacting with Figma documents, written in pure Dart.	3.6.0	76.20658254195395	9	14	11	0	arnemolland	molland.sh	MIT	2022-09-16T04:59:56.000Z	https://github.com/arnemolland/figma
375	cancellation_token	Easy async task cancellation for tasks using cancellation tokens in Dart.	1.5.0	76.16321928797537	6	2	0	0	JonathanPeterCole	jonathancole.dev	NOASSERTION	2022-10-02T17:26:41.000Z	https://github.com/jonathanpetercole/dart-cancellation-token
376	wasm	Utilities for loading and running WASM modules from Dart code	0.1.0+1	76.11118338320108	79	282	23	26	dart-lang	labs.dart.dev	BSD-3-Clause	2022-12-19T19:11:26.000Z	https://github.com/dart-lang/wasm
377	conduit_common	Common classes shared by conduit projects.	4.0.1	75.9333940418889	1	0	0	1	bsutton	theconduit.dev	BSD-2-Clause	2021-03-30T19:56:04.000Z	https://github.com/bsutton/conduit-orm
378	fixed	Fixed scale decimal numbers with mathematical operations, formatting and parsing.	2.3.2	75.91604874029747	2	6	2	0	onepub-dev	onepub.dev	MIT	2022-11-20T22:28:21.000Z	https://github.com/onepub-dev/fixed
379	monarch_annotations	Annotations for Monarch. Monarch is a tool for building Flutter widgets in isolation. It makes it easy to build, test and debug complex UIs.	1.0.2	75.7079051212003	7	335	10	8	Dropsource	monarchapp.io	MIT	2022-12-14T20:57:36.000Z	https://github.com/Dropsource/monarch
380	assets_gen	The assets_gen package helps you to generate a .dart file that contains all assets according to `pubspec.yaml`.	1.3.0	75.69489614500672	24	14	3	0	chenenyu		Apache-2.0	2022-11-14T06:18:24.000Z	https://github.com/chenenyu/assets_gen
381	lcov_dart	Parse and format to LCOV your code coverage reports. The best way to share your code coverage stats.	7.0.0	75.68188716881315	1	0	0	0	MohiuddinM		MIT	2021-03-15T14:49:51.000Z	https://github.com/MohiuddinM/lcov.dart
382	geobase	Geospatial data structures, projections, tiling schemes and vector data support (GeoJSON, WKT, WKB).	0.4.0	75.65153289102814	5	20	3	31	navibyte	navibyte.com	NOASSERTION	2022-12-02T20:19:03.000Z	https://github.com/navibyte/geospatial
383	cp949	CP949 Encoder/Decoder	1.2.1	75.49976150210311	9	11	9	3	jjangga0214		MIT	2021-06-04T16:34:07.000Z	https://github.com/jjangga0214/dart-cp949
384	gotrue	A dart client library for the GoTrue API.	1.3.0	75.4694072243181	8	40	35	1	supabase	supabase.io	MIT	2022-12-18T21:24:49.000Z	https://github.com/supabase/gotrue-dart
385	realtime_client	Listens to changes in a PostgreSQL Database and via websockets. This is for usage with Supabase Realtime server.	1.0.1	75.25259095442523	45	76	16	1	supabase	supabase.io	MIT	2022-12-19T21:47:55.000Z	https://github.com/supabase/realtime-dart
386	expect	A tiny expectation library for writing tests based on matcher and test.	0.0.2	75.17020077186592	2	14	3	4	jonahwilliams	jonahwilliams.dev	BSD-3-Clause	2022-08-01T09:47:16.000Z	https://github.com/jonahwilliams/tester
387	dart_casing	Dart library for changing String case style to the desired convention.	2.0.0	75.1008195655002	5	3	3	1	Jesway	jesway.com	NOASSERTION	2021-12-11T12:20:24.000Z	https://github.com/bratan/dart_casing
388	ngforms	Forms framework for AngularDart. Easily create forms to accept input from users.	4.1.1	75.07913793851091	3	40	5	5	angulardart-community	angulardart.xyz	MIT	2022-12-03T19:31:43.000Z	https://github.com/angulardart-community/angular
389	windows1251	Cyrillic windows-1251 (cp1251) encoding implementation for Dart.	0.0.3	75.03143835913447	5	3	0	0	ykmnkmi		MIT	2021-08-11T13:29:21.000Z	https://github.com/ykmnkmi/windows1251.dart
390	username_generator	A simple library for generating random and seedable username for emails or user forms	1.3.0	75.00108408134946	15	1	1	0	prikeshsavla	prikeshsavla.com	MIT	2021-03-07T03:45:36.000Z	https://github.com/prikeshsavla/username_generator.dart
391	ngrouter	Router for AngularDart. It enables navigation from one view to the next as users perform tasks.	3.1.1	74.97940245436018	3	40	5	5	angulardart-community	angulardart.xyz	MIT	2022-12-03T19:31:43.000Z	https://github.com/angulardart-community/angular
392	wake_on_lan	Send wake on LAN magic packets to devices on your local network.	3.0.0	74.83630371623087	10	3	0	0	JagandeepBrar	jagandeepbrar.io	GPL-3.0	2022-03-10T22:28:31.000Z	https://github.com/JagandeepBrar/wake-on-lan
393	es_compression	Compression framework providing FFI implementations for Brotli, Lz4, Zstd (Zstandard) with ready-to-use prebuilt binaries for Win/Linux/Mac.	2.0.8	74.83196739083301	28	27	6	1	instantiations	instantiations.com	BSD-3-Clause	2022-10-03T13:38:37.000Z	https://github.com/instantiations/es_compression
394	stream	Lightweight Dart web server supporting request routing, filtering, template engine, MVC design pattern, and file-based static resources.	3.0.3	74.66718702571441	8	226	22	1	rikulo	quire.io	Apache-2.0	2022-10-18T04:03:15.000Z	https://github.com/rikulo/stream
395	palestine_console	Print.color() to console in any platform, more features will be added later.	0.0.10	74.42868912883223	19	2	0	0	PalestineDevelopers	msayed.net	BSD-3-Clause	2022-02-08T10:33:28.000Z	https://github.com/PalestineDevelopers/console
396	tinkoff_acquiring	Flutter Tinkoff Acquiring SDK is a simple way to integrate payments into your mobile application.	3.0.8	74.42435280343437	31	41	6	3	MadBrains	madbrains.ru	MIT	2022-12-19T09:41:00.000Z	https://github.com/MadBrains/Tinkoff-Acquiring-SDK-Flutter
397	binary_codec	Dart library for converting standard data types to a binary format and back	2.0.3	74.30293569229434	6	5	4	1	stefan-zemljic		MIT	2021-09-22T12:02:23.000Z	https://github.com/stefan-zemljic/pub_dev_binary_codec
398	galaxeus_lib	All in one library for help you make easy app on cross platform and support server side, inclue tcp, fetch, event emitter, websocket, and more.	0.0.34	74.1728459303586	1	0	0	0	galaxeus		NOASSERTION	2022-12-15T05:50:56.000Z	https://github.com/galaxeus/galaxeus_lib
399	dart_big5	This package provides encode, decode method for big5.	0.0.5	74.10346472399289	1	0	1	0	RPMTW		NOASSERTION	2021-10-11T13:04:30.000Z	https://github.com/RPMTW/dart-big5
400	string_stats	string_stats provides utility functions and classes for determining basic frequency statistics on strings. Provides support for asynchronous or incremental accumulation. Includes word count, character count, character frequency, word frequency, line count and more.	0.1.0	74.01673821603573	5	0	0	0	ALMDart	almaclaine.com	MIT	2021-12-28T00:48:54.000Z	https://github.com/ALMDart/dart_string_stats
401	nyxx_commands	A framework for easily creating slash commands and text commands for Discord using the nyxx library.	4.3.0	74.00806556524002	6	6	2	1	nyxx-discord	l7ssha.xyz	Apache-2.0	2022-12-12T07:46:56.000Z	https://github.com/nyxx-discord/nyxx_commands
402	cp949_codec	The best package for cp949 decoding/encoding. support null-safety, less memory comsumption. include examples and tests	0.1.1	73.82160357313214	4	3	0	3	letyletylety	letyarch.blogspot.com	BSD-3-Clause	2022-11-02T01:15:52.000Z	https://github.com/letyletylety/cp949_codec
403	sample_exception	Define a generic exception for all project and library. help the Developer code easer with error and exception.	1.0.2	73.79992194614285	0	0	0	0	sonnts996		AGPL-3.0	2022-06-20T04:24:42.000Z	https://github.com/sonnts996/sample_exception
404	events_emitter	An intuitive Event-based system, inspired by NodeJS's Event Emitter. Allows for multiple data types with type safety events. Based on JavaScript and suitable for Dart and Flutter.	0.5.2	73.67850483500283	6	5	1	0	DrafaKiller	drafakiller.com	MIT	2022-11-11T21:12:31.000Z	https://github.com/DrafaKiller/EventEmitter-dart
405	telegram_client	Telegram Client Lightweight, blazing and Highly customizable for make application telegram based tdlib, mtproto, or bot api and support server side.	0.3.83	73.43567061272279	54	69	9	5	azkadev		NOASSERTION	2022-12-14T00:56:31.000Z	https://github.com/azkadev/telegram_client/tree/main/dart/telegram_client
406	fftea	Fast Fourier Transform (FFT) library that can handle inputs of any size. Includes related tools such as STFT and convolution.	1.2.0+1	73.31858982698061	20	29	0	8	liamappelbe		Apache-2.0	2022-12-11T08:22:10.000Z	https://github.com/liamappelbe/fftea
407	serverpod_auth_client	Serverpod authentication client.	0.9.21	73.1971727158406	4	980	71	81	serverpod	serverpod.dev	BSD-3-Clause	2022-12-19T12:33:44.000Z	https://github.com/serverpod/serverpod
408	dart_pusher_channels	Dart implementation of client of Pusher Channels protocol, instrument to work with real-time applications.	0.3.1+1	73.17982741424916	16	9	3	3	kerimamansaryyev		MIT	2022-12-19T15:50:46.000Z	https://github.com/mcfugger/dart_pusher_channels
409	geoclue	GeoClue: The Geolocation Service	0.1.1	73.08876458089415	2	7	4	1	canonical	canonical.com	MPL-2.0	2022-11-22T06:14:47.000Z	https://github.com/canonical/geoclue.dart
410	dart_periphery	dart_periphery is a Dart port of the native c-periphery library for Linux Peripheral I/O (GPIO, LED, PWM, SPI, I2C, MMIO and Serial peripheral I/O).	0.9.3	73.062746628507	33	25	4	3	pezi	flutterdev.at	BSD-3-Clause	2022-12-15T15:59:21.000Z	https://github.com/pezi/dart_periphery
411	multiple_random_choice	A function library to choose multiple items randomly. This library supports weighted randomly choosing too. Typical examples of usage are lottery and gacha.	0.1.3+1	72.7028316204848	3	0	0	1	MenEnger	hrimfaxi-lab.com	BSD-3-Clause	2021-12-18T02:18:43.000Z	https://github.com/MenEnger/dart_multiple_random_choice
412	cloudinary_dart	Cloudinary is a cloud service that offers a solution to a web application's entire image management pipeline	0.0.10	72.68982264429123	1	4	0	0	cloudinary	cloudinary.com	MIT	2022-12-01T09:45:02.000Z	https://github.com/cloudinary/cloudinary_dart
413	easy_onvif	A pure Dart library designed primarily for command line automation of Onvif compatible devices, but can be used anywhere Dart is used.	2.0.13+17	72.68548631889337	10	13	6	2	faithoflifedev	muayid.com	MIT	2022-12-14T20:44:29.000Z	https://github.com/faithoflifedev/easy_onvif
414	google_vision	Allows you to add Google Visions image labeling, face, logo, and landmark detection, OCR, and detection of explicit content, into applications.	1.0.5+3	72.59875981093622	8	5	2	0	faithoflifedev	muayid.com	MIT	2022-12-01T14:38:15.000Z	https://github.com/faithoflifedev/google_vision
415	vin_decoder	Dart library for working with Vehicle Identification Numbers (VINs) based on ISO 3779:2009 and World Manufacturer Identifiers (WMIs) based on ISO 3780:2009, enriched by NHTSA data.	0.1.4+1	72.50769697758119	13	23	9	3	adaptant-labs	adaptant.io	Apache-2.0	2022-12-07T19:49:44.000Z	https://github.com/adaptant-labs/vin-decoder-dart
416	bip340	BIP340 (Schnorr) signature and verification.	0.0.4	72.45999739820476	4	5	5	1	nbd-wtf		MIT	2022-10-08T01:53:52.000Z	https://github.com/fiatjaf/dart-bip340
417	all_lint_rules_community	Automatically updated all lint rules file !	0.0.20	72.45132474740905	14	21	1	0	gaetschwartz		MIT	2022-12-13T12:27:33.000Z	https://github.com/gaetschwartz/all_lint_rules
418	cli_completion	Completion functionality for Dart Command-Line Interfaces built using CommandRunner. Built by Very Good Ventures.	0.1.0+1	72.36026191405404	9	19	0	5	VeryGoodOpenSource	verygood.ventures	MIT	2022-12-19T20:56:45.000Z	https://github.com/VeryGoodOpenSource/cli_completion
419	dartz_test	Provides matchers to help unit-testing your apps when using functional programming types defined in the dartz package.	0.1.1	72.3125623346776	0	0	1	0	SuperMuel	supermuel.fr	BSD-3-Clause	2022-11-17T09:30:50.000Z	https://github.com/SuperMuel/dartz_test
420	firebase_auth_dart	Pure Dart implementation of FlutterFire Auth API	1.0.1	72.26486275530117	19	286	36	18	invertase	invertase.io	NOASSERTION	2022-11-05T03:27:18.000Z	https://github.com/invertase/flutterfire_desktop
421	bolt11_decoder	A decoder for Bitcoins Lightning Network BOLT11 invoices for use in wallet apps.	1.0.1	72.2301721521183	2	4	4	1	fusion44	sendmany.app	MIT	2022-05-01T07:51:46.000Z	https://github.com/fusion44/dart_bolt11_decoder
422	stash_dio	Dio extension for the stash API. Provides an interceptor that uses stash as a caching layer for Dio	4.5.0	72.12610034256971	7	72	10	0	ivoleitao	ivoleitao.dev	MIT	2022-12-05T23:19:18.000Z	https://github.com/ivoleitao/stash
423	plist_parser	A Flutter Plugin for Plist parser supporting XML and Binary formats.	0.0.9	72.05671913620398	4	4	3	0	dirablue		MIT	2022-05-11T15:05:20.000Z	https://github.com/dirablue/plist_parser
424	at_client	The at_client library is the non-platform specific Client SDK which provides the essential methods for building an app using the atProtocol.	3.0.49	72.02202853302111	12	1580	30	124	atsign-foundation	atsign.org	BSD-3-Clause	2022-12-20T00:04:07.000Z	https://github.com/atsign-foundation/at_client_sdk
425	via_cep	Uma biblioteca para consulta de CEP para desenvolvedores Dart (Console, Web e Flutter).	1.0.6	71.7054767789775	11	16	13	5	mateuspenha		BSD-3-Clause	2021-10-05T14:29:36.000Z	https://github.com/mateuspenha/via_cep
426	dart_markdown	A portable Markdown library written in Dart that can parse Markdown into AST and HTML.	3.1.4	71.44963358050389	7	2	2	5	tagnote-app	tagnote.app	BSD-3-Clause	2022-11-24T18:30:17.000Z	https://github.com/tagnote-app/dart_markdown
427	type_plus	Give your types superpowers and spice up your generics. Make types great again.	0.6.3	71.28051688998742	11	7	2	0	schultek	schultek.de	GPL-3.0	2022-03-15T11:13:52.000Z	https://github.com/schultek/type_plus
428	localregex	Collection of regex patterns commonly used in Zimbabwe. Regex patterns include mobile numbers, passports, vehicle license plates, driver's license, email addresses and passwords	4.0.1+4	71.16777242964312	18	4	3	0	iamngoni	iamngoni.co.zw	MIT	2022-11-17T14:04:54.000Z	https://github.com/iamngoni/localregex
429	fff	Dart package for convenient work with color. It will allow you to convert colors between rgb, rgba and hex formats.	2.0.0	71.13741815185811	2	9	3	2	vdakalov	dev.vihtor.ru	NOASSERTION	2021-03-12T04:25:08.000Z	https://github.com/vdakalov/fff
430	at_contact	A Dart library for managing contact data that developers can use for their applications.	3.0.7	71.1287455010624	10	35	10	17	atsign-foundation	atsign.org	BSD-3-Clause	2022-12-20T02:02:21.000Z	https://github.com/atsign-foundation/at_libraries
431	event_listener	A dart package implements NodeJS style event listening functionality	0.2.0	71.10272754867525	0	1	1	0	behemehal	behemehal.net	MIT	2021-11-30T14:20:57.000Z	https://github.com/behemehal/event_listener
432	firebaseapis	Auto-generated client libraries for accessing Firebase APIs described through the API discovery service.	0.1.2	71.00299206452452	7	19	5	2	invertase	invertase.io	Apache-2.0	2022-05-12T11:40:36.000Z	https://github.com/invertase/dart_firebase_apis/tree/master/generated/firebaseapis
433	time_span	a dart library that calculates the time span in hours or minutes for two given time strings of format HH:MM.	2.0.2	70.89458392957808	5	1	0	0	AndreeWille		BSD-3-Clause	2021-05-27T08:49:58.000Z	https://github.com/AndreeWille/time-span
434	dart_phonetics	A collection of phonetic algorithms. These algorithms help find words or names that sound similar by generating an encoding that can be compared or indexed for fuzzy searching.	1.0.1	70.81653007241664	14	9	3	0	raycardillo	cardilloonline.com	Apache-2.0	2021-09-05T05:13:51.000Z	https://github.com/raycardillo/dart_phonetics
435	dart_hydrologis_utils	Common dart utilities lib for our projects.	0.6.1	70.7991847708252	1	3	4	0	moovida	hydrologis.com	BSD-3-Clause	2022-09-09T09:30:34.000Z	https://github.com/moovida/dart_hydrologis_utils
436	xxh3	A Dart implementation (port) of the XXH3 hashing algorithm from xxHash.	1.0.1	70.72980356445949	3	1	0	0	SamJakob	samjakob.com	MIT	2022-04-21T00:17:44.000Z	https://github.com/SamJakob/xxh3
437	lorem_gen	A simple and lite `Dart` package to generate Lorem (Ipsum) and populate your app with random generated text.	2.0.1	70.68210398508305	3	1	0	0	belachkar		MIT	2022-07-12T03:33:04.000Z	https://github.com/belachkar/lorem_gen
438	color_convert	A color conversion library for Dart. It converts all ways between rgb, hsl, hsv, hwb, cmyk, ansi, ansi16, hex strings, and CSS keywords (will round to closest).	1.0.2	70.49564199297515	8	2	4	4	crystalboxes		MIT	2021-11-12T15:42:12.000Z	https://github.com/crystalboxes/color_convert
439	tabular	Dart library for displaying tabular data in a visually appealing ASCII table format.	0.6.3+1	70.46528771519014	8	5	1	0	rtmigo	revercode.com	MIT	2021-11-23T09:46:51.000Z	https://github.com/rtmigo/tabular_dart
440	murmurhash	MurmurHash v3 Implementation in Dart.	1.0.1	70.37856120723299	1	4	2	0	HosseinYousefi	identi.app	MIT	2021-11-10T12:25:38.000Z	https://github.com/HosseinYousefi/murmurhash
441	serverpod_chat_server	Serverpod chat server module.	0.9.21	70.2961710246737	0	980	71	81	serverpod		BSD-3-Clause	2022-12-19T12:33:44.000Z	https://github.com/serverpod/serverpod
442	nyxx_lavalink	Nyxx Lavalink Module	3.1.0	70.29183469927584	5	264	40	4	nyxx-discord	l7ssha.xyz	Apache-2.0	2022-12-12T17:07:06.000Z	https://github.com/nyxx-discord/nyxx
443	blackfoot_flutter_lint	Recommended lints for Blackfoot's Flutter apps to encourage good coding practices.	1.0.6	70.23546246910368	4	1	0	0	blackfoot-makers	blackfoot.io	BSD-3-Clause	2022-07-06T16:22:11.000Z	https://github.com/blackfoot-makers/blackfoot_flutter_lint
444	memory_cache	Memory Cache is simple, fast and global in-memory cache with CRUD features.	1.1.0	70.22678981830796	15	5	0	0	gokberkbar	gokberk.dev	MIT	2022-08-10T10:58:15.000Z	https://github.com/gokberkbar/memory_cache
445	easy_cron	Parse cron string to schedule and generate previous or next schedule item.	0.9.2	70.1617449373401	6	2	1	0	karbunkul		MIT	2022-11-27T20:49:18.000Z	https://github.com/karbunkul/dart_easy_cron
446	style_cron_job	Style Cron Job is periodic operations executor and definator with basic syntax. You can define a period and run your process with your own executor or through the controller.	1.0.4+2	70.15740861194224	43	6	0	0	Mehmetyaz	styledart.dev	AGPL-3.0	2022-06-23T14:54:45.000Z	https://github.com/Mehmetyaz/style
447	password_hash_plus	PBKDF2 password hashing utility. This plugin is a null-safety version of password_hash, you can use it if you need Flutter 2.x and above.	4.0.0	70.14006331035081	0	0	0	0	LiWenHui96		Apache-2.0	2022-05-16T02:48:19.000Z	https://github.com/LiWenHui96/password_hash_plus
448	luhn_algorithm	Luhn algorithm is an implementation of the famous Luhn algorithm in Dart. Generate, checksum and validate.	1.0.0+1	70.1313906595551	2	0	0	0	matejhocevar	matox.si	MIT	2022-09-09T08:25:50.000Z	https://github.com/matejhocevar/luhn_algorithm
449	flutter_geopackage	A module to support OGC geopackage with sqlite.	0.6.0	70.12705433415724	2	8	2	0	moovida	hydrologis.com	Apache-2.0	2022-09-16T08:41:21.000Z	https://github.com/moovida/flutter_geopackage
450	automap	An auto mapper for Dart. It allows mapping objects of different classes automatically and manually using JSON serialization.	0.0.3	69.95793764364078	11	7	0	0	leynier		MIT	2021-04-24T16:53:02.000Z	https://github.com/leynier/automap-dart
451	enum_flag	Package to create enums for flags using bitmask in Dart using a mixin and extensions.	1.0.1	69.94926499284506	4	7	0	0	leynier		MIT	2022-12-08T06:29:58.000Z	https://github.com/leynier/dart-enum-flag
452	big_dart	A small, fast, easy-to-use library for arbitrary-precision decimal arithmetic.	1.0.1	69.7801483023286	3	3	1	0	serdimoa		MIT	2021-12-17T17:24:31.000Z	https://github.com/serdimoa/big.dart
453	async_call_queue	AsyncCallQueue is a Dart class which provides a queuing mechanism to prevent concurrent access to asynchronous code.	1.0.1	69.68041281817787	2	2	0	0	ronjb	ronbooth.com	MIT	2021-11-14T14:34:18.000Z	https://github.com/ronjb/async_call_queue
454	text_parser	A Dart package for parsing text flexibly according to preset or custom regular expression patterns.	0.4.1	69.67174016738215	4	2	0	0	kaboc	kaboc.cc	MIT	2022-11-21T10:26:23.000Z	https://github.com/kaboc/dart_text_parser
455	books_finder	A library to help on the search for books on google books api	4.3.0	69.585013659425	20	18	11	6	bdlukaa	bdlukaa.dev	BSD-3-Clause	2022-10-26T09:20:23.000Z	https://github.com/bdlukaa/books_finder
456	dart_shp	An shapefile reader/writer for dart.	1.0.0	69.55899570703785	7	5	4	2	moovida	hydrologis.com	BSD-3-Clause	2022-05-12T06:32:02.000Z	https://github.com/moovida/dart_shp
457	format_indonesia	Library for Indonesian formatting	0.1.0	69.46793287368284	13	2	0	0	mynameismail		BSD-3-Clause	2020-06-20T15:32:35.000Z	https://github.com/mynameismail/format_indonesia
458	stash_file	File storage extension for the stash API. Provides support to store vaults  and caches in the local file system in binary format using the msgpack json format	4.4.1	69.34651576254282	2	72	10	0	ivoleitao	ivoleitao.dev	MIT	2022-12-05T23:19:18.000Z	https://github.com/ivoleitao/stash
459	observer	Basic dart only observer pattern.	0.0.1	69.30748883396211	1	0	0	0	antonkesy	antonkesy.de	MIT	2022-01-03T21:18:24.000Z	https://github.com/antonkesy/observer.dart
460	simple_cluster	Simple density-based clustering library implemented in Dart. Mainly used for point-based (vector) data.	0.3.0	69.28147088157496	4	4	3	0	MSVCode	msvcode.com	NOASSERTION	2021-03-21T11:06:22.000Z	https://github.com/MSVCode/simple_cluster
461	hdkey	Dart library for Bitcoin hierarchical deterministic keys (BIP32)	0.0.1	69.2467802783921	0	1	2	0	mahsumurebe	mahsumurebe.com	MIT	2021-10-07T14:22:06.000Z	https://github.com/mahsumurebe/dart-hdkey
462	map_fields	Get fields from a map, simply, performing error handling errors.	0.0.5	69.17739907202638	5	0	0	0	isaukywhite		MIT	2022-10-13T17:54:58.000Z	https://github.com/isaukywhite/map_fields
463	dylib	A set of helpers for resolving names and paths of dynamic libraries.	0.3.2+1	69.13837214344565	8	4	0	0	jpnurmi		MIT	2021-09-02T10:58:00.000Z	https://github.com/jpnurmi/dart_dylib
464	ioc_container	A Dart Ioc Container. Store and manage dependencies in one place keyed by type. It simplifies creating instances of your classes.	1.0.8	68.97359177832705	21	19	0	1	MelbourneDeveloper	christianfindlay.com	BSD-3-Clause	2022-12-14T21:28:17.000Z	https://github.com/MelbourneDeveloper/ioc_container
465	address	Addresses internationalization library. Format various physical addresses in various languages and build localized address forms.	0.1.0	68.93890117514418	14	6	0	4	leancodepl	leancode.co	Apache-2.0	2021-11-29T15:39:40.000Z	https://github.com/leancodepl/address
466	tuple_dart	A library providing a tuple data structure for Dart and a convenient way to use it	1.4.2	68.9258921989506	2	1	0	0	avdosev		MIT	2022-04-05T11:08:17.000Z	https://github.com/avdosev/tuple_dart
467	bishop	Bishop is a chess logic package with flexible variant support	0.6.2	68.85651099258489	17	9	3	7	alexobviously		NOASSERTION	2022-12-19T04:24:04.000Z	https://github.com/alexobviously/bishop
468	storage_client	Dart client library to interact with Supabase Storage.	1.2.0	68.73943020684273	11	22	17	0	supabase	supabase.io	MIT	2022-12-13T06:40:34.000Z	https://github.com/supabase/storage-dart
469	ieee754	A library for parsing and encoding IEEE-754 binary floating point numbers.	1.0.3	68.73509388144487	1	0	0	0	nicbn	nicbn.com	MIT	2021-12-24T20:57:53.000Z	https://github.com/nicbn/ieee754-dart
470	memoized	Decorators to cache returned values, it helps in reducing the execution time of the function by using LRU Caching.	1.5.0	68.7220849052513	2	0	0	0	sylfreee	sylfree.com	MIT	2022-05-18T02:48:14.000Z	https://github.com/sylfreee/memoized
471	dart_hydrologis_db	Dart based db utilities.	1.0.0+1	68.70907592905772	0	1	0	0	moovida	hydrologis.com	MIT	2022-09-16T09:27:36.000Z	https://github.com/moovida/dart_hydrologis_db
472	hydrated_bloc_integration	An extension to the bloc state management library which automatically persists and restores bloc states. Supports integration testing.	0.0.1-rc5	68.49225965916482	2	1	0	0	PROGrand	mtbo.org	MIT	2022-03-08T09:17:03.000Z	https://github.com/PROGrand/hydrated_bloc_integration
473	stdlibc	C Standard Library - FFI bindings to the GNU C Library on Linux, and the BSDC Library on macOS.	0.1.0	68.47925068297126	7	39	3	0	ubuntu-flutter-community		MPL-2.0	2022-10-07T21:48:13.000Z	https://github.com/ubuntu-flutter-community/stdlibc.dart
474	iirjdart	An IIR filter library written in Dart. Highpass, lowpass, bandpass and bandstop as Butterworth, Bessel and Chebyshev Type I/II.	0.1.0	68.47057803217554	10	1	6	0	Supercaly		Apache-2.0	2022-10-28T14:54:58.000Z	https://github.com/Supercaly/iirj_dart
475	thread	A simple Isolated Thread wrapped with a type-safe Event Emitter for easier asynchronous communication. Setup events for the thread to reply to, or compute tasks individually.	0.2.1	68.44889640518625	7	1	0	0	DrafaKiller	drafakiller.com	MIT	2022-08-26T13:00:18.000Z	https://github.com/DrafaKiller/Thread-dart
476	ini_file	get, set, create, delete sections, keys, values from ini file, without loosing its format, blank lines, comments, etc.	1.0.0	68.4011968258098	3	2	0	0	GnRSlash		BSD-3-Clause	2022-04-05T01:52:30.000Z	https://github.com/GnRSlash/ini_file
477	upnp2	Universal Plugin and Play Host/Client. This package can be used to discover upnp devices, invoke actions as well as spin up an upnp server.	3.0.10	68.27110706387407	3	5	0	3	Butzlabben	naegele.dev	MIT	2022-10-23T09:51:02.000Z	https://github.com/Butzlabben/upnp.dart
478	flutter_gpiod	Dart package for accessing GPIO using the GPIO character device interface on linux / Android (root required). Supports signal edge listening, active state, open source/drain and (if supported by platform) bias.	0.5.0	68.26677073847621	23	20	4	8	ardera	ardera.dev	MIT	2022-08-08T10:06:27.000Z	https://github.com/ardera/flutter_packages
479	stormberry	Access your postgres database effortlessly from dart code.	0.9.2	68.19738953211049	49	28	4	9	schultek	schultek.de	GPL-3.0	2022-12-12T21:23:57.000Z	https://github.com/schultek/stormberry
480	simple_vcard_parser	A simple and easy to use parser to extract information from a standard vCard string. Major vCard properties from versions 2.1, 3.0, 4.0 are supported.	0.1.6	68.03694549238975	5	1	6	0	AmirElkess		MIT	2022-08-23T19:07:43.000Z	https://github.com/AmirElkess/simple_vcard_parser
481	size	A simple plugin that can display disk size on desktop.	1.0.5+1	67.94588265903472	3	0	1	0	Clashkid155		MIT	2022-03-08T00:26:19.000Z	https://github.com/Clashkid155/size
482	stagexl	A fast and universal 2D rendering engine for HTML5 and Dart.	2.1.2	67.84614717488401	32	871	87	52	bp74		NOASSERTION	2022-12-05T20:24:00.000Z	https://github.com/bp74/StageXL
483	pro_validator	The validator package comes with several common validations and removes the boiler plate code from your project.	1.1.1	67.82012922249686	0	1	1	0	pro100andrey	pro100.dev	MIT	2022-12-05T17:11:14.000Z	https://github.com/pro100andrey/validator
484	super_annotations	Write your code generation functions naturally alongside your normal code. Define and use custom annotations in the same file or project.	0.7.1	67.52959542084038	18	21	2	1	schultek	schultek.de	MIT	2022-10-19T07:16:54.000Z	https://github.com/schultek/super_annotations
485	xor_cipher	The XOR Encryption algorithm is a effective and easy to implement method of symmetric encryption.	1.0.0+1	67.50791379385109	5	7	0	0	PlugFox	plugfox.dev	MIT	2022-04-17T13:12:21.000Z	https://github.com/PlugFox/xor_cipher
486	system_resources	Provides easy access to system resources (CPU load, memory usage).	1.6.0	67.50357746845323	8	4	2	1	jonasroussel	jroussel.fr	MIT	2022-09-02T11:00:44.000Z	https://github.com/jonasroussel/system_resources
487	state_notifier_test	A testing library which makes it easy to test StateNotifier. Built to be used with the state_notifier, riverpod or flutter_riverpod packages.	0.0.9	67.45154156367894	19	7	1	2	danijel-tolj	that-dev.me	BSD-3-Clause	2022-10-28T20:26:47.000Z	https://github.com/danijel-tolj/state_notifier_test
488	quadtree_dart	A lightweight, extensive implementation of Quadtrees in Dart.	1.1.1	67.36481505572178	2	3	0	0	rlch	rjmath.com	MIT	2021-06-11T13:56:17.000Z	https://github.com/rlch/quadtree-dart
489	serverpod_cloud_storage_s3	Serverpod integration for S3 cloud storage	0.9.21	67.29977017475392	0	980	71	81	serverpod		BSD-3-Clause	2022-12-19T12:33:44.000Z	https://github.com/serverpod/serverpod
490	dart_bech32	A BIP173 / BIP350 compatible Bech32/Bech32m encoding/decoding library.	2.0.0	67.20437101600105	0	1	0	0	dart-bitcoin-lib	mahsumurebe.com	MIT	2021-11-16T12:38:01.000Z	https://github.com/dart-bitcoin-lib/dart-bech32
491	mcumgr	Dart client for the mcumgr embedded device management protocol.	0.0.3	67.1263171588396	6	6	1	2	jkdhn	jkdhn.me	BSD-3-Clause	2022-07-07T11:57:08.000Z	https://github.com/jkdhn/mcumgr-dart
492	wallet	Crypto wallet package for Bitcoin, Ethereum and Tron written in pure Dart.	0.0.7	67.0656086032696	3	9	2	0	xclud		MIT	2022-12-05T11:52:52.000Z	https://github.com/xclud/dart_wallet
493	c	C-md, Library of Defining & parsing for Dart CLI Commands & Arguments	0.0.2	67.06127227787174	0	0	0	0	DevPackUP		BSD-3-Clause	2022-08-21T17:39:20.000Z	https://github.com/DevelopersPackages-org/Cmd
494	at_server_status	A Dart library that provides a means to check on the status of the @‎root server as well as the secondary server for any particular @‎sign.	1.0.3	66.97454576991457	8	35	10	17	atsign-foundation	atsign.org	BSD-3-Clause	2022-12-20T02:02:21.000Z	https://github.com/atsign-foundation/at_libraries
495	inject_js	Import and use javascript libraries or code in your dart2js or flutter web projects	2.0.0	66.96587311911885	1	0	0	1	EPNW	epnw.eu	Apache-2.0	2021-05-28T13:44:07.000Z	https://github.com/EPNW/inject_js
496	fsm2	FSM2 provides an implementation of the core design aspects of the UML state diagrams allowing both declarative transitions and dynamic transitions along with Guard Conditions.	2.0.7	66.95720046832314	14	46	2	3	onepub-dev	onepub.dev	BSD-2-Clause	2021-10-31T11:02:34.000Z	https://github.com/bsutton/fsm2
497	duration_iso_parser	Package to parse a duration from ISO 8601 string (like P1M, PT15M, P2Y3W4DT5H).	0.1.0+1	66.95286414292528	2	1	0	0	Innim	innim.ru	BSD-3-Clause	2022-01-21T08:35:33.000Z	https://github.com/Innim/dart_duration_iso_parser
498	js_bindings	Complete JS bindings interop with autocomplete and documentation.	0.0.7	66.9398551667317	16	36	4	8	jodinathan		Apache-2.0	2022-10-06T13:45:06.000Z	https://github.com/jodinathan/js_bindings
499	dart_dot_reporter	Dot test reporter for Dart & Flutter & Human. Makes test results clear from the high-level view.	1.0.4	66.74038419843025	5	4	5	3	apastuhov		MIT	2021-11-12T08:19:30.000Z	https://github.com/apastuhov/dart_dot_reporter
500	http_api	A simple yet powerful wrapper around http package with interceptors/middleware support, along with response caching.	0.9.0	66.62763973808595	8	8	1	0	gonuit	klyta.it	MIT	2022-11-23T19:34:40.000Z	https://github.com/gonuit/flutter_http_api
501	string_utils	A set of string utility functions to facilitate dart interoperability with MS-SQL server. Please take a look at [dart_mssql] package for a usage example	0.2.3	66.51923160313949	0	26	6	7	MoacirSchmidt		BSD-2-Clause	2019-09-23T22:26:13.000Z	https://github.com/MoacirSchmidt/dart_mssql
502	nmea	An extensible NMEA0183 parser, which also supports validating the checksum. Useful for reading data from GPS devices and other sensors.	2.1.0	66.50188630154807	3	2	1	1	ricardoboss	ricardoboss.de	MIT	2022-10-18T10:54:01.000Z	https://github.com/ricardoboss/dart_nmea
503	nyxx_pagination	Pagination utility for nyxx library	2.3.0	66.33710593642948	1	2	1	0	nyxx-discord	l7ssha.xyz	GPL-2.0	2022-10-23T11:28:18.000Z	https://github.com/nyxx-discord/nyxx_pagination
504	firebase_cloud_messaging_interop	A dart plugin to use the Firebase Cloud Messaging Api (JS). You can retrieve the user's FCM token, delete it, access the notification data, ...	3.0.0	66.22869780148302	15	3	3	2	GaspardMerten	gaspardmerten.dev	NOASSERTION	2021-03-11T21:01:31.000Z	https://github.com/GaspardMerten/Firebase-Cloud-Messaging-Interop
505	reliable_interval_timer	A timer that produces ticks within a given interval, accurate to the millisecond.	1.0.0	66.20701617449373	2	2	0	0	inf0rmatix		BSD-3-Clause	2022-04-01T09:05:57.000Z	https://github.com/1nf0rmatix/reliable_interval_timer
506	websok	A high level websocket library. Use it when working with websockets to avoid a few boilerplate and make your code look cleaner.	2.1.2	66.18533454750445	9	7	6	4	ConsoleTVs	erik.cat	MIT	2022-08-22T05:41:13.000Z	https://github.com/ConsoleTVs/Websok
507	jose2	Javascript Object Signing and Encryption (JOSE) library supporting JWE, JWS, JWK and JWT	0.3.4	66.1593165951173	1	1	1	3	heacare	hea.care	BSD-3-Clause	2022-08-31T04:48:49.000Z	https://github.com/heacare/jose
508	usb_id	A repository of all known ID's used in USB devices: ID's of vendors, devices, subsystems and device classes. This package can be utilized to display human-readable names instead of cryptic numeric codes.	0.1.0	66.11595334113872	1	0	0	0	jpnurmi		BSD-3-Clause	2021-05-14T20:24:26.000Z	https://github.com/jpnurmi/usb_id.dart
509	openai_client	An unofficial, platform independent, client for accessing different AI models developed by OpenAI.	0.0.3	66.02055418238585	12	10	3	0	Azzeccagarbugli	francescocoppola.me	BSD-3-Clause	2022-12-11T23:21:51.000Z	https://github.com/Azzeccagarbugli/openai_client
510	sign_in_with_apple_js	A Dart wrapper for the 'Sign in with Apple JS' framework with helper methods to simplify usage.	2.0.1	65.98586357920298	9	3	1	3	mhrst	qrl.app	MIT	2021-04-17T16:27:56.000Z	https://github.com/mhrst/sign_in_with_apple_js
511	functions_client	A dart client library for the Supabase functions.	1.0.0	65.95117297602012	4	6	4	0	supabase	supabase.io	MIT	2022-10-18T09:43:24.000Z	https://github.com/supabase-community/functions-dart
512	todo	🚧 Offers a TODO() method to indicate that code has not been implemented yet.	2.0.1	65.92515502363298	7	4	0	0	MarcelGarus		MIT	2021-03-04T14:10:31.000Z	https://github.com/marcelgarus/todo
