No.	Name	Description	Version	Popularity	Likes	Stars	Forks	Issues	Owner	Publisher	License	Last Commit	Repository URL
1	flutter_svg	An SVG rendering and widget library for Flutter, which allows painting and displaying Scalable Vector Graphics 1.1 files.	1.1.6	99.96964572221499	3407	1468	385	136	dnfield	dnfield.dev	MIT	2022-12-16T04:07:41.000Z	https://github.com/dnfield/flutter_svg
2	provider	A wrapper around InheritedWidget to make them easier to use and more reusable.	6.0.5	99.96097307141928	7817	4561	465	12	rrousselGit	dash-overflow.net	MIT	2022-12-15T22:07:16.000Z	https://github.com/rrousselGit/provider
3	permission_handler	Permission plugin for Flutter. This plugin provides a cross-platform (iOS, Android) API to request and check permissions.	10.2.0	99.93929144442998	3320	1699	661	154	Baseflow	baseflow.com	MIT	2022-11-11T10:50:27.000Z	https://github.com/baseflow/flutter-permission-handler
4	google_fonts	A Flutter package to use fonts from fonts.google.com.	3.0.1	99.92628246823642	4204	670	88	17	material-foundation	material.io	Apache-2.0	2022-12-06T15:25:08.000Z	https://github.com/material-foundation/google-fonts-flutter
5	file_picker	A package that allows you to use a native file explorer to pick single or multiple absolute file paths, with extension filtering support.	5.2.4	99.8872555396557	2879	974	432	30	miguelpruivo	miguelruivo.com	MIT	2022-12-12T17:26:48.000Z	https://github.com/miguelpruivo/flutter_file_picker
6	carousel_slider	A carousel slider widget, support infinite scroll and custom child widget.	4.2.1	99.88291921425784	3803	1382	447	168	serenader2014	serenader.me	MIT	2022-12-13T16:32:08.000Z	https://github.com/serenader2014/flutter_carousel_slider
7	font_awesome_flutter	The Font Awesome Icon pack available as Flutter Icons. Provides 1600 additional icons to use in your apps.	10.3.0	99.86123758726855	3171	727	179	6	fluttercommunity	fluttercommunity.dev	NOASSERTION	2022-12-04T13:24:44.000Z	https://github.com/fluttercommunity/font_awesome_flutter
8	lottie	Render After Effects animations natively on Flutter. This package is a pure Dart implementation of a Lottie player.	2.1.0	99.81787433328996	2449	885	163	95	xvrh	xaha.dev	MIT	2022-12-14T13:12:23.000Z	https://github.com/xvrh/lottie-flutter
9	sqflite	Flutter plugin for SQLite, a self-contained, high-reliability, embedded, SQL database engine.	2.2.2	99.8135380078921	3528	2529	453	126	tekartik	tekartik.com	BSD-2-Clause	2022-12-04T19:40:08.000Z	https://github.com/tekartik/sqflite/tree/master/sqflite
10	flutter_secure_storage	Flutter Secure Storage provides API to store data in secure storage. Keychain is used in iOS, KeyStore based solution is used in Android.	7.0.1	99.78752005550497	2431	888	226	69	mogol	steenbakker.dev	BSD-3-Clause	2022-12-16T12:25:07.000Z	https://github.com/mogol/flutter_secure_storage/tree/develop/flutter_secure_storage
11	shimmer	A package provides an easy way to add shimmer effect in Flutter project	2.0.0	99.7745110793114	3228	1552	185	29	hnvn	hunghd.dev	BSD-3-Clause	2022-07-08T03:27:47.000Z	https://github.com/hnvn/flutter_shimmer
12	flutter_native_splash	Customize Flutter's default white native splash screen with background color and splash image. Supports dark mode, full screen, and more.	2.2.16	99.76150210311782	4960	936	142	11	jonbhanson	jonhanson.net	MIT	2022-11-27T17:58:46.000Z	https://github.com/jonbhanson/flutter_native_splash
13	flutter_inappwebview	A Flutter plugin that allows you to add an inline webview, to use an headless webview, and to open an in-app browser window.	5.7.2+3	99.74849312692425	1528	2309	968	588	pichillilorenzo	inappwebview.dev	Apache-2.0	2022-12-16T14:49:41.000Z	https://github.com/pichillilorenzo/flutter_inappwebview
14	flutter_rating_bar	A simple yet fully customizable ratingbar for flutter which also include a rating bar indicator, supporting any fraction of rating.	4.0.1	99.68344824595637	1579	322	75	39	sarbagyastha	sarbagyastha.com.np	MIT	2022-11-28T13:51:05.000Z	https://github.com/sarbagyastha/flutter_rating_bar
15	pin_code_fields	A flutter package which will help you to generate pin code fields. Can be useful for OTP for example.	7.4.0	99.66176661896708	1626	549	245	13	adar2378	theadar.xyz	MIT	2022-12-15T16:10:20.000Z	https://github.com/adar2378/pin_code_fields
16	qr_code_scanner	QR code scanner that can be embedded inside flutter. It uses zxing in Android and MTBBarcode scanner in iOS.	1.0.1	99.49264992845063	1494	854	577	127	juliuscanute		BSD-2-Clause	2022-12-14T08:23:47.000Z	https://github.com/juliuscanute/qr_code_scanner
17	flutter_riverpod	A simple way to access state from anywhere in your application while robust and testable.	2.1.1	99.43627769827847	1321	3840	617	104	rrousselGit	dash-overflow.net	MIT	2022-12-17T20:19:05.000Z	https://github.com/rrousselGit/riverpod
18	flutter_image_compress	Compress image with native (Objective-C/Kotlin) with faster speed. Support Android/iOS.	1.1.3	99.2888426347513	816	505	132	60	fluttercandies		MIT	2022-09-22T08:48:55.000Z	https://github.com/fluttercandies/flutter_image_compress
19	wakelock	Plugin that allows you to keep the device screen awake, i.e. prevent the screen from sleeping on Android, iOS, macOS, Windows, and web.	0.6.2	99.2584883569663	1120	336	57	7	creativecreatorormaybenot	creativemaybeno.dev	BSD-3-Clause	2022-09-13T04:03:51.000Z	https://github.com/creativecreatorormaybenot/wakelock/tree/main/wakelock
20	dropdown_search	Simple and robust Searchable Dropdown with item search feature, making it possible to use an offline item list or filtering URL for easy customization.	5.0.5	99.25415203156844	1183	239	219	11	salim-lachdhaf	salimdev.ovh	MIT	2022-12-05T08:46:47.000Z	https://github.com/salim-lachdhaf/searchable_dropdown
21	flutter_keyboard_visibility	Flutter plugin for discovering the state of the soft-keyboard visibility on Android and iOS.	5.4.0	99.18477082520273	556	300	61	17	MisterJimson	jasonrai.ca	MIT	2022-12-08T13:51:05.000Z	https://github.com/MisterJimson/flutter_keyboard_visibility
22	sentry_flutter	Sentry SDK for Flutter. This package aims to support different Flutter targets by relying on the many platforms supported by Sentry with native SDKs.	6.18.1	99.14574389662201	496	600	158	79	getsentry	sentry.io	MIT	2022-12-18T17:26:39.000Z	https://github.com/getsentry/sentry-dart
23	pinput	Pin code input (OTP) text field, iOS SMS autofill, Android SMS autofill One Time Code, Password, Passcode, Captcha, Security, Coupon, Wowcher, 2FA, Two step verification	2.2.16	99.09804431724557	1302	447	110	5	Tkko	fman.ge	MIT	2022-10-07T08:18:37.000Z	https://github.com/Tkko/Flutter_PinPut
24	youtube_player_flutter	Flutter plugin for playing or streaming inline YouTube videos using the official iFrame player API. This plugin supports both Android and iOS.	8.1.1	99.08937166644985	1045	555	563	311	sarbagyastha	sarbagyastha.com.np	BSD-3-Clause	2022-12-12T15:34:31.000Z	https://github.com/sarbagyastha/youtube_player_flutter
25	flutter_downloader	Powerful plugin making it easy to download files.	1.9.1	99.08503534105199	1052	782	426	270	fluttercommunity	fluttercommunity.dev	BSD-3-Clause	2022-12-17T18:49:53.000Z	https://github.com/fluttercommunity/flutter_downloader
26	flutter_hooks	A flutter implementation of React hooks. It adds a new kind of widget with enhanced code reuse.	0.18.5+1	99.05901738866486	1523	2556	147	29	rrousselGit	dash-overflow.net	MIT	2022-07-20T09:57:15.000Z	https://github.com/rrousselGit/flutter_hooks/tree/master/packages/flutter_hooks
27	flutter_map	A versatile mapping package for Flutter, based off leaflet.js, that's simple and easy to learn, yet completely customizable and configurable.	3.0.0	98.98529985690126	1106	2231	711	25	fleaflet	fleaflet.dev	BSD-3-Clause	2022-12-11T21:07:27.000Z	https://github.com/fleaflet/flutter_map
28	hooks_riverpod	A simple way to access state from anywhere in your application while robust and testable.	2.1.1	98.93326395212696	555	3840	617	104	rrousselGit	dash-overflow.net	MIT	2022-12-17T20:19:05.000Z	https://github.com/rrousselGit/riverpod
29	printing	Plugin that allows Flutter apps to generate and print documents to compatible printers on Android, iOS, macOS, Windows, and Linux, as well as web print.	5.9.3	98.89423702354625	973	949	370	117	DavBfr	nfet.net	Apache-2.0	2022-12-06T09:29:55.000Z	https://github.com/DavBfr/dart_pdf
30	flutter_form_builder	This package helps in creation of forms in Flutter by removing the boilerplate code, reusing validation, react to changes, and collect final user input.	7.7.0	98.87255539655696	1716	1192	441	52	flutter-form-builder-ecosystem	flutterformbuilderecosystem.com	BSD-3-Clause	2022-12-15T15:22:03.000Z	https://github.com/flutter-form-builder-ecosystem/flutter_form_builder
31	dotted_line	This package allows you to draw dotted lines with Flutter. You can draw a beautiful dotted line.	3.1.0	98.83352846797624	177	33	12	4	umechanhika		BSD-3-Clause	2022-09-04T08:08:54.000Z	https://github.com/umechanhika/dotted_line
32	video_thumbnail	A flutter plugin for creating a thumbnail from a local video file or from a video URL.	0.5.3	98.79883786479337	340	153	114	28	justsoft		MIT	2022-11-14T15:45:18.000Z	https://github.com/justsoft/video_thumbnail
33	mobile_scanner	A universal barcode and QR code scanner for Flutter based on MLKit. Uses CameraX on Android, AVFoundation on iOS and Apple Vision & AVFoundation on macOS.	2.1.0	98.77715623780409	688	320	194	76	juliansteenbakker	steenbakker.dev	BSD-3-Clause	2022-12-13T12:26:48.000Z	https://github.com/juliansteenbakker/mobile_scanner
34	awesome_notifications	A complete solution to create Local and Push Notifications, customizing buttons, images, sounds, emoticons and applying many different layouts for Flutter apps.	0.7.4+1	98.75981093621266	1932	561	211	23	rafaelsetragni	carda.me	Apache-2.0	2022-11-28T13:30:31.000Z	https://github.com/rafaelsetragni/awesome_notifications
35	grouped_list	A Flutter ListView where the list items can be grouped into sections.	5.1.2	98.74246563462123	911	275	78	45	Dimibe	begnis.dev	MIT	2022-10-20T16:04:42.000Z	https://github.com/Dimibe/grouped_list
36	flutter_staggered_animations	Easily add staggered animations to your ListView, GridView, Column and Row children as shown in Material Design guidelines	1.1.1	98.73379298382551	1317	1231	119	10	The-ring-io	dailyn.app	MIT	2022-11-09T20:05:42.000Z	https://github.com/mobiten/flutter_staggered_animations
37	rive	Rive 2 Flutter Runtime. This package provides runtime functionality for playing back and interacting with animations built with the Rive editor available at https://rive.app.	0.10.0	98.66874810285763	977	751	126	52	rive-app	rive.app	MIT	2022-12-14T22:15:44.000Z	https://github.com/rive-app/rive-flutter
38	responsive_framework	Easily make Flutter apps responsive. Automatically adapt UI to different screen sizes. Responsiveness made simple.	0.2.0	98.62538484887907	2100	924	110	50	Codelessly	codelessly.com	0BSD	2022-09-18T16:01:30.000Z	https://github.com/Codelessly/ResponsiveFramework
39	animate_do	Beautiful animations inspired on Animate.css, every animation is a widget that contains default but customizable values that look attractive.	3.0.2	98.5906942456962	2897	157	30	7	Klerith	fernando-herrera.com	MIT	2022-11-24T13:47:31.000Z	https://github.com/Klerith/animate_do_package
40	marquee	A Flutter widget that scrolls text infinitely. Provides many customizations including custom scroll directions, durations, curves as well as pauses after every round.	2.2.3	98.49963141234119	663	216	64	36	MarcelGarus		MIT	2022-06-04T20:38:07.000Z	https://github.com/MarcelGarus/marquee
41	photo_manager	A Flutter plugin that provides assets abstraction management APIs on Android, iOS, and macOS.	2.5.2	98.49529508694333	408	518	215	24	fluttercandies	fluttercandies.com	Apache-2.0	2022-12-19T03:32:43.000Z	https://github.com/fluttercandies/flutter_photo_manager
42	country_picker	A flutter package to select a country from a list of countries.	2.0.19	98.46060448376046	157	58	81	20	Daniel-Ioannou		MIT	2022-12-17T15:43:54.000Z	https://github.com/Daniel-Ioannou/flutter_country_picker
43	flutter_animate	Add beautiful animated effects & builders in Flutter, via an easy, customizable, unified API.	2.0.1	98.44759550756689	585	346	19	19	gskinner	gskinner.com	BSD-3-Clause	2022-12-19T00:11:20.000Z	https://github.com/gskinner/flutter_animate
44	persistent_bottom_nav_bar	A do all, highly customizable persistent/static bottom navigation bar for flutter. Includes up-to 20 styles.	5.0.2	98.4259138805776	1585	420	257	152	BilalShahid13		BSD-3-Clause	2022-10-09T22:19:51.000Z	https://github.com/BilalShahid13/PersistentBottomNavBar
45	multi_select_flutter	A flexible multi select package for Flutter. Make multi select widgets the way you want.	4.1.3	98.34786002341616	477	176	141	98	CHB61		BSD-2-Clause	2022-12-08T10:41:19.000Z	https://github.com/CHB61/flutter-multi-select
46	timeline_tile	A package to help you build highly customisable timelines with Flutter.	2.0.0	98.3435236980183	1336	542	122	23	JHBitencourt	juliobitencourt.com	MIT	2022-10-26T12:08:15.000Z	https://github.com/JHBitencourt/timeline_tile
47	sliver_tools	A set of useful sliver tools that are missing from the flutter framework	0.2.8	98.32184207102901	752	410	39	16	Kavantix	pietervanloon.com	MIT	2022-11-28T10:51:07.000Z	https://github.com/Kavantix/sliver_tools
48	youtube_player_iframe	Flutter port of the official YouTube iFrame player API. Supports web & mobile platforms.	3.1.0	98.3131694202333	356	555	563	311	sarbagyastha	sarbagyastha.com.np	BSD-3-Clause	2022-12-12T15:34:31.000Z	https://github.com/sarbagyastha/youtube_player_flutter
49	wechat_assets_picker	An audio/video/image picker in pure Dart which is the same with WeChat,support multi picking, custom item and delegates override.	8.2.0	98.30449676943758	436	1116	309	4	fluttercandies	fluttercandies.com	Apache-2.0	2022-12-19T03:15:36.000Z	https://github.com/fluttercandies/flutter_wechat_assets_picker
50	in_app_update	Enables In App Updates on Android using the official Android APIs.	4.0.1	98.30016044403972	623	234	57	10	jonasbark	jonasbark.de	NOASSERTION	2022-11-28T11:08:00.000Z	https://github.com/jonasbark/flutter_in_app_update
51	form_builder_validators	Form Builder Validators set of validators for FlutterFormBuilder. Provides common validators and a way to make your own.	8.4.0	98.29582411864186	108	7	15	4	flutter-form-builder-ecosystem	flutterformbuilderecosystem.com	BSD-3-Clause	2022-12-01T07:09:26.000Z	https://github.com/flutter-form-builder-ecosystem/form_builder_validators
52	flutter_sound	Europe Stand With Ukraine. Pray for Ukraine. A complete api for audio playback and recording. Audio player, audio recorder.	9.2.13	98.27414249165257	1026	762	459	245	Canardoux	tau.canardoux.xyz	MPL-2.0	2022-10-21T03:07:36.000Z	https://github.com/canardoux/flutter_sound
53	flutter_phoenix	Easily restart your application from scratch, losing any previous state	1.1.0	98.26980616625471	360	119	9	7	The-ring-io	dailyn.app	MIT	2022-08-23T16:00:34.000Z	https://github.com/mobiten/flutter_phoenix
54	nb_utils	Collection of Widgets and helpful Methods that every developer needs.	4.6.25	98.20909761068471	207	51	19	5	bhoominn	bhoominn.com	MIT	2022-11-24T17:43:31.000Z	https://github.com/bhoominn/nb_utils
55	loading_animation_widget	Loading animation or loading spiner or loader. It's used to show loading animation when the app is in loading state or something is processing for uncertain time.	1.2.0+4	98.19175230909327	523	68	20	1	watery-desert	waterydesert.com	BSD-3-Clause	2022-12-14T11:04:34.000Z	https://github.com/watery-desert/loading_animation_widget
56	nested	A Flutter Widget which helps nest multiple widgets without needing to manually nest them.	1.0.0	98.17440700750184	265	113	12	1	rrousselGit	dash-overflow.net	MIT	2021-02-20T16:36:28.000Z	https://github.com/rrousselGit/nested
57	workmanager	Flutter Workmanager. This plugin allows you to schedule background work on Android and iOS.	0.5.1	98.13104375352326	1253	699	173	59	fluttercommunity	fluttercommunity.dev	MIT	2022-11-07T20:00:35.000Z	https://github.com/fluttercommunity/flutter_workmanager
58	data_table_2	In-place substitute for Flutter's DataTable and PaginatedDataTable with fixed/sticky headers and few extra features	2.3.10	98.1267074281254	405	118	69	18	maxim-saplin	saplin.blogspot.com	BSD-3-Clause	2022-12-18T19:30:21.000Z	https://github.com/maxim-saplin/data_table_2
59	barcode_widget	Barcode generation widget for Flutter with support for standard barcodes.	2.0.3	97.97493603920037	180	88	26	7	DavBfr	nfet.net	Apache-2.0	2022-12-07T16:49:31.000Z	https://github.com/DavBfr/dart_barcode
60	purchases_flutter	Flutter in-app purchases and subscriptions made easy. The plugin supports Apple, Android, and the web.	4.5.3	97.97059971380251	406	412	114	14	RevenueCat	revenuecat.com	MIT	2022-12-16T18:35:03.000Z	https://github.com/RevenueCat/purchases-flutter
61	flutter_login_facebook	Login via Facebook. Easily add Facebook login feature in your application. User profile information included.	1.7.0	97.90989115823251	176	64	42	14	Innim	innim.ru	BSD-3-Clause	2022-12-07T15:09:34.000Z	https://github.com/Innim/flutter_login_facebook
62	amplify_flutter	The top level Flutter package for the AWS Amplify libraries.	0.6.10	97.78847404709249	111	1127	176	193	aws-amplify	aws-amplify.com	Apache-2.0	2022-12-19T00:25:38.000Z	https://github.com/aws-amplify/amplify-flutter
63	flutter_phone_direct_caller	Simple flutter plugin to call a number directly, without going to phone dialer, from app	2.1.1	97.76245609470534	222	21	20	9	yanisalfian		MIT	2022-10-26T15:29:16.000Z	https://github.com/yanisalfian/flutter-phone-direct-caller
64	flutter_cached_pdfview	A package to show Native PDF View for iOS and Android, support Open from a different resource like Path, Asset or Url and Cache it.	0.4.1	97.74944711851178	291	94	34	39	binSaed	abdosaed.ml	MIT	2022-05-16T21:31:57.000Z	https://github.com/AbdOoSaed/flutter_cached_pdfview
65	amplify_auth_cognito	The Amplify Flutter Auth category plugin using the AWS Cognito provider.	0.6.10	97.74511079311392	66	1127	176	193	aws-amplify	aws-amplify.com	Apache-2.0	2022-12-19T00:25:38.000Z	https://github.com/aws-amplify/amplify-flutter
66	flutter_ringtone_player	A simple player for system default ringtones, alarms and notifications	3.2.0	97.71475651532892	173	61	37	8	inway	inway.dev	MIT	2022-11-08T23:47:13.000Z	https://github.com/inway/flutter_ringtone_player
67	flutter_chat_ui	Actively maintained, community-driven chat UI implementation with an optional Firebase BaaS.	1.6.6	97.68006591214605	694	627	328	24	flyerhq	flyer.chat	Apache-2.0	2022-12-15T19:35:36.000Z	https://github.com/flyerhq/flutter_chat_ui
68	flutter_windowmanager	A Flutter plugin for manipulating Android WindowManager LayoutParams.	0.2.0	97.64971163436104	197	39	17	9	adaptant-labs	adaptant.io	Apache-2.0	2021-08-26T10:45:43.000Z	https://github.com/adaptant-labs/flutter_windowmanager
69	shrine_images	Image assets for the Material Components for Flutter codelabs based on an app called Shrine.	2.0.2	97.63670265816748	5	18	19	0	material-components		NOASSERTION	2022-12-07T19:48:40.000Z	https://github.com/material-components/material-components-flutter-codelabs-packages
70	android_id	A Flutter plugin for getting the Android ID. Only for Android.	0.1.3+1	97.61502103117819	37	12	3	1	fluttercommunity	achim.io	BSD-3-Clause	2022-11-28T22:33:32.000Z	https://github.com/fluttercommunity/android_id
71	flex_color_scheme	A Flutter package to use and make beautiful Material design based themes.	6.1.1	97.60201205498461	1364	454	59	3	rydmike	rydmike.com	NOASSERTION	2022-12-11T20:12:08.000Z	https://github.com/rydmike/flex_color_scheme
72	velocity_x	A minimalist Flutter framework for rapidly building custom designs.	3.6.0	97.58900307879104	1084	1160	161	11	iampawan	codepur.dev	MIT	2022-10-12T13:25:49.000Z	https://github.com/iampawan/VelocityX
73	adaptive_dialog	Show alert dialog or modal action sheet adaptively according to platform.	1.8.0+1	97.52395819782316	708	244	46	11	mono0926	mono0926.com	MIT	2022-09-01T00:24:24.000Z	https://github.com/mono0926/adaptive_dialog
74	flutter_quill	A rich text editor supporting mobile and web (Demo App @ bulletjournal.us)	6.1.6	97.4805949438446	919	1667	450	60	singerdmx	bulletjournal.us	MIT	2022-11-17T20:45:49.000Z	https://github.com/singerdmx/flutter-quill
75	flutter_vibrate	A Haptic Feedback plugin.	1.3.0	97.41121373747886	129	81	54	2	rodydavis		MIT	2022-02-26T16:48:22.000Z	https://github.com/rodydavis/flutter_vibrate
76	isar_flutter_libs	Isar Core binaries for the Isar Database. Needs to be included for Flutter apps.	3.0.5	97.36785048350029	13	2014	159	52	isar	isar.dev	Apache-2.0	2022-12-19T03:15:56.000Z	https://github.com/isar/isar
77	stop_watch_timer	Simple CountUp timer / CountDown timer. It easily create app of stopwatch.	2.0.0	97.36351415810243	172	75	39	1	hukusuke1007	neverjp.com	MIT	2022-09-10T08:14:40.000Z	https://github.com/hukusuke1007/stop_watch_timer
78	image_editor	Edit your image data and output to file/memory on Android and iOS.	1.3.0	97.33749620571528	209	314	94	15	fluttercandies	fluttercandies.com	Apache-2.0	2022-11-15T13:26:26.000Z	https://github.com/fluttercandies/flutter_image_editor
79	flick_video_player	Flick Video Player is a video player for flutter. The video_player plugin gives low level access for the video playback.	0.5.0	97.21607909457526	350	194	167	33	GeekyAnts	geekyants.com	NOASSERTION	2022-11-04T11:04:21.000Z	https://github.com/GeekyAnts/flick-video-player
80	expandable_text	Widget that only shows the first lines of a text and adds a link to expand the full text.	2.3.0	97.19439746758597	165	33	30	12	fweinaug		MIT	2022-06-13T05:36:21.000Z	https://github.com/fweinaug/expandable_text
81	dynamic_color	A Flutter package to create Material color schemes based on a platform's implementation of dynamic color.	1.5.4	97.1597068644031	153	53	12	6	material-foundation	material.io	BSD-3-Clause	2022-12-07T11:11:46.000Z	https://github.com/material-foundation/material-dynamic-color-flutter
82	mixpanel_flutter	Official Flutter Tracking SDK for Mixpanel Analytics developed and maintained by Mixpanel, Inc.	2.0.0	97.12501626122024	65	43	32	22	mixpanel		Apache-2.0	2022-12-12T13:51:32.000Z	https://github.com/mixpanel/mixpanel-flutter
83	external_app_launcher	A Flutter plugin which helps you to open another app from your app	3.1.0	97.1076709596288	159	4	12	5	GeekyAnts	geekyants.com	BSD-3-Clause	2022-08-04T13:42:48.000Z	https://github.com/GeekyAnts/external_app_launcher
84	styled_text	Text widget with formatted text using tags. Makes it easier to use formatted text in multilingual applications.	6.0.0	97.0686440310481	286	59	36	1	andyduke	amazingsoftworks.com	BSD-3-Clause	2022-10-11T16:57:09.000Z	https://github.com/andyduke/styled_text_package
85	file_saver	This package will help you save file with a single method on any platform including macOS, iOS, Android, Windows, Web, Linux.	0.1.1	97.05563505485452	177	32	40	19	incrediblezayed		BSD-3-Clause	2022-07-27T07:31:34.000Z	https://github.com/incrediblezayed/file_saver
86	brasil_fields	O jeito mais fácil de utilizar padrões e formatos brasileiros em seu projeto Dart.	1.9.0	97.05129872945666	399	98	32	10	flutterbootcamp	flutterbootcamp.com.br	NOASSERTION	2022-12-16T23:09:29.000Z	https://github.com/flutterbootcamp/brasil_fields
87	flutter_archive	Create and extract ZIP archive files in Android, iOS and macOS. Zip all files in a directory recursively or a given list of files.	5.0.0	96.98625384848879	108	46	34	10	kineapps	kineapps.com	BSD-3-Clause	2022-10-21T10:29:33.000Z	https://github.com/kineapps/flutter_archive
88	pinch_zoom	A widget based on Flutter's new Interactive Viewer that makes picture pinch zoom, and return to its initial size and position when released.	1.0.0	96.91687264212307	139	35	13	3	tkortekaas	jelter.net	ISC	2021-07-16T19:20:08.000Z	https://github.com/tkortekaas/pinch_zoom
89	objectbox_flutter_libs	Superfast NoSQL Flutter / Dart database. This package contains Flutter runtime libraries for ObjectBox.	1.7.0	96.88651836433806	17	720	87	54	objectbox	objectbox.io	Apache-2.0	2022-12-16T15:46:25.000Z	https://github.com/objectbox/objectbox-dart
90	flutter_sms	A Flutter plugin to Send SMS and MMS on iOS and Android. If iMessage is enabled it will send as iMessage on iOS. This plugin must be tested on a real device on iOS.	2.3.3	96.84749143575733	249	208	96	28	fluttercommunity	fluttercommunity.dev	MIT	2022-08-02T13:56:14.000Z	https://github.com/fluttercommunity/flutter_sms
91	flutter_login	A login widget with login/signup functionalities to help speed up development	4.1.1	96.82580980876804	1059	1224	658	61	NearHuscarl		MIT	2022-12-07T07:52:51.000Z	https://github.com/NearHuscarl/flutter_login
92	twitter_login	Flutter Twitter Login Plugin. Library for login with Twitter APIs OAuth service	4.2.3	96.82147348337018	84	44	32	6	0maru		MIT	2022-11-12T14:45:11.000Z	https://github.com/0maru/twitter_login
93	iconsax	Iconsax for flutter (1000+ icons 6 diferent styles, total 6000+ icons).	0.0.8	96.77377390399376	217	14	5	8	luisDanielRoviraContreras		GPL-3.0	2022-06-28T08:48:23.000Z	https://github.com/luisDanielRoviraContreras/flutter_iconsax
94	bitsdojo_window	A package to help with creating custom windows with Flutter desktop (custom border, titlebar and minimize/maximize/close buttons) and common desktop window operations (show/hide/position on screen) for Windows and macOS	0.1.5	96.76076492780018	653	600	142	98	bitsdojo	bitsdojo.com	MIT	2022-11-19T14:48:02.000Z	https://github.com/bitsdojo/bitsdojo_window
95	amplitude_flutter	Amplitude Flutter plugin	3.13.0	96.74341962620875	72	80	38	19	amplitude		MIT	2022-12-12T20:30:44.000Z	https://github.com/amplitude/Amplitude-Flutter
96	custom_refresh_indicator	Flutter Widget that make it easy to implement custom refresh indicator.	2.0.1	96.7174016738216	393	315	47	0	gonuit	klyta.it	MIT	2022-11-04T16:56:56.000Z	https://github.com/gonuit/flutter-custom-refresh-indicator
97	custom_pop_up_menu	Wrap a widget with CustomPopupMenu, Tap or Long Press this widget, a popup menu would display in a suitable position.	1.2.4	96.71306534842374	189	88	34	9	malikwang	malikwang.com	MIT	2022-10-29T19:46:59.000Z	https://github.com/malikwang/custom_pop_up_menu
98	flutter_exif_rotation	Flutter plugin that fixes the picture orientation when it's took in landscape for some devices.	0.5.1	96.522267030918	56	23	46	15	NGhebreial		BSD-3-Clause	2022-04-03T10:36:06.000Z	https://github.com/NGhebreial/flutter_exif_rotation
99	webview_cookie_manager	Have you been turned into a cookie management problem? This package can help. It has all of the cookie management functionality you have been looking for.	2.0.6	96.45288582455227	63	40	29	6	fryette	mobilepeople.dev	MIT	2021-11-15T11:07:33.000Z	https://github.com/fryette/webview_cookie_manager
100	amplify_api	The Amplify Flutter API category plugin, supporting GraphQL and REST operations.	0.6.10	96.44421317375655	30	1127	176	193	aws-amplify	aws-amplify.com	Apache-2.0	2022-12-19T00:25:38.000Z	https://github.com/aws-amplify/amplify-flutter
101	simple_gradient_text	Create fast and simple gradient texts, whether linear or radial, you just decide the colors and the text to display, very easy.	1.2.4	96.40518624517583	38	5	5	0	astudilloalex	alexastudillo.com	Apache-2.0	2022-09-24T19:09:38.000Z	https://github.com/astudilloalex/flutter_gradient_text
102	custom_info_window	A widget based custom info window for google_maps_flutter package.	1.0.1	96.38350461818655	90	21	16	6	abhishekduhoon	abhishekduhoon.com	BSD-3-Clause	2022-09-19T00:18:17.000Z	https://github.com/abhishekduhoon/custom_info_window
103	scroll_snap_list	A Flutter widget that allows "snaping" event to an item at the end of user-scroll.	0.9.1	96.37916829278869	289	84	30	13	MSVCode	msvcode.com	NOASSERTION	2022-05-29T10:59:44.000Z	https://github.com/MSVCode/scroll_snap_list
104	tab_indicator_styler	Add beautiful and trending tab indicators directly to your default Flutter TabBar	2.0.0	96.37049564199297	203	50	16	3	adar2378	theadar.xyz	MIT	2022-04-20T05:11:00.000Z	https://github.com/adar2378/tab_indicator_styler
105	wechat_camera_picker	A camera picker based on WeChat's UI which is a separate runnable extension to wechat_assets_picker.	3.6.5	96.36615931659512	137	264	83	5	fluttercandies	fluttercandies.com	Apache-2.0	2022-12-19T03:18:04.000Z	https://github.com/fluttercandies/flutter_wechat_camera_picker
106	pluto_grid	PlutoGrid is a dataGrid that can be controlled by the keyboard on desktop and web. Of course, it works well on Android and IOS. (DataGrid, DataTable, Data Grid, Data Table, Sticky)	5.4.9	96.34881401500368	554	444	136	94	bosskmk	weblaze.dev	MIT	2022-12-15T13:38:25.000Z	https://github.com/bosskmk/pluto_grid
107	supabase_flutter	Flutter integration for Supabase. This package makes it simple for developers to build secure and scalable products.	1.2.2	96.34014136420797	173	237	52	54	supabase	supabase.io	MIT	2022-12-02T09:07:59.000Z	https://github.com/supabase/supabase-flutter
108	accordion	An expandable Flutter widget list where each item can be expanded or collapsed simply by clicking on the header.	2.5.1	96.32279606261653	173	29	21	5	GotJimmy	vulcansoft.com	NOASSERTION	2022-07-10T20:10:18.000Z	https://github.com/GotJimmy/accordion
109	searchfield	A highly customizable, simple and easy to use flutter Widget to add a searchfield to your Flutter Application. This Widget allows you to search and select from list of suggestions.	0.7.2	96.31845973721867	157	45	28	20	maheshmnj	maheshjamdade.com	MIT	2022-11-21T21:23:07.000Z	https://github.com/maheshmnj/searchfield
110	flutter_translate	Flutter Translate is a fully featured localization / internationalization (i18n) library for Flutter.	4.0.3	96.30111443562724	178	330	102	2	Jesway	jesway.com	NOASSERTION	2022-11-25T20:40:11.000Z	https://github.com/Jesway/Flutter-Translate
111	expandable_bottom_sheet	This is a BottomSheet with a draggable height like the Google Maps App on Android.	1.1.1+1	96.29677811022938	139	32	19	9	torbenkeller	torben-keller.de	MIT	2022-07-01T17:32:48.000Z	https://github.com/torbenkeller/expandable_bottom_sheet
112	search_choices	Highly versatile Widget to search through a single or multiple choices list in a dialog box or a menu. Supports pagination and future/API/webservice searches with sort and filter.	2.2.1	96.29244178483152	385	43	26	8	lcuis	jod.li	MIT	2022-12-15T02:41:53.000Z	https://github.com/lcuis/search_choices
113	beamer	A routing package built on top of Router and Navigator's pages API, supporting arbitrary nested navigation, guards and more.	1.5.3	96.23606955465938	926	480	119	70	slovnicki	beamer.dev	MIT	2022-10-17T09:41:39.000Z	https://github.com/slovnicki/beamer
114	mvc_pattern	To develop apps using a framework following the MVC design pattern separating the app's 'interface' from its 'business logic' and from its 'data source' if any.	8.12.0	96.2143879276701	179	163	30	0	AndriousSolutions	andrioussolutions.com	NOASSERTION	2022-08-26T01:39:37.000Z	https://github.com/AndriousSolutions/mvc_pattern
115	buttons_tabbar	A Flutter package that implements a TabBar where each label is a toggle button.	1.3.6	96.19270630068081	199	55	17	0	afonsocraposo	afonsoraposo.com	MIT	2022-06-12T13:27:25.000Z	https://github.com/Afonsocraposo/buttons_tabbar
116	flutter_bluetooth_serial	A basic Flutter Bluetooth Serial library	0.4.0	96.15367937210009	250	373	347	70	edufolly	3daysapp.com.br	MIT	2022-10-25T11:46:33.000Z	https://github.com/edufolly/flutter_bluetooth_serial
117	app_review	Request and Write Reviews and Open Store Listing for Android and iOS in Flutter.	2.1.2+1	96.14500672130437	250	270	69	14	fluttercommunity	fluttercommunity.dev	MIT	2022-11-22T09:07:27.000Z	https://github.com/fluttercommunity/app_review
118	simple_html_css	This package allows you to use simple HTML and inline CSS styles to style your text in flutter. A fork of css_text package.	4.0.0	96.14067039590651	92	27	18	5	ali-thowfeek		NOASSERTION	2022-10-26T14:44:53.000Z	https://github.com/ali-thowfeek/simple_html_css_flutter
119	easy_refresh	A flutter widget that provides pull-down refresh and pull-up load.	3.0.5+1	96.03659858635793	112	3347	582	36	xuelongqy		MIT	2022-12-14T07:12:42.000Z	https://github.com/xuelongqy/flutter_easy_refresh
120	image_picker_web	Flutter Web Plugin to pick Images (as Widget, File or Uint8List) and Videos (as File or Uint8List)	3.0.0+1	96.02358961016435	107	40	20	0	Ahmadre	rouxguillau.me	GPL-3.0	2022-11-21T12:19:51.000Z	https://github.com/Ahmadre/image_picker_web
121	screen_brightness	A Plugin for controlling screen brightness with application life cycle reset implemented	0.2.2	95.9975716577772	59	13	6	2	aaassseee		MIT	2022-10-09T13:08:08.000Z	https://github.com/aaassseee/screen_brightness/tree/master/screen_brightness
122	flex_color_picker	A customizable Flutter primary, accent and custom color picker. Includes an optional HSV wheel color picker.	3.0.0	95.96721737999219	268	132	21	10	rydmike	rydmike.com	BSD-3-Clause	2022-11-23T19:49:46.000Z	https://github.com/rydmike/flex_color_picker
123	contained_tab_bar_view	Encapsulates TabController, TabBar and TabBarView into a single customizable Widget.	0.8.0	95.92385412601362	90	13	7	12	slovnicki	scipack.dev	MIT	2021-06-10T10:53:34.000Z	https://github.com/slovnicki/contained_tab_bar_view
124	flow_builder	Flutter Flows made easy! A Flutter package which simplifies flows with a flexible, declarative API.	0.0.9	95.91084514982005	308	335	50	26	felangel	felangel.dev	MIT	2022-08-26T14:49:12.000Z	https://github.com/felangel/flow_builder
125	amplify_storage_s3	The Amplify Flutter Storage category plugin using the AWS S3 provider.	0.6.10	95.86748189584146	51	1127	176	193	aws-amplify	aws-amplify.com	Apache-2.0	2022-12-19T00:25:38.000Z	https://github.com/aws-amplify/amplify-flutter
126	flutter_background	A plugin to keep flutter apps running in the background by using foreground service, wake lock and disabling battery optimizations	1.1.0	95.85447291964789	193	72	28	20	JulianAssmann		MIT	2022-08-23T10:06:18.000Z	https://github.com/JulianAssmann/flutter_background
127	otp_autofill	Android implementation of OTP autofill with using User Consent API and Retriever API. Add possibility to receive OTP code from another input.	2.1.0	95.78075538788431	127	37	14	11	surfstudio	surf.ru	Apache-2.0	2022-11-12T20:13:05.000Z	https://github.com/surfstudio/flutter-otp-autofill
128	line_awesome_flutter	The Line Awesome Icons pack for flutter. Provides 1542 additional icons to use in your apps.	2.0.0	95.71137418151858	141	12	2	1	clean		MIT	2021-07-19T10:41:13.000Z	https://github.com/clean/line_awesome_flutter
129	flutter_flavorizr	A flutter utility to easily create flavors in your flutter application	2.1.5	95.698365205325	374	265	48	27	AngeloAvv	angelocassano.it	MIT	2022-12-09T04:21:29.000Z	https://github.com/AngeloAvv/flutter_flavorizr
130	any_link_preview	Dart package that helps with preview of any links. Fully customizable and has the ability to render from cached data. Useful for apps where we had chat feature.	2.0.9	95.68535622913143	173	33	37	8	sur950	suresh-konakanchi.in	MIT	2022-12-11T21:24:25.000Z	https://github.com/sur950/any_link_preview
131	flutter_keyboard_visibility_web	An implementation for the web platform of `flutter_keyboard_visibility'	2.0.0	95.60730237197	1	300	61	17	MisterJimson		MIT	2022-12-08T13:51:05.000Z	https://github.com/MisterJimson/flutter_keyboard_visibility
132	stream_chat_flutter	Stream Chat official Flutter SDK. Build your own chat experience using Dart and Flutter.	5.1.0	95.60296604657213	249	654	237	76	GetStream	getstream.io	NOASSERTION	2022-12-16T14:41:48.000Z	https://github.com/GetStream/stream-chat-flutter
133	disk_space	A tiny Flutter Plugin to show free and total disk space.	0.2.1	95.59429339577642	54	12	20	8	mboeddeker		MIT	2022-03-25T22:53:03.000Z	https://github.com/mboeddeker/disk_space
134	amplify_datastore	The Amplify Flutter DataStore category plugin, providing a queryable, on-device data store.	0.6.10	95.48154893543212	26	1127	176	193	aws-amplify	aws-amplify.com	Apache-2.0	2022-12-19T00:25:38.000Z	https://github.com/aws-amplify/amplify-flutter
135	flutter_advanced_drawer	An advanced drawer widget, that can be fully customized with size, text, color, radius of corners.	1.3.2	95.45553098304497	186	44	12	2	alex-melnyk	alexmelnyk.io	BSD-3-Clause	2022-04-03T16:04:36.000Z	https://github.com/alex-melnyk/flutter_advanced_drawer
136	advertising_id	A Flutter plugin to access advertising ID.Wraps ASIdentifierManager.advertisingIdentifier (on iOS) and advertising ID (on Android).	2.3.0	95.42517670525996	18	8	24	3	operando		Apache-2.0	2022-05-23T18:46:59.000Z	https://github.com/operando/advertising_id
137	custom_sliding_segmented_control	Allows you to flexibly configure the widget for displaying controls. You can add color, speed, size, initial value, animation and more.	1.7.3	95.4208403798621	55	13	10	1	hadukin		MIT	2022-10-20T06:34:16.000Z	https://github.com/hadukin/custom_sliding_segmented_control
138	persistent_bottom_nav_bar_v2	A do all, highly customizable persistent/static bottom navigation bar for flutter. Includes up-to 20 styles. Based on persistent_bottom_nav_bar which currently is not continued.	4.2.6	95.38181345128139	156	26	21	32	jb3rndt		BSD-3-Clause	2022-11-28T23:06:20.000Z	https://github.com/jb3rndt/PersistentBottomNavBarV2
139	loading_animations	A Flutter package with a selection of simple yet very customizable set of loading animations.	2.2.0	95.30375959411994	218	171	22	2	cytryn		MIT	2021-03-09T18:19:44.000Z	https://github.com/cytryn/loading-animations
140	ffmpeg_kit_flutter	FFmpeg Kit for Flutter. Supports Android, iOS and macOS platforms.	5.1.0	95.19968778457135	142	2160	306	68	arthenica	arthenica.com	LGPL-3.0	2022-11-19T15:37:05.000Z	https://github.com/arthenica/ffmpeg-kit
141	sticky_grouped_list	A ScrollablePositionedList where the list items can be grouped into sections.	3.1.0	95.1953514591735	191	130	33	22	Dimibe	begnis.dev	MIT	2022-10-22T23:12:24.000Z	https://github.com/Dimibe/sticky_grouped_list
142	flutter_keyboard_visibility_platform_interface	A common platform interface for the flutter_keyboard_visibility plugin.	2.0.0	95.1736698321842	1	300	61	17	MisterJimson		MIT	2022-12-08T13:51:05.000Z	https://github.com/MisterJimson/flutter_keyboard_visibility
143	system_settings	Flutter plugin to open system and app settings on iOS and Android.	2.1.0	95.16066085599063	52	11	20	6	fweinaug		MIT	2022-04-03T12:17:03.000Z	https://github.com/fweinaug/system_settings
144	bottom_sheet	Flexible bottom sheet with the ability to scroll content even without a list.	3.1.2	95.14765187979705	213	92	25	6	surfstudio	surf.ru	Apache-2.0	2022-11-24T05:54:54.000Z	https://github.com/surfstudio/flutter-bottom-sheet
145	agora_rtm	Flutter wrapper around the Agora Real Time Message SDKs for Android and iOS.	1.5.0	95.13897922900134	51	92	54	28	AgoraIO	agora.io	MIT	2022-11-30T02:36:35.000Z	https://github.com/AgoraIO/Flutter-RTM
146	filesystem_picker	FileSystem file or folder picker dialog. Allows the user to browse the file system and pick a folder or file.	3.1.0	95.13030657820562	119	48	28	5	andyduke	amazingsoftworks.com	BSD-3-Clause	2022-09-01T14:03:18.000Z	https://github.com/andyduke/filesystem_picker
147	flutter_spinbox	SpinBox is a numeric input widget with an input field for entering a specific value, and spin buttons for quick, convenient, and accurate value adjustments.	0.11.0	95.1216339274099	94	26	23	10	jpnurmi		MIT	2022-12-16T12:14:30.000Z	https://github.com/jpnurmi/flutter_spinbox
148	flutter_google_places_hoc081098	Google places autocomplete widgets for flutter. No wrapper, use https://pub.dartlang.org/packages/google_maps_webservice. Better flutter_google_places, updated by @hoc081098	1.1.0	95.11729760201206	27	10	10	4	hoc081098		NOASSERTION	2022-11-13T17:01:41.000Z	https://github.com/hoc081098/flutter_google_places
149	agora_uikit	Flutter plugin to simply integrate Agora Video Calling or Live Video Streaming to your app with just a few lines of code.	1.1.0	95.09995230042063	322	106	37	13	AgoraIO-Community	agora.io	MIT	2022-11-29T10:58:37.000Z	https://github.com/AgoraIO-Community/VideoUIKit-Flutter
150	flutter_map_location_marker	A flutter map plugin for displaying device current location.	5.0.0+1	95.07827067343133	53	40	41	3	tlserver	tlserver6y.net	BSD-3-Clause	2022-11-08T17:06:59.000Z	https://github.com/tlserver/flutter_map_location_marker
151	styled_widget	Simplifying your widget tree structure by defining widget using methods. Taking ispiration from CSS and SwiftUI	0.4.1	95.06526169723776	623	968	79	19	ReinBentdal		MIT	2022-11-07T22:26:11.000Z	https://github.com/ReinBentdal/styled_widget
152	flutter_sound_lite	A complete api for audio playback and recording. Audio player, audio recorder, media player, media recorder, sound player, sound recorder.	8.5.0	95.0609253718399	108	762	459	245	Canardoux		MPL-2.0	2022-10-21T03:07:36.000Z	https://github.com/canardoux/flutter_sound
153	telephony	A Flutter plugin to use telephony features such as fetch network info, start phone calls, send and receive SMS, and listen for incoming SMS.	0.2.0	95.05225272104418	258	103	72	33	shounakmulay	shounakmulay.dev	MIT	2022-12-03T18:26:22.000Z	https://github.com/shounakmulay/Telephony
154	flutter_segment	Flutter implementation of Segment Analytics for iOS, Android and Web	3.12.1	95.03490741945275	61	15	102	25	la-haus		MIT	2022-11-22T07:39:58.000Z	https://github.com/la-haus/flutter-library-segment
155	link_preview_generator	A cross-platform flutter package to convert your links into rich beautiful previews.	1.2.0	95.00021681626988	39	12	6	3	ghpranav		MIT	2021-11-08T07:26:36.000Z	https://github.com/ghpranav/link_preview_generator
156	flutter_callkit_incoming	Flutter Callkit Incoming to show callkit screen in your Flutter app.	1.0.2+2	94.98287151467846	133	71	96	46	hiennguyen92	hiennv.com	MIT	2022-11-14T23:34:58.000Z	https://github.com/hiennguyen92/flutter_callkit_incoming
157	location_android	Android implementation of the location plugin	5.0.0-dev.3	94.9481809114956	1	952	592	90	Lyokone		MIT	2022-07-21T16:05:20.000Z	https://github.com/Lyokone/flutterlocation
158	fijkplayer	A Video Player Flutter plugin based on ijkplayer, support most popular protocols and codecs	0.10.1	94.93517193530202	148	1381	256	179	befovy		MIT	2022-07-22T03:47:47.000Z	https://github.com/befovy/fijkplayer
159	location_ios	iOS implementation of the location plugin	5.0.0-dev.4	94.93083560990416	1	952	592	90	Lyokone		MIT	2022-07-21T16:05:20.000Z	https://github.com/Lyokone/flutterlocation
160	video_editor	A flutter package for editing video written in pure Dart with fully customizable UI. Supports crop, trim, rotation and cover selection.	2.1.0	94.9264992845063	269	213	100	11	LeGoffMael	felipemurguia.com	MIT	2022-12-01T09:55:03.000Z	https://github.com/LeGoffMael/video_editor
161	location_macos	MacOS implementation of the location plugin	5.0.0-dev.3	94.92216295910845	0	952	592	90	Lyokone		MIT	2022-07-21T16:05:20.000Z	https://github.com/Lyokone/flutterlocation
162	quickalert	With QuickAlert, instantly display animated alert dialogs such as success, error, warning, confirm, loading or even a custom dialog.	1.0.1	94.89180868132344	164	16	7	0	belovance	belovance.com	MIT	2022-12-02T08:02:27.000Z	https://github.com/belovance/QuickAlert
163	glassmorphism	A Flutter package for implimentation of Glassmorphic UI easily.	3.0.0	94.874463379732	336	46	19	2	RitickSaha		Apache-2.0	2022-09-13T13:48:25.000Z	https://github.com/RitickSaha/glassmorphism
164	dual_screen	Foldable and dual-screen support, like the TwoPane widget and hinge angle sensor data.	1.0.3	94.86579072893629	67	39	4	0	microsoft	microsoft.com	MIT	2022-05-05T14:12:42.000Z	https://github.com/microsoft/flutter-dualscreen
165	flutter_inset_box_shadow	This package extends BoxShadow and BoxDecoration to support the inset property.	1.0.8	94.79640952257057	35	14	2	2	johynpapin	qoumo.dev	BSD-3-Clause	2022-04-08T12:26:18.000Z	https://github.com/qoumo/flutter_inset_box_shadow
166	flutter_link_previewer	Customizable link and URL preview extracted from the provided text with the ability to render from the cache. Ideal for chat applications.	3.2.0	94.77906422097914	171	47	45	1	flyerhq	flyer.chat	MIT	2022-10-29T07:36:56.000Z	https://github.com/flyerhq/flutter_link_previewer
167	animated_toggle_switch	Simple and animated toggle switch for multiple choices. It's a good alternative if you don't want to use something like a dropdown menu.	0.5.2	94.72702831620485	250	19	6	3	SplashByte	splashbyte.dev	BSD-3-Clause	2022-12-05T21:20:09.000Z	https://github.com/SplashByte/animated_toggle_switch
168	dropdown_plus	Simple and easy to use Dropdown in forms with search, keyboard navigation, offiline data source, remote data source and easy customization.	0.0.9	94.69667403841984	97	8	28	25	crawlinknetworks	crawlink.com	MIT	2022-11-08T09:05:50.000Z	https://github.com/crawlinknetworks/dropdown_plus
169	currency_picker	A flutter package to select a currency from a list of currencies.	2.0.13	94.66631976063485	59	21	48	12	Daniel-Ioannou		MIT	2022-11-29T19:57:30.000Z	https://github.com/Daniel-Ioannou/flutter_currency_picker
170	flutter_breadcrumb	Flutter Widget that can easily create Breadcrumb in Flutter.	1.0.1	94.55791162568839	74	35	5	0	payam-zahedi	payamzahedi.com	BSD-3-Clause	2021-05-01T14:23:59.000Z	https://github.com/payam-zahedi/flutter_breadcrumb
171	flutter_keyboard_visibility_macos	An implementation for the macOS platform of `flutter_keyboard_visibility'	1.0.0	94.5362299986991	0	300	61	17	MisterJimson		MIT	2022-12-08T13:51:05.000Z	https://github.com/MisterJimson/flutter_keyboard_visibility
172	flutter_keyboard_visibility_linux	An implementation for the linux platform of `flutter_keyboard_visibility'	1.0.0	94.52322102250554	0	300	61	17	MisterJimson		MIT	2022-12-08T13:51:05.000Z	https://github.com/MisterJimson/flutter_keyboard_visibility
173	flutter_keyboard_visibility_windows	An implementation for the Windows platform of `flutter_keyboard_visibility'	1.0.0	94.49720307011839	0	300	61	17	MisterJimson		MIT	2022-12-08T13:51:05.000Z	https://github.com/MisterJimson/flutter_keyboard_visibility
174	uri_to_file	A Flutter plugin for converting supported uri to file. Supports Android & iOS.	0.2.0	94.46251246693552	14	2	3	3	Nikhil1999		MIT	2022-11-01T18:15:56.000Z	https://github.com/Nikhil1999/uri-to-file
175	home_widget	A plugin to provide a common interface for creating HomeScreen Widgets for Android and iOS.	0.1.6	94.4538398161398	691	401	92	27	ABausG	antonborri.es	BSD-3-Clause	2022-12-16T16:35:53.000Z	https://github.com/ABausG/home_widget
176	realm	The official Realm SDK for Flutter. Realm is a mobile database - an alternative to SQLite and key-value stores.	0.8.0+rc	94.43649451454837	253	525	44	125	realm	realm.io	Apache-2.0	2022-12-17T14:16:25.000Z	https://github.com/realm/realm-dart
177	animate_icons	This is a plugin with the help of which you can animate between any two icons like we do in AnimatedIcon widget given to us by default.	2.0.0	94.42782186375265	157	17	17	11	Aman-Malhotra		MIT	2022-05-27T08:41:54.000Z	https://github.com/Aman-Malhotra/animate_icons
178	avatars	An avatar widget that uses the best available data source among those provided (social images, gravatar, name initials, custom)	3.0.2	94.41481288755908	68	8	3	8	luckyseven	albertofecchi.com	MIT	2022-02-01T18:48:22.000Z	https://github.com/luckyseven/avatars
179	freshchat_sdk	Freshchat is a modern messaging software for sales and customer engagement teams. freshchat_sdk (BETA) will help you integrate chat support in your mobile apps.	0.10.1	94.39746758596766	22	8	19	3	freshworks	freshworks.com	NOASSERTION	2022-12-06T09:02:47.000Z	https://github.com/freshworks/freshchat-flutter-sdk
180	rally_assets	Assets for the app Rally, a Flutter sample app based on the Material study Rally.	3.0.1	94.35844065738694	0	18	19	0	material-components		NOASSERTION	2022-12-07T19:48:40.000Z	https://github.com/material-components/material-components-flutter-codelabs-packages
181	crop	Crop for Flutter. Crop any widget/image in Android, iOS, Web and Desktop with fancy and customizable UI, in 100% pure Dart code.	0.5.4	94.33242270499979	166	221	78	8	xclud	pwa.ir	MIT	2022-12-05T19:10:18.000Z	https://github.com/xclud/flutter_crop
182	flutter_rating_stars	A Flutter package to create Rating Stars bar. It will be useful for your awesome app.	1.0.3+4	94.28472312562334	63	1	4	1	minhhung2556	romanticdeveloper.com	Apache-2.0	2021-11-02T17:25:27.000Z	https://github.com/minhhung2556/romantic_project_flutter_rating_stars
183	flextras	A collection of Flex widgets (Columns and Rows) with additional functionality.	1.0.0	94.27605047482763	72	21	4	4	gskinnerTeam	gskinner.com	MIT	2022-11-07T16:23:15.000Z	https://github.com/gskinnerTeam/flutter-flextras
184	flutter_fortune_wheel	Visualize (random) selection processes with widgets like a spinning wheel of fortune or a fortune bar.	1.2.0	94.19799661766619	171	60	43	7	kevlatus	kevlatus.de	MIT	2022-07-30T19:34:13.000Z	https://github.com/kevlatus/flutter_fortune_wheel
185	loading_more_list	A loading more list which supports ListView,GridView,WaterfallFlow and Slivers.	5.0.2	94.18065131607476	103	291	42	7	fluttercandies	fluttercandies.com	MIT	2022-08-17T11:39:50.000Z	https://github.com/fluttercandies/loading_more_list
186	measure_size	A widget that provides a callback that is triggered when its size changes	4.0.0	94.15896968908547	12	4	2	1	mhrst	qrl.app	MIT	2022-06-01T16:00:14.000Z	https://github.com/mhrst/measure_size
187	select_dialog	Package designed to select an item from a list, with the option to filter and even search the items online.	2.0.0	94.15029703828975	75	63	34	9	davidsdearaujo		MIT	2022-01-05T01:35:12.000Z	https://github.com/davidsdearaujo/select_dialog
188	gradient_borders	Gradient borders for inputs and containers. Borders package integrated with a basic flutter widgets as a container and input decorations. Easy in use, platform independent.	0.2.0	94.14596071289189	34	6	5	1	obiwanzenobi	warwas.dev	MIT	2022-09-02T11:17:30.000Z	https://github.com/obiwanzenobi/gradient-borders
189	datadog_flutter_plugin	Flutter bindings and tools for utilizing Datadog Mobile SDks	1.1.1	94.1156064351069	17	17	12	8	DataDog	datadoghq.com	Apache-2.0	2022-12-16T21:24:54.000Z	https://github.com/DataDog/dd-sdk-flutter
190	flutter_file_dialog	Dialogs for picking and saving files in Android and in iOS.	2.3.2	94.09826113351546	49	25	20	8	kineapps	kineapps.com	BSD-3-Clause	2022-11-04T13:28:42.000Z	https://github.com/kineapps/flutter_file_dialog
191	flutter_logs	An extensive filebased logging framework for flutter apps. (ELK Stack Supported)	2.1.10	94.08525215732189	66	29	14	32	umair13adil	umairadil.com	Apache-2.0	2022-11-23T08:55:30.000Z	https://github.com/umair13adil/flutter_logs
192	oauth2_client	Flutter library for interacting with OAuth2 servers, with classes for transparent authorized requests, secure OAuth token storage, automatic token refeshing.	3.0.0	94.04622522874116	133	73	78	48	teranetsrl	teranet.it	BSD-2-Clause	2022-11-08T04:30:00.000Z	https://github.com/teranetsrl/oauth2_client
193	webview_windows	A WebView2-powered webview implementation for the Windows platform.	0.2.2	94.02887992714973	128	123	64	47	jnschulze	jns.io	BSD-3-Clause	2022-11-26T11:49:29.000Z	https://github.com/jnschulze/flutter-webview-windows
194	network_image_mock	Utility for providing mocked Image.network response in Flutter widget tests.	2.1.1	94.02020727635401	37	21	12	6	stelynx	stelynx.com	BSD-3-Clause	2022-06-28T07:41:55.000Z	https://github.com/stelynx/network_image_mock
195	flutter_firebase_chat_core	Actively maintained, community-driven Firebase BaaS for chat applications with an optional chat UI.	1.6.4	94.01587095095616	192	171	129	10	flyerhq	flyer.chat	Apache-2.0	2022-10-29T17:35:19.000Z	https://github.com/flyerhq/flutter_firebase_chat_core
196	image_fade	A widget that displays a placeholder and optional progress indicator while an image loads, then cross-fades to the loaded image. Improves on FadeInImage. Compatible with CachedNetworkImageProvider.	0.6.1	93.98551667317115	38	26	9	5	gskinner	gskinner.com	BSD-2-Clause	2022-05-15T22:03:28.000Z	https://github.com/gskinner/image_fade
197	dart_vlc	Flutter audio / video playback, broadcast & recording library for Windows & Linux. Based on libvlc.	0.4.0	93.96817137157973	212	413	108	28	alexmercerind		LGPL-2.1	2022-12-01T03:01:49.000Z	https://github.com/alexmercerind/dart_vlc
198	fake_cloud_firestore	Previously known as cloud_firestore_mocks. Fake implementation of Cloud Firestore. Use this package to unit test apps that use Cloud Firestore.	2.1.0	93.94648974459044	67	95	71	40	atn832	wafrat.com	BSD-2-Clause	2022-12-11T04:47:43.000Z	https://github.com/atn832/fake_cloud_firestore
199	amplify_authenticator	A prebuilt Sign In and Sign Up experience for the Amplify Auth category	0.2.4	93.94215341919258	20	1127	176	193	aws-amplify	aws-amplify.com	Apache-2.0	2022-12-19T00:25:38.000Z	https://github.com/aws-amplify/amplify-flutter
200	flutter_animarker	Marker Geo-Animation solution for Google Maps.	3.2.0	93.93781709379472	128	51	34	31	gauris26	gaurisjavier.com	BSD-3-Clause	2022-12-05T13:26:31.000Z	https://github.com/gauris26/flutter_animarker
201	unity_ads_plugin	Unity Ads plugin for Flutter Applications. This plugin is able to display Unity Banner Ads and Unity Video Ads.	0.3.7	93.88578118902042	104	23	11	14	pavelzaichyk	rebeloid.com	MIT	2022-10-16T09:16:25.000Z	https://github.com/pavelzaichyk/flutter_unity_ads
202	flutter_advanced_switch	An advanced switch control provides a rich API for widget customization that opens a new look and feel in your app.	3.0.1	93.85542691123541	82	13	3	0	alex-melnyk	alexmelnyk.io	BSD-3-Clause	2022-04-14T20:17:10.000Z	https://github.com/alex-melnyk/flutter_advanced_switch
203	map	Lightweight Map widget for flutter supporting different projections including EPSG4326/Mercator/WGS1984.	1.3.5+1	93.83374528424613	251	100	23	1	xclud	pwa.ir	MIT	2022-12-08T14:37:34.000Z	https://github.com/xclud/flutter_map
204	tap_debouncer	Tap debounce simplifying widget. Wrap your button widget in TapDebounce widget and any taps will be disabled while tap callback is in progress.	2.0.2	93.82507263345042	77	12	3	0	sla-000		MIT	2022-01-23T20:25:46.000Z	https://github.com/sla-000/flutter_debouncer
205	appwrite	Appwrite is an open-source self-hosted backend server that abstract and simplify complex and repetitive development tasks behind a very simple REST API	8.1.0	93.7643640778804	356	255	64	20	appwrite	appwrite.io	BSD-3-Clause	2022-12-16T18:51:02.000Z	https://github.com/appwrite/sdk-for-flutter
206	time_range_picker	A time range picker for flutter. This widget let's you open a dialog to choose a timeframe with start and end time.	2.2.0	93.72533714929968	124	26	24	10	Chris1234567899		NOASSERTION	2022-07-02T15:38:20.000Z	https://github.com/Chris1234567899/flutter_time_range_picker
207	vrouter	A navigation package that makes navigation and routing easy on every platform. Built on top of Navigator 2.	1.2.1	93.68631022071897	298	195	23	29	lulupointu	vrouter.dev	MIT	2022-05-12T08:29:07.000Z	https://github.com/lulupointu/vrouter
208	background_location	A Flutter plugin to get location updates in the background for both Android and iOS. Uses CoreLocation for iOS and FusedLocationProvider for Android.	0.8.1	93.62126533975109	279	179	158	39	Almoullim	faultyapp.com	NOASSERTION	2022-11-15T13:25:55.000Z	https://github.com/Almoullim/background_location
209	text_scroll	TextScroll Flutter widget adds text auto-scrolling functionality (marquee text).	0.1.1	93.61259268895537	56	9	3	4	yurii-khi	yurii-khi.dev	MIT	2022-11-14T09:09:42.000Z	https://github.com/yurii-khi/text_scroll
210	pusher_channels_flutter	Pusher Channels Flutter Plugin	2.1.0	93.57356576037465	54	57	40	7	pusher	pusher.com	MIT	2022-10-27T10:39:13.000Z	https://github.com/pusher/pusher-channels-flutter
211	cupertino_will_pop_scope	Enables 'onWillPop' callbacks on Cupertino page transitions and improves visual feedback of rejected "Swipe to go back" gestures.	1.2.1	93.56489310957895	38	16	9	0	benPesso	benpesso.com	MIT	2022-07-31T09:44:38.000Z	https://github.com/benPesso/flutter_cupertino_will_pop_scope
212	blinking_text	A simple plugin to creating a blinking text. It allows to adjust duration of a blink and number of times text blinks before stopping.	1.0.2	93.55622045878323	23	0	1	2	androideen		MIT	2022-03-30T13:17:21.000Z	https://github.com/androideen/blinking_text
213	ua_client_hints	Provide User-Agent Client Hints to Flutter.	1.1.3	93.52586618099822	23	40	10	9	wasabeef	wasabeef.jp	MIT	2022-12-18T17:18:42.000Z	https://github.com/wasabeef/flutter_ua_client_hints
214	dismissible_page	Creates page that is dismissed by swipe gestures, with Hero style animations, Inspired by Facebook, Instagram stories.	0.7.3	93.50852087940679	294	75	26	2	Tkko	fman.ge	NOASSERTION	2022-10-10T17:59:57.000Z	https://github.com/Tkko/Flutter_dismissible_page
215	is_first_run	A simple package to check if it is the first time the app runs.	1.0.0	93.47816660162178	64	6	2	1	JulianAssmann		BSD-3-Clause	2022-07-20T17:58:55.000Z	https://github.com/JulianAssmann/flutter_is_first_run
216	charset_converter	Charset/encoding converter that uses underlying platform - no external dependencies	2.1.0	93.47383027622392	39	15	10	8	pr0gramista	pr0gramista.pl	BSD-3-Clause	2022-04-01T15:38:18.000Z	https://github.com/pr0gramista/charset_converter
217	flutter_acpcore	Official Adobe Experience Platform support for Flutter apps. The Mobile Core represents the core Adobe Experience Platform SDK that is required for every app implementation.	2.0.1	93.41745804605178	4	3	10	0	adobe	adobe.com	Apache-2.0	2022-01-26T23:50:26.000Z	https://github.com/adobe/flutter_acpcore
218	flutter_acrylic	Window acrylic, mica & transparency effects for Flutter on Windows, macOS & Linux.	1.0.0+2	93.36975846667534	295	432	34	9	alexmercerind		MIT	2022-12-05T08:19:20.000Z	https://github.com/alexmercerind/flutter_acrylic
219	flutter_js	A Javascript engine to use with flutter. It uses Quickjs on Android and JavascriptCore on IOS	0.6.0	93.35674949048176	184	329	74	31	abner		MIT	2022-11-29T19:38:36.000Z	https://github.com/abner/flutter_js
220	country_state_city_picker	A flutter package for showing a country, states, and cities. In addition it gives the possibility to select a list of favorites countries.	1.2.8	93.30904991110532	59	18	38	14	prof22		BSD-3-Clause	2022-11-18T06:20:39.000Z	https://github.com/prof22/country_state_city_picker
221	amplify_analytics_pinpoint	The Amplify Flutter Analytics category plugin using the AWS Pinpoint provider.	0.6.10	93.29604093491174	16	1127	176	193	aws-amplify	aws-amplify.com	Apache-2.0	2022-12-19T00:25:38.000Z	https://github.com/aws-amplify/amplify-flutter
222	flutter_settings_screens	A Simple plugin to implement settings UI screens for your flutter apps. Customize what you want, From UI elements, behaviour or underlying storage library.	0.2.2+1	93.25267768093319	160	142	59	26	GAM3RG33K		MIT	2022-11-22T14:25:42.000Z	https://github.com/GAM3RG33K/flutter_settings_screens
223	firebase_auth_mocks	Fakes for Firebase Auth. Use this package with `google_sign_in_mocks` to write unit tests involving Firebase Authentication.	0.9.2	93.2309960539439	56	23	50	8	atn832	wafrat.com	BSD-2-Clause	2022-11-30T23:17:14.000Z	https://github.com/atn832/firebase_auth_mocks
224	flutter_acpanalytics	Official Adobe Experience Platform support for Flutter apps. The Analytics extension allows for integration with Adobe Analytics.	2.0.1	93.21798707775032	5	3	8	1	adobe	adobe.com	Apache-2.0	2022-09-14T15:50:17.000Z	https://github.com/adobe/flutter_acpanalytics
225	wiredash	Wiredash is an interactive user feedback tool for Flutter apps.	1.5.0	93.20497810155675	208	404	45	34	wiredashio	wiredash.io	NOASSERTION	2022-11-22T10:39:36.000Z	https://github.com/wiredashio/wiredash-sdk
226	webengage_flutter	WebEngage Flutter plugin.	1.2.1	93.19196912536317	9	4	17	7	WebEngage		NOASSERTION	2022-10-31T14:47:50.000Z	https://github.com/WebEngage/webengage-flutter
227	touchable	Flutter library to add various gesture callbacks to each Shape you draw on your canvas in your CustomPainter	1.0.2	93.17462382377174	178	188	51	23	nateshmbhat		MPL-2.0	2022-10-07T21:50:26.000Z	https://github.com/nateshmbhat/touchable
228	instabug_flutter	Instabug empowers mobile teams to monitor, prioritize, and debug  performance and stability issues throughout the app development lifecycle. 	11.5.0	93.16595117297602	32	148	38	6	Instabug	instabug.com	MIT	2022-12-18T14:46:51.000Z	https://github.com/Instabug/Instabug-Flutter
229	photo_gallery	A Flutter plugin that retrieves images and videos from mobile native gallery.	1.1.1	93.13126056979316	81	32	25	21	Firelands128		BSD-3-Clause	2022-12-08T17:05:55.000Z	https://github.com/Firelands128/photo_gallery
230	plaid_flutter	Plaid Link for Flutter. Integrates the native iOS, Android and Web SDKs.	3.0.0	93.11825159359958	58	45	30	6	jorgefspereira		MIT	2022-11-21T17:10:30.000Z	https://github.com/jorgefspereira/plaid_flutter
231	phosphor_flutter	Implementation of Phosphoricons for Flutter. 772 icons and counting. Thin, Light, Regular, Bold, Fill.	1.4.0	93.06187936342744	50	53	2	4	phosphor-icons	phosphoricons.com	MIT	2021-12-24T07:21:29.000Z	https://github.com/phosphor-icons/phosphor-flutter
232	web_browser_detect	Flutter Web browser detection package. This package allows you to detect which browser and its version is in use.	2.0.3	93.05320671263172	10	5	1	2	tomaschyly	tomas-chyly.com	MIT	2022-06-02T05:55:06.000Z	https://github.com/tomaschyly/web_browser_detect
233	decorated_icon	A lightweight, efficient icon widget that supports a list of shadow effects.	1.2.1	92.96648020467457	69	8	5	0	benPesso	benpesso.com	MIT	2021-07-04T06:35:38.000Z	https://github.com/benPesso/flutter_decorated_icon
234	braze_plugin	This is the Braze plugin for Flutter. Effective marketing automation is an essential part of successfully scaling and managing your business.	3.0.0	92.95347122848099	26	13	14	6	braze-inc	braze.com	NOASSERTION	2022-12-06T16:56:38.000Z	https://github.com/braze-inc/braze-flutter-sdk
235	camera_camera	The easy plugin camera for your project, platforms Android and iOS.	2.0.2	92.89276267291098	149	95	79	29	gabuldev	gabul.dev	MIT	2022-10-09T02:35:47.000Z	https://github.com/gabuldev/camera_camera
236	material	Set of material design icons packed in a single ttf font file. Works on all platforms.	1.0.0+2	92.88842634751312	11	1	2	0	xclud		MIT	2021-05-25T20:29:52.000Z	https://github.com/xclud/flutter_material
237	http_proxy	http proxy plugin,get and set http proxy automatically.This package help you to use proxy tools.	1.2.1	92.88409002211526	23	8	12	4	wslaimin		MIT	2022-10-27T10:20:08.000Z	https://github.com/wslaimin/http_proxy
238	draggable_widget	A flutter package which will help you to create a draggable widget that can be dragged around the screen.	2.0.0	92.8797536967174	78	31	17	2	adar2378	theadar.xyz	MIT	2021-08-12T06:09:31.000Z	https://github.com/adar2378/draggable_widget
239	form_builder_image_picker	Images picker field for FlutterFormBuilder. Get images from gallery or camera	3.1.0	92.85373574433025	41	22	44	8	flutter-form-builder-ecosystem	flutterformbuilderecosystem.com	BSD-3-Clause	2022-11-20T19:29:04.000Z	https://github.com/flutter-form-builder-ecosystem/form_builder_image_picker
240	another_stepper	A flutter package to create easily customizable Horizontal and Vertical stepper.	1.1.6	92.81037249035168	37	8	4	1	RajnishOnly		MIT	2022-11-14T14:54:04.000Z	https://github.com/BlackNoir1/another_stepper
241	drop_down_list	A drop down list with single and multiple selection that will work with search.	0.0.4	92.77134556177096	141	47	16	3	Mindinventory	mindinventory.com	MIT	2022-12-14T16:42:18.000Z	https://github.com/Mindinventory/drop_down_list
242	flutter_libserialport	A simple wrapper around libserialport utilizing Flutter's build system to build and deploy the C-library for the target platform.	0.3.0	92.74099128398595	68	87	35	39	jpnurmi		MIT	2022-03-05T14:09:01.000Z	https://github.com/jpnurmi/flutter_libserialport
243	easy_web_view	A super simple webview for Flutter Web, Mobile and Desktop	1.6.0	92.71063700620094	162	479	83	1	rodydavis	rodydavis.com	MIT	2022-06-06T06:25:06.000Z	https://github.com/rodydavis/plugins
244	slang_flutter	Flutter support for slang. This library provides helpful Flutter API.	3.6.0	92.6846190538138	2	183	18	8	Tienisto	tienisto.com	MIT	2022-12-17T01:03:43.000Z	https://github.com/Tienisto/slang
245	loading_gifs	Loading indicator GIFs. Material and Cupertino (Android and iOS) loading indicators in assorted sizes. Use as placeholders for loading remote image assets.	0.3.0	92.61957417284593	74	30	6	2	Codelessly	codelessly.com	0BSD	2021-03-04T22:54:25.000Z	https://github.com/Codelessly/FlutterLoadingGIFs
246	responsive_grid_list	A Flutter plugin to create responsive grid lists using ListView.builder() or SliverList with a SliverChildBuilderDelegate.	1.3.0	92.6022288712545	38	9	7	0	hauketoenjes	htoenjes.de	BSD-3-Clause	2022-09-07T13:32:13.000Z	https://github.com/hauketoenjes/responsive_grid_list
247	system_theme	A plugin to get the current system theme info. Supports Android, Web and Windows	2.0.0	92.58488356966306	36	23	7	5	bdlukaa	bdlukaa.dev	BSD-3-Clause	2022-04-03T19:37:20.000Z	https://github.com/bdlukaa/system_theme
248	awesome_notifications_fcm	Awesome Notifications add-on plugin to send push notifications through Firebase Cloud Messaging, enabling all awesome notifications features.	0.7.4+1	92.5805472442652	42	7	7	7	rafaelsetragni	carda.me	NOASSERTION	2022-11-09T21:20:38.000Z	https://github.com/rafaelsetragni/awesome_notifications_fcm
249	stream_chat_flutter_core	Stream Chat official Flutter SDK Core. Build your own chat experience using Dart and Flutter.	5.1.0	92.53284766488878	41	654	237	76	GetStream	getstream.io	NOASSERTION	2022-12-16T14:41:48.000Z	https://github.com/GetStream/stream-chat-flutter
250	cupertino_stepper	Stepper is a widget that displays progress through a sequence of steps. This is a Cupertino version of the stock Material Stepper in Flutter.	0.2.1	92.52851133949092	175	18	12	1	jpnurmi		BSD-3-Clause	2021-12-11T08:35:57.000Z	https://github.com/jpnurmi/cupertino_stepper
251	internet_connection_checker_plus	A pure Dart library that checks for internet by opening a socket to a list of specified addresses, each with individual port and timeout.	1.0.1	92.48081176011448	14	3	1	0	OutdatedGuy	outdatedguy.rocks	NOASSERTION	2022-06-22T22:12:43.000Z	https://github.com/OutdatedGuy/internet_connection_checker_plus
252	jovial_svg	SVG - Robust rendering of Scalable Vector Graphic images, supporting a well-defined profile of SVG and a fast-loading binary storage format.	1.1.7	92.44178483153375	114	54	5	4	zathras	jovial.com	BSD-3-Clause	2022-12-03T19:17:10.000Z	https://github.com/zathras/jovial_svg
253	flutter_session_manager	Easy to use session wrapper that adds support to session storage and management in flutter.	1.0.3	92.43311218073804	12	2	0	0	edumigueis		MIT	2021-11-12T19:13:27.000Z	https://github.com/edumigueis/flutter_session_manager
254	expand_tap_area	Manually expand the tap area of a widget without changing its size or layout. Similar with the hitTest in iOS development.	1.1.1	92.42443952994233	32	35	5	2	malikwang	malikwang.com	MIT	2022-06-14T08:50:41.000Z	https://github.com/malikwang/expand_tap_area
255	shrink_sidemenu	A Side Menu plugin for flutter and compatible with liquid ui.	2.0.0+2-null-safety	92.42010320454447	207	18	12	9	raj457036	stackorient.com	MIT	2022-09-30T06:19:04.000Z	https://github.com/raj457036/shrink_sidemenu_flutter
256	weekday_selector	A collection of Flutter widgets and classes to help you select weekdays in your apps. Perfect for recurring events, alarms.	1.1.0	92.41143055374876	91	37	9	3	smaho-engineering	smaho.dev	BSD-3-Clause	2022-10-30T18:48:05.000Z	https://github.com/smaho-engineering/weekday_selector
257	collapsible_sidebar	A collapsible sidebar for Flutter apps implementing the Material Design.	2.0.3+2	92.37673995056589	269	121	46	14	DrunkOnBytes		Apache-2.0	2022-12-04T23:06:42.000Z	https://github.com/DrunkOnBytes/flutter_collapsible_sidebar
258	another_transformer_page_view	Yet another pageTransformer for flutter with null-safety support	2.0.1	92.34638567278088	31	3	4	2	juliansteenbakker	steenbakker.dev	MIT	2022-11-09T08:00:46.000Z	https://github.com/juliansteenbakker/another_transformer_page_view
259	firebase_core_desktop	Desktop implementation of firebase_core	1.0.2	92.32904037118945	37	285	35	18	invertase	invertase.io	NOASSERTION	2022-11-05T03:27:18.000Z	https://github.com/invertase/flutterfire_desktop
260	swipe	The easy way to detect swipe up, down, left and right in Flutter.	0.0.1	92.28567711721087	36	4	4	1	salkuadrat		MIT	2021-11-06T19:30:00.000Z	https://github.com/salkuadrat/swipe
261	map_picker	A lovely Flutter package for creating pin in map center and animate it with a map movement so the user can select his location.	0.0.3	92.21195958544729	96	16	11	4	akbarpulatov		MIT	2021-09-15T13:23:14.000Z	https://github.com/akbarpulatov/flutter_map_picker
262	ar_flutter_plugin	Flutter Plugin for creating (collaborative) Augmented Reality experiences - Supports ARKit for iOS and ARCore for Android devices.	0.7.3	92.17293265686656	212	216	118	61	CariusLars	lars.carius.io	MIT	2022-12-14T21:44:48.000Z	https://github.com/CariusLars/ar_flutter_plugin
263	miniplayer	A lightweight flutter package to simplify the creation of a miniplayer.	1.0.1	92.1685963314687	246	80	47	10	peterscodee	peterscode.dev	MIT	2022-04-29T11:25:28.000Z	https://github.com/peterscodee/miniplayer
264	awesome_bottom_bar	Awesome Bottom Bar	1.2.1	92.15558735527513	38	4	7	1	AppCheap	appcheap.io	BSD-3-Clause	2022-08-22T11:51:55.000Z	https://github.com/AppCheap/awesome_bottom_bar
265	dynamic_themes	Allows you to specify a number of color themes for the user to choose from. Persits the selected theme across app restarts.	1.1.0	92.13824205368371	31	8	2	3	JulianAssmann		MIT	2022-01-08T17:06:10.000Z	https://github.com/JulianAssmann/flutter_dynamic_themes
266	flutter_painter	A Flutter widget to draw scribbles, text, shapes and images on a background image or color	1.0.1	92.12523307749014	111	78	36	17	omarhurani		MIT	2022-10-27T19:17:57.000Z	https://github.com/omarhurani/flutter_painter
267	painter	A simple widget to paint with your fingers. Supports setting a background color, undo and export to png!	2.0.0	92.12089675209228	161	132	62	15	EPNW	epnw.eu	NOASSERTION	2022-02-07T04:20:13.000Z	https://github.com/EPNW/painter
268	ai_barcode	barcode,qrcode,scan,scanning,Barcode generation,Barcode scanning,qrcode,qrcode generation,qrcode creator	3.2.4	92.1078877758987	124	108	69	32	pdliuw		BSD-3-Clause	2022-10-12T16:42:15.000Z	https://github.com/pdliuw/ai_barcode
269	lazy_load_indexed_stack	A package that extends IndexedStack to allow for lazy loading.	0.1.4	92.09054247430727	43	18	3	0	okaryo	okaryo.io	MIT	2022-06-14T11:05:24.000Z	https://github.com/okaryo/lazy_load_indexed_stack
270	google_static_maps_controller	The package provides simple and declarative access to the Google Static Maps service.	1.0.0	92.02983391873725	39	15	6	1	gonuit	klyta.it	MIT	2022-04-07T17:25:32.000Z	https://github.com/gonuit/flutter_google_static_maps
271	ios_utsname_ext	Extension method for translation ios utsname to full product name.	2.2.0	92.01248861714582	14	4	0	0	stefandevo	stefandevo.dev	MIT	2022-11-04T17:19:48.000Z	https://github.com/stefandevo/flutter-ios-utsname-ext
272	smart_auth	Wrapper of Android SMS User Consent API, SMS Retriever API to read one time sms code, get/save/delete user phone number, OTP, OTC, sms autofill, android autofill	1.0.6	92.00381596635012	31	13	5	4	Tkko	fman.ge	MIT	2022-10-06T15:15:28.000Z	https://github.com/Tkko/flutter_smart_auth
273	side_navigation	Provides Flutter navigation by using a sidemenu similar to Drawer or BottomNavigationBar.	1.0.4	91.99947964095226	82	11	6	1	jksevend		MIT	2022-11-05T11:19:01.000Z	https://github.com/jksevend/side_navigation
274	datadog_tracking_http_client	A wrapping implementation of HttpClient for tracking resources with Datadog	1.1.0	91.98647066475868	3	17	12	8	DataDog	datadoghq.com	Apache-2.0	2022-12-16T21:24:54.000Z	https://github.com/DataDog/dd-sdk-flutter
275	flutter_web_frame	Make Limit content size in Flutter Web/Desktop/PWA, Make your app that doesn't support responsiveness more focused on content	0.0.3	91.97779801396297	36	7	1	4	wisnuwiry		MIT	2022-05-18T06:07:57.000Z	https://github.com/wisnuwiry/flutter_web_frame
276	animated_snack_bar	Easily show beautiful snack bars directly using overlays. Create custom snack bars and show them with awesome animations.	0.3.0	91.90408048219938	29	10	4	1	JulyWitch		GPL-3.0	2022-09-10T04:12:43.000Z	https://github.com/JulyWitch/animated_snack_bar
277	linkedin_login	Library for login with LinkedIn OAuth V2 service. This library helps you to implement authorization with LinkedIn OAuth API's.	2.2.1	91.86938987901652	43	34	35	4	d3xt3r2909		MIT	2022-11-18T11:25:29.000Z	https://github.com/d3xt3r2909/linkedin_login
278	vs_scrollbar	Customizable ScrollBar that can be dragged for quick navigation supporting both Horizontal and Vertical list.	0.2.1	91.86505355361867	54	9	7	3	VickySalunkhe	vickysalunkhe.in	MIT	2021-06-27T06:41:34.000Z	https://github.com/VickySalunkhe/vs_scrollbar
279	fast_contacts	A faster way of accessing device's contacts list	1.1.1	91.8607172282208	24	5	3	3	s0nerik	sonerik.dev	MIT	2022-07-13T18:40:12.000Z	https://github.com/s0nerik/fast_contacts
280	flutter_shimmer	it creating Shimmer effect that indicate a loading status, so instead of using ProgressBar or usual loader use Shimmer for a better design and user interface.	2.1.2	91.8303629504358	171	41	8	0	skaran921		NOASSERTION	2021-09-23T11:22:24.000Z	https://github.com/skaran921/flutter_shimmer
281	tab_container	Animated and customisable tab view widget. It's self-contained, so you can just pass in children and tabs, or also use a controller, change the tab side, add color(s), and more.	2.0.0	91.82169029964008	146	11	2	10	sourcemain	elew.dev	MIT	2022-12-18T02:31:51.000Z	https://github.com/sourcemain/tab_container
282	is_lock_screen	Detects if device is in lock screen. Useful for determining whether app entered background due to locking screen or leaving app.	2.0.0	91.81735397424222	31	4	2	3	chihimng	chihimng.com	MIT	2021-04-07T16:55:54.000Z	https://github.com/chihimng/flutter_is_lock_screen
283	hashtagable	Widgets and functions to implement hashtag decorated text. Decorates the words which start with `#` like a Twitter.	2.1.0	91.75664541867222	125	27	35	19	santa112358	3tadev.work	MIT	2022-04-22T15:56:03.000Z	https://github.com/santa112358/hashtagable
284	get_time_ago	A Flutter package to convert and format `DateTime` object into `get_time_ago` format to get String like `10 seconds ago`, `a minute ago`, `7 hours ago`, etc.	1.1.8	91.73496379168293	59	17	13	2	nixrajput	nixlab.co.in	GPL-3.0	2022-11-29T21:55:35.000Z	https://github.com/nixrajput/get-time-ago
285	light_compressor	A powerful and easy-to-use video compression plugin for Flutter.	2.0.1	91.71328216469364	89	38	18	10	AbedElazizShe		MIT	2022-12-13T17:02:29.000Z	https://github.com/AbedElazizShe/light_compressor
286	material_color_generator	A package for generating a material color palette with HEX Color.	1.1.0	91.70460951389792	26	5	0	0	berkanaslan	berkanaslan.com	BSD-2-Clause	2022-12-16T08:46:38.000Z	https://github.com/berkanaslan/material-color-generator
287	model_viewer_plus	A Flutter widget for rendering interactive 3D models in the glTF and GLB formats.	1.4.0	91.66991891071507	74	30	24	20	omchiii		Unlicense	2022-12-08T08:43:11.000Z	https://github.com/omchiii/model_viewer_plus.dart
288	camerawesome	Easiest Flutter camera Plugin supporting capturing images, streaming images, video recording, switch sensors, autofocus, flash... on Android and iOS	0.3.3	91.61788300594077	377	482	68	25	Apparence-io	apparence.io	MIT	2022-12-16T16:17:52.000Z	https://github.com/Apparence-io/camera_awesome
289	flutter_glow	complete and easy to use flutter glow ui kit that help you to create and use glow widgets. also you can create your own GlowTheme.	0.2.0	91.6048740297472	103	19	3	4	payam-zahedi	payamzahedi.com	BSD-3-Clause	2022-06-20T12:16:45.000Z	https://github.com/payam-zahedi/flutter-glow
290	rnd	Extension methods & helpers for Random, and a globally accessible instance. Ex. rnd(10), rnd.getItem(list), rnd.getBit(0.8).	0.2.0	91.58752872815576	8	19	4	1	gskinner	gskinner.com	BSD-2-Clause	2022-03-23T03:07:07.000Z	https://github.com/gskinner/dart_rnd
291	reactive_multi_image_picker	Wrapper around multi_image_picker to use with reactive_forms	0.8.0	91.53982914877933	2	47	23	2	artflutter		MIT	2022-12-15T16:51:57.000Z	https://github.com/artflutter/reactive_forms_widgets
292	flutter_xupdate	A Flutter plugin for XUpdate(Android Version Update Library).	2.0.3	91.49646589480075	57	232	65	7	xuexiangjys	xuexiangjys.club	Apache-2.0	2022-12-04T14:51:38.000Z	https://github.com/xuexiangjys/flutter_xupdate
293	weather_icons	Flutter library for using erikflowers/weather-icons. An icon pack with over 200 weather themed icons.	3.0.0	91.49212956940289	63	12	6	9	worldturtlemedia		MIT	2022-12-09T18:25:46.000Z	https://github.com/worldturtlemedia/weather_icons
294	status_change	Status Change Package	2.0.0	91.45743896622002	280	42	28	1	usamaaelgendy		NOASSERTION	2021-12-08T10:40:34.000Z	https://github.com/UsamaElgendy/status_change
295	flutter_bounceable	A simple, interactive and customizable on-tap bounce animation that can be wrapped on any widgets that you like.	1.0.3	91.41407571224146	106	16	1	2	MingSern		MIT	2022-07-25T07:21:53.000Z	https://github.com/MingSern/flutter_bounceable
296	cupertino_list_tile	This is a Cupertino version of the stock Material ListTile in Flutter.	0.2.1	91.40106673604788	34	12	11	1	jpnurmi		BSD-3-Clause	2021-12-10T12:51:09.000Z	https://github.com/jpnurmi/cupertino_list_tile
297	particle_field	A Flutter Widget for adding high performance custom particle effects to your UI.	0.0.1+1	91.37938510905859	31	5	0	0	gskinner	gskinner.com	BSD-3-Clause	2022-09-19T20:33:58.000Z	https://github.com/gskinner/particle_field
298	linear_progress_bar	Flutter and Dart advanced linear progress indicator like Native Android Progress Bar	1.1.0	91.37504878366073	22	1	0	0	Angopapo	angopapo.com	BSD-2-Clause	2022-03-03T14:36:03.000Z	https://github.com/Angopapo/linear_progress_bar
299	ios_insecure_screen_detector	A flutter plugin to detect the screenshot and screen recording on iOS.	0.0.2	91.36203980746716	9	3	1	0	crackerli		BSD-3-Clause	2021-09-16T12:55:23.000Z	https://github.com/crackerli/flutter_ios_insecure_screen_detector
300	baseflow_plugin_template	A template for plugin examples	2.1.1	91.34469450587572	1	3	1	1	Baseflow		MIT	2022-09-13T07:30:10.000Z	https://github.com/Baseflow/baseflow_plugin_template
301	styled_divider	Divider widget with different line styles.	1.0.4	91.34035818047786	0	1	0	0	KevinVan720		MIT	2022-12-05T07:41:16.000Z	https://github.com/KevinVan720/styled_divider
302	flutter_iconpicker	A Dialog for picking Icons in Flutter and use them anywhere. Can be used as a default Dialog or as a Adaptive Dialog.	3.2.2	91.29265860110142	81	91	56	2	Ahmadre	ahmadre.com	MIT	2022-11-01T17:59:33.000Z	https://github.com/Ahmadre/FlutterIconPicker
303	macos_ui	Flutter widgets and themes implementing the current macOS design language.	1.7.5	91.2232773947357	492	1115	94	35	GroovinChip	macosui.dev	MIT	2022-11-18T13:24:13.000Z	https://github.com/GroovinChip/macos_ui
304	firebase_auth_desktop	Windows and Linux implementation of firebase_auth	1.0.2	91.20159576774641	46	285	35	18	invertase	invertase.io	NOASSERTION	2022-11-05T03:27:18.000Z	https://github.com/invertase/flutterfire_desktop
305	multiple_localization	Support for multiple abr and messages localization files for intl package.	0.3.0	91.1929231169507	18	9	8	2	Innim	innim.ru	BSD-3-Clause	2022-03-10T12:46:08.000Z	https://github.com/Innim/flutter_multiple_localization
306	omni_datetime_picker	A datetime picker package with option to use a single datetime picker or a datetime range picker.	0.1.3	91.17557781535926	39	16	22	6	Type0N1	type0n1.com	MIT	2022-10-23T02:54:44.000Z	https://github.com/Type0N1/OmniDateTimePicker
307	paged_vertical_calendar	A simple paginated framework for implementing calendar based interfaces.	1.1.5	91.15823251376783	65	24	13	3	casvanluijtelaar	casvanluijtelaar.com	Apache-2.0	2022-10-21T08:08:11.000Z	https://github.com/casvanluijtelaar/paged_vertical_calendar
308	flutter_zoom_sdk	Zoom SDK from ZOOM ported to flutter as plugin with all necessary features and with Null Safety which is implementation by EvilRATT	1.1.0+4	91.14522353757425	68	36	65	35	evilrat	evilrattechnologies.com	BSD-3-Clause	2022-11-17T06:24:03.000Z	https://github.com/evilrat/flutter_zoom_sdk
309	flutter_web3	Web3 Ethereum, Etherjs and Wallet Connect wrapper for Flutter Web. Made especially for developing Dapp.	2.1.9	91.13221456138069	123	103	30	20	y-pakorn		NOASSERTION	2022-02-07T16:35:22.000Z	https://github.com/y-pakorn/flutter_web3
310	firebase_pagination	A flutter package to paginate realtime database and firestore with realtime updates.	3.0.0	91.12354191058498	13	2	1	0	OutdatedGuy	outdatedguy.rocks	BSD-3-Clause	2022-11-19T16:17:53.000Z	https://github.com/OutdatedGuy/firebase_pagination
311	image_editor_plus	Image Editor Plugin with filters, drawing, text and emoji like stories.	0.1.7	91.10619660899354	96	44	26	5	hsbijarniya	ensorta.com	MIT	2022-11-15T07:52:57.000Z	https://github.com/hsbijarniya/image_editor_plus
312	checkbox_formfield	This package contains checkbox widgets that can be used as FormField for Flutter beginners.	0.2.0	91.09752395819783	25	3	5	2	reidha		BSD-3-Clause	2022-01-02T10:09:55.000Z	https://github.com/reidha/checkbox_formfield
313	flutter_dynamic_icon	A flutter plugin for dynamically changing app icon and app icon batch number	2.1.0	91.08885130740211	175	64	30	3	tastelessjolt		BSD-3-Clause	2022-12-07T02:17:06.000Z	https://github.com/tastelessjolt/flutter_dynamic_icon
314	draggable_home	Draggable is a library for adding a beautiful draggable home page	1.0.4	91.08451498200425	374	106	28	6	DevsOnFlutter		BSD-3-Clause	2022-10-22T16:46:00.000Z	https://github.com/4-alok/draggable_home
315	list_tile_switch	A simple yet elegant widget combines Material ListTile with custom and original Material and Cupertino switch implementations.	1.0.0	91.01947010103638	63	20	2	1	firatcetiner		MIT	2021-03-06T13:06:41.000Z	https://github.com/firatcetiner/list_tile_switch
316	kartal	Kartal is an extension package for easy to use at app development time. You can access more features with primitive variables(context, string etc.).	2.7.0	90.95442522006852	128	61	21	1	VB10	vb10.dev	MIT	2022-11-27T16:28:48.000Z	https://github.com/VB10/kartal
317	drop_shadow	Add highly customizable drop shadow effect for any widgets in flutter	0.0.2+1	90.8113264819392	41	10	1	0	rei-codes	rei.codes	MIT	2022-11-12T20:00:30.000Z	https://github.com/iisprey/drop_shadow
318	flutter_map_tile_caching	Plugin for 'flutter_map' providing advanced caching functionality, with ability to download map regions for offline use.	6.2.0	90.80265383114349	58	67	28	4	JaffaKetchup	jaffaketchup.dev	GPL-3.0	2022-12-18T13:36:02.000Z	https://github.com/JaffaKetchup/flutter_map_tile_caching
319	dialog_flowtter	A Flutter implementation of DialogFlow improved. Get your chatbots ready in no time.	0.3.3	90.79398118034777	43	36	16	1	Deimos-Applications	deimos.app	MIT	2022-12-05T21:29:21.000Z	https://github.com/Deimos-Applications/dialog_flowtter
320	flutter_carousel_widget	A customizable carousel slider widget in Flutter which supports inifinte scrolling, auto scrolling, custom child widget, custom animations and built-in indicators.	2.0.0+1	90.77229955335848	33	7	2	2	nixrajput	nixlab.co.in	GPL-3.0	2022-12-16T17:52:01.000Z	https://github.com/nixrajput/flutter_carousel_widget
321	flutter_reorderable_grid_view	Enables animated GridViews when updating children or when trying to reorder them by using drag and drop.	3.1.3	90.76362690256276	67	56	8	9	karvulf	karvulf.com	BSD-3-Clause	2022-11-12T18:49:09.000Z	https://github.com/karvulf/flutter-reorderable-grid-view
322	find_dropdown	Simple and robust FindDropdown with item search feature, making it possible to use an offline item list or filtering URL for easy customization.	1.0.0	90.71592732318634	80	59	24	11	davidsdearaujo		MIT	2021-12-02T15:57:51.000Z	https://github.com/davidsdearaujo/find_dropdown
323	flutter_shake_animated	a new flutter shake animated project.	0.0.5	90.68557304540133	17	0	0	0	aiyakuaile		BSD-3-Clause	2022-01-30T14:40:29.000Z	https://github.com/aiyakuaile/flutter_shake_animated
324	ferry_flutter	Flutter widgets for the Ferry GraphQL client	0.8.0	90.65955509301418	15	477	90	52	gql-dart	gql-dart.dev	MIT	2022-12-11T21:44:13.000Z	https://github.com/gql-dart/ferry
325	widget_mask	Use a widget to mask and blend another widget, for example to imprint text onto surfaces.	1.0.0+0	90.59017388664844	37	5	2	1	blaugold	gabriel.terwesten.net	MIT	2022-06-12T23:30:27.000Z	https://github.com/blaugold/widget_mask
326	stream_chat_persistence	Official Stream Chat Persistence library. Build your own chat experience using Dart and Flutter.	5.1.0	90.56849225965917	16	654	237	76	GetStream	getstream.io	NOASSERTION	2022-12-16T14:41:48.000Z	https://github.com/GetStream/stream-chat-flutter
327	form_builder_file_picker	FilePicker Field for flutter_form_builder package. Used to select files as part of form input.	2.3.0	90.51645635488487	24	11	22	7	flutter-form-builder-ecosystem	flutterformbuilderecosystem.com	BSD-3-Clause	2022-11-23T01:38:32.000Z	https://github.com/flutter-form-builder-ecosystem/form_builder_file_picker
328	flutter_tabler_icons	Tabler Icons for flutter using icons from https://github.com/tabler/tabler-icons by Csaba Kissi @csaba_kissi	1.1.2	90.43406617232557	40	4	1	3	bigbadbob2003	rob-b.co.uk	MIT	2022-11-04T14:12:35.000Z	https://github.com/bigbadbob2003/flutter_tabler_icons
329	scrollable_list_tabview	A Flutter widget which syncronize a ScrollView and a custom tab view.	0.1.6	90.40371189454056	148	21	25	11	firatcetiner		MIT	2022-12-01T07:27:44.000Z	https://github.com/firatcetiner/scrollable_list_tabview
330	flutter_screen_wake	A Flutter plugin to manage the device's screen on Android and iOS.	1.0.2	90.3993755691427	22	2	4	2	erickhaendel		MIT	2021-08-12T01:02:07.000Z	https://github.com/erickhaendel/flutter_screen_wake
331	cupertino_tabbar	A highly customisable and simple widget for having iOS 13 style tab bars.	2.0.0	90.39503924374485	61	98	24	2	aliyigitbireroglu	cosmossoftware.coffee	MIT	2021-05-04T11:10:58.000Z	https://github.com/aliyigitbireroglu/flutter-cupertino-tabbar
332	swipeable_tile	A package to dismiss with animated background. Also Swipe to tigger action without dismiss.	2.0.0+3	90.3690212913577	121	28	7	2	watery-desert	waterydesert.com	BSD-3-Clause	2022-12-14T11:16:19.000Z	https://github.com/watery-desert/swipeable_tile
333	container_tab_indicator	Build your own Tab indicator using familiar Container-like properties.	0.3.0	90.32132171198126	36	11	0	6	slovnicki	scipack.dev	MIT	2021-06-08T11:46:07.000Z	https://github.com/slovnicki/container_tab_indicator
334	language_picker	Language picker dropdown and dialog.	0.4.2	90.29096743419626	18	2	3	2	atn832	wafrat.com	MIT	2022-12-02T07:18:59.000Z	https://github.com/atn832/language_picker
335	svg_path_parser	A Flutter/Dart utility to parse an SVG path into a equivalent Path object from dart:ui library.	1.1.1	90.2779584580027	40	13	3	1	masterashu	masterashu.codes	MIT	2021-12-06T16:25:17.000Z	https://github.com/masterashu/svg_path_parser
336	art_sweetalert	A beautiful, responsive, customizable, accessible replacement, easy use for flutter popup boxes. Both supported ios and android.	0.0.5	90.24326785481983	31	3	2	3	hsndmr	hasandemir.org	MIT	2022-08-22T15:30:46.000Z	https://github.com/hsndmr/art_sweetalert
337	data_tables	ListView on Mobile and Stateless Data Tables on Tablets and Desktops.	1.4.0	90.19123195004553	123	164	45	16	rodydavis	rodydavis.com	MIT	2022-12-08T01:18:17.000Z	https://github.com/rodydavis/data_tables
338	loop_page_view	A simple Flutter PageView builder constructor wrapper that allows for endless scrolling on both directions.	1.2.0	90.16955032305624	43	16	9	12	wjuniorgit		BSD-2-Clause	2022-09-16T13:13:30.000Z	https://github.com/wjuniorgit/loop_page_view
339	division	Simple to use yet powerfull style widgets with syntax inspired by CSS.	0.9.0	90.16521399765838	182	266	35	15	ReinBentdal		MIT	2022-06-26T13:31:55.000Z	https://github.com/ReinBentdal/division
340	add_to_cart_animation	A flutter plugin which provide you add to cart animation. I have prepared it to special to shopping apps however you can use it on the others apps too.	2.0.1	90.11751441828196	81	480	119	70	slovnicki		MIT	2022-10-17T09:41:39.000Z	https://github.com/slovnicki/beamer
341	vimeo_video_player	A Video Player that support videos from Vimeo platform in Flutter. This Package allow us to play any videos from Vimeo by using its Vimeo Video Id.	0.0.6	90.10884176748624	40	26	15	3	Mindinventory	mindinventory.com	MIT	2022-11-10T09:12:21.000Z	https://github.com/Mindinventory/vimeo_video_player
342	ms_undraw	Updated UnDraw library. These illustrations are designed by Katerina Limpitsouni.	3.1.0+3	90.10450544208838	44	5	2	1	Marcus-Software	marcussoftware.info	MIT	2022-08-09T20:05:47.000Z	https://github.com/Marcus-Software/ms_undraw
343	stream_chat_localizations	The Official localizations for Stream Chat Flutter, a service for building chat applications	4.0.0	90.05246953731408	8	654	237	76	GetStream	getstream.io	NOASSERTION	2022-12-16T14:41:48.000Z	https://github.com/GetStream/stream-chat-flutter
344	action_slider	A slider to confirm actions and provide feedback on the success of these after subsequent loading.	0.6.1	90.00476995793764	72	10	1	0	SplashByte	splashbyte.dev	BSD-3-Clause	2022-12-09T01:02:39.000Z	https://github.com/SplashByte/action_slider
345	reactive_date_time_picker	Wrapper around showDatePicker and showTimePicker to work with reactive_forms	0.5.0	89.98308833094836	9	47	23	2	artflutter		MIT	2022-12-15T16:51:57.000Z	https://github.com/artflutter/reactive_forms_widgets
346	flutter_alarm_clock	A lightweight flutter package connecting android clock app intents.	0.0.2	89.91804344998049	43	12	4	5	mevljas		MIT	2021-12-22T21:26:59.000Z	https://github.com/mevljas/flutter_alarm_clock
347	charts_painter	Highly customizable and extendable charts library for flutter made with custom painters	3.0.0	89.91370712458263	183	92	31	8	infinum	infinum.com	MIT	2022-11-16T08:54:07.000Z	https://github.com/infinum/flutter-charts
348	bezier_chart	A beautiful bezier line chart widget for flutter that is highly interactive and configurable.	1.0.17+1	89.90937079918477	241	425	132	38	aeyrium	aeyrium.com	Apache-2.0	2021-07-29T00:46:25.000Z	https://github.com/aeyrium/bezier-chart
349	handy_window	This package enhances the looks of Flutter applications on Linux by providingmodern-looking Handy windows with rounded bottom corners.	0.1.9	89.8746801960019	15	16	4	1	ubuntu-flutter-community	canonical.com	MPL-2.0	2022-12-01T19:17:54.000Z	https://github.com/ubuntu-flutter-community/handy_window
350	flutter_advanced_segment	An advanced segment widget, that can be fully customized with bunch of properties, just try it and enjoy!	3.0.1	89.86167121980834	70	19	8	0	alex-melnyk	alexmelnyk.io	BSD-3-Clause	2022-05-24T15:23:30.000Z	https://github.com/alex-melnyk/flutter_advanced_segment
351	freerasp	Flutter library for improving app security and threat monitoring on Android and iOS mobile devices. Learn more about provided features on the freeRASP's homepage first.	3.0.2	89.8356532674212	137	62	3	6	talsec	talsec.app	MIT	2022-11-14T17:34:03.000Z	https://github.com/talsec/Free-RASP-Flutter
352	image_downloader_web	A Flutter plugin for downloading images from URL to user's device. This plugin only works for Flutter web.	1.0.2	89.80963531503404	17	1	3	3	hrvojecukman		MIT	2022-10-19T09:50:51.000Z	https://github.com/hrvojecukman/image_downloader_web
353	flutter_acpuserprofile	Adobe Experience Platform User Profile support for Flutter apps.	2.0.1	89.75759941025974	0	3	6	0	adobe	adobe.com	Apache-2.0	2022-01-13T23:54:56.000Z	https://github.com/adobe/flutter-acpuserprofile
354	speech_balloon	This is a flutter widget that generates a simple speech bubble. This widget can display simple speech bubbles and reproduce speech bubbles with a border.	0.0.4	89.7315814578726	30	1	1	0	s-tyd	s-tyd.com	MIT	2021-07-22T13:39:46.000Z	https://github.com/s-tyd/speech_balloon
355	image_sequence_animator	A simple widget for animating a set of images with full custom controls as an alternative to using a GIF file.	2.0.0	89.72724513247474	67	131	27	5	aliyigitbireroglu	cosmossoftware.coffee	MIT	2022-04-11T00:16:32.000Z	https://github.com/aliyigitbireroglu/flutter-image-sequence-animator
356	avatar_stack	Advanced and agile avatar stack with settings. It allows to place a lot of avatars or another widgets in small place.	1.1.2	89.61016434673257	69	11	1	0	cyrax111		BSD-3-Clause	2022-07-12T03:07:45.000Z	https://github.com/cyrax111/avatar_stack
357	platform_maps_flutter	A Flutter package that combines google_maps and apple_maps to provide a crossplatform native map implementation.	1.0.2	89.566801092754	90	70	42	21	LuisThein	luisthein.de	BSD-2-Clause	2022-05-02T21:54:40.000Z	https://github.com/LuisThein/platform_maps_flutter
358	bloc_provider	Provides bloc to descendant widget (O(1)), and the bloc is disposed appropriately by state which the bloc_provider holds internally.	1.0.0	89.55812844195829	24	115	18	4	mono0926	mono0926.com	MIT	2022-08-16T00:54:48.000Z	https://github.com/mono0926/bloc_provider
359	reorderable_grid	A full reorderable grid implementations similar to flutter's native reorderable list.	1.0.5	89.54945579116257	64	33	3	3	casvanluijtelaar	casvanluijtelaar.com	MIT	2022-11-04T11:42:29.000Z	https://github.com/casvanluijtelaar/reorderable_grid
360	chucker_flutter	Chucker Flutter helps you inspect the HTTP(S) requests/responses. It stores data locally and provides a UI for inspecting network calls and sharing their content.	1.4.0	89.52777416417328	36	27	7	2	syedmurtaza108	syedmurtaza.site	MIT	2022-12-15T09:00:05.000Z	https://github.com/syedmurtaza108/chucker-flutter
361	credit_card_scanner	Fast, Accurate and Secure Credit & Debit card scanning library for flutter. This package is a fork of the original.	1.0.5	89.51910151337756	33	82	66	27	nateshmbhat		GPL-3.0	2021-05-29T23:53:21.000Z	https://github.com/nateshmbhat/card-scanner-flutter
362	esys_flutter_share_plus	A Flutter plugin for sharing images & text with other applications. Fork by Innim	2.2.0	89.5147651879797	8	0	2	0	Innim	innim.ru	Apache-2.0	2022-08-12T11:58:41.000Z	https://github.com/Innim/esys-flutter-share
363	flutter_fancy_tree_view	A highly customizable TreeView Widget for visualization of nested data in Flutter.	0.5.3+2	89.50609253718399	64	80	39	9	mbaumgartenbr		MIT	2022-12-16T20:42:08.000Z	https://github.com/mbaumgartenbr/flutter_tree_view
364	float_column	Flutter FloatColumn widget for building a vertical column of widgets and text where the text wraps around floated widgets, similar to how CSS float works.	1.3.1	89.47573825939898	29	12	0	0	ronjb	ronbooth.com	MIT	2022-12-10T23:07:25.000Z	https://github.com/ronjb/float_column
365	file_manager	FileManager is a wonderful widget that allows you to manage files and folders, pick files and folders, and do a lot more. Designed to feel like part of the Flutter framework.	1.0.1	89.45839295780755	91	50	12	12	DevsOnFlutter		BSD-3-Clause	2022-10-23T09:00:34.000Z	https://github.com/DevsOnFlutter/file_manager
366	hmssdk_flutter	The Flutter package for 100ms SDK. Video Conferencing infrastructure for a Video first world.	1.1.0	89.44972030701183	47	78	35	29	100mslive	100ms.live	MIT	2022-12-17T14:27:05.000Z	https://github.com/100mslive/100ms-flutter
367	rudder_sdk_flutter	The RudderStack Flutter SDK allows you to track event data from your app. It can be easily integrated into your Flutter application. After integrating this SDK, you will also send the event data to your preferred analytics destination/s, such as Google Analytics, Amplitude, and more.	2.2.0	89.4237023546247	7	4	17	4	rudderlabs	rudderstack.com	MIT	2022-12-19T02:05:31.000Z	https://github.com/rudderlabs/rudder-sdk-flutter
368	page_view_dot_indicator	A simple and animated page view indicator in the form of dots, which you can customise color, size, space and duration.	2.0.1	89.39334807683969	31	10	6	2	douglasiacovelli		MIT	2022-08-22T22:28:55.000Z	https://github.com/douglasiacovelli/page_view_dot_indicator
369	flutter_locales	Easily localize your app to multiple languages	2.0.2	89.35432114825896	30	4	0	2	iampopal		MIT	2022-06-27T18:56:09.000Z	https://github.com/iampopal/flutter_locales
370	pull_down_button	Cupertino styled Pull-Down Button from iOS 14 with great customisation options.	0.4.1	89.3499848228611	57	16	4	0	notDmDrl		MIT	2022-12-03T19:07:59.000Z	https://github.com/notDmDrl/pull_down_button
371	vertical_scrollable_tabview	A Flutter widget which syncronize a ScrollView and a custom tab view.	0.0.7	89.34564849746324	59	12	17	9	wayne900204		MIT	2022-06-29T02:42:32.000Z	https://github.com/wayne900204/vertical_scrollable_tabview
372	pluto_menu_bar	A menu bar for flutter. You can add as many submenus as you want, and you can change the default style.	3.0.0	89.33263952126967	65	53	15	7	bosskmk	weblaze.dev	MIT	2022-11-30T06:54:57.000Z	https://github.com/bosskmk/pluto_menu_bar
373	form_builder_phone_field	International phone number field for FlutterFormBuilder package	1.3.0	89.32830319587181	23	3	1	9	flutter-form-builder-ecosystem	flutterformbuilderecosystem.com	BSD-3-Clause	2022-11-21T20:29:37.000Z	https://github.com/flutter-form-builder-ecosystem/form_builder_phone_field
374	flutter_gradient_colors	it's provide you more than 100 predefined Gradient Colors.	2.1.1	89.31095789428039	79	17	3	3	skaran921		NOASSERTION	2022-10-31T09:27:40.000Z	https://github.com/skaran921/flutter_gradient_colors
375	flutter_mapbox_navigation	Add Turn By Turn Navigation to Your Flutter Application Using MapBox. Never leave your app when you need to navigate your users to a location.	0.0.26	89.29794891808682	198	162	103	65	eopeter	dormmom.com	Apache-2.0	2022-11-13T16:05:39.000Z	https://github.com/eopeter/flutter_mapbox_navigation
376	qlevar_router	A router that helps you to manage your project routes. Create nested routes. navigation without context between your pages.	1.7.1	89.29361259268896	110	66	16	12	SchabanBo	qlevar.de	MIT	2022-11-23T07:02:31.000Z	https://github.com/SchabanBo/qlevar_router
377	flutter_advanced_networkimage_2	An advanced image provider provides caching and retrying for flutter app. Now with zoomable widget and transition to image widget.	2.0.1	89.28493994189324	8	0	7	2	insinfo		MIT	2022-11-11T13:38:28.000Z	https://github.com/insinfo/flutter_advanced_networkimage
378	serverpod_flutter	Flutter specific utilities for Serverpod.	0.9.21	89.26759464030181	0	971	71	77	serverpod		BSD-3-Clause	2022-12-17T16:30:47.000Z	https://github.com/serverpod/serverpod
379	firebase_installations	Firebase installations Flutter plugin	16.3.6	89.25458566410823	5	3	2	0	lidio601		MIT	2021-06-04T20:03:07.000Z	https://github.com/lidio601/flutter_installations
380	flutter_media_metadata	A Flutter plugin to read metadata of media files.	1.0.0+1	89.2372403625168	36	60	12	7	alexmercerind		MIT	2022-12-10T15:32:12.000Z	https://github.com/alexmercerind/flutter_media_metadata
381	typicons_flutter	Typicons pack with the code to support flutter, easy use, beautifully.	0.5.0	89.15918650535536	15	3	2	1	tvc12	4pet.social	MIT	2021-03-27T14:31:29.000Z	https://github.com/tvc12/typicons_flutter
382	flutter_file_view	A file viewer plugin for Flutter, support local file and network link of Android, iOS.	2.1.2	89.13750487836607	18	18	13	3	LiWenHui96		Apache-2.0	2022-11-01T01:19:21.000Z	https://github.com/LiWenHui96/flutter_file_view
383	flutter_web_auth_2	Flutter plugin for authenticating a user with a web service.	2.0.3	89.09414162438749	22	17	12	9	ThexXTURBOXx	femtopedia.de	MIT	2022-12-13T11:34:44.000Z	https://github.com/ThexXTURBOXx/flutter_web_auth_2
384	update_available	Know if there's any update for your Flutter app, based on published versions.	2.1.0	89.08980529898963	47	16	7	9	mateusfccp		MIT	2022-12-05T13:35:36.000Z	https://github.com/mateusfccp/update_available/tree/master/update_available
385	get_phone_number	Get real phone number from device - It only works on android device and also need to run in a real device.	2.0.1	89.07679632279606	30	1	0	5	ssk-flutter		BSD-3-Clause	2021-05-23T20:59:46.000Z	https://github.com/ssk-flutter/get_phone_number
386	webviewx_plus	A cross-platform webview using webview_flutter for mobile and iFrame for web.	0.3.2	89.06812367200034	12	4	1	2	Mahad61	lazyus.com	BSD-3-Clause	2022-09-23T19:16:46.000Z	https://github.com/Mahad61/webviewx_plus
387	top_modal_sheet	A simple top modal sheet implementation in pure dart.	2.0.1	89.05945102120462	15	5	8	1	Pilaba		BSD-2-Clause	2022-07-29T18:25:48.000Z	https://github.com/Pilaba/TopModalSheet
388	unifiedpush	Push notifications with the provider chosen by the user.	4.0.3	89.04210571961319	7	15	9	10	UnifiedPush	unifiedpush.org	Apache-2.0	2022-11-29T23:14:09.000Z	https://github.com/UnifiedPush/flutter-connector
389	jitsi_meet_wrapper	A Flutter wrapper around the official JitsiMeetSDKs. With this package, you can launch Jitsi meetings in a native view.	0.0.5	89.0117514418282	20	11	25	25	saibotma		BSD-3-Clause	2022-12-16T03:07:06.000Z	https://github.com/saibotma/jitsi_meet_wrapper/tree/main/jitsi_meet_wrapper
390	simple_time_range_picker	A simple time range picker for flutter	0.0.5	88.97272451324747	10	4	8	5	trashfeed	trashfeed.net	MIT	2022-08-07T03:30:18.000Z	https://github.com/trashfeed/simple_time_range_picker
391	flutter_camera_overlay	A Flutter plugin to add common camera overlay components such as ID Card, Credit Card, Texts, prompts or custom components.	0.1.1	88.95537921165604	68	9	12	4	matwright	matwright.dev	MIT	2022-06-29T10:02:27.000Z	https://github.com/matwright/flutter_camera_overlay
392	tiktoklikescroller	A vertical fullscreen scroll implementation that snaps in place, similar to the TikTok app	0.2.3	88.92502493387103	124	35	12	4	dmt195	davidtaylor.io	Apache-2.0	2022-06-29T17:01:37.000Z	https://github.com/dmt195/tiktok-flutter-plugin
393	markdown_editable_textinput	A TextField Widget that allow you to convert easily what's in the TextField to Markdown.	2.1.0	88.91635228307531	116	56	30	9	playmoweb	playmoweb.com	BSD-3-Clause	2022-11-17T08:38:14.000Z	https://github.com/playmoweb/markdown-editable-textinput
394	lucide_icons	A Lucide icon library package for Flutter applications. Fork of Feather Icons, open for anyone to contribute icons.	0.104.0	88.87298902909674	30	2975	161	54	lucide-icons	lucide.dev	ISC	2022-12-13T17:42:51.000Z	https://github.com/lucide-icons/lucide
395	bugsnag_flutter	Bugsnag crash monitoring and reporting tool for Flutter apps	2.4.0	88.86865270369888	7	5	5	3	bugsnag	bugsnag.com	MIT	2022-12-08T17:24:22.000Z	https://github.com/bugsnag/bugsnag-flutter
396	pushy_flutter	The official Pushy SDK for Flutter apps.	2.0.12	88.8469710767096	14	19	13	0	pushy		Apache-2.0	2022-10-09T12:05:25.000Z	https://github.com/pushy/pushy-flutter
397	calendar_appbar	Flutter package for custom AppBar with full calendar view with many new features!	0.0.6	88.84263475131173	148	40	19	5	vpalcar		MIT	2022-06-10T10:14:54.000Z	https://github.com/vpalcar/calendar_appbar
398	in_app_notification	A Flutter package to show custom in-app notification with any Widgets.	1.1.2	88.81661679892458	108	18	6	1	cb-cloud	cb-cloud.com	MIT	2022-12-01T08:40:43.000Z	https://github.com/cb-cloud/flutter_in_app_notification
399	flutter_boxicons	Boxicons (https://boxicons.com) customization for Flutter. You can use 2K+ more Boxicons.	3.0.0	88.78626252113959	46	4	7	5	arifai		MIT	2021-07-07T00:24:25.000Z	https://github.com/arifai/flutter_boxicons
400	resizable_widget	Enables users to resize the internal widgets by dragging. This package contains simple APIs, but if needed, you can customize ResizableWidget flexibly.	1.0.5	88.77758987034387	118	35	24	13	ibako	ibako-piyo.com	BSD-3-Clause	2022-07-08T19:01:53.000Z	https://github.com/ibako/resizable_widget
401	apple_maps_flutter	This plugin uses the Flutter platform view to display an Apple Maps widget.	1.2.0	88.75157191795672	35	48	45	14	LuisThein	luisthein.de	BSD-2-Clause	2022-12-02T18:40:39.000Z	https://github.com/LuisThein/apple_maps_flutter
402	flutter_hooks_lint_plugin	a lint plugin for flutter_hooks	0.6.1	88.72555396556959	7	29	1	1	mj-hd		MIT	2022-11-03T21:36:14.000Z	https://github.com/mj-hd/flutter_hooks_lint_plugin
403	sliver_header_delegate	A flexible sliver header delegate that allows easily customize your SliverHeader	0.0.5	88.7038723385803	72	11	8	3	miroslava-podybailo		MIT	2022-11-01T03:43:58.000Z	https://github.com/miroslava-podybailo/flutter_sliver_header_delegate
404	gauges	A library for customizable gauges (radial gauges only for now).	1.0.0	88.58679155283812	35	11	9	4	JulianAssmann		MIT	2022-01-08T17:05:01.000Z	https://github.com/JulianAssmann/flutter_gauges
405	spring_button	A simple widget for having child widgets that respond to gestures with a spring animation.	2.0.0	88.54342829885955	36	73	13	0	aliyigitbireroglu	cosmossoftware.coffee	MIT	2021-05-04T11:01:21.000Z	https://github.com/aliyigitbireroglu/flutter-spring-button
406	reactive_dropdown_search	Wrapper around searchable_dropdown to use with reactive_forms	0.12.0	88.49572871948311	6	47	23	2	artflutter		MIT	2022-12-15T16:51:57.000Z	https://github.com/artflutter/reactive_forms_widgets
407	drift_sqflite	A Flutter-only implementation of a drift database, based on the `sqflite` package.	2.0.0	88.37431160834309	7	1798	238	103	simolus3	simonbinder.eu	MIT	2022-12-19T02:49:18.000Z	https://github.com/simolus3/drift
408	flutter_calendar_week	Flutter calendar week UI package	3.0.0	88.31360305277308	32	67	26	5	mduccc		MIT	2022-09-12T17:00:44.000Z	https://github.com/mduccc/flutter_calendar_week
409	generic_bloc_provider	A generic BloC Provider for your Flutter apps. This package will help you avoid the boilerplate of writing BloC Providers.	2.1.1	88.30059407657951	22	26	6	1	robertohuertasm	robertohuertas.com	MIT	2022-02-14T09:54:59.000Z	https://github.com/robertohuertasm/generic_bloc_provider
410	json_store	A Flutter storage solution somewhat similar to a browser's localStorage (but super powered)	2.0.0	88.28758510038594	36	8	8	1	fstof		BSD-2-Clause	2022-08-15T22:42:46.000Z	https://github.com/fstof/flutter_json_store
411	animated_segmented_tab_control	A customizable segmented control that can be used with a TabView.	1.0.1	88.27457612419236	32	11	9	8	LanarsInc		NOASSERTION	2022-11-08T02:00:54.000Z	https://github.com/LanarsInc/animated-segmented-tab-control
412	apivideo_live_stream	Flutter RTMP live stream client for your audio/video application. Made with ♥ by api.video.	1.0.7	88.26590347339665	34	20	11	7	apivideo	api.video	MIT	2022-11-16T15:18:14.000Z	https://github.com/apivideo/api.video-flutter-live-stream
413	json_editor	A json editor on flutter.	0.0.8	88.22254021941806	19	12	8	4	youngchan1988	dev.apptoy.cc	BSD-3-Clause	2022-05-25T08:22:49.000Z	https://github.com/youngchan1988/json_editor
414	icons_plus	A collection of popular icon packs is available in icons_plus. Such as bootstrap, font awesome, eva icons, line awesome, ionicons, and many more.	3.0.0	88.21386756862235	77	12	2	1	chouhan-rahul	rahulchouhan.me	MIT	2022-09-03T14:28:00.000Z	https://github.com/chouhan-rahul/icons_plus
415	antdesign_icons	AntDesign Icons implementation for dart projects.	0.0.3	88.20085859242877	9	4	0	1	elkhayder		MIT	2021-04-27T01:12:50.000Z	https://github.com/elkhayder/anticons
416	selectable	A Flutter widget that enables text selection over all the text widgets it contains.	0.2.8	88.19652226703091	30	9	4	5	ronjb	ronbooth.com	MIT	2022-12-11T02:16:12.000Z	https://github.com/ronjb/selectable
417	alphabet_scroll_view	A Scrollable ListView Widget with the dynamic vertical Alphabet List which you can drag and tap to scroll to the first item starting with that letter.	0.3.2	88.1878496162352	68	20	9	9	maheshmnj	maheshjamdade.com	MIT	2022-10-08T03:19:19.000Z	https://github.com/maheshmnj/alphabet_scroll_view
418	sliding_clipped_nav_bar	Bottom Navigation Bar with sliding menu icon and text with clipping effect, it also has ripple effect when tapped.	3.1.0+4	88.12280473526734	177	55	9	0	watery-desert	waterydesert.com	BSD-3-Clause	2022-12-14T11:08:30.000Z	https://github.com/watery-desert/sliding_clipped_nav_bar
419	interval_time_picker	A variant of the default Flutter Time Picker in which you can pick intervals.	2.0.0+5	88.1054594336759	14	2	11	0	Fleximex	fleximex.com	MIT	2022-09-01T19:57:30.000Z	https://github.com/Fleximex/interval_time_picker
420	easy_table	A full customized data table that builds the cells on demand. Focused on Web/Desktop Applications. Bidirectional scroll bars.	2.3.0	88.07076883049304	45	19	5	9	caduandrade	caduandrade.net	MIT	2022-12-18T21:21:18.000Z	https://github.com/caduandrade/easy_table_flutter
421	zego_uikit_prebuilt_call	PrebuiltCall is a full-featured call kit that provides a ready-made call invitation, voice/video chat, device detection, etc. Add a voice/video call to your app in minutes.	1.2.14	88.06643250509518	5	1	3	0	ZEGOCLOUD	zegocloud.com	MIT	2022-12-13T03:23:32.000Z	https://github.com/ZEGOCLOUD/zego_uikit_prebuilt_call_flutter
422	app_popup_menu	A more modular popup menu.	1.0.0	88.04041455270803	31	9	2	1	AndriousSolutions		NOASSERTION	2022-11-04T16:16:11.000Z	https://github.com/AndriousSolutions/app_popup_menu
423	cr_calendar	Awesome calendar with customizations, range picking and event showing.	1.0.0+1	87.98837864793374	60	17	14	2	Cleveroad	cleveroad.com	MIT	2022-11-17T11:47:30.000Z	https://github.com/Cleveroad/cr_calendar
424	flutter_mdns_plugin	Flutter mDNS plugin	0.0.3	87.98404232253588	4	46	37	10	terrabythia		MIT	2022-01-07T15:53:00.000Z	https://github.com/terrabythia/flutter_mdns_plugin
425	flavor	An easy way to configure flavor settings and displaying flavor banner.	2.0.0	87.89731581457872	44	12	4	1	stefandevo	stefandevo.dev	MIT	2021-09-28T09:46:59.000Z	https://github.com/stefandevo/flutter-flavor
426	quickblox_sdk	Quickblox includes everything that brings messaging right into your application - chat, video calling, users, push notifications, etc.	0.11.0	87.85828888599801	44	6	0	24	QuickBlox		NOASSERTION	2022-09-30T13:13:32.000Z	https://github.com/QuickBlox/quickblox-flutter-sdk
427	md5_file_checksum	Flutter plugin to calculate a file checksum as MD5 hash, using a platform native implementation.	1.0.4	87.84527990980443	5	3	1	2	albemala	albemala.me	MIT	2022-10-01T14:19:32.000Z	https://github.com/albemala/md5_file_checksum
428	flutter_update_dialog	A beautiful application version update dialog for flutter.You can customize your own version update pop-up window!	2.0.0	87.7758987034387	44	32	10	2	xuexiangjys	xuexiangjys.club	Apache-2.0	2022-12-04T15:20:44.000Z	https://github.com/xuexiangjys/flutter_update_dialog
429	horizontal_blocked_scroll_physics	A ScrollPhysics class that blocks movement in the horizontal axis.	4.0.1	87.75855340184727	23	10	3	0	koa-health	koahealth.tech	MIT	2022-03-07T08:05:10.000Z	https://github.com/Alpha-health/horizontal_blocked_scroll_physics
430	auto_start_flutter	The plugin redirects the user to auto-start permission screen to allow auto-start and fix background problems in some phones.	0.1.1	87.73253544946013	22	4	5	3	seena98	techflow.ir	BSD-2-Clause	2022-11-02T09:41:57.000Z	https://github.com/seena98/auto_start_flutter
431	icon_decoration	Add decoration capabilities for the Icon widget with shadows, borders, gradients.	1.0.1	87.72819912406227	69	23	0	0	TesteurManiak	rouxguillau.me	BSD-2-Clause	2022-03-11T08:59:36.000Z	https://github.com/TesteurManiak/icon_decoration
432	adapty_flutter	Adapty SDK is an open-source framework that makes implementing in-app subscriptions in Flutter applications fast and easy. It’s 100% open-source and lightweight.	2.2.1	87.66749056849225	37	46	7	2	adaptyteam	adapty.io	MIT	2022-12-16T09:39:09.000Z	https://github.com/adaptyteam/AdaptySDK-Flutter
433	whatsapp	A top package for whatsapp business api send messages, product, media, location through flutter app.	2.0.0	87.64580894150296	78	7	4	2	rohit-chouhan	rohitchouhan.com	MIT	2022-10-09T04:02:05.000Z	https://github.com/rohit-chouhan/whatsapp
434	ensure_visible_when_focused	A handy Flutter widget to scroll to a certain widget every time this widget gains Focus.	1.1.1	87.62846363991153	22	9	3	1	rodrigobastosv	rodrigobastos.dev	MIT	2022-09-05T12:14:44.000Z	https://github.com/rodrigobastosv/ensure_visible_when_focused
435	pspdfkit_flutter	A Flutter plugin providing a feature-rich PDF viewing and editing experience to your users with the powerful PSPDFKit PDF SDK.	3.4.1	87.6024456875244	34	73	26	6	PSPDFKit	pspdfkit.com	NOASSERTION	2022-11-18T13:01:40.000Z	https://github.com/PSPDFKit/pspdfkit-flutter
436	youtube_api	YouTubeAPI is a plugin which directly interacts with YouTube server. Supports Searching video and playlist.	1.0.4	87.57642773513724	67	48	42	16	nstack-in	nstack.in	Apache-2.0	2021-11-09T07:03:17.000Z	https://github.com/nstack-in/youtube_api
437	flutter_zxing	A barcode scanner and generator natively in Flutter with Dart FFI based on ZXing.	0.9.0	87.55474610814795	29	32	12	8	khoren93		MIT	2022-12-18T18:23:15.000Z	https://github.com/khoren93/flutter_zxing
438	onboarding_overlay	Flexible to control Onboarding overlay with or without target element (fork from onboard_overlay)	3.1.2	87.52005550496509	208	31	10	3	talamaska		MIT	2022-11-17T13:46:34.000Z	https://github.com/talamaska/onboarding_overlay
439	avoid_keyboard	This package enables convenient keyboard avoidance. It can be used to enable keyboard avoidance for specific view regions, without compressing the entire view.	0.3.0	87.50271020337365	15	1	0	0	HornMichaelS		MIT	2021-06-10T23:56:37.000Z	https://github.com/HornMichaelS/flutter_avoid_keyboard
440	qr_code_utils	Flutter plugin that provides tools for dealing with QR code. For now, just read.	0.0.1	87.48102857638436	1	0	0	1	atech-dev		MIT	2022-05-14T20:00:41.000Z	https://github.com/atech-dev/qr_code_utils/tree/main/qr_code_utils
441	cunning_document_scanner	A document scanner plugin for flutter. Scan and crop automatically on iOS and Android.	1.1.2	87.43332899700793	50	17	12	1	jachzen	cunning.biz	MIT	2022-11-08T12:26:14.000Z	https://github.com/jachzen/cunning_document_scanner
442	morphable_shape	A Flutter package for creating various shapes that are responsive and can morph betweem each other.	1.6.4	87.35961146524434	113	35	5	0	KevinVan720	wenkaifan.com	MIT	2022-09-05T13:48:35.000Z	https://github.com/KevinVan720/morphable_shape
443	ably_flutter	A wrapper around Ably's Cocoa and Java client library SDKs, providing iOS and Android support.	1.2.15	87.34660248905077	22	46	14	62	ably	ably.com	Apache-2.0	2022-12-13T18:41:49.000Z	https://github.com/ably/ably-flutter
444	mixpanel_analytics	A dart wrapper on the mixpanel REST API to be used in Flutter applications. As this is using the http REST API it works both with Android and iOS.	2.1.1	87.32492086206149	17	18	22	3	koa-health	koahealth.tech	MIT	2021-07-12T20:02:40.000Z	https://github.com/Alpha-health/mixpanel_analytics
445	star_menu	Contextual popup menu with different shapes and multiple ways to fine-tune animation and position. The menu entries can be almost any kind of widgets.	3.1.0+1	87.32058453666363	103	27	9	2	alnitak	marcobavagnoli.com	MIT	2022-12-12T17:15:50.000Z	https://github.com/alnitak/flutter_star_menu
446	bottom_sheet_bar	A toolbar that aligns to the bottom of a widget and expands into a bottom sheet.	2.3.8	87.31624821126577	51	9	2	3	mhrst	qrl.app	MIT	2022-10-18T15:06:35.000Z	https://github.com/mhrst/bottom_sheet_bar
447	brightness_volume	Adjust the volume and brightness	1.0.3	87.22952170330862	7	3	2	5	tion126		MIT	2021-05-26T07:03:53.000Z	https://github.com/tion126/brightness_volume
448	datepicker_dropdown	A Dropdown Date picker for Flutter with customizable options.	0.0.7+2	87.22518537791076	14	3	5	2	Robertrobinson777	robertrobinson.in	MIT	2022-09-01T13:55:20.000Z	https://github.com/Robertrobinson777/dropdown_date_picker
449	prefs	A Library Package that utilizes the plugin, shared_preferences, to store and read an app’s preferences in both the Android and the iOS platform.	4.0.0	87.1904947747279	13	8	3	0	AndriousSolutions	andrioussolutions.com	NOASSERTION	2022-12-02T22:38:18.000Z	https://github.com/AndriousSolutions/prefs
450	contactus	contactus is the package which helps the developers to add their contact information with ease.Developers can add many important details such as website, email, phone number, etc.	1.2.0	87.18615844933004	52	19	12	0	AbhishekDoshi26		MIT	2021-11-24T11:47:56.000Z	https://github.com/AbhishekDoshi26/contactus
451	skeleton_animation	Display skeleton animations in your app. It works on android, iOS and the web.	0.1.4	87.1688131477386	24	4	1	0	wjtje	wjtje.dev	MIT	2021-05-16T09:48:41.000Z	https://github.com/wjtje/flutter-skeleton-animation
452	fluid_bottom_nav_bar	A beautiful bottom navigation with a fluid animation. Bar color, icons and animation speed are fully customizable.	1.4.0	87.15146784614718	136	24	23	13	eric-taix		MIT	2022-11-21T16:02:57.000Z	https://github.com/eric-taix/fluid-nav-bar
453	loading_overlay_pro	A new Flutter project with a simple widget wrapper set of loading animations for Flutter projects.	2.1.1	87.09075929057717	28	2	0	0	HVLoc		MIT	2021-03-23T07:51:34.000Z	https://github.com/HVLoc/loading_overlay_pro
454	vcard_maintained	A dart port of vCard JS by Eric J Nesser. Create vCards to import contacts into Outlook, iOS, Mac OS, and Android devices from your website or mobile application.	0.0.1+1	86.96066952864143	5	8	15	10	valerycolong	quds.cc	MIT	2021-10-27T09:07:00.000Z	https://github.com/valerycolong/vcard
455	water_drop_nav_bar	Bottom navigation bar, it has unique water drop effect. When water droplet falls it marks seleted item.	2.2.0+5	86.93898790165214	177	34	5	1	watery-desert	waterydesert.com	BSD-3-Clause	2022-12-14T11:12:35.000Z	https://github.com/watery-desert/water_drop_nav_bar
456	shared_storage	Flutter plugin to work with external storage and privacy-friendly APIs.	0.7.0	86.93031525085642	26	30	11	13	alexrintt	alexrintt.io	MIT	2022-11-19T03:40:15.000Z	https://github.com/alexrintt/shared-storage
457	salesiq_mobilisten	Mobilisten enables you to give your users the best in-app live chat experience. Mobilisten provides drop-in in-app chat and knowledge base.	1.0.4	86.92164260006071	13	9	5	8	zoho	zoho.com	MIT	2022-12-08T15:54:42.000Z	https://github.com/zoho/salesiq-mobilisten-flutter
458	bonfire	(RPG maker) Create RPG-style or similar games more simply with Flame.	2.11.9	86.91730627466285	275	780	118	5	RafaelBarbosatec		MIT	2022-12-15T11:51:02.000Z	https://github.com/RafaelBarbosatec/bonfire
459	background_app_bar	A background app bar plugin, use this plugin if you want to preserve background of sliver app bar when scrolling,	2.0.1	86.91296994926499	34	10	7	1	LeonColt		MIT	2022-03-19T19:57:03.000Z	https://github.com/LeonColt/background_app_bar
460	image_cropping	This package helps you to crop image with ratio and free scale.	0.0.13	86.86527036988856	72	40	14	1	Mindinventory	mindinventory.com	MIT	2022-09-01T07:14:05.000Z	https://github.com/Mindinventory/image_cropping
461	hive_test	Initialize a temporary Hive database for testing	1.0.1	86.82190711590998	4	4	1	1	netsells		MIT	2021-05-11T10:03:48.000Z	https://github.com/netsells/hive_test
462	mrx_charts	Simple, high-performance Flutter charts with beautiful animations.	0.1.3	86.81323446511426	75	54	7	3	merixstudio	merixstudio.com	MIT	2022-12-01T18:16:54.000Z	https://github.com/merixstudio/mrx-flutter-charts
463	perfect_freehand	Draw perfect pressure-sensitive freehand lines. A set of functions for turning input points into a polygon of outline points.	1.0.4	86.7568622349421	109	184	25	4	steveruizok		MIT	2022-07-14T06:01:25.000Z	https://github.com/steveruizok/perfect-freehand-dart
464	flutter_expandable_table	A Flutter widget for create an expandable table with header and first column fixed.	1.1.1	86.73518060795283	58	15	14	3	rickypid	rcprogrammer.net	BSD-3-Clause	2022-08-01T15:45:46.000Z	https://github.com/rickypid/flutter_expandable_table
465	input_history_text_field	A input_history_text_field widget is automatically saved and suggest as you type.	0.2.0	86.6441177745978	44	8	4	4	trashfeed	trashfeed.net	MIT	2022-09-03T03:05:07.000Z	https://github.com/trashfeed/input_history_text_field
466	alert	A Flutter plugin for showing native alert dialog in IOS and Toast messages in Android.	2.0.1	86.63544512380209	18	1	4	0	Oleksandr32		MIT	2021-05-25T19:50:37.000Z	https://github.com/Oleksandr32/flutter-alert
467	msh_checkbox	An animated checkbox, inspired by BEMCheckbox for iOS, using an API similar to Flutter's own Checkbox.	2.0.0	86.62677247300637	13	4	3	0	HornMichaelS		MIT	2022-12-14T18:52:36.000Z	https://github.com/HornMichaelS/msh_checkbox
468	flutter_sensors	A flutter plugin to access the available sensors of the device.	1.0.1	86.59641819522137	28	28	26	14	LJaraCastillo		MIT	2022-02-23T13:22:29.000Z	https://github.com/LJaraCastillo/native_video_view
469	geocoder_buddy	Forward, Reverse geocoding and Search Address without any apikey.	1.0.1	86.58774554442566	15	2	4	4	flutterbuddy1	flutterbuddy.in	MIT	2022-11-20T16:56:40.000Z	https://github.com/flutterbuddy1/geocoder_buddy
470	quds_popup_menu	A new way to show advanced popup menu in Flutter, the package is a part of quds_ui_kit package.	0.0.1+1	86.57473656823208	55	18	11	2	MohammedAsaadAsaad	quds.cc	MIT	2022-05-03T07:57:51.000Z	https://github.com/MohammedAsaadAsaad/quds_ui_kit
471	signalr_flutter	A flutter plugin for .net SignalR client. This client is for ASP.Net SignalR, not for .Net Core SignalR.	0.2.0	86.55739126664065	56	16	15	14	AS-Devs		MIT	2022-11-21T12:23:46.000Z	https://github.com/AS-Devs/signalr_flutter
472	reactive_phone_form_field	Wrapper around phone_form_field to use with reactive_forms	0.10.0	86.54871861584493	6	47	23	2	artflutter		MIT	2022-12-15T16:51:57.000Z	https://github.com/artflutter/reactive_forms_widgets
473	flutter_widgetkit	Flutter library for iOS Widgets Extensions. Integrate a Widget into your App	1.0.3	86.54004596504922	38	224	20	5	fasky-software		MIT	2021-03-22T09:10:11.000Z	https://github.com/fasky-software/flutter_widgetkit
474	flutter_widgetkit	Flutter library for iOS Widgets Extensions. Integrate a Widget into your App	1.0.3	86.54004596504922	38	224	20	5	fasky-software		MIT	2021-03-22T09:10:11.000Z	https://github.com/fasky-software/flutter_widgetkit
475	animated_notch_bottom_bar	This package helps you to achieve animated notch bottom navigation bar with any widget as children.	0.0.6	86.48801006027492	62	32	3	1	Mindinventory	mindinventory.com	MIT	2022-10-18T12:06:25.000Z	https://github.com/Mindinventory/animated_notch_bottom_bar
476	fancy_password_field	A highly customizable password control input widget. It has features such as password strenght and rules validation	2.0.0	86.47500108408136	44	12	5	0	rodrigobastosv	rodrigobastos.dev	MIT	2022-10-13T13:25:35.000Z	https://github.com/rodrigobastosv/fancy_password_field
477	statusbarz	A Flutter package for dynamically changing status bar color based on the background. Works with static colors and images.	1.0.12	86.4706647586835	38	6	2	0	Mapventure	mankeli.co	MIT	2022-10-20T11:18:02.000Z	https://github.com/Mapventure/statusbarz
478	very_good_infinite_list	A library for easily displaying paginated data, created by Very Good Ventures. Great for activity feeds, news feeds, and more.	0.7.0	86.46632843328564	132	102	14	3	VeryGoodOpenSource	verygood.ventures	MIT	2022-11-28T18:02:53.000Z	https://github.com/VeryGoodOpenSource/very_good_infinite_list
479	webcrypto	Cross-platform implementation of Web Cryptography APIs for Flutter.	0.5.3	86.44031048089849	51	56	30	14	google	google.dev	Apache-2.0	2022-11-02T14:39:32.000Z	https://github.com/google/webcrypto.dart
480	flutter_star	You can create a star easily and decide how many angle or color of the star, even the fat and progress of the star.	1.2.0	86.3969472269199	11	20	2	0	toly1994328	toly1994.com	NOASSERTION	2020-02-23T02:34:32.000Z	https://github.com/toly1994328/flutter_star
481	stream_feed_flutter_core	Stream Feed official Flutter SDK Core. Build your own feed experience using Dart and Flutter.	0.8.0	86.37092927453276	11	67	25	31	GetStream	getstream.io	NOASSERTION	2022-11-15T01:27:16.000Z	https://github.com/GetStream/stream-feed-flutter
482	info_popup	The simple way to show the user some information on your selected widget.	2.4.6	86.31022071896275	36	9	1	0	SalihCanBinboga	salihcan.dev	MIT	2022-11-22T13:29:29.000Z	https://github.com/salihcanbinboga/info_popup
483	survey_kit	Create beautiful surveys with Flutter (inspired by iOS ResearchKit Surveys)	0.1.1	86.27119379038203	69	89	50	10	QuickBirdEng	quickbirdstudios.com	MIT	2022-12-15T12:56:25.000Z	https://github.com/quickbirdstudios/survey_kit
484	matomo_tracker	A fully cross-platform wrap of the Matomo tracking client for Flutter, using the Matomo API.	2.0.0	86.24517583799488	18	11	8	0	Floating-Dartists	floating-dartists.dev	MIT	2022-12-02T16:13:09.000Z	https://github.com/Floating-Dartists/matomo-tracker
485	multi_image_picker_view	A complete widget which can easily pick multiple images from device and display them in UI. Also picked image can be re-ordered and removed easily.	0.0.6	86.21482156020987	17	8	4	2	shubham-gupta-16		MIT	2022-08-27T08:00:46.000Z	https://github.com/shubham-gupta-16/multi_image_picker_view
486	google_language_fonts	Include easily Google Fonts which are compatible with your languages.	2.0.0	86.18446728242488	12	1	0	0	mzdm		Apache-2.0	2021-06-16T18:58:21.000Z	https://github.com/mzdm/google-language-fonts-flutter
487	animated_card	Package to animate the initialization of any widget, with the possibility of using a custom dismissible.	2.0.0	86.17579463162916	58	15	3	1	davidsdearaujo		MIT	2021-04-16T19:55:32.000Z	https://github.com/davidsdearaujo/animated_card
488	scribble	Scribble is a lightweight library for freehand drawing in Flutter supporting pressure, variable line width and more!	0.9.1	86.1714583062313	106	73	18	9	fyzo-dev	fyzio.de	MIT	2022-12-02T11:21:07.000Z	https://github.com/timcreatedit/scribble
489	tabbed_view	Flutter widget inspired by the classic Desktop-style tab component. Supports customizable themes.	1.15.0	86.16712198083344	59	29	9	5	caduandrade	caduandrade.net	MIT	2022-11-20T14:30:02.000Z	https://github.com/caduandrade/tabbed_view
490	google_sign_in_mocks	Mocks for Google Sign In. Use this package with `firebase_auth_mocks` to write unit tests involving Firebase Authentication.	0.2.1	86.14977667924201	17	6	9	4	atn832	wafrat.com	BSD-2-Clause	2022-08-20T09:17:39.000Z	https://github.com/atn832/google_sign_in_mocks
491	flutter_custom_cards	Flutter Custom Cards help developers to create beautiful custom cards and 3D cards with flutter.	0.2.1	86.12375872685486	12	2	0	0	pktintali	studentmitra.in	MIT	2021-11-21T05:31:04.000Z	https://github.com/pktintali/flutter_custom_cards
492	iso_countries	A plugin for fetching ISOCountries data from device OS. Name of countries can be obtained in different languages.	2.1.0	86.08906812367199	14	4	12	2	anoop4real		MIT	2022-01-13T16:19:36.000Z	https://github.com/anoop4real/flutter_iso_countries
493	tabbar	Simple tabbar, rewritten using pagecontroller and facilitating internal PageView manipulation	0.1.1	86.02835956810199	23	7	11	3	davidsdearaujo		MIT	2021-03-26T16:38:37.000Z	https://github.com/davidsdearaujo/tabbar
494	flutter_scale_tap	Scale and opacity animated Button for Flutter	1.0.5	86.01101426651056	24	7	4	3	fedeamura		MIT	2022-09-19T10:17:19.000Z	https://github.com/fedeamura/flutter_scale_tap
495	camcode	A camera barcode scanner for Flutter Web using your favorite Javascript library	3.0.0	86.0066779411127	40	10	9	8	PiotrFLEURY		BSD-3-Clause	2022-07-23T18:21:05.000Z	https://github.com/PiotrFLEURY/camcode
496	flutter_randomcolor	A flutter package for generating attractive random colors. it can be used for data visualization, generative and lot more.	1.0.14	85.98065998872555	12	7	3	1	DAMMAK	dammak.dev	MIT	2022-07-31T19:36:45.000Z	https://github.com/DAMMAK/RandomColorDart
497	firebase_storage_mocks	Mocks for Firebase Storage. Use this package to write unit tests involving Firebase Storage.	0.6.0+1	85.96765101253197	16	8	19	5	atn832	wafrat.com	BSD-2-Clause	2022-11-29T06:34:12.000Z	https://github.com/atn832/firebase_storage_mocks
498	pusher_beams	Official Flutter Plugin for Pusher Beams, receive notifications easily on your Flutter application with Pusher Beams.	1.1.1	85.91561510775769	18	8	11	7	pusher	pusher.com	MIT	2022-09-19T13:11:43.000Z	https://github.com/pusher/push-notifications-flutter
499	zego_uikit_signaling_plugin	ZegoUIKitSignalingPlugin is a low-code plugin collection that provides the signal related function extensions for ZegoUIKit, helps you to integarte features easier and faster.	1.1.0	85.88959715537054	4	1	0	1	ZEGOCLOUD	zegocloud.com	MIT	2022-12-12T07:20:13.000Z	https://github.com/ZEGOCLOUD/zego_uikit_signaling_plugin_flutter
500	objectbox_sync_flutter_libs	Fast Flutter database for persisting Dart objects. This package contains Flutter runtime libraries for ObjectBox, including ObjectBox Sync.	1.7.0	85.83756125059624	8	720	87	54	objectbox	objectbox.io	Apache-2.0	2022-12-16T15:46:25.000Z	https://github.com/objectbox/objectbox-dart
501	flutter_timeline	a fully customizable & general timeline widget, based on real-world application references	0.3.0	85.82455227440266	124	282	24	6	softmarshmallow	softmarshmallow.com	MIT	2021-11-13T13:31:12.000Z	https://github.com/softmarshmallow/flutter-timeline
502	horizontal_picker	You can select your value on Horizontal Picker while scrolling on items.	1.2.0	85.80287064741339	53	10	6	3	leventkantaroglu	leventkantaroglu.com	BSD-3-Clause	2022-06-27T17:45:26.000Z	https://github.com/leventkantaroglu/horizontal_picker
503	flutter_scroll_shadow	ScrollShadow adds shadows to a scrollable child. Supports ScrollController and vertical or horizontal orientation.	1.0.2	85.79853432201553	9	4	1	0	rickypid	rcprogrammer.net	BSD-3-Clause	2022-01-25T12:39:32.000Z	https://github.com/rickypid/flutter_scroll_shadow
504	drawing_animation	An dart-only library for gradually painting SVG path objects on canvas (drawing line animation).	1.0.1	85.79419799661767	180	440	97	8	biocarl		BSD-2-Clause	2022-10-08T12:14:17.000Z	https://github.com/biocarl/drawing_animation
505	f_datetimerangepicker	Date and Time Range Picker for Flutter using Cupertino. Support pick date range, time range, date and time range.	0.2.0	85.7811890204241	36	20	8	7	longphanmn		Apache-2.0	2021-09-06T08:08:04.000Z	https://github.com/longphanmn/f-datetimerangepicker
506	advance_image_picker	Flutter plugin in pure Dart code for selecting/editing multiple images from the Android/iOS image library and taking new pictures with the camera in the same view.	0.1.7+1	85.72915311564981	102	90	32	15	weta-vn	weta.vn	BSD-3-Clause	2022-10-15T16:04:24.000Z	https://github.com/weta-vn/advance_image_picker
507	nfc_in_flutter	Flutter plugin to read and write NFC tags on both Android and iOS. Currently it only supports reading NDEF formatted tags.	2.0.5	85.70313516326266	103	113	108	61	semlette	semler.dev	MIT	2021-05-22T20:19:03.000Z	https://github.com/semlette/nfc_in_flutter
508	flutter_number_picker	A new custom Flutter Number Picker plugin by using add and minus buttons.	1.0.4	85.67711721087551	15	2	7	1	phuongtinhbien	phvit.blogspot.com	MIT	2022-07-04T10:29:00.000Z	https://github.com/phuongtinhbien/flutter_number_picker
509	open_app_settings	A remaster plugin of app_settings. app_setting use Kotlin and Swift may cause build issue, so this plugin used Java and ObjC.	2.0.1	85.59472702831621	6	3	2	0	mjl0602		MIT	2021-12-30T03:56:28.000Z	https://github.com/mjl0602/open_app_settings
510	card_scanner	Fast, Accurate and Secure Credit & Debit card scanning library for flutter.	0.2.2	85.54702744893977	96	82	66	27	nateshmbhat		GPL-3.0	2021-05-29T23:53:21.000Z	https://github.com/nateshmbhat/card-scanner-flutter
511	msal_flutter	A Microsoft Authentication Library wrapper for Android and iOS	2.0.1	85.5123368457569	18	4	7	4	Muljin	muljin.com	BSD-3-Clause	2022-11-21T09:41:41.000Z	https://github.com/muljin/msal-flutter
512	cached_network_image_builder	A widget to cache your network image check it if it has already stored with downloading it through basic http request, so doesn't need to download it again.	0.2.0	85.49932786956333	17	3	3	1	malibayram91	dershub.com	MIT	2021-09-26T07:43:49.000Z	https://github.com/malibayram91/cached_network_image_builder
