No.	Name	Description	Version	Popularity	Likes	Stars	Forks	Issues	Owner	Publisher	License	Last Commit
1	http	A composable, multi-platform, Future-based API for HTTP requests.	0.13.5	99.97832964937373	5615	885	291	158	dart-lang	dart.dev	BSD-3-Clause	2022-12-14T23:56:15.000Z
2	intl	Contains code to deal with internationalized/localized messages, date and number formatting and parsing, bi-directional text, and other internationalization issues.	0.18.0	99.97399557924848	3621	496	167	107	dart-lang	dart.dev	BSD-3-Clause	2022-12-16T17:02:46.000Z
3	flutter_svg	An SVG rendering and widget library for Flutter, which allows painting and displaying Scalable Vector Graphics 1.1 files.	1.1.6	99.96966150912321	3404	1468	385	136	dnfield	dnfield.dev	MIT	2022-12-16T04:07:41.000Z
4	provider	A wrapper around InheritedWidget to make them easier to use and more reusable.	6.0.5	99.9609933688727	7812	4561	465	12	rrousselGit	dash-overflow.net	MIT	2022-12-15T22:07:16.000Z
5	permission_handler	Permission plugin for Flutter. This plugin provides a cross-platform (iOS, Android) API to request and check permissions.	10.2.0	99.93932301824644	3319	1698	661	153	Baseflow	baseflow.com	MIT	2022-11-11T10:50:27.000Z
6	google_fonts	A Flutter package to use fonts from fonts.google.com.	3.0.1	99.92632080787067	4201	670	88	17	material-foundation	material.io	Apache-2.0	2022-12-06T15:25:08.000Z
7	path	A string-based path manipulation library. All of the path operations you know and love, with solid support for Windows, POSIX (Linux and Mac OS X), and the web.	1.8.3	99.90898452736965	945	158	38	12	dart-lang	dart.dev	BSD-3-Clause	2022-12-05T23:13:55.000Z
8	equatable	A Dart package that helps to implement value based equality without needing to explicitly override == and hashCode.	2.0.5	99.89164824686864	2026	739	91	16	felangel	fluttercommunity.dev	MIT	2022-10-17T14:47:51.000Z
9	file_picker	A package that allows you to use a native file explorer to pick single or multiple absolute file paths, with extension filtering support.	5.2.4	99.88731417674337	2875	974	432	31	miguelpruivo	miguelruivo.com	MIT	2022-12-12T17:26:48.000Z
10	carousel_slider	A carousel slider widget, support infinite scroll and custom child widget.	4.2.1	99.87864603649287	3800	1382	447	168	serenader2014	serenader.me	MIT	2022-12-13T16:32:08.000Z
11	font_awesome_flutter	The Font Awesome Icon pack available as Flutter Icons. Provides 1600 additional icons to use in your apps.	10.3.0	99.86130975599185	3171	727	179	6	fluttercommunity	fluttercommunity.dev	NOASSERTION	2022-12-04T13:24:44.000Z
12	collection	Collections and utilities functions and classes related to collections.	1.17.0	99.82230312486456	706	264	69	34	dart-lang	dart.dev	BSD-3-Clause	2022-12-09T17:04:55.000Z
13	lottie	Render After Effects animations natively on Flutter. This package is a pure Dart implementation of a Lottie player.	2.1.0	99.81796905473931	2443	885	163	95	xvrh	xaha.dev	MIT	2022-12-14T13:12:23.000Z
14	sqflite	Flutter plugin for SQLite, a self-contained, high-reliability, embedded, SQL database engine.	2.2.2	99.81363498461405	3527	2528	452	126	tekartik	tekartik.com	BSD-2-Clause	2022-12-04T19:40:08.000Z
15	rxdart	RxDart is an implementation of the popular reactiveX api for asynchronous programming, leveraging the native Dart Streams api.	0.27.7	99.80496684436353	1950	3199	266	46	ReactiveX	fluttercommunity.dev	NOASSERTION	2022-11-28T15:48:04.000Z
16	crypto	Implementations of SHA, MD5, and HMAC cryptographic functions	3.0.2	99.79196463398777	1026	191	42	23	dart-lang	dart.dev	BSD-3-Clause	2022-11-10T17:45:46.000Z
17	flutter_secure_storage	Flutter Secure Storage provides API to store data in secure storage. Keychain is used in iOS, KeyStore based solution is used in Android.	7.0.1	99.78763056386254	2428	888	226	69	mogol	steenbakker.dev	BSD-3-Clause	2022-12-16T12:25:07.000Z
18	shimmer	A package provides an easy way to add shimmer effect in Flutter project	2.0.0	99.77462835348676	3226	1551	185	29	hnvn	hunghd.dev	BSD-3-Clause	2022-07-08T03:27:47.000Z
19	flutter_native_splash	Customize Flutter's default white native splash screen with background color and splash image. Supports dark mode, full screen, and more.	2.2.16	99.76162614311099	4955	936	142	15	jonbhanson	jonhanson.net	MIT	2022-11-27T17:58:46.000Z
20	async	Utility functions and classes related to the 'dart:async' library.	2.10.0	99.75729207298573	366	213	44	13	dart-lang	dart.dev	BSD-3-Clause	2022-11-09T17:20:16.000Z
21	flutter_inappwebview	A Flutter plugin that allows you to add an inline webview, to use an headless webview, and to open an in-app browser window.	5.7.2+3	99.74862393273524	1526	2308	968	588	pichillilorenzo	inappwebview.dev	Apache-2.0	2022-12-16T14:49:41.000Z
22	http_parser	A platform-independent package for parsing and serializing HTTP formats.	4.0.2	99.73995579248472	132	24	23	3	dart-lang	dart.dev	BSD-3-Clause	2022-10-31T00:30:28.000Z
23	html	APIs for parsing and manipulating HTML content outside the browser.	0.15.1	99.7226195119837	392	232	56	71	dart-lang	tools.dart.dev	NOASSERTION	2022-11-09T23:34:42.000Z
24	mime	Utilities for handling media (MIME) types, including determining a type from a file extension and file contents.	1.0.3	99.70961730160795	252	78	38	21	dart-lang	tools.dart.dev	BSD-3-Clause	2022-12-13T15:49:04.000Z
25	args	Library for defining parsers for parsing raw command-line arguments into a set of options and values using GNU and POSIX style options.	2.3.1	99.7052832314827	259	171	60	39	dart-lang	dart.dev	BSD-3-Clause	2022-11-09T20:45:35.000Z
26	logging	Provides APIs for debugging and error logging, similar to loggers in other languages, such as the Closure JS Logger and java.util.logging.Logger.	1.1.0	99.70094916135743	483	239	41	17	dart-lang	dart.dev	BSD-3-Clause	2022-12-06T22:23:52.000Z
27	archive	Provides encoders and decoders for various archive and compression formats such as zip, tar, bzip2, gzip, and zlib.	3.3.5	99.69228102110692	417	296	85	73	brendan-duncan	loki3d.com	MIT	2022-12-06T19:46:53.000Z
28	dart_code_metrics	Software analytics tool that helps developers analyse and improve software quality.	5.2.1	99.68794695098167	749	738	83	56	dart-code-checker	dartcodemetrics.dev	MIT	2022-12-16T15:09:38.000Z
29	flutter_rating_bar	A simple yet fully customizable ratingbar for flutter which also include a rating bar indicator, supporting any fraction of rating.	4.0.1	99.67927881073115	1578	320	75	39	sarbagyastha	sarbagyastha.com.np	MIT	2022-11-28T13:51:05.000Z
30	json_serializable	Automatically generate code for converting to and from JSON by annotating Dart classes.	6.5.4	99.6662766003554	2410	1376	351	76	google	google.dev	BSD-3-Clause	2022-12-05T17:46:38.000Z
31	pin_code_fields	A flutter package which will help you to generate pin code fields. Can be useful for OTP for example.	7.4.0	99.66194253023014	1626	549	245	14	adar2378	theadar.xyz	MIT	2022-12-15T16:10:20.000Z
32	yaml	A parser for YAML, a human-friendly data serialization standard	3.1.1	99.63593810947862	173	120	53	18	dart-lang	tools.dart.dev	MIT	2022-11-15T20:27:41.000Z
33	convert	Utilities for converting between data representations. Provides a number of Sink, Codec, Decoder, and Encoder types.	3.1.1	99.62726996922811	64	45	21	8	dart-lang	dart.dev	BSD-3-Clause	2022-10-12T21:53:57.000Z
34	web_socket_channel	StreamChannel wrappers for WebSockets. Provides a cross-platform WebSocketChannel API, a cross-platform implementation of that API that communicates over an underlying StreamChannel.	2.2.0	99.61426775885234	762	312	81	84	dart-lang	tools.dart.dev	BSD-3-Clause	2022-12-07T09:27:31.000Z
35	source_span	A library for identifying source spans and locations.	1.9.1	99.58392926797556	18	21	14	12	dart-lang	tools.dart.dev	BSD-3-Clause	2022-10-25T17:24:45.000Z
36	string_scanner	A class for parsing strings using a sequence of patterns.	1.2.0	99.57526112772504	150	51	13	5	dart-lang	tools.dart.dev	BSD-3-Clause	2022-12-13T00:08:03.000Z
37	typed_data	Utility functions and classes related to the dart:typed_data library.	1.3.1	99.57092705759979	30	29	10	3	dart-lang	dart.dev	BSD-3-Clause	2022-11-10T17:39:40.000Z
38	shelf	A model for web server middleware that encourages composition and easy reuse.	1.4.0	99.56659298747454	558	699	102	29	dart-lang	tools.dart.dev	BSD-3-Clause	2022-12-08T17:24:18.000Z
39	bloc	A predictable state management library that helps implement the BLoC (Business Logic Component) design pattern.	8.1.0	99.54492263684827	2072	9884	3020	93	felangel	bloclibrary.dev	MIT	2022-12-11T03:56:07.000Z
40	term_glyph	Useful Unicode glyphs and ASCII substitutes.	1.2.1	99.54058856672302	21	10	10	0	dart-lang	tools.dart.dev	BSD-3-Clause	2022-11-15T22:30:35.000Z
41	clock	A fakeable wrapper for dart:core clock APIs.	1.1.1	99.53625449659775	119	34	13	1	dart-lang	tools.dart.dev	Apache-2.0	2022-11-09T23:23:34.000Z
42	pub_semver	Versions and version constraints implementing pub's versioning policy. This is very similar to vanilla semver, with a few corner cases.	2.1.3	99.5319204264725	71	47	22	8	dart-lang	tools.dart.dev	BSD-3-Clause	2022-11-12T00:56:02.000Z
43	stack_trace	A package for manipulating stack traces and printing them readably.	1.11.0	99.51891821609674	145	102	19	18	dart-lang	tools.dart.dev	BSD-3-Clause	2022-12-01T20:24:46.000Z
44	qr_code_scanner	QR code scanner that can be embedded inside flutter. It uses zxing in Android and MTBBarcode scanner in iOS.	1.0.1	99.49724786547046	1494	854	577	127	juliuscanute		BSD-2-Clause	2022-12-14T08:23:47.000Z
45	shelf_static	Static file server support for the shelf package and ecosystem.	1.1.1	99.48857972521995	53	24	25	3	dart-archive	tools.dart.dev	BSD-3-Clause	2022-05-09T20:32:05.000Z
46	webkit_inspection_protocol	A client for the Chrome DevTools Protocol (previously called the Webkit Inspection Protocol).	1.2.0	99.46690937459368	4	24	26	4	google	google.dev	BSD-3-Clause	2022-11-14T17:14:57.000Z
47	io	Utilities for the Dart VM Runtime including support for ANSI colors, file copying, and standard exit code values.	1.0.3	99.45390716421791	26	32	16	19	dart-lang	tools.dart.dev	BSD-3-Clause	2022-11-15T20:27:29.000Z
48	flutter_riverpod	A simple way to access state from anywhere in your application while robust and testable.	2.1.1	99.4365708837169	1321	3837	617	104	rrousselGit	dash-overflow.net	MIT	2022-12-17T20:19:05.000Z
49	csslib	A library for parsing and analyzing CSS (Cascading Style Sheets)	0.17.2	99.42790274346639	22	69	32	21	dart-lang	tools.dart.dev	BSD-3-Clause	2022-11-15T15:46:59.000Z
50	petitparser	A dynamic parser framework to build efficient grammars and parsers quickly.	5.1.0	99.42356867334114	189	381	51	5	petitparser	lukas-renggli.ch	MIT	2022-12-12T07:53:31.000Z
51	glob	A library to perform Bash-style file and directory globbing.	2.1.1	99.41056646296536	37	36	14	6	dart-lang	tools.dart.dev	BSD-3-Clause	2022-11-09T23:20:11.000Z
52	package_config	Support for reading and writing Dart Package Configuration files.	2.1.0	99.40623239284012	6	13	16	6	dart-lang	tools.dart.dev	BSD-3-Clause	2022-11-15T20:29:54.000Z
53	stream_channel	An abstraction for two-way communication channels based on the Dart Stream class.	2.1.1	99.40189832271487	28	38	20	4	dart-lang	tools.dart.dev	BSD-3-Clause	2022-11-10T11:30:32.000Z
54	watcher	A file system watcher. It monitors changes to contents of directories and sends notifications when files have been added, removed, or modified.	1.0.2	99.39323018246435	112	102	26	19	dart-lang	tools.dart.dev	BSD-3-Clause	2022-10-14T17:19:59.000Z
55	fixnum	Library for 32- and 64-bit signed fixed-width integers with consistent behavior between native and JS runtimes.	1.0.1	99.3888961123391	25	36	25	16	dart-lang	dart.dev	BSD-3-Clause	2022-12-08T16:13:54.000Z
56	coverage	Coverage data manipulation and formatting	1.6.1	99.38456204221384	60	90	55	27	dart-lang	tools.dart.dev	BSD-3-Clause	2022-11-14T22:55:10.000Z
57	shelf_web_socket	A shelf handler that wires up a listener for every connection.	1.0.3	99.36722576171283	80	22	15	6	dart-archive	tools.dart.dev	BSD-3-Clause	2022-05-09T20:49:07.000Z
58	http_multi_server	A dart:io HttpServer wrapper that handles requests from multiple servers.	3.2.1	99.35422355133706	31	22	13	1	dart-lang	tools.dart.dev	BSD-3-Clause	2022-11-09T23:47:30.000Z
59	pool	Manage a finite pool of resources. Useful for controlling concurrent file system or network requests.	1.5.1	99.3412213409613	45	35	20	5	dart-lang	tools.dart.dev	BSD-3-Clause	2022-11-09T23:47:56.000Z
60	source_maps	A library to programmatically manipulate source map files.	0.10.11	99.33688727083604	0	12	14	13	dart-lang	tools.dart.dev	BSD-3-Clause	2022-10-19T17:16:50.000Z
61	shelf_packages_handler	A shelf handler for serving a `packages/` directory.	3.0.1	99.31088285008451	2	3	4	0	dart-archive	tools.dart.dev	BSD-3-Clause	2022-05-09T20:49:46.000Z
62	tuple	A library providing a tuple data structure.	2.0.1	99.302214709834	356	171	27	11	google	google.dev	BSD-2-Clause	2022-10-06T20:21:52.000Z
63	matcher	Support for specifying test expectations via an extensible Matcher class. Also includes a number of built-in Matcher implementations for common cases.	0.12.14	99.29788063970875	28	53	32	27	dart-lang	dart.dev	BSD-3-Clause	2022-12-13T19:01:10.000Z
64	flutter_image_compress	Compress image with native (Objective-C/Kotlin) with faster speed. Support Android/iOS.	1.1.3	99.2935465695835	815	505	132	60	fluttercandies		MIT	2022-09-22T08:48:55.000Z
65	source_map_stack_trace	A package for applying source maps to stack traces.	2.1.1	99.28487842933299	5	5	7	0	dart-lang	tools.dart.dev	BSD-3-Clause	2022-10-18T18:16:18.000Z
66	sync_http	Synchronous HTTP client for Dart.	0.3.1	99.28054435920774	4	10	14	5	google	google.dev	BSD-3-Clause	2022-12-02T18:53:11.000Z
67	webdriver	Provides WebDriver bindings for Dart. Supports WebDriver JSON interface and W3C spec. Requires the use of WebDriver remote server.	3.0.1	99.26754214883196	29	121	59	23	google	google.dev	Apache-2.0	2022-12-15T01:13:15.000Z
68	wakelock	Plugin that allows you to keep the device screen awake, i.e. prevent the screen from sleeping on Android, iOS, macOS, Windows, and web.	0.6.2	99.26320807870671	1120	336	57	7	creativecreatorormaybenot	creativemaybeno.dev	BSD-3-Clause	2022-09-13T04:03:51.000Z
69	dropdown_search	Simple and robust Searchable Dropdown with item search feature, making it possible to use an offline item list or filtering URL for easy customization.	5.0.5	99.2545399384562	1183	239	219	11	salim-lachdhaf	salimdev.ovh	MIT	2022-12-05T08:46:47.000Z
70	boolean_selector	A flexible syntax for boolean expressions, based on a simplified version of Dart's expression syntax.	2.1.1	99.24153772808044	9	15	12	1	dart-lang	tools.dart.dev	BSD-3-Clause	2022-11-10T17:41:56.000Z
71	json_rpc_2	Utilities to write a client or server using the JSON-RPC 2.0 spec.	3.0.2	99.21119923720366	56	63	33	6	dart-lang	tools.dart.dev	BSD-3-Clause	2022-11-09T23:47:44.000Z
72	flutter_keyboard_visibility	Flutter plugin for discovering the state of the soft-keyboard visibility on Android and iOS.	5.4.0	99.20253109695315	556	300	61	17	MisterJimson	jasonrai.ca	MIT	2022-12-08T13:51:05.000Z
73	shelf_proxy	A shelf handler for proxying HTTP requests to another server.	1.0.2	99.19386295670265	49	24	15	10	dart-archive	tools.dart.dev	BSD-3-Clause	2022-05-09T20:50:00.000Z
74	completion	A package to add shell command completion to your Dart application	1.0.1	99.18519481645212	25	53	11	1	kevmoo	j832.com	BSD-3-Clause	2022-12-14T20:13:37.000Z
75	fake_async	Fake asynchronous events such as timers and microtasks for deterministic testing.	1.3.1	99.18086074632687	48	68	13	5	dart-lang	dart.dev	Apache-2.0	2022-11-09T23:22:10.000Z
76	browser_launcher	Provides a standardized way to launch web browsers for testing and tools.	1.1.1	99.1591903957006	5	10	9	2	dart-lang	tools.dart.dev	BSD-3-Clause	2022-12-13T18:32:41.000Z
77	sse	Provides client and server functionality for setting up bi-directional communication through Server Sent Events (SSE) and corresponding POST requests.	4.1.2	99.15485632557535	24	49	18	5	dart-lang	tools.dart.dev	BSD-3-Clause	2022-12-14T21:03:50.000Z
78	sentry_flutter	Sentry SDK for Flutter. This package aims to support different Flutter targets by relying on the many platforms supported by Sentry with native SDKs.	6.18.1	99.14618818532483	495	600	159	78	getsentry	sentry.io	MIT	2022-12-17T03:02:13.000Z
79	usage	A Google Analytics wrapper for command-line, web, and Flutter apps.	4.1.0	99.14185411519958	58	139	48	15	dart-lang	tools.dart.dev	BSD-3-Clause	2022-10-20T20:09:59.000Z
80	pdf	A pdf producer for Dart. It can create pdf files for both web or flutter.	3.8.4	99.12885190482382	1744	949	370	117	DavBfr	nfet.net	Apache-2.0	2022-12-06T09:29:55.000Z
81	ffi	Utilities for working with Foreign Function Interface (FFI) code.	2.0.1	99.12018376457331	161	125	28	20	dart-lang	dart.dev	BSD-3-Clause	2022-11-21T11:11:52.000Z
82	internet_connection_checker	A pure Dart library that checks for internet by opening a socket to a list of specified addresses, each with individual port and timeout. Defaults are provided for convenience.	1.0.0+1	99.11584969444806	614	61	16	14	RounakTadvi		NOASSERTION	2022-09-22T10:54:54.000Z
83	vector_math	A Vector Math library for 2D and 3D applications.	2.1.4	99.10718155419754	197	259	77	19	google	google.dev	NOASSERTION	2022-11-01T09:39:33.000Z
84	pinput	Pin code input (OTP) text field, iOS SMS autofill, Android SMS autofill One Time Code, Password, Passcode, Captcha, Security, Coupon, Wowcher, 2FA, Two step verification	2.2.16	99.09851341394705	1295	447	110	5	Tkko	fman.ge	MIT	2022-10-07T08:18:37.000Z
85	youtube_player_flutter	Flutter plugin for playing or streaming inline YouTube videos using the official iFrame player API. This plugin supports both Android and iOS.	8.1.1	99.08984527369653	1045	555	563	311	sarbagyastha	sarbagyastha.com.np	BSD-3-Clause	2022-12-12T15:34:31.000Z
86	flutter_downloader	Powerful plugin making it easy to download files.	1.9.1	99.08551120357127	1050	782	426	270	fluttercommunity	fluttercommunity.dev	BSD-3-Clause	2022-12-17T18:49:53.000Z
87	timezone	Time zone database and time zone aware DateTime.	0.9.0	99.06817492307025	240	76	38	31	srawlins		BSD-2-Clause	2022-11-07T12:23:11.000Z
88	flutter_hooks	A flutter implementation of React hooks. It adds a new kind of widget with enhanced code reuse.	0.18.5+1	99.05950678281975	1522	2553	147	29	rrousselGit	dash-overflow.net	MIT	2022-07-20T09:57:15.000Z
89	quiver	Quiver is a set of utility libraries for Dart that makes using many Dart libraries easier and more convenient, or adds additional functionality.	3.1.0	99.0161660815672	409	901	140	50	google	google.dev	Apache-2.0	2022-12-09T17:16:25.000Z
90	flutter_map	A versatile mapping package for Flutter, based off leaflet.js, that's simple and easy to learn, yet completely customizable and configurable.	3.0.0	98.98582759069042	1104	2231	711	25	fleaflet	fleaflet.dev	BSD-3-Clause	2022-12-11T21:07:27.000Z
91	jiffy	Jiffy is a date dart package inspired by momentjs for parsing, manipulating and formatting dates	5.0.0	98.98149352056517	569	401	78	32	jama5262		MIT	2022-11-02T17:46:17.000Z
92	hooks_riverpod	A simple way to access state from anywhere in your application while robust and testable.	2.1.1	98.93381874918737	554	3837	617	104	rrousselGit	dash-overflow.net	MIT	2022-12-17T20:19:05.000Z
93	win32	A Dart library for accessing common Win32 APIs using FFI. No C required!	3.1.3	98.91214839856109	561	601	94	31	timsneath	sneath.org	BSD-3-Clause	2022-12-17T10:19:39.000Z
94	printing	Plugin that allows Flutter apps to generate and print documents to compatible printers on Android, iOS, macOS, Windows, and Linux, as well as web print.	5.9.3	98.89481211806007	973	949	370	117	DavBfr	nfet.net	Apache-2.0	2022-12-06T09:29:55.000Z
95	socket_io_client	Dartlang port of socket.io-client for web, flutter, dartvm to use	2.0.0	98.8818099076843	881	551	140	95	rikulo		MIT	2022-12-17T13:34:57.000Z
96	googleapis	Auto-generated client libraries for accessing Google APIs described through the API discovery service.	9.2.0	98.87747583755905	667	329	102	33	google	google.dev	BSD-3-Clause	2022-12-08T01:19:31.000Z
97	flutter_form_builder	This package helps in creation of forms in Flutter by removing the boilerplate code, reusing validation, react to changes, and collect final user input.	7.7.0	98.8731417674338	1716	1191	441	52	flutter-form-builder-ecosystem	flutterformbuilderecosystem.com	BSD-3-Clause	2022-12-15T15:22:03.000Z
98	mockito	A mock framework inspired by Mockito with APIs for Fakes, Mocks, behavior verification, and stubbing.	5.3.2	98.86447362718329	891	553	146	56	dart-lang	dart.dev	Apache-2.0	2022-12-14T21:34:39.000Z
99	event_bus	A simple Event Bus using Dart Streams for decoupling applications	2.0.0	98.85580548693278	463	697	75	0	marcojakob	jakobservices.ch	MIT	2022-03-01T17:38:59.000Z
100	pubspec_parse	Simple package for parsing pubspec.yaml files with a type-safe API and rich error reporting.	1.2.1	98.84713734668227	24	42	16	5	dart-lang	tools.dart.dev	BSD-3-Clause	2022-12-12T22:14:20.000Z
101	dotted_line	This package allows you to draw dotted lines with Flutter. You can draw a beautiful dotted line.	3.1.0	98.8341351363065	177	33	12	4	umechanhika		BSD-3-Clause	2022-09-04T08:08:54.000Z
102	video_thumbnail	A flutter plugin for creating a thumbnail from a local video file or from a video URL.	0.5.3	98.80379664542971	340	153	114	28	justsoft		MIT	2022-11-14T15:45:18.000Z
103	mobile_scanner	A universal barcode and QR code scanner for Flutter based on MLKit. Uses CameraX on Android, AVFoundation on iOS and Apple Vision & AVFoundation on macOS.	2.1.0	98.7777922246782	687	319	194	75	juliansteenbakker	steenbakker.dev	BSD-3-Clause	2022-12-13T12:26:48.000Z
104	cli_util	A library to help in building Dart command-line apps.	0.3.5	98.75612187405193	40	45	22	5	dart-lang	tools.dart.dev	BSD-3-Clause	2022-11-15T15:54:18.000Z
105	awesome_notifications	A complete solution to create Local and Push Notifications, customizing buttons, images, sounds, emoticons and applying many different layouts for Flutter apps.	0.7.4+1	98.75178780392667	1930	560	211	24	rafaelsetragni	carda.me	Apache-2.0	2022-11-28T13:30:31.000Z
106	grouped_list	A Flutter ListView where the list items can be grouped into sections.	5.1.2	98.7387855935509	911	275	78	45	Dimibe	begnis.dev	MIT	2022-10-20T16:04:42.000Z
107	flutter_staggered_animations	Easily add staggered animations to your ListView, GridView, Column and Row children as shown in Material Design guidelines	1.1.1	98.73445152342565	1317	1230	119	10	The-ring-io	dailyn.app	MIT	2022-11-09T20:05:42.000Z
108	stream_transform	A collection of utilities to transform and manipulate streams.	2.1.0	98.72144931304987	159	104	18	11	dart-lang	tools.dart.dev	BSD-3-Clause	2022-12-12T18:24:29.000Z
109	characters	String replacement with operations that are Unicode/grapheme cluster aware.	1.2.1	98.6911108221731	272	54	11	3	dart-lang	dart.dev	BSD-3-Clause	2022-11-09T23:30:34.000Z
110	rive	Rive 2 Flutter Runtime. This package provides runtime functionality for playing back and interacting with animations built with the Rive editor available at https://rive.app.	0.10.0	98.67377454167209	975	751	126	51	rive-app	rive.app	MIT	2022-12-14T22:15:44.000Z
111	protobuf	Runtime library for protocol buffers support. Use https://pub.dev/packages/protoc_plugin to generate dart code for your '.proto' files.	2.1.0	98.65643826117106	130	57440	14648	678	protocolbuffers	google.dev	NOASSERTION	2022-12-17T21:34:26.000Z
112	responsive_framework	Easily make Flutter apps responsive. Automatically adapt UI to different screen sizes. Responsiveness made simple.	0.2.0	98.62609977029429	2100	923	110	50	Codelessly	codelessly.com	0BSD	2022-09-18T16:01:30.000Z
113	lints	Official Dart lint rules. Defines the 'core' and 'recommended' set of lints suggested by the Dart team.	2.0.1	98.61309755991851	162	66	22	23	dart-lang	tools.dart.dev	BSD-3-Clause	2022-11-14T22:19:20.000Z
114	animate_do	Beautiful animations inspired on Animate.css, every animation is a widget that contains default but customizable values that look attractive.	3.0.2	98.587093139167	2898	157	30	7	Klerith	fernando-herrera.com	MIT	2022-11-24T13:47:31.000Z
115	gcloud	High level idiomatic Dart API for Google Cloud Storage, Pub-Sub and Datastore.	0.8.7	98.53075022753868	57	89	40	42	dart-lang	labs.dart.dev	BSD-3-Clause	2022-11-22T08:56:54.000Z
116	marquee	A Flutter widget that scrolls text infinitely. Provides many customizations including custom scroll directions, durations, curves as well as pauses after every round.	2.2.3	98.50474580678716	662	216	64	36	MarcelGarus		MIT	2022-06-04T20:38:07.000Z
117	photo_manager	A Flutter plugin that provides assets abstraction management APIs on Android, iOS, and macOS.	2.5.1+1	98.49607766653664	408	518	215	25	fluttercandies	fluttercandies.com	Apache-2.0	2022-12-13T16:28:02.000Z
118	country_picker	A flutter package to select a country from a list of countries.	2.0.19	98.45273696528409	157	58	81	20	Daniel-Ioannou		MIT	2022-12-17T15:43:54.000Z
119	flutter_animate	Add beautiful animated effects & builders in Flutter, via an easy, customizable, unified API.	2.0.1	98.43973475490834	584	345	19	19	gskinner	gskinner.com	BSD-3-Clause	2022-11-16T06:10:51.000Z
120	charcode	Constants for ASCII and common non-ASCII character codes. Integer constants corresponding to the code points of individual characters.	1.3.1	98.43106661465782	28	21	10	2	lrhn	infimum.dk	BSD-3-Clause	2022-10-14T16:50:53.000Z
121	persistent_bottom_nav_bar	A do all, highly customizable persistent/static bottom navigation bar for flutter. Includes up-to 20 styles.	5.0.2	98.42239847440732	1585	420	256	152	BilalShahid13		BSD-3-Clause	2022-10-09T22:19:51.000Z
122	multi_select_flutter	A flexible multi select package for Flutter. Make multi select widgets the way you want.	4.1.3	98.34871928227798	477	176	140	98	CHB61		BSD-2-Clause	2022-12-08T10:41:19.000Z
123	timeline_tile	A package to help you build highly customisable timelines with Flutter.	2.0.0	98.34005114202748	1336	542	122	23	JHBitencourt	juliobitencourt.com	MIT	2022-10-26T12:08:15.000Z
124	sliver_tools	A set of useful sliver tools that are missing from the flutter framework	0.2.8	98.33138300177697	752	410	39	15	Kavantix	pietervanloon.com	MIT	2022-11-28T10:51:07.000Z
125	youtube_player_iframe	Flutter port of the official YouTube iFrame player API. Supports web & mobile platforms.	3.1.0	98.31838079140121	356	555	563	311	sarbagyastha	sarbagyastha.com.np	BSD-3-Clause	2022-12-12T15:34:31.000Z
126	decimal	The decimal package allows you to deal with decimal numbers without losing precision.	2.3.2	98.30971265115069	204	146	39	2	a14n		Apache-2.0	2022-12-07T14:19:22.000Z
127	wechat_assets_picker	An audio/video/image picker in pure Dart which is the same with WeChat,support multi picking, custom item and delegates override.	8.2.0	98.30537858102544	436	1115	308	4	fluttercandies	fluttercandies.com	Apache-2.0	2022-12-09T10:00:30.000Z
128	in_app_update	Enables In App Updates on Android using the official Android APIs.	4.0.1	98.29671044077493	622	234	58	10	jonasbark	jonasbark.de	NOASSERTION	2022-11-28T11:08:00.000Z
129	form_builder_validators	Form Builder Validators set of validators for FlutterFormBuilder. Provides common validators and a way to make your own.	8.4.0	98.29237637064968	108	7	15	4	flutter-form-builder-ecosystem	flutterformbuilderecosystem.com	BSD-3-Clause	2022-12-01T07:09:26.000Z
130	flutter_phoenix	Easily restart your application from scratch, losing any previous state	1.1.0	98.28370823039917	359	119	9	7	The-ring-io	dailyn.app	MIT	2022-08-23T16:00:34.000Z
131	flutter_sound	Europe Stand With Ukraine. Pray for Ukraine. A complete api for audio playback and recording. Audio player, audio recorder.	9.2.13	98.27937416027392	1025	762	459	245	Canardoux	tau.canardoux.xyz	MPL-2.0	2022-10-21T03:07:36.000Z
132	formz	A unified form representation in Dart which aims to simplify form representation and validation in a generic way.	0.4.1	98.21436310839509	425	217	27	9	VeryGoodOpenSource	verygood.ventures	MIT	2022-12-13T02:08:36.000Z
133	nb_utils	Collection of Widgets and helpful Methods that every developer needs.	4.6.25	98.20136089801933	207	51	19	5	bhoominn	bhoominn.com	MIT	2022-11-24T17:43:31.000Z
134	nested	A Flutter Widget which helps nest multiple widgets without needing to manually nest them.	1.0.0	98.18835868764356	264	112	12	1	rrousselGit	dash-overflow.net	MIT	2021-02-20T16:36:28.000Z
135	loading_animation_widget	Loading animation or loading spiner or loader. It's used to show loading animation when the app is in loading state or something is processing for uncertain time.	1.2.0+4	98.17969054739307	522	68	20	1	watery-desert	waterydesert.com	BSD-3-Clause	2022-12-14T11:04:34.000Z
136	mocktail	A Dart mock library which simplifies mocking with null safety support and no manual mocks or code generation.	0.3.0	98.17102240714254	658	428	63	22	felangel	felangel.dev	MIT	2022-12-06T12:35:53.000Z
137	data_table_2	In-place substitute for Flutter's DataTable and PaginatedDataTable with fixed/sticky headers and few extra features	2.3.10	98.13201577601525	404	118	69	18	maxim-saplin	saplin.blogspot.com	BSD-3-Clause	2022-12-12T19:29:19.000Z
138	drift	Drift is a reactive library to store relational data in Dart and Flutter applications.	2.3.0	98.12768170589	833	1797	237	103	simolus3	simonbinder.eu	MIT	2022-12-17T20:37:15.000Z
139	workmanager	Flutter Workmanager. This plugin allows you to schedule background work on Android and iOS.	0.5.1	98.12334763576474	1253	698	173	59	fluttercommunity	fluttercommunity.dev	MIT	2022-11-07T20:00:35.000Z
140	barcode_widget	Barcode generation widget for Flutter with support for standard barcodes.	2.0.3	97.9846573917566	180	88	26	7	DavBfr	nfet.net	Apache-2.0	2022-12-07T16:49:31.000Z
141	hydrated_bloc	An extension to the bloc state management library which automatically persists and restores bloc states.	9.0.0	97.97165518138084	501	189	25	0	felangel	bloclibrary.dev	MIT	2020-07-09T03:23:09.000Z
142	purchases_flutter	Flutter in-app purchases and subscriptions made easy. The plugin supports Apple, Android, and the web.	4.5.3	97.94998483075457	406	412	114	14	RevenueCat	revenuecat.com	MIT	2022-12-16T18:35:03.000Z
143	flutter_login_facebook	Login via Facebook. Easily add Facebook login feature in your application. User profile information included.	1.7.0	97.91097819962728	176	64	42	14	Innim	innim.ru	BSD-3-Clause	2022-12-07T15:09:34.000Z
144	amplify_flutter	The top level Flutter package for the AWS Amplify libraries.	0.6.10	97.7939583062454	111	1128	176	192	aws-amplify	aws-amplify.com	Apache-2.0	2022-12-17T00:16:28.000Z
145	flutter_cached_pdfview	A package to show Native PDF View for iOS and Android, support Open from a different resource like Path, Asset or Url and Cache it.	0.4.1	97.76361981536861	291	94	34	39	binSaed	abdosaed.ml	MIT	2022-05-16T21:31:57.000Z
146	flutter_phone_direct_caller	Simple flutter plugin to call a number directly, without going to phone dialer, from app	2.1.1	97.75928574524336	223	21	20	9	yanisalfian		MIT	2022-10-26T15:29:16.000Z
147	amplify_auth_cognito	The Amplify Flutter Auth category plugin using the AWS Cognito provider.	0.6.10	97.75495167511811	66	1128	176	192	aws-amplify	aws-amplify.com	Apache-2.0	2022-12-17T00:16:28.000Z
148	flutter_ringtone_player	A simple player for system default ringtones, alarms and notifications	3.2.0	97.70727690374031	173	61	37	8	inway	inway.dev	MIT	2022-11-08T23:47:13.000Z
149	riverpod	A simple way to access state from anywhere in your application while robust and testable.	2.1.1	97.68560655311403	2201	3837	617	104	rrousselGit	dash-overflow.net	MIT	2022-12-17T20:19:05.000Z
150	flutter_chat_ui	Actively maintained, community-driven chat UI implementation with an optional Firebase BaaS.	1.6.6	97.66827027261301	694	627	328	24	flyerhq	flyer.chat	Apache-2.0	2022-12-15T19:35:36.000Z
151	flutter_windowmanager	A Flutter plugin for manipulating Android WindowManager LayoutParams.	0.2.0	97.6596021323625	197	39	17	9	adaptant-labs	adaptant.io	Apache-2.0	2021-08-26T10:45:43.000Z
152	geocode	Package to make Geocode requests. It exposes two methods to translate coordinates into locations and addresses into coordinates.	1.0.2	97.65526806223724	84	6	7	4	imvalient	imanol.dev	BSD-3-Clause	2022-07-24T11:27:50.000Z
153	android_id	A Flutter plugin for getting the Android ID. Only for Android.	0.1.3+1	97.62926364148572	37	12	3	1	fluttercommunity	achim.io	BSD-3-Clause	2022-11-28T22:33:32.000Z
154	shrine_images	Image assets for the Material Components for Flutter codelabs based on an app called Shrine.	2.0.2	97.62492957136047	5	18	19	0	material-components		NOASSERTION	2022-12-07T19:48:40.000Z
155	sentry	A crash reporting library for Dart that sends crash reports to Sentry.io. This library supports Dart VM and Web. For Flutter consider sentry_flutter instead.	6.18.1	97.59459108048368	381	600	159	78	getsentry	sentry.io	MIT	2022-12-17T03:02:13.000Z
156	flex_color_scheme	A Flutter package to use and make beautiful Material design based themes.	6.1.1	97.59025701035843	1362	453	59	3	rydmike	rydmike.com	NOASSERTION	2022-12-11T20:12:08.000Z
157	velocity_x	A minimalist Flutter framework for rapidly building custom designs.	3.6.0	97.58592294023317	1082	1159	161	11	iampawan	codepur.dev	MIT	2022-10-12T13:25:49.000Z
158	adaptive_dialog	Show alert dialog or modal action sheet adaptively according to platform.	1.8.0+1	97.53391409873011	708	244	46	11	mono0926	mono0926.com	MIT	2022-09-01T00:24:24.000Z
159	data_connection_checker	A pure Dart library that checks for internet by opening a socket to a list of specified addresses, each with individual port and timeout. Defaults are provided for convenience.	0.3.4	97.49490746760281	415	103	71	19	komapeb		NOASSERTION	2021-12-14T10:00:14.000Z
160	flutter_quill	A rich text editor supporting mobile and web (Demo App @ bulletjournal.us)	6.1.6	97.48623932735232	919	1666	449	60	singerdmx	bulletjournal.us	MIT	2022-11-17T20:45:49.000Z
161	dart_style	Opinionated, automatic Dart source code formatter. Provides an API and a CLI tool.	2.2.4	97.46456897672604	69	571	108	101	dart-lang	tools.dart.dev	BSD-3-Clause	2022-11-29T20:17:14.000Z
162	flutter_vibrate	A Haptic Feedback plugin.	1.3.0	97.41689420534824	129	81	54	2	rodydavis		MIT	2022-02-26T16:48:22.000Z
163	isar	Extremely fast, easy to use, and fully async NoSQL database for Flutter.	3.0.5	97.3822216443462	1037	2009	158	49	isar	isar.dev	Apache-2.0	2022-12-12T10:00:38.000Z
164	isar_flutter_libs	Isar Core binaries for the Isar Database. Needs to be included for Flutter apps.	3.0.5	97.36921943397044	13	2009	158	49	isar	isar.dev	Apache-2.0	2022-12-12T10:00:38.000Z
165	stop_watch_timer	Simple CountUp timer / CountDown timer. It easily create app of stopwatch.	2.0.0	97.36488536384519	172	75	39	1	hukusuke1007	neverjp.com	MIT	2022-09-10T08:14:40.000Z
166	grpc	Dart implementation of gRPC, a high performance, open-source universal RPC framework.	3.1.0	97.36055129371994	246	728	209	65	grpc	dart.dev	Apache-2.0	2022-12-13T20:46:41.000Z
167	image_editor	Edit your image data and output to file/memory on Android and iOS.	1.3.0	97.33888094309367	209	314	94	15	fluttercandies	fluttercandies.com	Apache-2.0	2022-11-15T13:26:26.000Z
168	build	A package for authoring build_runner compatible code generators.	2.3.1	97.26953582108958	58	675	192	175	dart-lang	dart.dev	BSD-3-Clause	2022-12-16T20:16:10.000Z
169	flick_video_player	Flick Video Player is a video player for flutter. The video_player plugin gives low level access for the video playback.	0.5.0	97.21319290946127	350	194	167	33	GeekyAnts	geekyants.com	NOASSERTION	2022-11-04T11:04:21.000Z
170	expandable_text	Widget that only shows the first lines of a text and adds a link to expand the full text.	2.3.0	97.19585662896026	165	33	30	12	fweinaug		MIT	2022-06-13T05:36:21.000Z
171	source_gen	Source code generation builders and utilities for the Dart build system	1.2.6	97.1828544185845	100	416	93	24	dart-lang	tools.dart.dev	BSD-3-Clause	2022-12-01T20:41:01.000Z
172	dynamic_color	A Flutter package to create Material color schemes based on a platform's implementation of dynamic color.	1.5.4	97.14818185758246	153	53	12	6	material-foundation	material.io	BSD-3-Clause	2022-12-07T11:11:46.000Z
173	mixpanel_flutter	Official Flutter Tracking SDK for Mixpanel Analytics developed and maintained by Mixpanel, Inc.	2.0.0	97.13084557708143	65	43	32	22	mixpanel		Apache-2.0	2022-12-12T13:51:32.000Z
174	markdown	A portable Markdown library written in Dart that can parse Markdown into HTML.	6.0.1	97.11350929658042	173	348	159	39	dart-lang	tools.dart.dev	BSD-3-Clause	2022-12-16T18:04:09.000Z
175	external_app_launcher	A Flutter plugin which helps you to open another app from your app	3.1.0	97.10917522645516	159	4	12	5	GeekyAnts	geekyants.com	BSD-3-Clause	2022-08-04T13:42:48.000Z
176	http_interceptor	A lightweight, simple plugin that allows you to intercept request and response objects and modify them if desired.	1.0.2	97.10484115632991	136	86	51	4	CodingAleCR	codingale.dev	MIT	2022-08-24T21:03:52.000Z
177	styled_text	Text widget with formatted text using tags. Makes it easier to use formatted text in multilingual applications.	6.0.0	97.07883673557838	286	59	36	1	andyduke	amazingsoftworks.com	BSD-3-Clause	2022-10-11T16:57:09.000Z
178	file_saver	This package will help you save file with a single method on any platform including macOS, iOS, Android, Windows, Web, Linux.	0.1.1	97.06583452520262	177	32	40	19	incrediblezayed		BSD-3-Clause	2022-07-27T07:31:34.000Z
179	brasil_fields	O jeito mais fácil de utilizar padrões e formatos brasileiros em seu projeto Dart.	1.9.0	97.05716638495211	398	98	32	10	flutterbootcamp	flutterbootcamp.com.br	NOASSERTION	2022-12-16T23:09:29.000Z
180	lint	An opinionated, community-driven set of lint rules for Dart and Flutter projects. Like pedantic but stricter	2.0.1	97.02249382395007	741	254	73	15	passsy	pascalwelsch.com	Apache-2.0	2022-11-30T14:52:38.000Z
181	objectbox	Flutter database for super-fast NoSQL ACID compliant object persistence.	1.7.0	97.01382568369957	822	719	86	54	objectbox	objectbox.io	Apache-2.0	2022-12-16T15:46:25.000Z
182	flutter_archive	Create and extract ZIP archive files in Android, iOS and macOS. Zip all files in a directory recursively or a given list of files.	5.0.0	96.9921553330733	108	46	34	10	kineapps	kineapps.com	BSD-3-Clause	2022-10-21T10:29:33.000Z
183	objectbox_flutter_libs	Superfast NoSQL Flutter / Dart database. This package contains Flutter runtime libraries for ObjectBox.	1.7.0	96.90980800069346	17	719	86	54	objectbox	objectbox.io	Apache-2.0	2022-12-16T15:46:25.000Z
184	pinch_zoom	A widget based on Flutter's new Interactive Viewer that makes picture pinch zoom, and return to its initial size and position when released.	1.0.0	96.90547393056819	139	35	13	3	tkortekaas	jelter.net	ISC	2021-07-16T19:20:08.000Z
185	barcode	Barcode generation library for Dart that can generate generic drawing operations for any backend.	2.2.3	96.85346508906514	330	88	26	7	DavBfr	nfet.net	Apache-2.0	2022-12-07T16:49:31.000Z
186	flutter_sms	A Flutter plugin to Send SMS and MMS on iOS and Android. If iMessage is enabled it will send as iMessage on iOS. This plugin must be tested on a real device on iOS.	2.3.3	96.84479694881463	249	207	96	28	fluttercommunity	fluttercommunity.dev	MIT	2022-08-02T13:56:14.000Z
187	twitter_login	Flutter Twitter Login Plugin. Library for login with Twitter APIs OAuth service	4.2.3	96.82746066831362	84	44	32	6	0maru		MIT	2022-11-12T14:45:11.000Z
188	flutter_login	A login widget with login/signup functionalities to help speed up development	4.1.1	96.82312659818835	1059	1224	658	61	NearHuscarl		MIT	2022-12-07T07:52:51.000Z
189	copy_with_extension	Annotation for generating `copyWith` extensions code using `copy_with_extension_gen`.	5.0.0	96.80579031768734	70	57	23	8	numen31337	oleksandrkirichenko.com	MIT	2022-12-02T23:18:09.000Z
190	qr	A QR code generation library for Dart and Flutter. Supports QR code version 1 through 40, error correction and redundancy.	3.0.1	96.79712217743683	134	234	54	2	kevmoo	j832.com	BSD-3-Clause	2022-12-15T21:18:34.000Z
191	iconsax	Iconsax for flutter (1000+ icons 6 diferent styles, total 6000+ icons).	0.0.8	96.76678368656006	217	14	5	8	luisDanielRoviraContreras		GPL-3.0	2022-06-28T08:48:23.000Z
192	bitsdojo_window	A package to help with creating custom windows with Flutter desktop (custom border, titlebar and minimize/maximize/close buttons) and common desktop window operations (show/hide/position on screen) for Windows and macOS	0.1.5	96.75378147618429	651	598	142	98	bitsdojo	bitsdojo.com	MIT	2022-11-19T14:48:02.000Z
193	amplitude_flutter	Amplitude Flutter plugin	3.13.0	96.74511333593378	72	80	38	19	amplitude		MIT	2022-12-12T20:30:44.000Z
194	custom_pop_up_menu	Wrap a widget with CustomPopupMenu, Tap or Long Press this widget, a popup menu would display in a suitable position.	1.2.4	96.7234429853075	188	88	34	9	malikwang	malikwang.com	MIT	2022-10-29T19:46:59.000Z
195	custom_refresh_indicator	Flutter Widget that make it easy to implement custom refresh indicator.	2.0.1	96.714774845057	392	315	47	0	gonuit	klyta.it	MIT	2022-11-04T16:56:56.000Z
196	drift_dev	Dev-dependency for users of drift. Contains a the generator and development tools.	2.3.3	96.6280934425519	16	1797	237	103	simolus3	simonbinder.eu	MIT	2022-12-17T20:37:15.000Z
197	flutter_chat_types	Utility library for the flutter_chat_ui and flutter_firebase_chat_core libraries which contains shared type declarations.	3.6.0	96.61075716205089	23	14	48	1	flyerhq	flyer.chat	MIT	2022-10-29T07:17:39.000Z
198	very_good_analysis	Lint rules for Dart and Flutter used internally at Very Good Ventures.	3.1.0	96.5327438997963	333	242	30	1	VeryGoodOpenSource	verygood.ventures	MIT	2022-12-13T14:47:03.000Z
199	flutter_exif_rotation	Flutter plugin that fixes the picture orientation when it's took in landscape for some devices.	0.5.1	96.52840982967105	56	23	46	15	NGhebreial		BSD-3-Clause	2022-04-03T10:36:06.000Z
200	web3dart	Dart library to connect to Ethereum clients. Send transactions and interact with smart contracts!	2.5.2	96.49373726866901	368	91	45	56	xclud	pwa.ir	MIT	2022-12-14T20:38:05.000Z
201	webview_cookie_manager	Have you been turned into a cookie management problem? This package can help. It has all of the cookie management functionality you have been looking for.	2.0.6	96.47640098816798	63	40	29	6	fryette	mobilepeople.dev	MIT	2021-11-15T11:07:33.000Z
202	algolia	Algolia is a pure dart SDK, wrapped around Algolia REST API for easy implementation for your Flutter or Dart projects.	1.1.1	96.47206691804273	190	112	67	17	knoxpo	knoxpo.com	NOASSERTION	2022-10-08T11:49:40.000Z
203	amplify_api	The Amplify Flutter API category plugin, supporting GraphQL and REST operations.	0.6.10	96.46339877779222	30	1128	176	192	aws-amplify	aws-amplify.com	Apache-2.0	2022-12-17T00:16:28.000Z
204	dart_jsonwebtoken	A dart implementation of the famous javascript library 'jsonwebtoken' (JWT).	2.6.2	96.43306028691543	98	28	19	4	jonasroussel	jroussel.fr	MIT	2022-12-11T19:08:14.000Z
205	simple_gradient_text	Create fast and simple gradient texts, whether linear or radial, you just decide the colors and the text to display, very easy.	1.2.4	96.40705586616392	38	5	5	0	astudilloalex	alexastudillo.com	Apache-2.0	2022-09-24T19:09:38.000Z
206	wechat_camera_picker	A camera picker based on WeChat's UI which is a separate runnable extension to wechat_assets_picker.	3.6.5	96.40272179603866	137	263	83	5	fluttercandies	fluttercandies.com	Apache-2.0	2022-12-05T14:55:47.000Z
207	scroll_snap_list	A Flutter widget that allows "snaping" event to an item at the end of user-scroll.	0.9.1	96.37238330516188	289	84	30	13	MSVCode	msvcode.com	NOASSERTION	2022-05-29T10:59:44.000Z
208	tab_indicator_styler	Add beautiful and trending tab indicators directly to your default Flutter TabBar	2.0.0	96.36804923503662	203	50	16	3	adar2378	theadar.xyz	MIT	2022-04-20T05:11:00.000Z
209	oauth2	A client library for authenticating with a remote service via OAuth2 on behalf of a user, and making authorized HTTP requests with the user's OAuth2 credentials.	2.0.1	96.36371516491137	210	173	116	44	dart-lang	tools.dart.dev	BSD-3-Clause	2022-11-11T07:22:29.000Z
210	custom_info_window	A widget based custom info window for google_maps_flutter package.	1.0.1	96.35504702466086	90	21	16	6	abhishekduhoon	abhishekduhoon.com	BSD-3-Clause	2022-09-19T00:18:17.000Z
211	pluto_grid	PlutoGrid is a dataGrid that can be controlled by the keyboard on desktop and web. Of course, it works well on Android and IOS. (DataGrid, DataTable, Data Grid, Data Table, Sticky)	5.4.9	96.3507129545356	552	444	136	95	bosskmk	weblaze.dev	MIT	2022-12-15T13:38:25.000Z
212	supabase_flutter	Flutter integration for Supabase. This package makes it simple for developers to build secure and scalable products.	1.2.2	96.32904260390933	173	237	52	54	supabase	supabase.io	MIT	2022-12-02T09:07:59.000Z
213	accordion	An expandable Flutter widget list where each item can be expanded or collapsed simply by clicking on the header.	2.5.1	96.32037446365882	173	29	21	5	GotJimmy	vulcansoft.com	NOASSERTION	2022-07-10T20:10:18.000Z
214	searchfield	A highly customizable, simple and easy to use flutter Widget to add a searchfield to your Flutter Application. This Widget allows you to search and select from list of suggestions.	0.7.2	96.31604039353357	157	45	28	20	maheshmnj	maheshjamdade.com	MIT	2022-11-21T21:23:07.000Z
215	whatsapp_unilink	Dart package helping your app interact with WhatsApp via HTTP links (universal links). Works with Flutter.	2.1.0	96.30737225328306	190	18	7	0	dartsidedev	dartside.dev	BSD-3-Clause	2022-11-20T16:10:41.000Z
216	flutter_translate	Flutter Translate is a fully featured localization / internationalization (i18n) library for Flutter.	4.0.3	96.30303818315781	178	330	102	2	Jesway	jesway.com	NOASSERTION	2022-11-25T20:40:11.000Z
217	search_choices	Highly versatile Widget to search through a single or multiple choices list in a dialog box or a menu. Supports pagination and future/API/webservice searches with sort and filter.	2.2.1	96.29003597278204	385	43	26	8	lcuis	jod.li	MIT	2022-12-15T02:41:53.000Z
218	expandable_bottom_sheet	This is a BottomSheet with a draggable height like the Google Maps App on Android.	1.1.1+1	96.28570190265678	139	32	19	9	torbenkeller	torben-keller.de	MIT	2022-07-01T17:32:48.000Z
219	beamer	A routing package built on top of Router and Navigator's pages API, supporting arbitrary nested navigation, guards and more.	1.5.3	96.25536341178001	925	479	119	70	slovnicki	beamer.dev	MIT	2022-10-17T09:41:39.000Z
220	mvc_pattern	To develop apps using a framework following the MVC design pattern separating the app's 'interface' from its 'business logic' and from its 'data source' if any.	8.12.0	96.2076886404022	179	163	30	0	AndriousSolutions	andrioussolutions.com	NOASSERTION	2022-08-26T01:39:37.000Z
221	dio_smart_retry	Retry library for Dio package made with love. By default, the request will be retried only for appropriate retryable http statuses.	1.4.0	96.19468643002644	81	43	15	1	rodion-m	rodion-m.ru	MIT	2022-12-08T19:04:58.000Z
222	buttons_tabbar	A Flutter package that implements a TabBar where each label is a toggle button.	1.3.6	96.19035235990118	199	55	17	0	afonsocraposo	afonsoraposo.com	MIT	2022-06-12T13:27:25.000Z
223	flutter_bluetooth_serial	A basic Flutter Bluetooth Serial library	0.4.0	96.1600138690244	250	373	347	70	edufolly	3daysapp.com.br	MIT	2022-10-25T11:46:33.000Z
224	code_builder	A fluent, builder-based library for generating valid Dart code	4.3.0	96.14267758852338	146	326	58	18	dart-lang	tools.dart.dev	BSD-3-Clause	2022-12-16T23:05:59.000Z
225	app_review	Request and Write Reviews and Open Store Listing for Android and iOS in Flutter.	2.1.2+1	96.13834351839813	250	269	69	14	fluttercommunity	fluttercommunity.dev	MIT	2022-11-22T09:07:27.000Z
226	simple_html_css	This package allows you to use simple HTML and inline CSS styles to style your text in flutter. A fork of css_text package.	4.0.0	96.12534130802236	92	27	18	5	ali-thowfeek		NOASSERTION	2022-10-26T14:44:53.000Z
227	fpdart	Functional programming in Dart and Flutter. All the main functional programming types and patterns fully documented, tested, and with examples.	0.4.0	96.08200060676981	287	269	24	5	SandroMaglione	sandromaglione.com	MIT	2022-12-16T04:50:00.000Z
228	mailto	Simple Dart package for creating mailto links in your Flutter apps	2.0.0	96.05599618601829	101	21	6	4	smaho-engineering	smaho.dev	BSD-3-Clause	2021-04-13T19:22:03.000Z
229	gql	GraphQL tools for parsing, transforming and printing GraphQL documents.	0.14.0	96.05166211589304	33	240	99	56	gql-dart	gql-dart.dev	MIT	2022-12-03T23:04:15.000Z
230	easy_refresh	A flutter widget that provides pull-down refresh and pull-up load.	3.0.5+1	96.03432583539202	112	3346	581	35	xuelongqy		MIT	2022-12-14T07:12:42.000Z
231	screen_brightness	A Plugin for controlling screen brightness with application life cycle reset implemented	0.2.2	96.02132362501625	59	13	6	2	aaassseee		MIT	2022-10-09T13:08:08.000Z
232	image_picker_web	Flutter Web Plugin to pick Images (as Widget, File or Uint8List) and Videos (as File or Uint8List)	3.0.0+1	96.016989554891	107	40	20	0	Ahmadre	rouxguillau.me	GPL-3.0	2022-11-21T12:19:51.000Z
233	flex_color_picker	A customizable Flutter primary, accent and custom color picker. Includes an optional HSV wheel color picker.	3.0.0	95.98231699388896	268	132	21	10	rydmike	rydmike.com	BSD-3-Clause	2022-11-23T19:49:46.000Z
234	contained_tab_bar_view	Encapsulates TabController, TabBar and TabBarView into a single customizable Widget.	0.8.0	95.91297187188489	90	13	6	12	slovnicki	scipack.dev	MIT	2021-06-10T10:53:34.000Z
235	flow_builder	Flutter Flows made easy! A Flutter package which simplifies flows with a flexible, declarative API.	0.0.9	95.90863780175964	308	335	50	26	felangel	felangel.dev	MIT	2022-08-26T14:49:12.000Z
236	amplify_storage_s3	The Amplify Flutter Storage category plugin using the AWS S3 provider.	0.6.10	95.8739652407576	51	1128	176	192	aws-amplify	aws-amplify.com	Apache-2.0	2022-12-17T00:16:28.000Z
237	flutter_background	A plugin to keep flutter apps running in the background by using foreground service, wake lock and disabling battery optimizations	1.1.0	95.86529710050709	193	72	28	20	JulianAssmann		MIT	2022-08-23T10:06:18.000Z
238	sentry_dio	An integration which adds support for performance tracing for the Dio package.	6.18.1	95.81328825900403	14	600	159	78	getsentry	sentry.io	MIT	2022-12-17T03:02:13.000Z
239	otp_autofill	Android implementation of OTP autofill with using User Consent API and Retriever API. Add possibility to receive OTP code from another input.	2.1.0	95.7872838382525	127	37	14	11	surfstudio	surf.ru	Apache-2.0	2022-11-12T20:13:05.000Z
240	flutter_gen	The Flutter code generator for your assets, fonts, colors, … — Get rid of all String-based APIs.	5.1.0+1	95.74394313699996	763	1133	95	38	FlutterGen	wasabeef.jp	MIT	2022-12-12T07:35:43.000Z
241	flutter_flavorizr	A flutter utility to easily create flavors in your flutter application	2.1.5	95.73960906687469	374	265	48	27	AngeloAvv	angelocassano.it	MIT	2022-12-09T04:21:29.000Z
242	either_dart	Error handler library for type-safe and easy work with errors on Dart and Flutter. Either is an alternative to Nullable value and Exceptions.	0.3.0	95.7309409266242	73	20	6	0	avdosev		MIT	2022-11-06T17:04:13.000Z
243	line_awesome_flutter	The Line Awesome Icons pack for flutter. Provides 1542 additional icons to use in your apps.	2.0.0	95.70493650587267	141	12	2	1	clean		MIT	2021-07-19T10:41:13.000Z
244	any_link_preview	Dart package that helps with preview of any links. Fully customizable and has the ability to render from cached data. Useful for apps where we had chat feature.	2.0.9	95.70060243574741	173	33	37	8	sur950	suresh-konakanchi.in	MIT	2022-12-11T21:24:25.000Z
245	flutter_keyboard_visibility_web	An implementation for the web platform of `flutter_keyboard_visibility'	2.0.0	95.63125731374333	1	300	61	17	MisterJimson		MIT	2022-12-08T13:51:05.000Z
246	stream_chat_flutter	Stream Chat official Flutter SDK. Build your own chat experience using Dart and Flutter.	5.1.0	95.60525289299181	249	654	237	75	GetStream	getstream.io	NOASSERTION	2022-12-16T14:41:48.000Z
247	disk_space	A tiny Flutter Plugin to show free and total disk space.	0.2.1	95.60091882286656	54	12	20	8	mboeddeker		MIT	2022-03-25T22:53:03.000Z
248	http_mock_adapter	A simple to use mocking package for Dio intended to be used in tests. It provides various types and methods to declaratively mock request-response communication.	0.3.3	95.58358254236553	92	45	19	10	lomsa-dev	lomsa.com	MIT	2022-08-10T19:29:16.000Z
249	gql_http_link	GQL Terminating Link to execute requests via HTTP using JSON.	0.4.5	95.5099033502362	10	240	99	56	gql-dart	gql-dart.dev	MIT	2022-12-03T23:04:15.000Z
250	flutter_gen_runner	The Flutter code generator for your assets, fonts, colors, … — Get rid of all String-based APIs.	5.1.0+1	95.49690113986044	82	1133	95	38	FlutterGen	wasabeef.jp	MIT	2022-12-12T07:35:43.000Z
251	amplify_datastore	The Amplify Flutter DataStore category plugin, providing a queryable, on-device data store.	0.6.10	95.49256706973519	26	1128	176	192	aws-amplify	aws-amplify.com	Apache-2.0	2022-12-17T00:16:28.000Z
252	advertising_id	A Flutter plugin to access advertising ID.Wraps ASIdentifierManager.advertisingIdentifier (on iOS) and advertising ID (on Android).	2.3.0	95.46656264898367	18	8	24	3	operando		Apache-2.0	2022-05-23T18:46:59.000Z
253	flutter_advanced_drawer	An advanced drawer widget, that can be fully customized with size, text, color, radius of corners.	1.3.2	95.42322194773112	186	44	12	2	alex-melnyk	alexmelnyk.io	BSD-3-Clause	2022-04-03T16:04:36.000Z
254	persistent_bottom_nav_bar_v2	A do all, highly customizable persistent/static bottom navigation bar for flutter. Includes up-to 20 styles. Based on persistent_bottom_nav_bar which currently is not continued.	4.2.6	95.38421531660383	156	26	21	32	jb3rndt		BSD-3-Clause	2022-11-28T23:06:20.000Z
255	custom_sliding_segmented_control	Allows you to flexibly configure the widget for displaying controls. You can add color, speed, size, initial value, animation and more.	1.7.3	95.34520868547654	55	13	10	1	hadukin		MIT	2022-10-20T06:34:16.000Z
256	loading_animations	A Flutter package with a selection of simple yet very customizable set of loading animations.	2.2.0	95.33220647510076	218	171	22	2	cytryn		MIT	2021-03-09T18:19:44.000Z
257	custom_lint	Lint rules are a powerful way to improve the maintainability of a project. Custom Lint allows package authors and developers to easily write custom lint rules.	0.0.16	95.26719542322195	59	151	17	19	invertase	invertase.io	Apache-2.0	2022-12-12T11:22:31.000Z
258	flutter_keyboard_visibility_platform_interface	A common platform interface for the flutter_keyboard_visibility plugin.	2.0.0	95.2151865817189	1	300	61	17	MisterJimson		MIT	2022-12-08T13:51:05.000Z
259	ffmpeg_kit_flutter	FFmpeg Kit for Flutter. Supports Android, iOS and macOS platforms.	5.1.0	95.20651844146838	142	2159	306	67	arthenica	arthenica.com	LGPL-3.0	2022-11-19T15:37:05.000Z
260	sticky_grouped_list	A ScrollablePositionedList where the list items can be grouped into sections.	3.1.0	95.19785030121788	191	130	33	22	Dimibe	begnis.dev	MIT	2022-10-22T23:12:24.000Z
261	system_settings	Flutter plugin to open system and app settings on iOS and Android.	2.1.0	95.16751181034108	52	11	20	6	fweinaug		MIT	2022-04-03T12:17:03.000Z
262	bottom_sheet	Flexible bottom sheet with the ability to scroll content even without a list.	3.1.2	95.15450959996534	213	92	25	6	surfstudio	surf.ru	Apache-2.0	2022-11-24T05:54:54.000Z
263	agora_rtm	Flutter wrapper around the Agora Real Time Message SDKs for Android and iOS.	1.5.0	95.15017552984007	51	92	54	28	AgoraIO	agora.io	MIT	2022-11-30T02:36:35.000Z
264	filesystem_picker	FileSystem file or folder picker dialog. Allows the user to browse the file system and pick a folder or file.	3.1.0	95.13717331946431	118	47	28	5	andyduke	amazingsoftworks.com	BSD-3-Clause	2022-09-01T14:03:18.000Z
265	darq	The power of lazy-evaluated enumerables in your hands! (A port of functional LINQ from the .NET library.)	1.2.1	95.1198370389633	118	75	7	0	Abion47		MIT	2022-09-18T18:01:58.000Z
266	flutter_spinbox	SpinBox is a numeric input widget with an input field for entering a specific value, and spin buttons for quick, convenient, and accurate value adjustments.	0.11.0	95.10683482858752	94	26	23	10	jpnurmi		MIT	2022-12-16T12:14:30.000Z
267	flutter_google_places_hoc081098	Google places autocomplete widgets for flutter. No wrapper, use https://pub.dartlang.org/packages/google_maps_webservice. Better flutter_google_places, updated by @hoc081098	1.1.0	95.10250075846227	27	10	10	4	hoc081098		NOASSERTION	2022-11-13T17:01:41.000Z
268	flutter_map_location_marker	A flutter map plugin for displaying device current location.	5.0.0+1	95.09816668833702	53	40	41	3	tlserver	tlserver6y.net	BSD-3-Clause	2022-11-08T17:06:59.000Z
269	flutter_segment	Flutter implementation of Segment Analytics for iOS, Android and Web	3.12.1	95.08516447796124	61	15	102	25	la-haus		MIT	2022-11-22T07:39:58.000Z
270	flutter_sound_lite	A complete api for audio playback and recording. Audio player, audio recorder, media player, media recorder, sound player, sound recorder.	8.5.0	95.07649633771075	108	762	459	245	Canardoux		MPL-2.0	2022-10-21T03:07:36.000Z
271	agora_uikit	Flutter plugin to simply integrate Agora Video Calling or Live Video Streaming to your app with just a few lines of code.	1.1.0	95.0721622675855	321	106	37	13	AgoraIO-Community	agora.io	MIT	2022-11-29T10:58:37.000Z
272	styled_widget	Simplifying your widget tree structure by defining widget using methods. Taking ispiration from CSS and SwiftUI	0.4.1	95.06349412733498	622	967	79	19	ReinBentdal		MIT	2022-11-07T22:26:11.000Z
273	telephony	A Flutter plugin to use telephony features such as fetch network info, start phone calls, send and receive SMS, and listen for incoming SMS.	0.2.0	95.04182377670871	258	103	72	31	shounakmulay	shounakmulay.dev	MIT	2022-12-03T18:26:22.000Z
274	envied	Explicitly reads environment variables into a dart file from a .env file for more security and faster start up times.	0.3.0	95.01581935595718	106	30	15	3	petercinibulk		MIT	2022-11-28T17:56:33.000Z
275	queue	Queue up futures from multiple sources and await their return anywhere in your code.	3.1.0+2	94.98981493520566	66	37	8	5	rknell		MIT	2022-12-06T00:41:06.000Z
276	link_preview_generator	A cross-platform flutter package to convert your links into rich beautiful previews.	1.2.0	94.98548086508039	39	12	6	3	ghpranav		MIT	2021-11-08T07:26:36.000Z
277	location_android	Android implementation of the location plugin	5.0.0-dev.3	94.98114679495514	1	952	591	90	Lyokone		MIT	2022-07-21T16:05:20.000Z
278	fijkplayer	A Video Player Flutter plugin based on ijkplayer, support most popular protocols and codecs	0.10.1	94.96814458457938	148	1381	256	179	befovy		MIT	2022-07-22T03:47:47.000Z
279	location_ios	iOS implementation of the location plugin	5.0.0-dev.4	94.95514237420362	1	952	591	90	Lyokone		MIT	2022-07-21T16:05:20.000Z
280	location_macos	MacOS implementation of the location plugin	5.0.0-dev.3	94.95080830407836	0	952	591	90	Lyokone		MIT	2022-07-21T16:05:20.000Z
281	flutter_callkit_incoming	Flutter Callkit Incoming to show callkit screen in your Flutter app.	1.0.2+2	94.9464742339531	132	71	96	46	hiennguyen92	hiennv.com	MIT	2022-11-14T23:34:58.000Z
282	video_editor	A flutter package for editing video written in pure Dart with fully customizable UI. Supports crop, trim, rotation and cover selection.	2.1.0	94.93780609370259	268	213	100	11	LeGoffMael	felipemurguia.com	MIT	2022-12-01T09:55:03.000Z
283	money2	Money and Currency classes with fixed precision maths, parsing and formatting. (Money.parse('$2010.00') * 10).format('S CC#,##0') -> $ US20,100	3.3.0	94.91613574307632	149	50	26	5	onepub-dev	onepub.dev	MIT	2022-11-02T04:43:07.000Z
284	supabase	A dart client for Supabase. This client makes it simple for developers to build secure and scalable products.	1.2.0	94.8987994625753	393	389	63	0	supabase	supabase.io	MIT	2022-12-03T13:45:54.000Z
285	dual_screen	Foldable and dual-screen support, like the TwoPane widget and hinge angle sensor data.	1.0.3	94.88146318207428	67	39	4	0	microsoft	microsoft.com	MIT	2022-05-05T14:12:42.000Z
286	glassmorphism	A Flutter package for implimentation of Glassmorphic UI easily.	3.0.0	94.86846097169852	336	45	19	2	RitickSaha		Apache-2.0	2022-09-13T13:48:25.000Z
287	graphs	Graph algorithms that operate on graphs in any representation	2.2.0	94.84679062107226	63	69	14	3	dart-lang	tools.dart.dev	BSD-3-Clause	2022-11-01T16:47:02.000Z
288	quickalert	With QuickAlert, instantly display animated alert dialogs such as success, error, warning, confirm, loading or even a custom dialog.	1.0.1	94.82512027044598	164	15	7	1	belovance	belovance.com	MIT	2022-12-02T08:02:27.000Z
289	flutter_inset_box_shadow	This package extends BoxShadow and BoxDecoration to support the inset property.	1.0.8	94.77744549906818	35	14	2	2	johynpapin	qoumo.dev	BSD-3-Clause	2022-04-08T12:26:18.000Z
290	flutter_link_previewer	Customizable link and URL preview extracted from the provided text with the ability to render from the cache. Ideal for chat applications.	3.2.0	94.76877735881767	171	47	45	1	flyerhq	flyer.chat	MIT	2022-10-29T07:36:56.000Z
291	ferry	Ferry is a simple, powerful GraphQL Client for Flutter and Dart.	0.13.0	94.73843886794089	274	476	90	52	gql-dart	gql-dart.dev	MIT	2022-12-11T21:44:13.000Z
292	searchable_dropdown	Widget to let the user search through a keyword string typed on a customizable keyboard in a single or multiple choices list presented as a dropdown in a dialog box or a menu.	1.1.3	94.72977072769038	298	108	144	103	icemanbsi		MIT	2022-05-12T17:25:32.000Z
293	animated_toggle_switch	Simple and animated toggle switch for multiple choices. It's a good alternative if you don't want to use something like a dropdown menu.	0.5.2	94.72543665756513	250	19	6	3	SplashByte	splashbyte.dev	BSD-3-Clause	2022-12-05T21:20:09.000Z
294	dropdown_plus	Simple and easy to use Dropdown in forms with search, keyboard navigation, offiline data source, remote data source and easy customization.	0.0.9	94.71243444718935	97	8	28	25	crawlinknetworks	crawlink.com	MIT	2022-11-08T09:05:50.000Z
295	currency_picker	A flutter package to select a currency from a list of currencies.	2.0.13	94.61708490443375	59	21	48	12	Daniel-Ioannou		MIT	2022-11-29T19:57:30.000Z
296	flutter_keyboard_visibility_macos	An implementation for the macOS platform of `flutter_keyboard_visibility'	1.0.0	94.59541455380747	0	300	61	17	MisterJimson		MIT	2022-12-08T13:51:05.000Z
297	credit_card_validator	A package that validates credit card numbers, expiration dates, and security codes (CVV/CVC) based on the type of credit card	2.0.1	94.59108048368222	57	21	14	1	cholojuanito		MIT	2022-11-01T18:06:45.000Z
298	flutter_keyboard_visibility_linux	An implementation for the linux platform of `flutter_keyboard_visibility'	1.0.0	94.58241234343173	0	300	61	17	MisterJimson		MIT	2022-12-08T13:51:05.000Z
299	flutter_keyboard_visibility_windows	An implementation for the Windows platform of `flutter_keyboard_visibility'	1.0.0	94.56941013305595	0	300	61	17	MisterJimson		MIT	2022-12-08T13:51:05.000Z
300	flutter_breadcrumb	Flutter Widget that can easily create Breadcrumb in Flutter.	1.0.1	94.56074199280545	74	35	5	0	payam-zahedi	payamzahedi.com	BSD-3-Clause	2021-05-01T14:23:59.000Z
301	icons_launcher	A command-line tool that simplifies the task of updating your Flutter app's launcher icon.	2.0.6	94.4610583799246	209	48	5	2	mrrhak	mrrhak.com	MIT	2022-11-12T11:57:12.000Z
302	avatars	An avatar widget that uses the best available data source among those provided (social images, gravatar, name initials, custom)	3.0.2	94.45672430979933	68	8	3	8	luckyseven	albertofecchi.com	MIT	2022-02-01T18:48:22.000Z
303	uri_to_file	A Flutter plugin for converting supported uri to file. Supports Android & iOS.	0.2.0	94.44372209942357	14	2	3	3	Nikhil1999		MIT	2022-11-01T18:15:56.000Z
304	home_widget	A plugin to provide a common interface for creating HomeScreen Widgets for Android and iOS.	0.1.6	94.43505395917306	691	401	92	27	ABausG	antonborri.es	BSD-3-Clause	2022-12-16T16:35:53.000Z
305	freshchat_sdk	Freshchat is a modern messaging software for sales and customer engagement teams. freshchat_sdk (BETA) will help you integrate chat support in your mobile apps.	0.10.1	94.42638581892255	22	8	19	3	freshworks	freshworks.com	NOASSERTION	2022-12-06T09:02:47.000Z
306	animate_icons	This is a plugin with the help of which you can animate between any two icons like we do in AnimatedIcon widget given to us by default.	2.0.0	94.41771767867205	157	17	17	11	Aman-Malhotra		MIT	2022-05-27T08:41:54.000Z
307	realm	The official Realm SDK for Flutter. Realm is a mobile database - an alternative to SQLite and key-value stores.	0.8.0+rc	94.39171325792051	253	525	44	124	realm	realm.io	Apache-2.0	2022-12-17T14:16:25.000Z
308	rally_assets	Assets for the app Rally, a Flutter sample app based on the Material study Rally.	3.0.1	94.34403848654271	0	18	19	0	material-components		NOASSERTION	2022-12-07T19:48:40.000Z
309	crop	Crop for Flutter. Crop any widget/image in Android, iOS, Web and Desktop with fancy and customizable UI, in 100% pure Dart code.	0.5.4	94.32670220604169	166	221	78	8	xclud	pwa.ir	MIT	2022-12-05T19:10:18.000Z
310	flextras	A collection of Flex widgets (Columns and Rows) with additional functionality.	1.0.0	94.24435487366185	72	21	4	4	gskinnerTeam	gskinner.com	MIT	2022-11-07T16:23:15.000Z
311	flutter_rating_stars	A Flutter package to create Rating Stars bar. It will be useful for your awesome app.	1.0.3+4	94.24002080353661	63	1	4	1	minhhung2556	romanticdeveloper.com	Apache-2.0	2021-11-02T17:25:27.000Z
312	flutter_fortune_wheel	Visualize (random) selection processes with widgets like a spinning wheel of fortune or a fortune bar.	1.2.0	94.19668010228406	171	60	43	7	kevlatus	kevlatus.de	MIT	2022-07-30T19:34:13.000Z
313	loading_more_list	A loading more list which supports ListView,GridView,WaterfallFlow and Slivers.	5.0.2	94.17500975165778	103	291	42	7	fluttercandies	fluttercandies.com	MIT	2022-08-17T11:39:50.000Z
314	select_dialog	Package designed to select an item from a list, with the option to filter and even search the items online.	2.0.0	94.17067568153253	75	63	34	9	davidsdearaujo		MIT	2022-01-05T01:35:12.000Z
315	gradient_borders	Gradient borders for inputs and containers. Borders package integrated with a basic flutter widgets as a container and input decorations. Easy in use, platform independent.	0.2.0	94.16200754128202	34	6	5	1	obiwanzenobi	warwas.dev	MIT	2022-09-02T11:17:30.000Z
316	datadog_flutter_plugin	Flutter bindings and tools for utilizing Datadog Mobile SDks	1.1.1	94.15767347115677	17	17	12	7	DataDog	datadoghq.com	Apache-2.0	2022-12-16T21:24:54.000Z
317	measure_size	A widget that provides a callback that is triggered when its size changes	4.0.0	94.14033719065574	12	4	2	1	mhrst	qrl.app	MIT	2022-06-01T16:00:14.000Z
318	flutter_file_dialog	Dialogs for picking and saving files in Android and in iOS.	2.3.2	94.12733498027998	49	25	20	8	kineapps	kineapps.com	BSD-3-Clause	2022-11-04T13:28:42.000Z
319	flutter_logs	An extensive filebased logging framework for flutter apps. (ELK Stack Supported)	2.1.10	94.08832834915269	66	29	14	32	umair13adil	umairadil.com	Apache-2.0	2022-11-23T08:55:30.000Z
320	oauth2_client	Flutter library for interacting with OAuth2 servers, with classes for transparent authorized requests, secure OAuth token storage, automatic token refeshing.	3.0.0	94.07532613877693	133	73	78	48	teranetsrl	teranet.it	BSD-2-Clause	2022-11-08T04:30:00.000Z
321	kt_dart	This project is a port of kotlin-stdlib for Dart/Flutter projects. It includes collections (KtList, KtMap, KtSet) with 150+ methods as well as other useful packages.	1.0.0	94.06665799852641	148	456	28	6	passsy	pascalwelsch.com	Apache-2.0	2022-10-05T20:22:02.000Z
322	webview_windows	A WebView2-powered webview implementation for the Windows platform.	0.2.2	94.06232392840116	127	123	63	47	jnschulze	jns.io	BSD-3-Clause	2022-11-26T11:49:29.000Z
323	network_image_mock	Utility for providing mocked Image.network response in Flutter widget tests.	2.1.1	94.04498764790014	37	21	12	6	stelynx	stelynx.com	BSD-3-Clause	2022-06-28T07:41:55.000Z
324	credit_card_type_detector	A package that detects credit card types based on the current credit card number patterns	2.0.0	94.03198543752438	52	23	10	0	cholojuanito		MIT	2022-11-01T17:54:23.000Z
325	image_fade	A widget that displays a placeholder and optional progress indicator while an image loads, then cross-fades to the loaded image. Improves on FadeInImage. Compatible with CachedNetworkImageProvider.	0.6.1	93.98864473627184	38	26	9	5	gskinner	gskinner.com	BSD-2-Clause	2022-05-15T22:03:28.000Z
326	fake_cloud_firestore	Previously known as cloud_firestore_mocks. Fake implementation of Cloud Firestore. Use this package to unit test apps that use Cloud Firestore.	2.1.0	93.97997659602132	67	94	71	40	atn832	wafrat.com	BSD-2-Clause	2022-12-11T04:47:43.000Z
327	flutter_firebase_chat_core	Actively maintained, community-driven Firebase BaaS for chat applications with an optional chat UI.	1.6.4	93.96697438564556	192	171	129	9	flyerhq	flyer.chat	Apache-2.0	2022-10-29T17:35:19.000Z
328	shamsi_date	A Flutter and Dart package for using Jalali (Shamsi, Solar, Persian or Jalaali) calendar. You can convert, format and manipulate Jalali and Gregorian (Miladi) date and times.	1.0.1	93.94963810514454	143	64	7	2	FatulM		BSD-3-Clause	2022-11-15T13:28:51.000Z
329	amplify_authenticator	A prebuilt Sign In and Sign Up experience for the Amplify Auth category	0.2.4	93.91929961426776	20	1128	176	192	aws-amplify	aws-amplify.com	Apache-2.0	2022-12-17T00:16:28.000Z
330	dart_vlc	Flutter audio / video playback, broadcast & recording library for Windows & Linux. Based on libvlc.	0.4.0	93.9149655441425	212	413	108	28	alexmercerind		LGPL-2.1	2022-12-01T03:01:49.000Z
331	flutter_animarker	Marker Geo-Animation solution for Google Maps.	3.2.0	93.91063147401725	128	51	34	31	gauris26	gaurisjavier.com	BSD-3-Clause	2022-12-05T13:26:31.000Z
332	simple_logger	Provides super simple APIs for logging. The log also includes caller info by setting includeCallerInfo to true. On Android Studio, jump to called location by clicking the log.	1.9.0+1	93.89329519351624	77	50	7	1	mono0926	mono0926.com	MIT	2022-11-14T06:42:28.000Z
333	flutter_advanced_switch	An advanced switch control provides a rich API for widget customization that opens a new look and feel in your app.	3.0.1	93.88896112339098	82	13	3	0	alex-melnyk	alexmelnyk.io	BSD-3-Clause	2022-04-14T20:17:10.000Z
334	source_helper	Utilities to help with Dart source code generation. Includes utilities for properly generating String literals from any String value.	1.3.3	93.83695228188792	13	9	2	1	google	google.dev	Apache-2.0	2022-10-30T00:39:25.000Z
335	unity_ads_plugin	Unity Ads plugin for Flutter Applications. This plugin is able to display Unity Banner Ads and Unity Video Ads.	0.3.7	93.83261821176266	104	23	11	14	pavelzaichyk	rebeloid.com	MIT	2022-10-16T09:16:25.000Z
336	import_sorter	Automatically organize your dart imports	4.6.0	93.82828414163741	230	138	27	19	fluttercommunity	fluttercommunity.dev	MIT	2022-10-31T06:06:51.000Z
337	tap_debouncer	Tap debounce simplifying widget. Wrap your button widget in TapDebounce widget and any taps will be disabled while tap callback is in progress.	2.0.2	93.8196160013869	77	12	3	0	sla-000		MIT	2022-01-23T20:25:46.000Z
338	map	Lightweight Map widget for flutter supporting different projections including EPSG4326/Mercator/WGS1984.	1.3.5+1	93.8109478611364	251	99	23	1	xclud	pwa.ir	MIT	2022-12-08T14:37:34.000Z
339	numeral	A Dart library for Format number into beautiful string, Format the number into a beautiful, readable and short string.	2.0.1	93.77627530013436	43	8	5	0	medz	odroe.com	MIT	2022-07-21T17:15:35.000Z
340	appwrite	Appwrite is an open-source self-hosted backend server that abstract and simplify complex and repetitive development tasks behind a very simple REST API	8.1.0	93.76760715988385	356	255	64	20	appwrite	appwrite.io	BSD-3-Clause	2022-12-16T18:51:02.000Z
341	amplify_core	The base package containing common types and utilities that are shared across the Amplify Flutter packages.	0.6.10	93.72860052875656	36	1128	176	192	aws-amplify	aws-amplify.com	Apache-2.0	2022-12-17T00:16:28.000Z
342	time_range_picker	A time range picker for flutter. This widget let's you open a dialog to choose a timeframe with start and end time.	2.2.0	93.71559831838078	124	26	24	10	Chris1234567899		NOASSERTION	2022-07-02T15:38:20.000Z
343	vrouter	A navigation package that makes navigation and routing easy on every platform. Built on top of Navigator 2.	1.2.1	93.69826203787977	298	195	23	29	lulupointu	vrouter.dev	MIT	2022-05-12T08:29:07.000Z
344	pausable_timer	A timer implementation that can be paused, resumed and reset.	1.0.0+6	93.68959389762927	51	17	5	2	llucax	llucax.com	BSD-3-Clause	2022-09-02T20:58:21.000Z
345	effective_dart	Linter rules corresponding to the guidelines in Effective Dart.	1.3.2	93.67225761712824	127	127	28	0	tenhobi	tenhobi.dev	MIT	2021-06-20T16:27:20.000Z
346	background_location	A Flutter plugin to get location updates in the background for both Android and iOS. Uses CoreLocation for iOS and FusedLocationProvider for Android.	0.8.1	93.66358947687775	278	179	158	39	Almoullim	faultyapp.com	NOASSERTION	2022-11-15T13:25:55.000Z
347	text_scroll	TextScroll Flutter widget adds text auto-scrolling functionality (marquee text).	0.1.1	93.61158063537468	56	9	3	4	yurii-khi	yurii-khi.dev	MIT	2022-11-14T09:09:42.000Z
348	cupertino_will_pop_scope	Enables 'onWillPop' callbacks on Cupertino page transitions and improves visual feedback of rejected "Swipe to go back" gestures.	1.2.1	93.57690807437264	38	16	9	0	benPesso	benpesso.com	MIT	2022-07-31T09:44:38.000Z
349	pusher_channels_flutter	Pusher Channels Flutter Plugin	2.1.0	93.56823993412213	53	57	40	7	pusher	pusher.com	MIT	2022-10-27T10:39:13.000Z
350	blinking_text	A simple plugin to creating a blinking text. It allows to adjust duration of a blink and number of times text blinks before stopping.	1.0.2	93.56390586399688	23	0	1	2	androideen		MIT	2022-03-30T13:17:21.000Z
351	eventify	A cancellable event emitter which supports context based event driven programming. 	1.0.1	93.55090365362112	33	11	3	0	iMeshAcademy		NOASSERTION	2022-06-16T04:22:31.000Z
352	ua_client_hints	Provide User-Agent Client Hints to Flutter.	1.1.3	93.53356737312009	23	40	10	8	wasabeef	wasabeef.jp	MIT	2022-11-29T23:44:16.000Z
353	is_first_run	A simple package to check if it is the first time the app runs.	1.0.0	93.4945607419928	64	6	2	1	JulianAssmann		BSD-3-Clause	2022-07-20T17:58:55.000Z
354	charset_converter	Charset/encoding converter that uses underlying platform - no external dependencies	2.1.0	93.4858926017423	39	15	10	8	pr0gramista	pr0gramista.pl	BSD-3-Clause	2022-04-01T15:38:18.000Z
355	flutter_acpcore	Official Adobe Experience Platform support for Flutter apps. The Mobile Core represents the core Adobe Experience Platform SDK that is required for every app implementation.	2.0.1	93.47722446149179	4	3	10	0	adobe	adobe.com	Apache-2.0	2022-01-26T23:50:26.000Z
356	dismissible_page	Creates page that is dismissed by swipe gestures, with Hero style animations, Inspired by Facebook, Instagram stories.	0.7.3	93.45122004074025	294	75	26	2	Tkko	fman.ge	NOASSERTION	2022-10-10T17:59:57.000Z
357	tiengviet	🇻🇳 Converts vietnamese language sign to unsigned easily. 😍 Give me a string vietnamese language, i will respond you string vietnamese unsigned. 👍	0.5.0	93.43388376023924	72	16	1	0	tvc12	4pet.social	BSD-3-Clause	2021-03-27T14:06:50.000Z
358	data_connection_checker_tv	A pure Dart library that checks for internet by opening a socket to a list of specified addresses, each with individual port and timeout. Defaults are provided for convenience.	0.3.5-nullsafety	93.3905430589867	25	2	0	0	thorved		NOASSERTION	2021-05-15T16:48:21.000Z
359	flutter_js	A Javascript engine to use with flutter. It uses Quickjs on Android and JavascriptCore on IOS	0.6.0	93.37754084861093	184	329	74	31	abner		MIT	2022-11-29T19:38:36.000Z
360	flutter_acrylic	Window acrylic, mica & transparency effects for Flutter on Windows, macOS & Linux.	1.0.0+2	93.35587049798465	293	431	34	9	alexmercerind		MIT	2022-12-05T08:19:20.000Z
361	country_state_city_picker	A flutter package for showing a country, states, and cities. In addition it gives the possibility to select a list of favorites countries.	1.2.8	93.32986607723312	59	18	38	14	prof22		BSD-3-Clause	2022-11-18T06:20:39.000Z
362	intl_translation	Contains code to deal with internationalized/localized messages, date and number formatting and parsing, bi-directional text, and other internationalization issues.	0.18.0	93.32553200710787	68	117	182	28	dart-lang	dart.dev	BSD-3-Clause	2022-12-14T16:09:03.000Z
363	amplify_analytics_pinpoint	The Amplify Flutter Analytics category plugin using the AWS Pinpoint provider.	0.6.10	93.29085944610583	16	1128	176	192	aws-amplify	aws-amplify.com	Apache-2.0	2022-12-17T00:16:28.000Z
364	flutter_acpanalytics	Official Adobe Experience Platform support for Flutter apps. The Analytics extension allows for integration with Adobe Analytics.	2.0.1	93.28652537598057	5	3	8	1	adobe	adobe.com	Apache-2.0	2022-09-14T15:50:17.000Z
365	sentry_logging	An integration which adds support for recording log from the logging package.	6.18.1	93.28219130585533	6	600	159	78	getsentry	sentry.io	MIT	2022-12-17T03:02:13.000Z
366	flutter_settings_screens	A Simple plugin to implement settings UI screens for your flutter apps. Customize what you want, From UI elements, behaviour or underlying storage library.	0.2.2+1	93.26052095522905	160	142	59	26	GAM3RG33K		MIT	2022-11-22T14:25:42.000Z
367	firebase_auth_mocks	Fakes for Firebase Auth. Use this package with `google_sign_in_mocks` to write unit tests involving Firebase Authentication.	0.9.2	93.2475187448533	56	23	50	8	atn832	wafrat.com	BSD-2-Clause	2022-11-30T23:17:14.000Z
368	webengage_flutter	WebEngage Flutter plugin.	1.2.1	93.22151432410176	9	4	17	7	WebEngage		NOASSERTION	2022-10-31T14:47:50.000Z
369	wiredash	Wiredash is an interactive user feedback tool for Flutter apps.	1.5.0	93.208512113726	208	404	45	34	wiredashio	wiredash.io	NOASSERTION	2022-11-22T10:39:36.000Z
370	touchable	Flutter library to add various gesture callbacks to each Shape you draw on your canvas in your CustomPainter	1.0.2	93.19550990335024	178	188	51	23	nateshmbhat		MPL-2.0	2022-10-07T21:50:26.000Z
371	instabug_flutter	Instabug empowers mobile teams to monitor, prioritize, and debug  performance and stability issues throughout the app development lifecycle. 	11.5.0	93.18250769297447	32	148	38	6	Instabug	instabug.com	MIT	2022-12-15T15:15:39.000Z
372	plaid_flutter	Plaid Link for Flutter. Integrates the native iOS, Android and Web SDKs.	3.0.0	93.13049885147142	58	45	30	6	jorgefspereira		MIT	2022-11-21T17:10:30.000Z
373	web_browser_detect	Flutter Web browser detection package. This package allows you to detect which browser and its version is in use.	2.0.3	93.1131625709704	10	5	1	2	tomaschyly	tomas-chyly.com	MIT	2022-06-02T05:55:06.000Z
374	photo_gallery	A Flutter plugin that retrieves images and videos from mobile native gallery.	1.1.1	93.09149222034414	80	32	25	21	Firelands128		BSD-3-Clause	2022-12-08T17:05:55.000Z
375	gql_dio_link	Similar to gql_http_link, gql_dio_link is a GQL Terminating Link to execute requests via Dio using JSON	0.2.4	93.06115372946734	20	240	99	56	gql-dart	gql-dart.dev	MIT	2022-12-03T23:04:15.000Z
376	phosphor_flutter	Implementation of Phosphoricons for Flutter. 772 icons and counting. Thin, Light, Regular, Bold, Fill.	1.4.0	93.04815151909158	50	53	2	4	phosphor-icons	phosphoricons.com	MIT	2021-12-24T07:21:29.000Z
377	timing	A simple package for tracking the performance of synchronous and asynchronous actions.	1.0.0	93.04381744896632	14	10	5	2	dart-lang	tools.dart.dev	BSD-3-Clause	2022-11-09T23:30:57.000Z
378	spider	A small dart command-line tool for generating dart references of assets from the assets folder.	4.1.0	93.0091448879643	209	159	14	10	BirjuVachhani	birju.dev	Apache-2.0	2022-11-16T12:47:35.000Z
379	gql_link	A simple and modular AST-based GraphQL request execution interface.	0.5.0+1	92.99614267758852	16	240	99	56	gql-dart	gql-dart.dev	MIT	2022-12-03T23:04:15.000Z
380	braze_plugin	This is the Braze plugin for Flutter. Effective marketing automation is an essential part of successfully scaling and managing your business.	3.0.0	92.95280197633598	26	13	14	6	braze-inc	braze.com	NOASSERTION	2022-12-06T16:56:38.000Z
381	draggable_widget	A flutter package which will help you to create a draggable widget that can be dragged around the screen.	2.0.0	92.94846790621072	78	31	17	2	adar2378	theadar.xyz	MIT	2021-08-12T06:09:31.000Z
382	decorated_icon	A lightweight, efficient icon widget that supports a list of shadow effects.	1.2.1	92.93546569583496	69	8	5	0	benPesso	benpesso.com	MIT	2021-07-04T06:35:38.000Z
383	slang	Localization / Internationalization (i18n) solution. Use JSON, YAML or CSV files to create typesafe translations via source generation.	3.6.0	92.91812941533394	81	183	18	8	Tienisto	tienisto.com	MIT	2022-12-17T01:03:43.000Z
384	http_proxy	http proxy plugin,get and set http proxy automatically.This package help you to use proxy tools.	1.2.1	92.90946127508343	23	8	12	4	wslaimin		MIT	2022-10-27T10:20:08.000Z
385	camera_camera	The easy plugin camera for your project, platforms Android and iOS.	2.0.2	92.90512720495818	149	95	79	29	gabuldev	gabul.dev	MIT	2022-10-09T02:35:47.000Z
386	dio_logging_interceptor	Logging interceptor for DIO	1.0.1	92.89645906470767	9	1	2	2	granoeste		Apache-2.0	2022-07-08T07:23:58.000Z
387	form_builder_image_picker	Images picker field for FlutterFormBuilder. Get images from gallery or camera	3.1.0	92.86178650370563	41	22	44	8	flutter-form-builder-ecosystem	flutterformbuilderecosystem.com	BSD-3-Clause	2022-11-20T19:29:04.000Z
388	walletconnect_dart	Open protocol for connecting decentralised applications to mobile wallets with QR code scanning or deep linking.	0.0.11	92.85311836345512	91	87	52	27	RootSoft		MIT	2022-11-05T16:26:26.000Z
389	material	Set of material design icons packed in a single ttf font file. Works on all platforms.	1.0.0+2	92.8357820829541	11	1	2	0	xclud		MIT	2021-05-25T20:29:52.000Z
390	dartdoc	A non-interactive HTML documentation generator for Dart source code.	6.1.5	92.81844580245308	116	414	113	259	dart-lang	tools.dart.dev	BSD-3-Clause	2022-12-13T18:22:17.000Z
391	gql_exec	Basis for GraphQL execution layer to support Link and Client.	0.4.3	92.80977766220258	0	240	99	56	gql-dart	gql-dart.dev	MIT	2022-12-03T23:04:15.000Z
392	another_stepper	A flutter package to create easily customizable Horizontal and Vertical stepper.	1.1.6	92.77943917132579	37	8	4	2	RajnishOnly		MIT	2022-11-14T14:54:04.000Z
393	flutter_libserialport	A simple wrapper around libserialport utilizing Flutter's build system to build and deploy the C-library for the target platform.	0.3.0	92.77077103107528	68	87	35	39	jpnurmi		MIT	2022-03-05T14:09:01.000Z
394	drop_down_list	A drop down list with single and multiple selection that will work with search.	0.0.4	92.74910068044902	141	47	15	3	Mindinventory	mindinventory.com	MIT	2022-12-14T16:42:18.000Z
395	easy_web_view	A super simple webview for Flutter Web, Mobile and Desktop	1.6.0	92.72309625969748	162	479	83	1	rodydavis	rodydavis.com	MIT	2022-06-06T06:25:06.000Z
396	slang_flutter	Flutter support for slang. This library provides helpful Flutter API.	3.6.0	92.68408962857019	2	183	18	8	Tienisto	tienisto.com	MIT	2022-12-17T01:03:43.000Z
397	kana_kit	A Dart library for for detecting and transliterating Hiragana, Katakana, and Romaji.	2.0.0	92.66675334806918	24	25	5	4	jeroen-meijer	jfk.dev	MIT	2022-06-06T00:39:41.000Z
398	copy_with_extension_gen	Automatically generating `copyWith` extensions code for classes with `@CopyWith()` annotation.	5.0.0	92.6450829974429	121	57	23	8	numen31337	oleksandrkirichenko.com	MIT	2022-12-02T23:18:09.000Z
399	loading_gifs	Loading indicator GIFs. Material and Cupertino (Android and iOS) loading indicators in assorted sizes. Use as placeholders for loading remote image assets.	0.3.0	92.64074892731765	74	30	6	2	Codelessly	codelessly.com	0BSD	2021-03-04T22:54:25.000Z
400	dio_logger	Simple logging library for DIO requests. Prints request and response information to a console.	4.0.8+8	92.63641485719238	18	6	3	0	Defuera		BSD-3-Clause	2022-10-31T09:21:19.000Z
401	responsive_grid_list	A Flutter plugin to create responsive grid lists using ListView.builder() or SliverList with a SliverChildBuilderDelegate.	1.3.0	92.59307415593985	38	9	7	0	hauketoenjes	htoenjes.de	BSD-3-Clause	2022-09-07T13:32:13.000Z
402	awesome_notifications_fcm	Awesome Notifications add-on plugin to send push notifications through Firebase Cloud Messaging, enabling all awesome notifications features.	0.7.4+1	92.58440601568934	42	7	7	7	rafaelsetragni	carda.me	NOASSERTION	2022-11-09T21:20:38.000Z
403	gql_transform_link	GQL Link to transform Requests and Responses. May be used to update context, document, variables, data, errors, etc.	0.2.2+1	92.56273566506306	0	240	99	56	gql-dart	gql-dart.dev	MIT	2022-12-03T23:04:15.000Z
404	cupertino_stepper	Stepper is a widget that displays progress through a sequence of steps. This is a Cupertino version of the stock Material Stepper in Flutter.	0.2.1	92.54106531443679	175	18	12	1	jpnurmi		BSD-3-Clause	2021-12-11T08:35:57.000Z
405	week_of_year	Adds extension method to get the ISO 8601 week of year from a date	2.0.0	92.53673124431153	32	12	1	1	KadaDev	kada.se	BSD-3-Clause	2021-03-28T17:15:40.000Z
406	stream_chat_flutter_core	Stream Chat official Flutter SDK Core. Build your own chat experience using Dart and Flutter.	5.1.0	92.52372903393577	41	654	237	75	GetStream	getstream.io	NOASSERTION	2022-12-16T14:41:48.000Z
407	system_theme	A plugin to get the current system theme info. Supports Android, Web and Windows	2.0.0	92.51506089368526	36	23	7	5	bdlukaa	bdlukaa.dev	BSD-3-Clause	2022-04-03T19:37:20.000Z
408	internet_connection_checker_plus	A pure Dart library that checks for internet by opening a socket to a list of specified addresses, each with individual port and timeout.	1.0.1	92.48472240280847	14	3	1	0	OutdatedGuy	outdatedguy.rocks	NOASSERTION	2022-06-22T22:12:43.000Z
409	throttling	Contain "throttling" and "debouncing" async helper classes with listeners	1.0.0	92.46738612230746	25	35	3	0	PlugFox	plugfox.dev	MIT	2021-03-08T13:16:46.000Z
410	flutter_session_manager	Easy to use session wrapper that adds support to session storage and management in flutter.	1.0.3	92.45438391193169	12	2	0	0	edumigueis		MIT	2021-11-12T19:13:27.000Z
411	expand_tap_area	Manually expand the tap area of a widget without changing its size or layout. Similar with the hitTest in iOS development.	1.1.1	92.45004984180643	32	35	5	2	malikwang	malikwang.com	MIT	2022-06-14T08:50:41.000Z
412	jovial_svg	SVG - Robust rendering of Scalable Vector Graphic images, supporting a well-defined profile of SVG and a fast-loading binary storage format.	1.1.7	92.44571577168118	114	54	5	4	zathras	jovial.com	BSD-3-Clause	2022-12-03T19:17:10.000Z
413	unsplash_client	Unsplash provides free high-resolution photos. This is a client for their REST API.	2.1.0+3	92.41971135092966	45	17	5	5	blaugold	gabriel.terwesten.net	BSD-3-Clause	2022-11-16T22:27:39.000Z
414	shrink_sidemenu	A Side Menu plugin for flutter and compatible with liquid ui.	2.0.0+2-null-safety	92.40670914055389	207	18	12	9	raj457036	stackorient.com	MIT	2022-09-30T06:19:04.000Z
415	weekday_selector	A collection of Flutter widgets and classes to help you select weekdays in your apps. Perfect for recurring events, alarms.	1.1.0	92.40237507042865	91	37	9	3	smaho-engineering	smaho.dev	BSD-3-Clause	2022-10-30T18:48:05.000Z
416	another_transformer_page_view	Yet another pageTransformer for flutter with null-safety support	2.0.1	92.3980410003034	31	3	4	2	juliansteenbakker	steenbakker.dev	MIT	2022-11-09T08:00:46.000Z
417	collapsible_sidebar	A collapsible sidebar for Flutter apps implementing the Material Design.	2.0.3+2	92.3677025094266	269	121	46	14	DrunkOnBytes		Apache-2.0	2022-12-04T23:06:42.000Z
418	swipe	The easy way to detect swipe up, down, left and right in Flutter.	0.0.1	92.35470029905085	36	4	4	1	salkuadrat		MIT	2021-11-06T19:30:00.000Z
419	uri	Utilities for building and parsing URIs, including support for parsing URI templates as defined in RFC 6570.	1.0.0	92.34603215880033	18	70	51	8	google	google.dev	BSD-3-Clause	2022-07-14T13:38:15.000Z
420	firebase_core_desktop	Desktop implementation of firebase_core	1.0.2	92.32002773804881	37	284	35	18	invertase	invertase.io	NOASSERTION	2022-11-05T03:27:18.000Z
421	crypton	A simple Dart library for asymmetric encryption and digital signatures	2.1.0	92.30702552767303	51	28	9	2	konstantinullrich	konstantinullrich.de	MIT	2022-10-28T11:44:43.000Z
422	gql_error_link	GQL Link to handle execution errors and exceptions	0.2.3+1	92.28968924717202	1	240	99	56	gql-dart	gql-dart.dev	MIT	2022-12-03T23:04:15.000Z
423	barcode_image	Barcode generation library for Dart that can generate barcodes using the image library.	2.0.2	92.25935075629523	46	88	26	7	DavBfr	nfet.net	Apache-2.0	2022-12-07T16:49:31.000Z
424	dynamic_themes	Allows you to specify a number of color themes for the user to choose from. Persits the selected theme across app restarts.	1.1.0	92.19867377454167	30	8	2	3	JulianAssmann		MIT	2022-01-08T17:06:10.000Z
425	ar_flutter_plugin	Flutter Plugin for creating (collaborative) Augmented Reality experiences - Supports ARKit for iOS and ARCore for Android devices.	0.7.3	92.19000563429117	212	215	118	60	CariusLars	lars.carius.io	MIT	2022-12-14T21:44:48.000Z
426	map_picker	A lovely Flutter package for creating pin in map center and animate it with a map movement so the user can select his location.	0.0.3	92.1856715641659	96	16	11	4	akbarpulatov		MIT	2021-09-15T13:23:14.000Z
427	awesome_bottom_bar	Awesome Bottom Bar	1.2.1	92.18133749404065	38	4	7	1	AppCheap	appcheap.io	BSD-3-Clause	2022-08-22T11:51:55.000Z
428	ai_barcode	barcode,qrcode,scan,scanning,Barcode generation,Barcode scanning,qrcode,qrcode generation,qrcode creator	3.2.4	92.16833528366489	124	108	69	32	pdliuw		BSD-3-Clause	2022-10-12T16:42:15.000Z
429	miniplayer	A lightweight flutter package to simplify the creation of a miniplayer.	1.0.1	92.1293286525376	246	79	47	10	peterscodee	peterscode.dev	MIT	2022-04-29T11:25:28.000Z
430	flutter_painter	A Flutter widget to draw scribbles, text, shapes and images on a background image or color	1.0.1	92.11199237203658	110	78	36	17	omarhurani		MIT	2022-10-27T19:17:57.000Z
431	shelf_cors_headers	CORS headers middleware for Shelf.	0.1.4	92.09032202141032	22	6	2	1	lenniezelk		MIT	2022-09-27T11:09:12.000Z
432	google_static_maps_controller	The package provides simple and declarative access to the Google Static Maps service.	1.0.0	92.08598795128505	39	15	6	1	gonuit	klyta.it	MIT	2022-04-07T17:25:32.000Z
433	smart_auth	Wrapper of Android SMS User Consent API, SMS Retriever API to read one time sms code, get/save/delete user phone number, OTP, OTC, sms autofill, android autofill	1.0.6	92.05564946040828	31	13	5	4	Tkko	fman.ge	MIT	2022-10-06T15:15:28.000Z
434	lazy_load_indexed_stack	A package that extends IndexedStack to allow for lazy loading.	0.1.4	92.05131539028302	43	18	3	0	okaryo	okaryo.io	MIT	2022-06-14T11:05:24.000Z
435	datadog_tracking_http_client	A wrapping implementation of HttpClient for tracking resources with Datadog	1.1.0	92.03831317990725	3	17	12	7	DataDog	datadoghq.com	Apache-2.0	2022-12-16T21:24:54.000Z
436	ios_utsname_ext	Extension method for translation ios utsname to full product name.	2.2.0	92.02964503965674	14	4	0	0	stefandevo	stefandevo.dev	MIT	2022-11-04T17:19:48.000Z
437	painter	A simple widget to paint with your fingers. Supports setting a background color, undo and export to png!	2.0.0	92.02531096953149	161	131	62	15	EPNW	epnw.eu	NOASSERTION	2022-02-07T04:20:13.000Z
438	side_navigation	Provides Flutter navigation by using a sidemenu similar to Drawer or BottomNavigationBar.	1.0.4	92.00364061890521	82	11	6	1	jksevend		MIT	2022-11-05T11:19:01.000Z
439	flutter_web_frame	Make Limit content size in Flutter Web/Desktop/PWA, Make your app that doesn't support responsiveness more focused on content	0.0.3	91.9863043384042	36	7	1	4	wisnuwiry		MIT	2022-05-18T06:07:57.000Z
440	polylabel	A fast algorithm for finding polygon pole of inaccessibility implemented as a Dart library.  Useful for optimal placement of a text label on a polygon.	1.0.1	91.96896805790318	7	2	2	0	beroso	beroso.dev	BSD-3-Clause	2022-08-15T15:26:33.000Z
441	azure_application_insights	A Dart client to integrate with Azure's Application Insights service	3.1.0	91.95163177740216	27	6	5	0	kentcb	kent-boogaart.com	MIT	2022-11-26T00:14:55.000Z
442	linkedin_login	Library for login with LinkedIn OAuth V2 service. This library helps you to implement authorization with LinkedIn OAuth API's.	2.2.1	91.93429549690114	43	34	35	4	d3xt3r2909		MIT	2022-11-18T11:25:29.000Z
443	profanity_filter	Simple filter to check and censor strings against profanity, obscene words. A default English words list is provided (LDNOOBW).	2.0.0	91.92996142677589	72	13	7	3	roshanrahman		BSD-2-Clause	2021-06-29T16:56:38.000Z
444	animated_snack_bar	Easily show beautiful snack bars directly using overlays. Create custom snack bars and show them with awesome animations.	0.3.0	91.87361851514757	29	10	4	1	JulyWitch		GPL-3.0	2022-09-10T04:12:43.000Z
445	vs_scrollbar	Customizable ScrollBar that can be dragged for quick navigation supporting both Horizontal and Vertical list.	0.2.1	91.86495037489706	54	9	7	3	VickySalunkhe	vickysalunkhe.in	MIT	2021-06-27T06:41:34.000Z
446	ftpconnect	Simple and robust dart FTP Connect Library to interact with FTP Servers.	2.0.2	91.86061630477181	78	49	27	5	salim-lachdhaf	salimdev.ovh	MIT	2022-11-20T17:43:55.000Z
447	is_lock_screen	Detects if device is in lock screen. Useful for determining whether app entered background due to locking screen or leaving app.	2.0.0	91.85628223464656	31	4	2	3	chihimng	chihimng.com	MIT	2021-04-07T16:55:54.000Z
448	flutter_rust_bridge	High-level memory-safe binding generator for Flutter/Dart <-> Rust	1.55.0	91.8519481645213	108	2060	122	56	fzyzcjy	cjycode.com	MIT	2022-12-17T23:54:48.000Z
449	tab_container	Animated and customisable tab view widget. It's self-contained, so you can just pass in children and tabs, or also use a controller, change the tab side, add color(s), and more.	2.0.0	91.84761409439605	145	11	2	9	sourcemain	elew.dev	MIT	2022-04-21T10:13:54.000Z
450	flutter_shimmer	it creating Shimmer effect that indicate a loading status, so instead of using ProgressBar or usual loader use Shimmer for a better design and user interface.	2.1.2	91.81727560351926	171	41	8	0	skaran921		NOASSERTION	2021-09-23T11:22:24.000Z
451	fast_contacts	A faster way of accessing device's contacts list	1.1.1	91.79560525289298	24	5	3	3	s0nerik	sonerik.dev	MIT	2022-07-13T18:40:12.000Z
452	hashtagable	Widgets and functions to implement hashtag decorated text. Decorates the words which start with `#` like a Twitter.	2.1.0	91.76093269189096	125	27	35	19	santa112358	3tadev.work	MIT	2022-04-22T15:56:03.000Z
453	get_time_ago	A Flutter package to convert and format `DateTime` object into `get_time_ago` format to get String like `10 seconds ago`, `a minute ago`, `7 hours ago`, etc.	1.1.8	91.73059420101417	59	17	13	2	nixrajput	nixlab.co.in	GPL-3.0	2022-11-29T21:55:35.000Z
454	light_compressor	A powerful and easy-to-use video compression plugin for Flutter.	2.0.1	91.72192606076366	89	38	18	10	AbedElazizShe		MIT	2022-12-13T17:02:29.000Z
455	material_color_generator	A package for generating a material color palette with HEX Color.	1.1.0	91.71325792051316	26	5	0	0	berkanaslan	berkanaslan.com	BSD-2-Clause	2022-12-16T08:46:38.000Z
456	environment_config	Environment specific config generator. Allows to specify env configuration during CI/CD build. Primarily created to simplify Flutter build configuration	3.1.0	91.7089238503879	81	86	7	8	TatsuUkraine		BSD-3-Clause	2022-05-26T10:57:47.000Z
457	model_viewer_plus	A Flutter widget for rendering interactive 3D models in the glTF and GLB formats.	1.4.0	91.67858535951112	74	30	24	20	omchiii		Unlicense	2022-12-08T08:43:11.000Z
458	linter	The implementation of the lint rules supported by the analyzer framework. This package is not intended to be used directly.	1.30.0	91.66558314913536	67	558	159	662	dart-lang	tools.dart.dev	BSD-3-Clause	2022-12-17T04:22:20.000Z
459	scidart	Cross-platform scientific library for Dart. The main goal of SciDart is run where Dart can run, in other words, run on Flutter, Dart CLI, Dart web, etc.	0.0.2-dev.12	91.64391279850908	92	139	17	2	scidart		Apache-2.0	2022-12-06T14:57:34.000Z
460	isar_generator	Code generator for the Isar Database. Finds classes annotated with @Collection.	3.0.5	91.61790837775754	13	2009	158	49	isar	isar.dev	Apache-2.0	2022-12-12T10:00:38.000Z
461	flutter_glow	complete and easy to use flutter glow ui kit that help you to create and use glow widgets. also you can create your own GlowTheme.	0.2.0	91.59623802713128	103	19	3	4	payam-zahedi	payamzahedi.com	BSD-3-Clause	2022-06-20T12:16:45.000Z
462	rnd	Extension methods & helpers for Random, and a globally accessible instance. Ex. rnd(10), rnd.getItem(list), rnd.getBit(0.8).	0.2.0	91.57890174663027	8	19	4	1	gskinner	gskinner.com	BSD-2-Clause	2022-03-23T03:07:07.000Z
463	camerawesome	Easiest Flutter camera Plugin supporting capturing images, streaming images, video recording, switch sensors, autofocus, flash... on Android and iOS	0.3.3	91.55723139600398	377	481	68	25	Apparence-io	apparence.io	MIT	2022-12-16T16:17:52.000Z
464	http2	A HTTP/2 implementation in Dart.	2.0.1	91.54856325575348	51	137	43	24	dart-lang	dart.dev	BSD-3-Clause	2022-12-15T02:04:06.000Z
465	flutter_xupdate	A Flutter plugin for XUpdate(Android Version Update Library).	2.0.3	91.5355610453777	57	232	65	7	xuexiangjys	xuexiangjys.club	Apache-2.0	2022-12-04T14:51:38.000Z
466	reactive_multi_image_picker	Wrapper around multi_image_picker to use with reactive_forms	0.8.0	91.49655441425043	2	47	23	2	artflutter		MIT	2022-12-15T16:51:57.000Z
467	weather_icons	Flutter library for using erikflowers/weather-icons. An icon pack with over 200 weather themed icons.	3.0.0	91.47921813374941	63	12	6	9	worldturtlemedia		MIT	2022-12-09T18:25:46.000Z
468	dart_geohash	A simple encode, decode, and neighbor finder for longitude/latitude and geohash.	2.0.2	91.43587743249685	28	6	11	0	nfrawley93	frawley.me	MIT	2022-02-02T01:41:03.000Z
469	cupertino_list_tile	This is a Cupertino version of the stock Material ListTile in Flutter.	0.2.1	91.4315433623716	34	12	11	1	jpnurmi		BSD-3-Clause	2021-12-10T12:51:09.000Z
470	status_change	Status Change Package	2.0.0	91.42720929224635	280	42	28	1	usamaaelgendy		NOASSERTION	2021-12-08T10:40:34.000Z
471	basics	A Dart library containing convenient extension methods on basic Dart objects.	0.9.0	91.41420708187059	75	150	14	3	google	google.dev	BSD-3-Clause	2022-11-01T15:09:23.000Z
472	baseflow_plugin_template	A template for plugin examples	2.1.1	91.37953452086855	1	3	1	1	Baseflow		MIT	2022-09-13T07:30:10.000Z
473	flutter_bounceable	A simple, interactive and customizable on-tap bounce animation that can be wrapped on any widgets that you like.	1.0.3	91.37086638061804	106	16	1	2	MingSern		MIT	2022-07-25T07:21:53.000Z
474	particle_field	A Flutter Widget for adding high performance custom particle effects to your UI.	0.0.1+1	91.35786417024228	31	5	0	0	gskinner	gskinner.com	BSD-3-Clause	2022-09-19T20:33:58.000Z
475	ios_insecure_screen_detector	A flutter plugin to detect the screenshot and screen recording on iOS.	0.0.2	91.35353010011701	9	3	1	0	crackerli		BSD-3-Clause	2021-09-16T12:55:23.000Z
476	linear_progress_bar	Flutter and Dart advanced linear progress indicator like Native Android Progress Bar	1.1.0	91.34919602999176	22	1	0	0	Angopapo	angopapo.com	BSD-2-Clause	2022-03-03T14:36:03.000Z
477	just_debounce_it	A simple debounce library for preventing continuous execution of functions	4.1.0	91.34052788974125	16	8	0	2	mhrst	qrl.app	MIT	2022-05-03T18:37:20.000Z
478	flutter_iconpicker	A Dialog for picking Icons in Flutter and use them anywhere. Can be used as a default Dialog or as a Adaptive Dialog.	3.2.2	91.3275256793655	81	91	56	2	Ahmadre	ahmadre.com	MIT	2022-11-01T17:59:33.000Z
479	download	Cross-Platform file downloader for Dart and Flutter projects.	0.0.1+1	91.2971871884887	36	4	2	4	xclud	pwa.ir	MIT	2021-09-02T08:05:23.000Z
480	dio_http_formatter	A Dio interceptor for pretty printing the HTTP request/response to be printed in the console for easier debugging	2.1.0	91.29285311836345	23	8	4	2	assemmarwan		MIT	2022-03-26T10:31:23.000Z
481	build_version	A builder for extracting a package version into code.	2.1.1	91.2798509079877	15	39	8	4	kevmoo	j832.com	BSD-3-Clause	2022-11-09T20:21:14.000Z
482	dart_frog	A fast, minimalistic backend framework for Dart built by Very Good Ventures.	0.3.1	91.27118276773717	375	1021	64	18	VeryGoodOpenSource	verygood.ventures	MIT	2022-12-16T19:12:34.000Z
483	styled_divider	Divider widget with different line styles.	1.0.4	91.2408442768604	0	1	0	0	KevinVan720		MIT	2022-12-05T07:41:16.000Z
484	system_info2	Provides easy access to useful information about the system (architecture, bitness, kernel, memory, operating system, CPU, user).	2.0.4	91.22350799635937	27	9	3	0	onepub-dev	onepub.dev	BSD-3-Clause	2022-06-03T05:10:41.000Z
485	multiple_localization	Support for multiple abr and messages localization files for intl package.	0.3.0	91.21483985610888	18	9	8	2	Innim	innim.ru	BSD-3-Clause	2022-03-10T12:46:08.000Z
486	firebase_auth_desktop	Windows and Linux implementation of firebase_auth	1.0.2	91.20617171585836	46	284	35	18	invertase	invertase.io	NOASSERTION	2022-11-05T03:27:18.000Z
487	macos_ui	Flutter widgets and themes implementing the current macOS design language.	1.7.5	91.19750357560785	492	1114	94	35	GroovinChip	macosui.dev	MIT	2022-11-18T13:24:13.000Z
488	paged_vertical_calendar	A simple paginated framework for implementing calendar based interfaces.	1.1.5	91.18883543535733	65	24	13	3	casvanluijtelaar	casvanluijtelaar.com	Apache-2.0	2022-10-21T08:08:11.000Z
489	omni_datetime_picker	A datetime picker package with option to use a single datetime picker or a datetime range picker.	0.1.3	91.17583322498159	39	16	22	6	Type0N1	type0n1.com	MIT	2022-10-23T02:54:44.000Z
490	optional	An implementation of the Optional type, which helps avoid dealing with null references	6.1.0+1	91.16716508473107	32	35	7	0	tonio-ramirez	tech42solutions.com	BSD-2-Clause	2022-04-12T10:57:45.000Z
491	instant	A package that exports functions for converting, formatting, and nicening of dates/times in Dart.	0.4.1	91.16283101460581	27	10	3	5	AKushWarrior	kishoredev.live	AGPL-3.0	2021-03-07T05:36:50.000Z
492	flutter_web3	Web3 Ethereum, Etherjs and Wallet Connect wrapper for Flutter Web. Made especially for developing Dapp.	2.1.9	91.14549473410479	123	102	30	20	y-pakorn		NOASSERTION	2022-02-07T16:35:22.000Z
493	checkbox_formfield	This package contains checkbox widgets that can be used as FormField for Flutter beginners.	0.2.0	91.1368265938543	25	3	5	2	reidha		BSD-3-Clause	2022-01-02T10:09:55.000Z
494	flutter_zoom_sdk	Zoom SDK from ZOOM ported to flutter as plugin with all necessary features and with Null Safety which is implementation by EvilRATT	1.1.0+4	91.13249252372904	68	36	65	35	evilrat	evilrattechnologies.com	BSD-3-Clause	2022-11-17T06:24:03.000Z
495	ffigen	Generator for FFI bindings, using LibClang to parse C header files.	7.2.4	91.12382438347852	162	287	39	69	dart-lang	tools.dart.dev	NOASSERTION	2022-12-16T08:25:30.000Z
496	flutter_dynamic_icon	A flutter plugin for dynamically changing app icon and app icon batch number	2.1.0	91.11082217310276	175	64	30	3	tastelessjolt		BSD-3-Clause	2022-12-07T02:17:06.000Z
497	hasura_connect	Connect your Flutter/Dart apps to Hasura simply. All the power of GraphQL and Postgres in Flutter.	4.0.0+4	91.07614961210072	194	202	57	14	Flutterando	flutterando.com.br	MIT	2022-11-16T08:36:59.000Z
498	draggable_home	Draggable is a library for adding a beautiful draggable home page	1.0.4	91.06748147185021	374	106	28	6	DevsOnFlutter		BSD-3-Clause	2022-10-22T16:46:00.000Z
499	image_editor_plus	Image Editor Plugin with filters, drawing, text and emoji like stories.	0.1.7	91.06314740172496	96	44	25	5	hsbijarniya	ensorta.com	MIT	2022-11-15T07:52:57.000Z
500	firebase_pagination	A flutter package to paginate realtime database and firestore with realtime updates.	3.0.0	90.97646599921987	13	2	1	0	OutdatedGuy	outdatedguy.rocks	BSD-3-Clause	2022-11-19T16:17:53.000Z
501	list_tile_switch	A simple yet elegant widget combines Material ListTile with custom and original Material and Cupertino switch implementations.	1.0.0	90.95046157846835	63	20	2	1	firatcetiner		MIT	2021-03-06T13:06:41.000Z
502	mocktail_image_network	A Dart package which allows you to mock Image.network in your widget tests with confidence using the mocktail package.	0.3.1	90.93312529796732	33	428	63	22	felangel	felangel.dev	MIT	2022-12-06T12:35:53.000Z
503	flutter_reorderable_grid_view	Enables animated GridViews when updating children or when trying to reorder them by using drag and drop.	3.1.3	90.85077796558748	67	56	8	9	karvulf	karvulf.com	BSD-3-Clause	2022-11-12T18:49:09.000Z
504	kartal	Kartal is an extension package for easy to use at app development time. You can access more features with primitive variables(context, string etc.).	2.7.0	90.83344168508647	128	60	21	1	VB10	vb10.dev	MIT	2022-11-27T16:28:48.000Z
505	flutter_map_tile_caching	Plugin for 'flutter_map' providing advanced caching functionality, with ability to download map regions for offline use.	6.2.0	90.80743726433494	58	67	28	4	JaffaKetchup	jaffaketchup.dev	GPL-3.0	2022-12-17T22:58:38.000Z
506	drop_shadow	Add highly customizable drop shadow effect for any widgets in flutter	0.0.2+1	90.79010098383392	41	10	1	0	rei-codes	rei.codes	MIT	2022-11-12T20:00:30.000Z
507	dialog_flowtter	A Flutter implementation of DialogFlow improved. Get your chatbots ready in no time.	0.3.3	90.74242621245612	43	36	16	1	Deimos-Applications	deimos.app	MIT	2022-12-05T21:29:21.000Z
508	flutter_shake_animated	a new flutter shake animated project.	0.0.5	90.71208772157934	17	0	0	0	aiyakuaile		BSD-3-Clause	2022-01-30T14:40:29.000Z
509	find_dropdown	Simple and robust FindDropdown with item search feature, making it possible to use an offline item list or filtering URL for easy customization.	1.0.0	90.69475144107831	80	59	24	11	davidsdearaujo		MIT	2021-12-02T15:57:51.000Z
510	flutter_carousel_widget	A customizable carousel slider widget in Flutter which supports inifinte scrolling, auto scrolling, custom child widget, custom animations and built-in indicators.	2.0.0+1	90.69041737095306	33	7	2	2	nixrajput	nixlab.co.in	GPL-3.0	2022-12-16T17:52:01.000Z
511	cider	Tools for Dart package maintainers. Automates changelog and pubspec.yaml updates.	0.1.3	90.6860833008278	79	69	11	7	f3ath	karapetov.com	MIT	2022-12-17T23:10:13.000Z
512	fraction	A package that helps you working with fractions and mixed fractions.	4.1.4	90.65141073982576	39	14	3	0	albertodev01	fluttercompletereference.com	MIT	2022-08-30T23:20:40.000Z
513	ferry_flutter	Flutter widgets for the Ferry GraphQL client	0.8.0	90.62540631907424	15	476	90	52	gql-dart	gql-dart.dev	MIT	2022-12-11T21:44:13.000Z
514	steel_crypt	A comprehensive library of high-level, cryptographic APIs. This library supports hashing, password hashing, two-way encryption, MAC authentication, and key/IV generation.	3.0.0+1	90.60807003857323	69	41	10	8	AKushWarrior	kishoredev.live	MPL-2.0	2021-04-21T01:19:01.000Z
515	widget_mask	Use a widget to mask and blend another widget, for example to imprint text onto surfaces.	1.0.0+0	90.59506782819746	37	5	2	1	blaugold	gabriel.terwesten.net	MIT	2022-06-12T23:30:27.000Z
516	stream_chat_persistence	Official Stream Chat Persistence library. Build your own chat experience using Dart and Flutter.	5.1.0	90.5907337580722	16	654	237	75	GetStream	getstream.io	NOASSERTION	2022-12-16T14:41:48.000Z
517	form_builder_file_picker	FilePicker Field for flutter_form_builder package. Used to select files as part of form input.	2.3.0	90.55172712694491	24	11	22	7	flutter-form-builder-ecosystem	flutterformbuilderecosystem.com	BSD-3-Clause	2022-11-23T01:38:32.000Z
518	flutter_tabler_icons	Tabler Icons for flutter using icons from https://github.com/tabler/tabler-icons by Csaba Kissi @csaba_kissi	1.1.2	90.4390413036883	40	4	1	3	bigbadbob2003	rob-b.co.uk	MIT	2022-11-04T14:12:35.000Z
519	ferry_hive_store	Hive-based Store implementation for Ferry GraphQL client	0.5.0	90.42170502318727	4	476	90	52	gql-dart	gql-dart.dev	MIT	2022-12-11T21:44:13.000Z
520	cupertino_tabbar	A highly customisable and simple widget for having iOS 13 style tab bars.	2.0.0	90.41737095306202	61	98	24	2	aliyigitbireroglu	cosmossoftware.coffee	MIT	2021-05-04T11:10:58.000Z
521	flutter_screen_wake	A Flutter plugin to manage the device's screen on Android and iOS.	1.0.2	90.40870281281151	22	2	4	2	erickhaendel		MIT	2021-08-12T01:02:07.000Z
522	scrollable_list_tabview	A Flutter widget which syncronize a ScrollView and a custom tab view.	0.1.6	90.40436874268626	148	21	25	11	firatcetiner		MIT	2022-12-01T07:27:44.000Z
523	objectbox_generator	ObjectBox Flutter / Dart database binding code generator - finds annotated entities and adds them to the ObjectBox DB model.	1.7.0	90.38703246218523	14	719	86	54	objectbox	objectbox.io	Apache-2.0	2022-12-16T15:46:25.000Z
524	swipeable_tile	A package to dismiss with animated background. Also Swipe to tigger action without dismiss.	2.0.0+3	90.3523599011832	121	28	7	2	watery-desert	waterydesert.com	BSD-3-Clause	2022-12-14T11:16:19.000Z
525	socket_io	Port of JS/Node library Socket.io. It enables real-time, bidirectional and  event-based communication cross-platform.	1.0.1	90.32202141030642	105	109	30	10	rikulo		MIT	2021-09-09T02:49:35.000Z
526	svg_path_parser	A Flutter/Dart utility to parse an SVG path into a equivalent Path object from dart:ui library.	1.1.1	90.31768734018117	40	13	3	1	masterashu	masterashu.codes	MIT	2021-12-06T16:25:17.000Z
527	container_tab_indicator	Build your own Tab indicator using familiar Container-like properties.	0.3.0	90.30901919993065	36	11	0	6	slovnicki	scipack.dev	MIT	2021-06-08T11:46:07.000Z
528	language_picker	Language picker dropdown and dialog.	0.4.2	90.30468512980539	18	2	3	2	atn832	wafrat.com	MIT	2022-12-02T07:18:59.000Z
529	art_sweetalert	A beautiful, responsive, customizable, accessible replacement, easy use for flutter popup boxes. Both supported ios and android.	0.0.5	90.29168291942963	31	3	2	3	hsndmr	hasandemir.org	MIT	2022-08-22T15:30:46.000Z
530	pedantic_mono	[mono edition] Recommended lints for Flutter apps, packages, and plugins to encourage good coding practices.	1.20.1	90.25267628830235	55	62	21	0	mono0926	mono0926.com	MIT	2022-12-17T19:29:39.000Z
531	udp	Lightweight, efficient, and easy-to-use UDP library for Dart. Supports Unicast, Broadcast, Multicast and Loopback communications.	5.0.3	90.24400814805183	52	40	16	7	xenoken		BSD-3-Clause	2022-03-27T12:21:20.000Z
532	division	Simple to use yet powerfull style widgets with syntax inspired by CSS.	0.9.0	90.2266718675508	182	266	35	15	ReinBentdal		MIT	2022-06-26T13:31:55.000Z
533	loop_page_view	A simple Flutter PageView builder constructor wrapper that allows for endless scrolling on both directions.	1.2.0	90.20500151692454	43	16	9	12	wjuniorgit		BSD-2-Clause	2022-09-16T13:13:30.000Z
534	serverpod	Serverpod is an open-source, scalable app server, written in Dart for the Flutter community.	0.9.21	90.18766523642353	230	970	71	76	serverpod	serverpod.dev	BSD-3-Clause	2022-12-17T16:30:47.000Z
535	data_tables	ListView on Mobile and Stateless Data Tables on Tablets and Desktops.	1.4.0	90.17899709617302	123	164	45	16	rodydavis	rodydavis.com	MIT	2022-12-08T01:18:17.000Z
536	vimeo_video_player	A Video Player that support videos from Vimeo platform in Flutter. This Package allow us to play any videos from Vimeo by using its Vimeo Video Id.	0.0.6	90.14865860529623	40	26	15	3	Mindinventory	mindinventory.com	MIT	2022-11-10T09:12:21.000Z
537	dart_frog_gen	Code generation tooling for Dart Frog. Built by Very Good Ventures.	0.3.0	90.14432453517098	11	1021	64	18	VeryGoodOpenSource	verygood.ventures	MIT	2022-12-16T19:12:34.000Z
538	os_detect	Platform independent OS detection.	2.0.1	90.10098383391843	18	13	6	2	dart-lang	dart.dev	BSD-3-Clause	2022-11-15T20:27:18.000Z
539	stream_chat_localizations	The Official localizations for Stream Chat Flutter, a service for building chat applications	4.0.0	90.07931348329215	8	654	237	75	GetStream	getstream.io	NOASSERTION	2022-12-16T14:41:48.000Z
540	eth_sig_util	Ethereum signature utility porting from JS	0.0.9	90.03597278203961	15	13	10	5	wakumo		MIT	2022-12-13T05:02:10.000Z
541	ms_undraw	Updated UnDraw library. These illustrations are designed by Katerina Limpitsouni.	3.1.0+3	90.03163871191437	44	5	2	1	Marcus-Software	marcussoftware.info	MIT	2022-08-09T20:05:47.000Z
542	action_slider	A slider to confirm actions and provide feedback on the success of these after subsequent loading.	0.6.1	90.00996836128809	72	10	1	0	SplashByte	splashbyte.dev	BSD-3-Clause	2022-12-09T01:02:39.000Z
543	reactive_date_time_picker	Wrapper around showDatePicker and showTimePicker to work with reactive_forms	0.5.0	89.9709617301608	9	47	23	2	artflutter		MIT	2022-12-15T16:51:57.000Z
544	flutter_alarm_clock	A lightweight flutter package connecting android clock app intents.	0.0.2	89.96229358991027	43	12	4	5	mevljas		MIT	2021-12-22T21:26:59.000Z
545	bezier_chart	A beautiful bezier line chart widget for flutter that is highly interactive and configurable.	1.0.17+1	89.95795951978502	241	425	132	38	aeyrium	aeyrium.com	Apache-2.0	2021-07-29T00:46:25.000Z
546	objectid	Blazing fast, cross-platform ObjectId implementation for the dart language.	2.1.0	89.94929137953453	26	6	1	0	gonuit	klyta.it	MIT	2022-06-15T16:22:07.000Z
547	charts_painter	Highly customizable and extendable charts library for flutter made with custom painters	3.0.0	89.91895288865774	183	92	31	8	infinum	infinum.com	MIT	2022-11-16T08:54:07.000Z
548	flutter_advanced_segment	An advanced segment widget, that can be fully customized with bunch of properties, just try it and enjoy!	3.0.1	89.87994625753045	70	19	8	0	alex-melnyk	alexmelnyk.io	BSD-3-Clause	2022-05-24T15:23:30.000Z
549	multiple_result	Multiple results for dart. Inspired by dartz's Either and Kotlin's sealed classes	3.1.0	89.87127811727994	78	29	7	0	higorlapa		MIT	2022-12-16T14:14:07.000Z
550	flutter_acpuserprofile	Adobe Experience Platform User Profile support for Flutter apps.	2.0.1	89.86260997702942	0	3	6	0	adobe	adobe.com	Apache-2.0	2022-01-13T23:54:56.000Z
551	freerasp	Flutter library for improving app security and threat monitoring on Android and iOS mobile devices. Learn more about provided features on the freeRASP's homepage first.	3.0.2	89.85827590690417	137	62	3	6	talsec	talsec.app	MIT	2022-11-14T17:34:03.000Z
552	handy_window	This package enhances the looks of Flutter applications on Linux by providingmodern-looking Handy windows with rounded bottom corners.	0.1.9	89.85394183677892	15	16	4	1	ubuntu-flutter-community	canonical.com	MPL-2.0	2022-12-01T19:17:54.000Z
553	image_downloader_web	A Flutter plugin for downloading images from URL to user's device. This plugin only works for Flutter web.	1.0.2	89.8279374160274	17	1	3	3	hrvojecukman		MIT	2022-10-19T09:50:51.000Z
554	functions_framework	FaaS (Function as a service) framework for writing portable Dart functions	0.4.1	89.7889307849001	124	484	49	26	GoogleCloudPlatform	cloud.google.com	Apache-2.0	2022-11-30T03:47:21.000Z
555	speech_balloon	This is a flutter widget that generates a simple speech bubble. This widget can display simple speech bubbles and reproduce speech bubbles with a border.	0.0.4	89.76726043427382	30	1	1	0	s-tyd	s-tyd.com	MIT	2021-07-22T13:39:46.000Z
556	image_sequence_animator	A simple widget for animating a set of images with full custom controls as an alternative to using a GIF file.	2.0.0	89.72825380314654	67	131	27	5	aliyigitbireroglu	cosmossoftware.coffee	MIT	2022-04-11T00:16:32.000Z
557	avatar_stack	Advanced and agile avatar stack with settings. It allows to place a lot of avatars or another widgets in small place.	1.1.2	89.67624496164348	69	11	1	0	cyrax111		BSD-3-Clause	2022-07-12T03:07:45.000Z
558	mysql_client	Native MySQL client written in Dart. Tested with MySQL Percona Server (5.7, 8), MariaDB (10). Supports TLS.	0.0.27	89.67191089151822	78	45	11	9	zim32		BSD-3-Clause	2022-12-04T13:18:14.000Z
559	credit_card_scanner	Fast, Accurate and Secure Credit & Debit card scanning library for flutter. This package is a fork of the original.	1.0.5	89.64157240064145	33	81	66	27	nateshmbhat		GPL-3.0	2021-05-29T23:53:21.000Z
560	platform_maps_flutter	A Flutter package that combines google_maps and apple_maps to provide a crossplatform native map implementation.	1.0.2	89.61990205001517	90	70	42	21	LuisThein	luisthein.de	BSD-2-Clause	2022-05-02T21:54:40.000Z
561	reorderable_grid	A full reorderable grid implementations similar to flutter's native reorderable list.	1.0.5	89.58089541888788	64	33	3	3	casvanluijtelaar	casvanluijtelaar.com	MIT	2022-11-04T11:42:29.000Z
562	bloc_provider	Provides bloc to descendant widget (O(1)), and the bloc is disposed appropriately by state which the bloc_provider holds internally.	1.0.0	89.55922506826161	24	115	18	4	mono0926	mono0926.com	MIT	2022-08-16T00:54:48.000Z
563	esys_flutter_share_plus	A Flutter plugin for sharing images & text with other applications. Fork by Innim	2.2.0	89.54622285788584	8	0	2	0	Innim	innim.ru	Apache-2.0	2022-08-12T11:58:41.000Z
564	list_ext	Dart extension methods for Iterable and List. You can easily sum, count elements and many more.	1.0.6	89.54188878776058	33	10	2	0	Innim	innim.ru	BSD-3-Clause	2022-10-04T06:24:39.000Z
565	chucker_flutter	Chucker Flutter helps you inspect the HTTP(S) requests/responses. It stores data locally and provides a UI for inspecting network calls and sharing their content.	1.4.0	89.53755471763533	36	27	7	2	syedmurtaza108	syedmurtaza.site	MIT	2022-12-15T09:00:05.000Z
566	either_option	The simple library for Error Handling with functionnal programming concept	2.0.0	89.52888657738482	39	34	8	1	cbyad		MIT	2022-10-31T09:36:48.000Z
567	speed_test_dart	Internet speed tester (ping, upload, download) using speedtest.net	1.0.4+1	89.52021843713432	6	2	3	0	jorger5	jrincondev.com	NOASSERTION	2022-10-03T16:37:56.000Z
568	flutter_fancy_tree_view	A highly customizable TreeView Widget for visualization of nested data in Flutter.	0.5.3+2	89.48987994625753	64	80	39	9	mbaumgartenbr		MIT	2022-12-16T20:42:08.000Z
569	yaml_edit	A library for YAML manipulation with comment and whitespace preservation.	2.0.3	89.48554587613228	17	16	5	6	dart-lang	tools.dart.dev	BSD-3-Clause	2022-11-10T11:31:16.000Z
570	file_manager	FileManager is a wonderful widget that allows you to manage files and folders, pick files and folders, and do a lot more. Designed to feel like part of the Flutter framework.	1.0.1	89.4725436657565	91	49	12	12	DevsOnFlutter		BSD-3-Clause	2022-10-23T09:00:34.000Z
571	page_view_dot_indicator	A simple and animated page view indicator in the form of dots, which you can customise color, size, space and duration.	2.0.1	89.44653924500498	31	10	6	2	douglasiacovelli		MIT	2022-08-22T22:28:55.000Z
572	hmssdk_flutter	The Flutter package for 100ms SDK. Video Conferencing infrastructure for a Video first world.	1.1.0	89.44220517487973	47	78	35	29	100mslive	100ms.live	MIT	2022-12-17T14:27:05.000Z
573	git	Git command line wrapper. Exposes a Git directory abstraction that makes it easy to inspect and manipulate a local Git repository.	2.2.0	89.43787110475448	27	112	16	15	kevmoo	j832.com	BSD-2-Clause	2022-11-09T23:27:57.000Z
574	float_column	Flutter FloatColumn widget for building a vertical column of widgets and text where the text wraps around floated widgets, similar to how CSS float works.	1.3.1	89.39019633337666	29	12	0	0	ronjb	ronbooth.com	MIT	2022-12-10T23:07:25.000Z
575	pull_down_button	Cupertino styled Pull-Down Button from iOS 14 with great customisation options.	0.4.1	89.38586226325141	57	16	4	0	notDmDrl		MIT	2022-12-03T19:07:59.000Z
576	vertical_scrollable_tabview	A Flutter widget which syncronize a ScrollView and a custom tab view.	0.0.7	89.3685259827504	59	12	17	9	wayne900204		MIT	2022-06-29T02:42:32.000Z
577	rudder_sdk_flutter	The RudderStack Flutter SDK allows you to track event data from your app. It can be easily integrated into your Flutter application. After integrating this SDK, you will also send the event data to your preferred analytics destination/s, such as Google Analytics, Amplitude, and more.	2.2.0	89.34252156199888	7	4	17	4	rudderlabs	rudderstack.com	MIT	2022-12-15T02:11:57.000Z
578	pluto_menu_bar	A menu bar for flutter. You can add as many submenus as you want, and you can change the default style.	3.0.0	89.33818749187363	65	52	15	7	bosskmk	weblaze.dev	MIT	2022-11-30T06:54:57.000Z
579	gql_dedupe_link	GQL Link to deduplicate identical in-flight execution requests	2.0.3+1	89.32518528149785	1	240	99	56	gql-dart	gql-dart.dev	MIT	2022-12-03T23:04:15.000Z
580	form_builder_phone_field	International phone number field for FlutterFormBuilder package	1.3.0	89.3208512113726	23	3	1	9	flutter-form-builder-ecosystem	flutterformbuilderecosystem.com	BSD-3-Clause	2022-11-21T20:29:37.000Z
581	flutter_locales	Easily localize your app to multiple languages	2.0.2	89.31651714124735	30	4	0	2	iampopal		MIT	2022-06-27T18:56:09.000Z
582	flutter_media_metadata	A Flutter plugin to read metadata of media files.	1.0.0+1	89.29484679062108	36	60	12	7	alexmercerind		MIT	2022-12-10T15:32:12.000Z
583	gql_code_builder	Dart code builders taking *.graphql documents and SDL to build useful classes.	0.7.0	89.29051272049581	2	240	99	56	gql-dart	gql-dart.dev	MIT	2022-12-03T23:04:15.000Z
584	flutter_gradient_colors	it's provide you more than 100 predefined Gradient Colors.	2.1.1	89.2818445802453	79	17	3	3	skaran921		NOASSERTION	2022-10-31T09:27:40.000Z
585	flutter_mapbox_navigation	Add Turn By Turn Navigation to Your Flutter Application Using MapBox. Never leave your app when you need to navigate your users to a location.	0.0.26	89.26450829974429	198	162	103	64	eopeter	dormmom.com	Apache-2.0	2022-11-13T16:05:39.000Z
586	firebase_installations	Firebase installations Flutter plugin	16.3.6	89.26017422961904	5	3	2	0	lidio601		MIT	2021-06-04T20:03:07.000Z
587	qlevar_router	A router that helps you to manage your project routes. Create nested routes. navigation without context between your pages.	1.7.1	89.22116759849175	110	66	16	12	SchabanBo	qlevar.de	MIT	2022-11-23T07:02:31.000Z
588	flutter_advanced_networkimage_2	An advanced image provider provides caching and retrying for flutter app. Now with zoomable widget and transition to image widget.	2.0.1	89.2168335283665	8	0	7	2	insinfo		MIT	2022-11-11T13:38:28.000Z
589	flutter_web_auth_2	Flutter plugin for authenticating a user with a web service.	2.0.3	89.17349282711395	22	17	12	9	ThexXTURBOXx	femtopedia.de	MIT	2022-12-13T11:34:44.000Z
590	serverpod_flutter	Flutter specific utilities for Serverpod.	0.9.21	89.14748840636241	0	970	71	76	serverpod		BSD-3-Clause	2022-12-17T16:30:47.000Z
591	flutter_file_view	A file viewer plugin for Flutter, support local file and network link of Android, iOS.	2.1.2	89.1388202661119	18	18	12	3	LiWenHui96		Apache-2.0	2022-11-01T01:19:21.000Z
592	typicons_flutter	Typicons pack with the code to support flutter, easy use, beautifully.	0.5.0	89.11714991548563	15	3	2	1	tvc12	4pet.social	MIT	2021-03-27T14:31:29.000Z
593	get_phone_number	Get real phone number from device - It only works on android device and also need to run in a real device.	2.0.1	89.11281584536039	30	1	0	5	ssk-flutter		BSD-3-Clause	2021-05-23T20:59:46.000Z
594	update_available	Know if there's any update for your Flutter app, based on published versions.	2.1.0	89.10414770510987	47	16	7	9	mateusfccp		MIT	2022-12-05T13:35:36.000Z
595	serverpod_client	Base classes for communication with the server.	0.9.21	89.0911454947341	5	970	71	76	serverpod	serverpod.dev	BSD-3-Clause	2022-12-17T16:30:47.000Z
596	simple_time_range_picker	A simple time range picker for flutter	0.0.5	89.06947514410784	10	4	8	5	trashfeed	trashfeed.net	MIT	2022-08-07T03:30:18.000Z
597	unifiedpush	Push notifications with the provider chosen by the user.	4.0.3	88.99579595197851	7	15	9	10	UnifiedPush	unifiedpush.org	Apache-2.0	2022-11-29T23:14:09.000Z
598	jitsi_meet_wrapper	A Flutter wrapper around the official JitsiMeetSDKs. With this package, you can launch Jitsi meetings in a native view.	0.0.5	88.98279374160273	20	11	25	25	saibotma		BSD-3-Clause	2022-12-16T03:07:06.000Z
599	webviewx_plus	A cross-platform webview using webview_flutter for mobile and iFrame for web.	0.3.2	88.96979153122697	12	4	1	2	Mahad61	lazyus.com	BSD-3-Clause	2022-09-23T19:16:46.000Z
600	aes_crypt	Dart encryption library for encrypting/decrypting files, plain text and binary data in AES Crypt file format.	0.1.1	88.96545746110172	83	27	22	17	alexgoussev	alexgusev.com	MIT	2022-03-19T07:11:46.000Z
601	top_modal_sheet	A simple top modal sheet implementation in pure dart.	2.0.1	88.95678932085121	15	5	8	1	Pilaba		BSD-2-Clause	2022-07-29T18:25:48.000Z
602	flutter_camera_overlay	A Flutter plugin to add common camera overlay components such as ID Card, Credit Card, Texts, prompts or custom components.	0.1.1	88.93945304035019	68	9	12	4	matwright	matwright.dev	MIT	2022-06-29T10:02:27.000Z
603	bugsnag_flutter	Bugsnag crash monitoring and reporting tool for Flutter apps	2.4.0	88.93078490009968	7	5	5	3	bugsnag	bugsnag.com	MIT	2022-12-08T17:24:22.000Z
604	ed25519_hd_key	BIP-0032 like derivation for ed25519 curve	2.2.0	88.90911454947341	9	12	6	1	alepop	alepop.dev	MIT	2021-09-16T06:40:18.000Z
605	tiktoklikescroller	A vertical fullscreen scroll implementation that snaps in place, similar to the TikTok app	0.2.3	88.87877605859663	124	35	12	4	dmt195	davidtaylor.io	Apache-2.0	2022-06-29T17:01:37.000Z
606	pushy_flutter	The official Pushy SDK for Flutter apps.	2.0.12	88.83976942746934	14	19	13	0	pushy		Apache-2.0	2022-10-09T12:05:25.000Z
607	markdown_editable_textinput	A TextField Widget that allow you to convert easily what's in the TextField to Markdown.	2.1.0	88.83110128721883	116	56	30	9	playmoweb	playmoweb.com	BSD-3-Clause	2022-11-17T08:38:14.000Z
608	lucide_icons	A Lucide icon library package for Flutter applications. Fork of Feather Icons, open for anyone to contribute icons.	0.104.0	88.82676721709358	30	2972	161	54	lucide-icons	lucide.dev	ISC	2022-12-13T17:42:51.000Z
609	calendar_appbar	Flutter package for custom AppBar with full calendar view with many new features!	0.0.6	88.82243314696832	148	40	19	5	vpalcar		MIT	2022-06-10T10:14:54.000Z
610	resizable_widget	Enables users to resize the internal widgets by dragging. This package contains simple APIs, but if needed, you can customize ResizableWidget flexibly.	1.0.5	88.79209465609154	118	35	24	13	ibako	ibako-piyo.com	BSD-3-Clause	2022-07-08T19:01:53.000Z
611	apple_maps_flutter	This plugin uses the Flutter platform view to display an Apple Maps widget.	1.2.0	88.77909244571576	35	48	45	14	LuisThein	luisthein.de	BSD-2-Clause	2022-12-02T18:40:39.000Z
612	in_app_notification	A Flutter package to show custom in-app notification with any Widgets.	1.1.2	88.77042430546527	108	18	6	2	cb-cloud	cb-cloud.com	MIT	2022-12-01T08:40:43.000Z
613	flutter_hooks_lint_plugin	a lint plugin for flutter_hooks	0.6.1	88.73575174446322	6	28	1	1	mj-hd		MIT	2022-11-03T21:36:14.000Z
614	zxcvbn	Dart port of DropBox's zxcvbn library.	1.0.0	88.7184154639622	10	7	4	2	careapp-inc	careapp.com.au	MIT	2021-05-27T03:14:44.000Z
615	flutter_boxicons	Boxicons (https://boxicons.com) customization for Flutter. You can use 2K+ more Boxicons.	3.0.0	88.70541325358644	46	4	7	5	arifai		MIT	2021-07-07T00:24:25.000Z
616	sliver_header_delegate	A flexible sliver header delegate that allows easily customize your SliverHeader	0.0.5	88.70107918346119	72	11	8	3	miroslava-podybailo		MIT	2022-11-01T03:43:58.000Z
617	normalize	Normalization and denormalization of GraphQL responses in Dart	0.8.0	88.68374290296018	8	476	90	52	gql-dart	gql-dart.dev	MIT	2022-12-11T21:44:13.000Z
618	faker_dart	generate massive amounts of fake data in Dart & Flutter! A dart port of the famous faker.js	0.1.11	88.63606813158236	60	26	5	0	casvanluijtelaar	casvanluijtelaar.com	NOASSERTION	2022-11-02T15:24:41.000Z
619	gauges	A library for customizable gauges (radial gauges only for now).	1.0.0	88.6143977809561	35	11	9	4	JulianAssmann		MIT	2022-01-08T17:05:01.000Z
620	nyxx	A Discord library for Dart. Simple, robust framework for creating discord bots for Dart language.	4.4.0	88.53638451870151	71	264	40	4	nyxx-discord	l7ssha.xyz	Apache-2.0	2022-12-12T17:07:06.000Z
621	graphql_codegen	Simple, opinionated, codegen library for GraphQL. It allows you togenerate serializers and client helpers to easily call and parse your data.	0.11.2	88.49737788757423	56	85	37	16	heftapp	heft.app	MIT	2022-12-14T11:20:16.000Z
622	reactive_dropdown_search	Wrapper around searchable_dropdown to use with reactive_forms	0.12.0	88.49304381744896	6	47	23	2	artflutter		MIT	2022-12-15T16:51:57.000Z
623	stats	Calculate common statistical values for a set of numbers: max, min, mean, median, standard deviation, and standard error.	2.0.0	88.47137346682268	23	8	5	2	kevmoo	j832.com	MIT	2022-10-26T00:49:30.000Z
624	redis	Redis database (https://redis.io/) client, with both simplicity and performance as primary goals.	3.1.0	88.46703939669743	87	62	27	2	ra1u		AGPL-3.0	2022-05-08T11:03:46.000Z
625	socket_io_common	Socket.io common parser library.	2.0.2	88.45837125644694	4	6	17	0	rikulo		MIT	2022-10-25T03:16:39.000Z
626	just_throttle_it	A simple throttle library for limiting consecutive execution of functions	2.1.0	88.44536904607116	2	2	0	0	mhrst	qrl.app	MIT	2022-05-03T14:16:02.000Z
627	gson	Parses and encodes the json generated by GSON (Can parse minecraft's json)	0.1.4	88.40636241494387	14	2	2	3	MinimineLP		BSD-2-Clause	2021-03-21T13:09:29.000Z
628	spring_button	A simple widget for having child widgets that respond to gestures with a spring animation.	2.0.0	88.3846920643176	36	73	12	0	aliyigitbireroglu	cosmossoftware.coffee	MIT	2021-05-04T11:01:21.000Z
629	fuzzywuzzy	An implementation of the popular fuzzywuzzy package in Dart, to suit all your fuzzy string matching/searching needs!	0.2.0	88.38035799419235	48	22	3	3	SphericalKat	sphericalk.at	GPL-2.0	2022-06-26T07:19:47.000Z
630	generic_bloc_provider	A generic BloC Provider for your Flutter apps. This package will help you avoid the boilerplate of writing BloC Providers.	2.1.1	88.36302171369132	22	26	6	1	robertohuertasm	robertohuertas.com	MIT	2022-02-14T09:54:59.000Z
631	flutter_calendar_week	Flutter calendar week UI package	3.0.0	88.34568543319031	32	67	26	5	mduccc		MIT	2022-09-12T17:00:44.000Z
632	window_location_href	Cross-platfrom window.location.href. Supports all platforms and is easy.	1.0.1+2	88.33268322281455	5	0	0	0	xclud		MIT	2022-10-24T20:06:12.000Z
633	aes_crypt_null_safe	Dart encryption library for encrypting/decrypting files, plain text and binary data in AES Crypt file format.	2.0.2	88.32401508256403	14	3	1	0	CodingFries	codingfries.com	MIT	2021-12-15T06:47:17.000Z
634	drift_sqflite	A Flutter-only implementation of a drift database, based on the `sqflite` package.	2.0.0	88.28500845143674	7	1797	237	103	simolus3	simonbinder.eu	MIT	2022-12-17T20:37:15.000Z
635	animated_segmented_tab_control	A customizable segmented control that can be used with a TabView.	1.0.1	88.27634031118623	32	11	9	8	LanarsInc		NOASSERTION	2022-11-08T02:00:54.000Z
636	json_store	A Flutter storage solution somewhat similar to a browser's localStorage (but super powered)	2.0.0	88.26767217093573	36	8	8	1	fstof		BSD-2-Clause	2022-08-15T22:42:46.000Z
637	change_case	An extension on String to transform a string between camelCase, PascalCase, Capital Case, snake_case, param-case, CONSTANT_CASE and others.	1.0.2	88.25900403068522	16	4	0	0	mrgnhnt96	mrgnhnt.com	MIT	2022-02-23T20:13:46.000Z
638	apivideo_live_stream	Flutter RTMP live stream client for your audio/video application. Made with ♥ by api.video.	1.0.7	88.23733368005894	34	20	11	7	apivideo	api.video	MIT	2022-11-16T15:18:14.000Z
639	byte_size	ByteSize is a library that handles how byte sizes are represented and an easy to use interface to convert to other forms of representation also taking locale into consideration.	1.4.1	88.2329996099337	4	3	4	1	ron4fun		NOASSERTION	2022-10-22T12:46:21.000Z
640	alphabet_scroll_view	A Scrollable ListView Widget with the dynamic vertical Alphabet List which you can drag and tap to scroll to the first item starting with that letter.	0.3.2	88.21132925930742	68	20	9	9	maheshmnj	maheshjamdade.com	MIT	2022-10-08T03:19:19.000Z
641	json_editor	A json editor on flutter.	0.0.8	88.20699518918215	19	12	8	4	youngchan1988	dev.apptoy.cc	BSD-3-Clause	2022-05-25T08:22:49.000Z
642	interval_time_picker	A variant of the default Flutter Time Picker in which you can pick intervals.	2.0.0+5	88.12031378667707	14	2	11	0	Fleximex	fleximex.com	MIT	2022-09-01T19:57:30.000Z
643	firebase_core_dart	Pure Dart implementation of FlutterFire core API	1.0.1	88.07697308542453	7	284	35	18	invertase	invertase.io	NOASSERTION	2022-11-05T03:27:18.000Z
644	antdesign_icons	AntDesign Icons implementation for dart projects.	0.0.3	88.07263901529927	9	4	0	1	elkhayder		MIT	2021-04-27T01:12:50.000Z
645	selectable	A Flutter widget that enables text selection over all the text widgets it contains.	0.2.8	88.06830494517402	29	9	4	5	ronjb	ronbooth.com	MIT	2022-12-11T02:16:12.000Z
646	zego_uikit_prebuilt_call	PrebuiltCall is a full-featured call kit that provides a ready-made call invitation, voice/video chat, device detection, etc. Add a voice/video call to your app in minutes.	1.2.14	88.04663459454774	5	1	3	0	ZEGOCLOUD	zegocloud.com	MIT	2022-12-13T03:23:32.000Z
647	sliding_clipped_nav_bar	Bottom Navigation Bar with sliding menu icon and text with clipping effect, it also has ripple effect when tapped.	3.1.0+4	88.04230052442249	177	55	9	0	watery-desert	waterydesert.com	BSD-3-Clause	2022-12-14T11:08:30.000Z
648	app_popup_menu	A more modular popup menu.	1.0.0	88.02496424392146	31	9	2	1	AndriousSolutions		NOASSERTION	2022-11-04T16:16:11.000Z
649	undo	A Undo/Redo Library for Flutter	1.4.0	88.0206301737962	66	55	13	2	rodydavis	rodydavis.com	MIT	2021-04-14T23:05:41.000Z
650	icons_plus	A collection of popular icon packs is available in icons_plus. Such as bootstrap, font awesome, eva icons, line awesome, ionicons, and many more.	3.0.0	88.0119620335457	77	12	2	1	chouhan-rahul	rahulchouhan.me	MIT	2022-09-03T14:28:00.000Z
651	flavor	An easy way to configure flavor settings and displaying flavor banner.	2.0.0	87.97728947254366	44	12	4	1	stefandevo	stefandevo.dev	MIT	2021-09-28T09:46:59.000Z
652	easy_table	A full customized data table that builds the cells on demand. Focused on Web/Desktop Applications. Bidirectional scroll bars.	2.2.0	87.96862133229317	45	19	5	9	caduandrade	caduandrade.net	MIT	2022-12-17T23:48:03.000Z
653	cr_calendar	Awesome calendar with customizations, range picking and event showing.	1.0.0+1	87.95995319204265	60	17	14	2	Cleveroad	cleveroad.com	MIT	2022-11-17T11:47:30.000Z
654	quickblox_sdk	Quickblox includes everything that brings messaging right into your application - chat, video calling, users, push notifications, etc.	0.11.0	87.95128505179214	44	6	0	24	QuickBlox		NOASSERTION	2022-09-30T13:13:32.000Z
655	md5_file_checksum	Flutter plugin to calculate a file checksum as MD5 hash, using a platform native implementation.	1.0.4	87.89927621028907	5	3	1	2	albemala	albemala.me	MIT	2022-10-01T14:19:32.000Z
656	shelf_plus	Shelf Plus is a quality of life addon for your server-side development within the Shelf platform.	1.5.0	87.86460364928705	75	52	9	0	felixblaschke	felix-blaschke.de	MIT	2022-09-09T19:13:55.000Z
657	flutter_update_dialog	A beautiful application version update dialog for flutter.You can customize your own version update pop-up window!	2.0.0	87.86026957916178	44	32	10	2	xuexiangjys	xuexiangjys.club	Apache-2.0	2022-12-04T15:20:44.000Z
658	auto_start_flutter	The plugin redirects the user to auto-start permission screen to allow auto-start and fix background problems in some phones.	0.1.1	87.83426515841026	22	4	5	3	seena98	techflow.ir	BSD-2-Clause	2022-11-02T09:41:57.000Z
659	flutter_mdns_plugin	Flutter mDNS plugin	0.0.3	87.82993108828501	4	46	37	10	terrabythia		MIT	2022-01-07T15:53:00.000Z
660	sentry_dart_plugin	A Dart Build Plugin that uploads symbols for Android, iOS/macOS, and Web to Sentry via sentry-cli.	1.0.0-beta.4	87.79525852728297	13	33	13	4	getsentry	sentry.io	MIT	2022-12-02T08:07:04.000Z
661	icon_decoration	Add decoration capabilities for the Icon widget with shadows, borders, gradients.	1.0.1	87.76925410653145	68	23	0	0	TesteurManiak	rouxguillau.me	BSD-2-Clause	2022-03-11T08:59:36.000Z
662	toml	Parser and encoder for TOML v1.0.0 (Tom's Obvious, Minimal Language) configuration files.	0.13.1	87.73024747540416	19	31	5	0	just95		MIT	2022-11-10T22:24:08.000Z
663	dart_appwrite	Appwrite is an open-source self-hosted backend server that abstract and simplify complex and repetitive development tasks behind a very simple REST API	7.1.0	87.7259134052789	69	91	15	2	appwrite	appwrite.io	BSD-3-Clause	2022-12-14T09:25:38.000Z
664	ensure_visible_when_focused	A handy Flutter widget to scroll to a certain widget every time this widget gains Focus.	1.1.1	87.71291119490313	22	9	3	1	rodrigobastosv	rodrigobastos.dev	MIT	2022-09-05T12:14:44.000Z
665	flutter_oss_licenses	A tool to generate detail and better OSS license list using pubspec.yaml/lock files.	2.0.1	87.69557491440212	40	30	9	3	espresso3389	espresso3389.jp	MIT	2022-10-22T13:07:06.000Z
666	pocketbase	Multi-platform Dart SDK for PocketBase, an open source realtime backend in 1 file.	0.6.0	87.68690677415161	67	154	13	0	pocketbase	pocketbase.io	MIT	2022-12-16T15:27:44.000Z
667	youtube_api	YouTubeAPI is a plugin which directly interacts with YouTube server. Supports Searching video and playlist.	1.0.4	87.67823863390109	67	48	42	16	nstack-in	nstack.in	Apache-2.0	2021-11-09T07:03:17.000Z
668	horizontal_blocked_scroll_physics	A ScrollPhysics class that blocks movement in the horizontal axis.	4.0.1	87.63489793264854	23	10	3	0	koa-health	koahealth.tech	MIT	2022-03-07T08:05:10.000Z
669	result_type	Result Type for Dart.	0.2.0	87.63056386252329	23	0	0	0	minikin	minikin.me	MIT	2022-08-25T08:07:46.000Z
670	whatsapp	A top package for whatsapp business api send messages, product, media, location through flutter app.	2.0.0	87.61322758202228	78	7	4	2	rohit-chouhan	rohitchouhan.com	MIT	2022-10-09T04:02:05.000Z
671	onboarding_overlay	Flexible to control Onboarding overlay with or without target element (fork from onboard_overlay)	3.1.2	87.60022537164652	208	31	10	3	talamaska		MIT	2022-11-17T13:46:34.000Z
672	build_verify	Test utility to ensure generated Dart code within a package is up-to-date when using package:build.	3.1.0	87.57422095089498	30	52	10	2	kevmoo	j832.com	MIT	2022-12-02T20:46:45.000Z
673	pspdfkit_flutter	A Flutter plugin providing a feature-rich PDF viewing and editing experience to your users with the powerful PSPDFKit PDF SDK.	3.4.1	87.5525506002687	34	73	26	6	PSPDFKit	pspdfkit.com	NOASSERTION	2022-11-18T13:01:40.000Z
674	avoid_keyboard	This package enables convenient keyboard avoidance. It can be used to enable keyboard avoidance for specific view regions, without compressing the entire view.	0.3.0	87.53954838989296	15	1	0	0	HornMichaelS		MIT	2021-06-10T23:56:37.000Z
675	adapty_flutter	Adapty SDK is an open-source framework that makes implementing in-app subscriptions in Flutter applications fast and easy. It’s 100% open-source and lightweight.	2.2.1	87.51354396914141	37	46	7	2	adaptyteam	adapty.io	MIT	2022-12-16T09:39:09.000Z
676	qr_code_utils	Flutter plugin that provides tools for dealing with QR code. For now, just read.	0.0.1	87.49620768864041	1	0	0	1	atech-dev		MIT	2022-05-14T20:00:41.000Z
677	msal_js	A Dart wrapper for the 'Microsoft Authentication Library for JavaScript (MSAL.js)'.	2.14.0	87.48320547826464	18	13	9	3	Francessco121		MIT	2022-05-12T03:53:46.000Z
678	flutter_zxing	A barcode scanner and generator natively in Flutter with Dart FFI based on ZXing.	0.8.5	87.47453733801413	29	32	12	8	khoren93		MIT	2022-12-17T07:34:15.000Z
679	cunning_document_scanner	A document scanner plugin for flutter. Scan and crop automatically on iOS and Android.	1.1.2	87.46153512763837	50	17	12	1	jachzen	cunning.biz	MIT	2022-11-08T12:26:14.000Z
680	bottom_sheet_bar	A toolbar that aligns to the bottom of a widget and expands into a bottom sheet.	2.3.8	87.42686256663633	51	9	2	3	mhrst	qrl.app	MIT	2022-10-18T15:06:35.000Z
681	libserialport	Serial Port for Dart (FFI bindings to libserialport, a minimal C-library created by the sigrok).	0.3.0+1	87.4095262861353	41	61	15	32	jpnurmi		LGPL-3.0	2022-08-27T14:23:26.000Z
682	schedulers	Dart library for running asynchronous functions on time. Useful for load balancing, rate limiting, lazy execution.	1.0.1	87.34884930438174	13	3	1	1	rtmigo	revercode.com	MIT	2022-11-25T05:28:46.000Z
683	morphable_shape	A Flutter package for creating various shapes that are responsive and can morph betweem each other.	1.6.4	87.33151302388073	113	35	5	0	KevinVan720	wenkaifan.com	MIT	2022-09-05T13:48:35.000Z
684	mixpanel_analytics	A dart wrapper on the mixpanel REST API to be used in Flutter applications. As this is using the http REST API it works both with Android and iOS.	2.1.1	87.31417674337972	17	18	22	3	koa-health	koahealth.tech	MIT	2021-07-12T20:02:40.000Z
685	nyxx_interactions	Nyxx Interactions Module. Discord library for Dart. Simple, robust framework for creating discord bots for Dart language.	4.5.0	87.30984267325445	7	7	6	2	nyxx-discord	l7ssha.xyz	Apache-2.0	2022-12-12T19:13:37.000Z
686	ably_flutter	A wrapper around Ably's Cocoa and Java client library SDKs, providing iOS and Android support.	1.2.15	87.29250639275344	22	46	14	62	ably	ably.com	Apache-2.0	2022-12-13T18:41:49.000Z
687	benchmark_harness	The official Dart project benchmark harness.	2.2.0	87.26216790187665	22	76	25	8	dart-lang	tools.dart.dev	BSD-3-Clause	2022-11-10T17:41:50.000Z
688	star_menu	Contextual popup menu with different shapes and multiple ways to fine-tune animation and position. The menu entries can be almost any kind of widgets.	3.1.0+1	87.2578338317514	103	27	9	2	alnitak	marcobavagnoli.com	MIT	2022-12-12T17:15:50.000Z
689	brightness_volume	Adjust the volume and brightness	1.0.3	87.25349976162614	7	3	2	5	tion126		MIT	2021-05-26T07:03:53.000Z
690	dnd	Drag and Drop for Dart web apps with mouse and touch support.	2.0.1	87.24483162137562	47	136	92	5	marcojakob	jakobservices.ch	MIT	2021-10-07T20:03:58.000Z
691	json_model	Gernerating Dart model class from Json files with one command.	1.0.0	87.2188272006241	35	623	114	48	flutterchina		NOASSERTION	2022-01-10T02:14:10.000Z
692	nepali_utils	A pure dart package with collection of Nepali Utilities like Date converter, Date formatter, DateTime, Nepali Numbers, Nepali Unicode, Nepali Moments and many more.	3.0.3	87.17548649937156	35	23	13	3	sarbagyastha	sarbagyastha.com.np	MIT	2022-08-29T08:19:08.000Z
693	fluid_bottom_nav_bar	A beautiful bottom navigation with a fluid animation. Bar color, icons and animation speed are fully customizable.	1.4.0	87.15381614874529	136	24	23	13	eric-taix		MIT	2022-11-21T16:02:57.000Z
694	datepicker_dropdown	A Dropdown Date picker for Flutter with customizable options.	0.0.7+2	87.12781172799376	14	3	5	2	Robertrobinson777	robertrobinson.in	MIT	2022-09-01T13:55:20.000Z
695	prefs	A Library Package that utilizes the plugin, shared_preferences, to store and read an app’s preferences in both the Android and the iOS platform.	4.0.0	87.11914358774325	13	8	3	0	AndriousSolutions	andrioussolutions.com	NOASSERTION	2022-12-02T22:38:18.000Z
696	background_app_bar	A background app bar plugin, use this plugin if you want to preserve background of sliver app bar when scrolling,	2.0.1	87.09747323711697	34	10	7	1	LeonColt		MIT	2022-03-19T19:57:03.000Z
697	loading_overlay_pro	A new Flutter project with a simple widget wrapper set of loading animations for Flutter projects.	2.1.1	87.09313916699172	28	2	0	0	HVLoc		MIT	2021-03-23T07:51:34.000Z
698	vcard_maintained	A dart port of vCard JS by Eric J Nesser. Create vCards to import contacts into Outlook, iOS, Mac OS, and Android devices from your website or mobile application.	0.0.1+1	87.08013695661596	5	8	15	10	valerycolong	quds.cc	MIT	2021-10-27T09:07:00.000Z
699	water_drop_nav_bar	Bottom navigation bar, it has unique water drop effect. When water droplet falls it marks seleted item.	2.2.0+5	87.04979846573919	177	34	5	1	watery-desert	waterydesert.com	BSD-3-Clause	2022-12-14T11:12:35.000Z
700	contactus	contactus is the package which helps the developers to add their contact information with ease.Developers can add many important details such as website, email, phone number, etc.	1.2.0	87.04113032548867	52	19	12	0	AbhishekDoshi26		MIT	2021-11-24T11:47:56.000Z
701	skeleton_animation	Display skeleton animations in your app. It works on android, iOS and the web.	0.1.4	87.00645776448664	24	4	1	0	wjtje	wjtje.dev	MIT	2021-05-16T09:48:41.000Z
702	salesiq_mobilisten	Mobilisten enables you to give your users the best in-app live chat experience. Mobilisten provides drop-in in-app chat and knowledge base.	1.0.4	86.97611927360984	13	9	5	8	zoho	zoho.com	MIT	2022-12-08T15:54:42.000Z
703	shared_storage	Flutter plugin to work with external storage and privacy-friendly APIs.	0.7.0	86.95878299310883	26	30	11	13	alexrintt	alexrintt.io	MIT	2022-11-19T03:40:15.000Z
704	fhir	FHIR library of versions R4, STU3, DSTU2, and R5 (draft) for Dart & Flutter.	0.9.3	86.91977636198153	26	34	26	1	MayJuun	fhirfli.dev	MIT	2022-12-12T14:54:35.000Z
705	swagger_dart_code_generator	Have you been turned into a problem with writing code for Http requests? This package can help. It has all of the Http and model codegen functionality you have been looking for.	2.9.0	86.87643566072899	190	185	59	6	epam-cross-platform-lab	mobilepeople.dev	Apache-2.0	2022-12-16T12:05:32.000Z
706	image_cropping	This package helps you to crop image with ratio and free scale.	0.0.13	86.87210159060373	72	40	14	1	Mindinventory	mindinventory.com	MIT	2022-09-01T07:14:05.000Z
707	hive_test	Initialize a temporary Hive database for testing	1.0.1	86.86776752047848	4	4	1	1	netsells		MIT	2021-05-11T10:03:48.000Z
708	mrx_charts	Simple, high-performance Flutter charts with beautiful animations.	0.1.3	86.78542018809864	74	54	7	3	merixstudio	merixstudio.com	MIT	2022-12-01T18:16:54.000Z
709	bonfire	(RPG maker) Create RPG-style or similar games more simply with Flame.	2.11.9	86.77675204784813	275	780	118	4	RafaelBarbosatec		MIT	2022-12-15T11:51:02.000Z
710	ferry_generator	Generated types for Ferry GraphQL Client	0.7.0	86.75508169722185	15	476	90	52	gql-dart	gql-dart.dev	MIT	2022-12-11T21:44:13.000Z
711	flutter_expandable_table	A Flutter widget for create an expandable table with header and first column fixed.	1.1.1	86.74641355697135	58	15	14	3	rickypid	rcprogrammer.net	BSD-3-Clause	2022-08-01T15:45:46.000Z
712	perfect_freehand	Draw perfect pressure-sensitive freehand lines. A set of functions for turning input points into a polygon of outline points.	1.0.4	86.73774541672084	108	184	25	4	steveruizok		MIT	2022-07-14T06:01:25.000Z
713	isoweek	A lightweight Dart package which provides the class Week (based on the ISO 8601 format).	1.1.4	86.72907727647033	17	4	0	0	devj3ns	jensbecker.dev	BSD-3-Clause	2022-06-22T12:03:02.000Z
714	alert	A Flutter plugin for showing native alert dialog in IOS and Toast messages in Android.	2.0.1	86.655398084341	18	1	4	0	Oleksandr32		MIT	2021-05-25T19:50:37.000Z
715	bcrypt	This package use jBCrypt modified code to work with Dart VM.	1.1.3	86.6467299440905	10	1	0	0	astudilloalex	alexastudillo.com	NOASSERTION	2022-03-23T21:03:10.000Z
716	input_history_text_field	A input_history_text_field widget is automatically saved and suggest as you type.	0.2.0	86.60338924283795	43	8	4	4	trashfeed	trashfeed.net	MIT	2022-09-03T03:05:07.000Z
717	dart_twitter_api	A dart wrapper for using the Twitter API with well documented interfaces for every endpoint.	0.5.8	86.58171889221168	41	54	23	0	robertodoering		BSD-3-Clause	2022-12-14T17:46:48.000Z
718	flutter_star	You can create a star easily and decide how many angle or color of the star, even the fat and progress of the star.	1.2.0	86.57738482208643	11	20	2	0	toly1994328	toly1994.com	NOASSERTION	2020-02-23T02:34:32.000Z
719	signalr_flutter	A flutter plugin for .net SignalR client. This client is for ASP.Net SignalR, not for .Net Core SignalR.	0.2.0	86.56438261171066	56	16	15	14	AS-Devs		MIT	2022-11-21T12:23:46.000Z
720	quds_popup_menu	A new way to show advanced popup menu in Flutter, the package is a part of quds_ui_kit package.	0.0.1+1	86.5513804013349	55	18	11	2	MohammedAsaadAsaad	quds.cc	MIT	2022-05-03T07:57:51.000Z
721	reactive_phone_form_field	Wrapper around phone_form_field to use with reactive_forms	0.10.0	86.54271226108439	6	47	23	2	artflutter		MIT	2022-12-15T16:51:57.000Z
722	geocoder_buddy	Forward, Reverse geocoding and Search Address without any apikey.	1.0.1	86.53837819095914	15	2	4	4	flutterbuddy1	flutterbuddy.in	MIT	2022-11-20T16:56:40.000Z
723	very_good_infinite_list	A library for easily displaying paginated data, created by Very Good Ventures. Great for activity feeds, news feeds, and more.	0.7.0	86.52104191045811	132	102	14	3	VeryGoodOpenSource	verygood.ventures	MIT	2022-11-28T18:02:53.000Z
724	flutter_widgetkit	Flutter library for iOS Widgets Extensions. Integrate a Widget into your App	1.0.3	86.51670784033286	38	224	20	5	fasky-software		MIT	2021-03-22T09:10:11.000Z
725	custom_lint_builder	A package to help writing custom linters	0.0.16	86.50803970008235	3	151	17	19	invertase	invertase.io	Apache-2.0	2022-12-12T11:22:31.000Z
726	flutter_sensors	A flutter plugin to access the available sensors of the device.	1.0.1	86.5037056299571	28	28	26	14	LJaraCastillo		MIT	2022-02-23T13:22:29.000Z
727	msh_checkbox	An animated checkbox, inspired by BEMCheckbox for iOS, using an API similar to Flutter's own Checkbox.	2.0.0	86.49070341958132	12	4	3	0	HornMichaelS		MIT	2022-12-14T18:52:36.000Z
728	statusbarz	A Flutter package for dynamically changing status bar color based on the background. Works with static colors and images.	1.0.12	86.48636934945607	38	6	2	0	Mapventure	mankeli.co	MIT	2022-10-20T11:18:02.000Z
729	icalendar_parser	Package to parse iCalendar (.ics) files written in pure Dart.	1.1.0	86.46036492870455	34	26	4	1	TesteurManiak	rouxguillau.me	MIT	2022-12-12T14:11:44.000Z
730	fancy_password_field	A highly customizable password control input widget. It has features such as password strenght and rules validation	2.0.0	86.45169678845403	42	12	5	0	rodrigobastosv	rodrigobastos.dev	MIT	2022-10-13T13:25:35.000Z
731	webcrypto	Cross-platform implementation of Web Cryptography APIs for Flutter.	0.5.3	86.39968794695099	51	56	30	14	google	google.dev	Apache-2.0	2022-11-02T14:39:32.000Z
732	animated_notch_bottom_bar	This package helps you to achieve animated notch bottom navigation bar with any widget as children.	0.0.6	86.37801759632471	62	32	3	1	Mindinventory	mindinventory.com	MIT	2022-10-18T12:06:25.000Z
733	survey_kit	Create beautiful surveys with Flutter (inspired by iOS ResearchKit Surveys)	0.1.1	86.36934945607419	69	89	50	10	QuickBirdEng	quickbirdstudios.com	MIT	2022-12-15T12:56:25.000Z
734	iso_countries	A plugin for fetching ISOCountries data from device OS. Name of countries can be obtained in different languages.	2.1.0	86.33901096519742	14	4	12	2	anoop4real		MIT	2022-01-13T16:19:36.000Z
735	matomo_tracker	A fully cross-platform wrap of the Matomo tracking client for Flutter, using the Matomo API.	2.0.0	86.30433840419538	18	11	8	0	Floating-Dartists	floating-dartists.dev	MIT	2022-12-02T16:13:09.000Z
736	google_sign_in_mocks	Mocks for Google Sign In. Use this package with `firebase_auth_mocks` to write unit tests involving Firebase Authentication.	0.2.1	86.28700212369435	17	6	9	4	atn832	wafrat.com	BSD-2-Clause	2022-08-20T09:17:39.000Z
737	flutter_custom_cards	Flutter Custom Cards help developers to create beautiful custom cards and 3D cards with flutter.	0.2.1	86.2739999133186	12	2	0	0	pktintali	studentmitra.in	MIT	2021-11-21T05:31:04.000Z
738	scribble	Scribble is a lightweight library for freehand drawing in Flutter supporting pressure, variable line width and more!	0.9.1	86.25232956269232	106	73	18	9	fyzo-dev	fyzio.de	MIT	2022-12-02T11:21:07.000Z
739	stream_feed_flutter_core	Stream Feed official Flutter SDK Core. Build your own feed experience using Dart and Flutter.	0.8.0	86.20898886143978	10	67	25	31	GetStream	getstream.io	NOASSERTION	2022-11-15T01:27:16.000Z
740	http_status_code	HTTP Status Codes	0.0.2	86.20465479131452	9	3	3	0	salkuadrat		MIT	2021-10-30T10:07:24.000Z
741	info_popup	The simple way to show the user some information on your selected widget.	2.4.6	86.20032072118927	36	9	1	0	SalihCanBinboga	salihcan.dev	MIT	2022-11-22T13:29:29.000Z
742	patrol	Simple yet powerful Flutter-native UI testing framework eliminating limitations of flutter_test, integration_test, and flutter_driver.	0.10.3	86.17865037056299	132	250	22	83	leancodepl	leancode.co	Apache-2.0	2022-12-17T23:28:09.000Z
743	flutter_tagging	A flutter package with tagging or multiselect functionality. Useful for adding Tag or Label Selection Forms.	3.0.0	86.17431630043774	177	149	47	17	sarbagyastha	sarbagyastha.com.np	BSD-3-Clause	2021-10-04T11:12:52.000Z
744	animated_card	Package to animate the initialization of any widget, with the possibility of using a custom dismissible.	2.0.0	86.16131409006198	58	15	3	1	davidsdearaujo		MIT	2021-04-16T19:55:32.000Z
745	japx	Lightweight parser for the JSON:API (http://jsonapi.org/) structure.	2.0.5	86.15698001993673	34	22	11	3	infinum	infinum.com	MIT	2022-11-07T10:04:13.000Z
746	camcode	A camera barcode scanner for Flutter Web using your favorite Javascript library	3.0.0	86.15264594981147	40	10	9	8	PiotrFLEURY		BSD-3-Clause	2022-07-23T18:21:05.000Z
747	google_language_fonts	Include easily Google Fonts which are compatible with your languages.	2.0.0	86.14397780956095	12	1	0	0	mzdm		Apache-2.0	2021-06-16T18:58:21.000Z
748	stream_chat	The official Dart client for Stream Chat, a service for building chat applications.	5.1.0	86.1396437394357	58	654	237	75	GetStream	getstream.io	NOASSERTION	2022-12-16T14:41:48.000Z
749	gql_websocket_link	GQL Websocket Link	0.3.4+1	86.12664152905994	8	240	99	56	gql-dart	gql-dart.dev	MIT	2022-12-03T23:04:15.000Z
750	humanizer	A library to convert Dart values into human-friendly representations.	2.0.0	86.08763489793265	39	18	2	0	kentcb	kent-boogaart.com	MIT	2022-05-12T08:41:27.000Z
751	tabbed_view	Flutter widget inspired by the classic Desktop-style tab component. Supports customizable themes.	1.15.0	86.08330082780739	59	29	9	5	caduandrade	caduandrade.net	MIT	2022-11-20T14:30:02.000Z
752	multi_image_picker_view	A complete widget which can easily pick multiple images from device and display them in UI. Also picked image can be re-ordered and removed easily.	0.0.6	86.07896675768214	17	8	4	2	shubham-gupta-16		MIT	2022-08-27T08:00:46.000Z
753	flutter_scale_tap	Scale and opacity animated Button for Flutter	1.0.5	86.05729640705586	24	7	4	3	fedeamura		MIT	2022-09-19T10:17:19.000Z
754	firebase_storage_mocks	Mocks for Firebase Storage. Use this package to write unit tests involving Firebase Storage.	0.6.0+1	86.02695791617909	16	8	19	5	atn832	wafrat.com	BSD-2-Clause	2022-11-29T06:34:12.000Z
755	flutter_randomcolor	A flutter package for generating attractive random colors. it can be used for data visualization, generative and lot more.	1.0.14	85.9966194253023	12	7	3	1	DAMMAK	dammak.dev	MIT	2022-07-31T19:36:45.000Z
756	flutter_timeline	a fully customizable & general timeline widget, based on real-world application references	0.3.0	85.96194686430026	124	282	24	6	softmarshmallow	softmarshmallow.com	MIT	2021-11-13T13:31:12.000Z
757	tabbar	Simple tabbar, rewritten using pagecontroller and facilitating internal PageView manipulation	0.1.1	85.957612794175	23	7	11	3	davidsdearaujo		MIT	2021-03-26T16:38:37.000Z
758	test_process	Test processes: starting; validating stdout and stderr; checking exit code	2.0.3	85.93160837342349	8	15	11	1	dart-lang	tools.dart.dev	BSD-3-Clause	2022-11-01T15:02:42.000Z
759	flagsmith	Flutter Client SDK for https://www.flagsmith.com/, Flagsmith is 100% Open Source. Host yourself or let us take care of the hosting.	3.0.3	85.92727430329823	15	13	7	3	Flagsmith	flagsmith.com	BSD-3-Clause	2022-11-30T09:14:20.000Z
760	drawing_animation	An dart-only library for gradually painting SVG path objects on canvas (drawing line animation).	1.0.1	85.83192476054262	180	440	97	8	biocarl		BSD-2-Clause	2022-10-08T12:14:17.000Z
761	algorand_dart	Unofficial community SDK to interact with the Algorand network, for Dart & Flutter	1.0.3	85.81892255016686	31	35	11	3	RootSoft		MIT	2022-12-15T14:02:19.000Z
762	objectbox_sync_flutter_libs	Fast Flutter database for persisting Dart objects. This package contains Flutter runtime libraries for ObjectBox, including ObjectBox Sync.	1.7.0	85.8145884800416	8	719	86	54	objectbox	objectbox.io	Apache-2.0	2022-12-16T15:46:25.000Z
763	pusher_beams	Official Flutter Plugin for Pusher Beams, receive notifications easily on your Flutter application with Pusher Beams.	1.1.1	85.80158626966585	18	8	11	7	pusher	pusher.com	MIT	2022-09-19T13:11:43.000Z
764	theme_tailor_annotation	Annotations for the Theme Tailor code-generator. This package does nothing without Theme Tailor.	1.0.3	85.79291812941533	8	33	7	5	Iteo	iteo.com	MIT	2022-12-13T13:45:39.000Z
765	f_datetimerangepicker	Date and Time Range Picker for Flutter using Cupertino. Support pick date range, time range, date and time range.	0.2.0	85.78424998916483	36	20	8	7	longphanmn		Apache-2.0	2021-09-06T08:08:04.000Z
766	horizontal_picker	You can select your value on Horizontal Picker while scrolling on items.	1.2.0	85.77991591903957	53	10	6	3	leventkantaroglu	leventkantaroglu.com	BSD-3-Clause	2022-06-27T17:45:26.000Z
767	flutter_scroll_shadow	ScrollShadow adds shadows to a scrollable child. Supports ScrollController and vertical or horizontal orientation.	1.0.2	85.77124777878906	9	4	1	0	rickypid	rcprogrammer.net	BSD-3-Clause	2022-01-25T12:39:32.000Z
768	nfc_in_flutter	Flutter plugin to read and write NFC tags on both Android and iOS. Currently it only supports reading NDEF formatted tags.	2.0.5	85.76691370866381	103	113	108	61	semlette	semler.dev	MIT	2021-05-22T20:19:03.000Z
769	advance_image_picker	Flutter plugin in pure Dart code for selecting/editing multiple images from the Android/iOS image library and taking new pictures with the camera in the same view.	0.1.7+1	85.74524335803754	102	90	32	15	weta-vn	weta.vn	BSD-3-Clause	2022-10-15T16:04:24.000Z
770	msal_flutter	A Microsoft Authentication Library wrapper for Android and iOS	2.0.1	85.701902656785	18	4	7	4	Muljin	muljin.com	BSD-3-Clause	2022-11-21T09:41:41.000Z
771	flutter_number_picker	A new custom Flutter Number Picker plugin by using add and minus buttons.	1.0.4	85.67589823603345	15	2	7	1	phuongtinhbien	phvit.blogspot.com	MIT	2022-07-04T10:29:00.000Z
772	interact	A collection of customizable interactive command-line components.	2.1.1	85.6628960256577	42	70	6	5	frencojobs	frenco.dev	MIT	2022-10-05T12:51:01.000Z
773	zego_uikit_signaling_plugin	ZegoUIKitSignalingPlugin is a low-code plugin collection that provides the signal related function extensions for ZegoUIKit, helps you to integarte features easier and faster.	1.1.0	85.65422788540718	4	1	0	1	ZEGOCLOUD	zegocloud.com	MIT	2022-12-12T07:20:13.000Z
774	open_app_settings	A remaster plugin of app_settings. app_setting use Kotlin and Swift may cause build issue, so this plugin used Java and ObjC.	2.0.1	85.61522125427989	6	3	2	0	mjl0602		MIT	2021-12-30T03:56:28.000Z
775	card_scanner	Fast, Accurate and Secure Credit & Debit card scanning library for flutter.	0.2.2	85.58054869327786	96	81	66	27	nateshmbhat		GPL-3.0	2021-05-29T23:53:21.000Z
776	openapi_dart_common	OpenAPI API common libraries so the generator doesn't generate them	4.1.2	85.5285398517748	4	4	5	0	dart-ogurets	bluebiscuitdesign.dev	BSD-2-Clause	2022-07-23T06:32:33.000Z
777	touchable_opacity	This widget lets you provide a more visual feedback to users when they interact with your app, similar to TouchableOpacity in React Native.	1.2.0	85.5198717115243	13	14	2	1	nkshah2		BSD-2-Clause	2021-03-15T15:18:03.000Z
778	youtube_player_flutter_quill	Flutter plugin for playing or streaming inline YouTube videos using the official iFrame player API. This plugin supports both Android and iOS.	8.2.2	85.50253543102328	5	555	563	311	sarbagyastha		BSD-3-Clause	2022-12-12T15:34:31.000Z
779	squadron	Multithreading and worker thread pool for Dart / Flutter, to offload CPU-bound and heavy I/O tasks to Isolate or Web Worker threads.	4.3.3	85.4895332206475	43	28	0	0	d-markey		MIT	2022-11-30T23:45:23.000Z
780	flutter_hls_parser	dart plugin for parse m3u8 file for HLS. both of master and media file is supported.	2.0.0	85.47653101027176	19	12	3	1	HiroyukiTamura		Apache-2.0	2022-10-25T10:50:40.000Z
781	flutter_advanced_calendar	An advanced calendar provides a rich API for widget customization that opens a new look and feel in your app.	1.3.0	85.42452216876869	36	13	12	2	alex-melnyk	alexmelnyk.io	BSD-3-Clause	2022-10-17T13:53:03.000Z
782	video_editor_sdk	The official Flutter plugin for VideoEditor SDK. Integrate the video editor into your own iOS or Android app - in minutes!	2.7.1	85.41585402851818	28	15	25	1	imgly	img.ly	NOASSERTION	2022-11-01T15:43:33.000Z
783	cached_network_image_builder	A widget to cache your network image check it if it has already stored with downloading it through basic http request, so doesn't need to download it again.	0.2.0	85.41151995839293	17	3	3	1	malibayram91	dershub.com	MIT	2021-09-26T07:43:49.000Z
784	flutter_animated_icons	Collection of 2400+ animations for your icons and buttons. They are implemented by Lottie animation. Effective icon animation tells a clear story amplifying the intended UX.	1.0.1	85.35084297663936	117	8	2	1	iconforest	iconforest.flutterplay.com	MIT	2022-07-24T16:14:57.000Z
785	envied_generator	Generator for the Envied package. See https://pub.dev/packages/envied.	0.3.0	85.32917262601309	5	30	15	3	petercinibulk		MIT	2022-11-28T17:56:33.000Z
786	redux_saga	redux_saga is a library that aims to make application side effects easier to manage, more efficient to execute, easy to test, and better at handling failures.	3.0.6	85.31617041563733	29	34	6	0	reduxsaga		MIT	2022-01-04T14:27:12.000Z
787	flrx_validator	A powerful, extensible validator package to get validation messages based on a list of rules.	0.6.0	85.31183634551208	4	12	0	14	flrx		MIT	2022-12-11T01:39:56.000Z
788	rate_limiter	A pure dart package to apply useful rate limiting strategies on regular functions.	1.0.0	85.30750227538681	37	24	4	0	GetStream	getstream.io	MIT	2022-12-14T13:07:39.000Z
789	flutter_map_dragmarker	Dragmarker class for flutter_map	4.1.2	85.2988341351363	10	40	26	8	ibrierley		BSD-3-Clause	2022-11-10T14:49:13.000Z
790	melos	A tool for managing Dart & Flutter repositories with multiple packages (monorepo). Supports automated versioning via Conventional Commits. Inspired by JavaScripts Lerna package.	2.9.0	85.29450006501105	297	710	123	46	invertase	invertase.io	Apache-2.0	2022-12-09T19:13:05.000Z
791	flutter_translate_annotations	Defines the annotations used by flutter_translate_gen to create statically-typed localization keys.	2.1.0	85.27716378451004	2	6	7	0	Jesway	jesway.com	NOASSERTION	2021-12-11T11:54:21.000Z
792	system_info_plus	A flutter plugin to get device (system) info including Random access memory (RAM).	0.0.5	85.25982750400901	8	2	0	0	SebghatYusuf		BSD-3-Clause	2022-05-05T13:44:36.000Z
793	simple_icons	The Simple Icon pack available as Flutter Icons. Provides over 1500 Free SVG icons for popular brands.	7.10.0	85.25549343388376	65	18	1	3	jlnrrg	teavelopment.com	CC0-1.0	2022-12-12T04:02:35.000Z
794	mad_pay	Mad Pay will help you make payments through Apple Pay and Google Pay	2.2.14	85.21648680275646	58	23	13	2	MadBrains	madbrains.ru	MIT	2022-11-25T09:39:47.000Z
795	nyxx_commander	Nyxx Commander Module. Discord library for Dart. Simple, robust framework for creating discord bots for Dart language.	3.0.0	85.18614831187968	5	264	40	4	nyxx-discord	l7ssha.xyz	Apache-2.0	2022-12-12T17:07:06.000Z
796	polyline_do	Polyline encoding algorithm for encoding and decoding a list of coordinates	0.1.0	85.18181424175442	21	4	0	1	Klerith	fernando-herrera.com	NOASSERTION	2021-08-31T23:29:39.000Z
797	livechatt	A livechat package for embedding mobile chat window in your mobile application.	1.4.0	85.16881203137868	28	8	10	8	Mastersam07	mastersam.tech	MIT	2021-12-12T01:56:21.000Z
798	permission_handler_web	My implementation of web part for permission_handler	0.0.2	85.1558098210029	1	0	0	0	johnwcchau		MIT	2022-07-11T04:57:08.000Z
799	in_date_utils	Utils for DateTime. Easily modify, check and copy dates. Get numbers of days in year/month. And many more.	1.1.0	85.12547133012612	16	3	0	0	Innim	innim.ru	BSD-3-Clause	2022-06-15T17:42:48.000Z
800	tim_ui_kit	UI components library and basic chat business logic for Tencent Cloud Chat service, helping you build In-APP Chat module easily.	1.0.1	85.12113726000086	15	19	4	0	TencentCloud	comm.qq.com	Apache-2.0	2022-12-07T09:13:26.000Z
801	twitter_api_v2	The most famous and powerful Dart/Flutter library for Twitter API v2.0.	4.7.0	85.09513283924935	50	137	25	7	twitter-dart	shinyakato.dev	BSD-3-Clause	2022-12-12T00:57:33.000Z
802	flex_seed_scheme	A more flexible version of Flutter's ColorScheme.fromSeed, use multiple seed colors, custom chroma and tone mapping.	1.1.0	85.09079876912409	21	9	0	0	rydmike	rydmike.com	NOASSERTION	2022-11-19T20:22:54.000Z
803	flutter_joystick	A virtual joystick for Flutter applications. Highly flexible and customizable.	0.0.2	85.07346248862306	24	9	4	2	pavelzaichyk	rebeloid.com	MIT	2022-01-22T11:41:49.000Z
804	data_connection_checker_nulls	A pure Dart library that checks for internet by opening a socket to a list of specified addresses, each with individual port and timeout. Defaults are provided for convenience.	0.0.2	85.03012178737052	5	0	0	0	AntiDesert5		NOASSERTION	2022-03-04T19:47:53.000Z
805	dart_jts	An ongoing effort to port the Java Topology Suite to the dart programming language and make it available to its mobile, dektop and web environments.	0.2.1+1	85.01711957699476	17	18	12	5	moovida	hydrologis.com	NOASSERTION	2022-08-08T22:51:21.000Z
806	flutter_to_airplay	Flutter plugin that offers two widgets, one to play a video for given url or file path using native AVPlayer and second with an option to airplay it on available Apple devices.	2.0.2	85.00845143674425	19	19	11	8	MrJai		MIT	2022-02-25T11:46:16.000Z
807	alfred	A performant, expressjs like web server / rest api framework thats easy to use and has all the bits in one place.	1.0.0+1	84.97377887574221	283	446	23	9	rknell		NOASSERTION	2022-12-05T11:26:39.000Z
808	map_pin_picker	A Flutter package for creating pin in map center and animate it with map movement so the user can select his location  .	0.0.1	84.96077666536644	36	0	5	1	pharous-flutter	pharous.com	MIT	2021-01-31T20:25:58.000Z
809	screen_recorder	Record your Flutter widgets and export the recordings as a GIF	0.2.0	84.93477224461492	76	28	11	4	ueman	uekoetter.dev	MIT	2022-11-29T15:24:14.000Z
810	compute	Flutter's compute function made available for all non-Flutter Dart programs	1.0.2	84.93043817448967	12	6	0	1	dartsidedev	dartside.dev	BSD-3-Clause	2022-08-14T13:21:31.000Z
811	animated_icon	This package support a animated icon with some customization like color, animate, hover, callback.	0.0.4	84.92610410436441	32	11	4	0	Mindinventory	mindinventory.com	MIT	2022-08-03T08:47:53.000Z
812	qiscus_chat_sdk	The Scalable In-App Chat SDK for Mobile & Web	2.0.1	84.88709747323712	6	11	6	1	qiscus		Apache-2.0	2022-11-16T08:34:53.000Z
813	fl_toast	A simple yet powerful Toast Library for Flutter. Works in all the platforms	3.1.0	84.87409526286135	24	12	2	1	bdlukaa	bdlukaa.dev	BSD-3-Clause	2022-07-13T15:35:57.000Z
814	odoo_rpc	Odoo RPC Client library for Dart with session changes tracking via steam.	0.5.1	84.80908421098253	31	24	20	5	ERP-Ukraine	erp.co.ua	MIT	2022-10-14T09:02:42.000Z
815	pdftron_flutter	A convenience wrapper to build Flutter apps that use the PDFTron mobile SDK for smooth, flexible, and stand-alone document viewing.	1.0.1-4	84.77874572010575	31	154	31	8	PDFTron	pdftron.com	NOASSERTION	2022-12-16T18:15:19.000Z
816	flutter_dialpad	A phone dialer widget that can be added to any Flutter Application to enable ability to dial a number. This could be combined with a voip application to enable placing calls.	1.0.4	84.76574350972999	21	25	22	3	eopeter	eopeter.com	BSD-3-Clause	2022-02-21T14:57:37.000Z
817	flutter_assurance	Official Adobe Experience Platform support for Flutter apps. Assurance is a new, innovative product from Adobe to help you easily validate SDK implementations.	2.0.1	84.75707536947948	3	3	6	0	adobe	adobe.com	Apache-2.0	2022-01-15T01:54:27.000Z
818	spannable_grid	Custom grid widget that allows it's cells to span columns and rows and supports editing.	0.3.0	84.74840722922897	56	17	7	3	echedev	eche.dev	MIT	2022-02-21T13:54:50.000Z
819	hooked_bloc	Flutter package that simplifies injection and usage of Bloc/Cubit.	1.3.0	84.71806873835219	52	43	1	0	Iteo	iteo.com	MIT	2022-12-13T10:48:35.000Z
820	scaled_list	A Horizontal List view With Lots of modification including a scaled current item and curved custom painting.	2.0.0	84.70506652797643	97	35	6	1	hosain-mohamed		MIT	2022-06-07T23:24:50.000Z
821	flutter_spinning_wheel	A customizable widget to use as a spinning wheel in Flutter.	1.1.0	84.6963983877259	84	110	59	12	davidanaya		MIT	2021-12-27T17:42:15.000Z
822	hive_listener	A tiny widget to listen hive box changes, using the ValueListenableBuilder with removing unnecessary parts of it, like context and child widget of it.	1.2.1	84.6877302474754	17	7	2	1	malibayram91	dershub.com	MIT	2021-06-21T12:33:17.000Z
823	flutter_flurry_sdk	A Flutter plugin for Flurry Analytics SDK. Flurry Push for messaging and Flurry Config for remote configuration are supported by our plugin as well!	3.0.0	84.64872361634811	18	5	1	1	flurry		Apache-2.0	2022-10-28T20:14:24.000Z
824	quick_usb	A cross-platform (Android/Windows/macOS/Linux) USB plugin for Flutter	0.4.0	84.62705326572184	58	39	27	5	woodemi	woodemi.com	BSD-3-Clause	2022-06-20T00:07:55.000Z
825	flutter_3d_choice_chip	Simple 3D choice chip for Flutter with customizable color themes and sizing.	0.1.4	84.61405105534607	13	2	0	0	matwright	matwright.dev	MIT	2021-09-20T15:57:03.000Z
826	auth	Authorization Library Package to log into Google, Facebook, or by Username and Password.	8.2.0	84.5837125644693	48	46	13	3	AndriousSolutions	andrioussolutions.com	NOASSERTION	2022-12-14T19:49:06.000Z
827	modern_form_esys_flutter_share	A Flutter plugin for sharing images & text with other applications.	1.1.2	84.57937849434404	6	0	2	2	apps-auth	appsauth.com	Apache-2.0	2022-01-23T17:07:20.000Z
828	native_video_view	A video player widget displayed using the platform native player (VideoView in Android and AVPlayer in iOS).	1.0.5	84.57504442421879	40	28	26	14	LJaraCastillo		MIT	2022-02-23T13:22:29.000Z
829	animated_login	Animated Login for Flutter. You can welcome your users with this beautiful animated screen that gives functionality for both login and sign up.	1.5.5	84.50569930221471	107	90	22	2	bahricanyesil		MIT	2022-10-19T19:48:27.000Z
830	talker	Advanced and simple error handler and logger for dart and flutter apps with history, sharing, customization, etc.	2.1.0+1	84.49269709183895	87	99	7	4	Frezyx	frezycode.com	MIT	2022-12-14T14:43:38.000Z
831	saf	Flutter plugin that leverages Storage Access Framework (SAF) API to get access and perform the operations on files and folders.	1.0.3+4	84.46235860096216	29	8	6	10	ivehement	ivehement.com	MIT	2022-11-11T12:39:07.000Z
832	pinch_zoom_release_unzoom	A Widget to let you have a pinch to zoom that returns to the old size after the pinch has ended. Is very similar to the way you can zoom pictures on instagram	0.0.10	84.45802453083691	19	7	1	0	ivofernandes	incaview.com	Apache-2.0	2022-09-29T22:47:27.000Z
833	airship_flutter	Cross-platform plugin interface for the native Airship iOS and Android SDKs. Simplifies adding Airship to Flutter apps.	6.2.1	84.45369046071166	9	17	11	7	urbanairship	airship.com	NOASSERTION	2022-12-14T10:10:29.000Z
834	nice_buttons	A beautiful, animated, and customizable 3D button for your flutter project with a built-in progress indicator and nice on press animations.	0.0.2	84.44935639058639	39	3	1	0	voonic	encerge.com	MIT	2021-08-05T15:58:04.000Z
835	babylonjs_viewer	3D Model Rendering with BabylonJS Viewer	1.1.4	84.43635418021064	39	18	4	6	MarlonJD	radlof.com	MIT	2022-07-29T08:48:40.000Z
836	image_compare	Dart package for image comparison. Compare images for difference using a variety of algorithms.	1.1.2	84.42768603996012	32	17	1	3	nitinramadoss		BSD-3-Clause	2022-05-09T12:38:16.000Z
837	dropdown_search2	Simple and robust Searchable Dropdown with item search feature, making it possible to use an offline item list or filtering URL for easy customization.	1.0.2	84.41468382958436	4	0	1	0	artflutter		MIT	2022-03-06T19:29:49.000Z
838	day	A date library Day.js in dart. Day.dart is inspired by Day.js. Write with nearly the same API. Build on the top of the powerful DateTime class.	0.8.0	84.40601568933386	18	60	3	0	dayjs		MIT	2022-02-04T03:55:29.000Z
839	overlay_tutorial	A Flutter package for displaying overlay tutorial by cutting a hole on widget. It allows also to add hint aside the hole.	3.0.0	84.37567719845707	56	9	8	0	TabooSun	tech-creator.com	BSD-3-Clause	2022-05-12T14:42:44.000Z
840	postgrest	PostgREST client for Dart. This library provides an ORM interface to PostgREST.	1.2.1	84.32366835695402	72	126	31	0	supabase	supabase.io	MIT	2022-11-29T04:26:37.000Z
841	sticky_infinite_list	Infinite list with sticky headers that can be rendered any direction. Supports header positioning.Can be customized or with config options or with override.	4.0.1	84.27599358557622	91	290	25	2	TatsuUkraine		BSD-2-Clause	2021-04-18T21:25:02.000Z
842	photo_editor_sdk	The official Flutter plugin for PhotoEditor SDK. Integrate the photo editor into your own iOS or Android app - in minutes!	2.7.1	84.26299137520044	59	17	11	0	imgly	img.ly	NOASSERTION	2022-10-19T12:56:35.000Z
843	mask	This project is for you to be able to make validations and formatting in a simple and easy way in your projects	1.0.4	84.24998916482468	19	3	0	0	welitonsousa		MIT	2022-10-23T14:38:59.000Z
844	circular_clip_route	A page route, which reveals its page by expanding a circular clip from an anchor widget.	0.2.0+3	84.21531660382266	103	26	2	0	blaugold	gabriel.terwesten.net	MIT	2022-06-12T23:31:48.000Z
845	breakpoint	A Flutter plugin to calculate the material design breakpoints.	1.2.0	84.19798032332163	74	106	9	2	fluttercommunity	fluttercommunity.dev	MIT	2022-02-16T01:30:26.000Z
846	push_notification	Library for implementing push notifications. The module contains the main work with push notifications.	1.1.1	84.16764183244484	51	19	3	2	surfstudio	surf.ru	Apache-2.0	2022-05-18T14:20:57.000Z
847	flutter_native_screenshot	A Flutter plugin to take screenshot on Android & iOS with natively code.	1.1.2	84.14163741169332	6	4	2	0	nusanet	nusa.net.id	MIT	2021-12-31T03:16:51.000Z
848	gradient_progress_indicator	This package shows a circular progress indicator with gradient colors, and it is possible insert texts inside that.	1.0.0+5	84.13296927144282	13	2	3	0	otonielduarte		MIT	2021-07-12T14:48:42.000Z
849	derry	A script manager to help you define script shortcuts and use them effortlessly, and performantly.	1.4.3	84.11996706106704	157	160	18	10	frencojobs	frenco.dev	MIT	2022-10-31T19:59:18.000Z
850	dashboard	Dynamic dashboard widget that allows your users to create their own layouts. Rezise, move, indirect resize/move, auto re-layout are supported.	0.0.2+5	84.11129892081654	72	33	9	4	Mehmetyaz	styledart.dev	Apache-2.0	2022-11-24T21:42:51.000Z
851	walletconnect_secure_storage	Securely store WalletConnect sessions in your Flutter applications using walletconnect_dart.	1.0.0	84.09829671044078	9	3	3	3	RootSoft		MIT	2022-11-16T16:43:15.000Z
852	orm	◭ Next-generation ORM for Dart & Flutter | PostgreSQL, MySQL, MariaDB, SQL Server, SQLite, MongoDB and CockroachDB.	2.4.6	84.08962857019027	54	148	4	21	odroe	odroe.com	BSD-3-Clause	2022-12-15T14:05:48.000Z
853	cbl	Couchbase Lite is an embedded, NoSQL JSON Document Style database, supporting Blobs, Encryption, N1QL Queries, Live Queries, Full-Text Search and Data Sync.	2.1.3	84.06795821956399	45	72	10	29	cbl-dart	gabriel.terwesten.net	Apache-2.0	2022-12-16T21:42:23.000Z
854	bazel_worker	Protocol and utilities to implement or invoke persistent bazel workers.	1.0.2	84.06362414943874	2	19	16	0	dart-lang	tools.dart.dev	BSD-3-Clause	2022-11-10T17:43:12.000Z
855	swiping_card_deck	A widget for swiping through a deck of cards with gestures or buttons.	1.2.0	84.0289515884367	33	8	9	6	jushutch		BSD-3-Clause	2022-11-24T14:58:40.000Z
856	network_tools	Networking Tools library which can help you discover open ports, devices on subnet and many other things.	3.0.0+3	84.02028344818619	20	28	7	8	osociety	fsoc13ty.blogspot.com	BSD-3-Clause	2022-11-28T15:25:37.000Z
857	talker_flutter	Flutter extensions for talker. Advanced and simple error handler and logger for dart and flutter apps with history, sharing, customization, etc.	2.1.1	84.00728123781043	43	99	7	4	Frezyx	frezycode.com	MIT	2022-12-14T14:43:38.000Z
858	windows_taskbar	Flutter plugin serving utilities related to Windows taskbar.	1.1.1	83.99861309755991	60	106	8	0	alexmercerind		MIT	2022-12-03T18:10:57.000Z
859	cli_script	Write scripts that call subprocesses with the ease of shell scripting and the power of Dart.	0.2.6	83.97694274693364	8	19	7	0	google	sass-lang.com	Apache-2.0	2022-10-07T04:50:24.000Z
860	splash_view	A splash view is the first screen the user sees when the application is launched.	2.0.1	83.97260867680839	26	3	1	0	chouhan-rahul	rahulchouhan.me	MIT	2022-09-30T05:13:27.000Z
861	shelf_hotreload	Wrapper to easily enable hot-reload for shelf applications.	1.3.0	83.95527239630736	35	25	3	0	felixblaschke	felix-blaschke.de	MIT	2022-06-13T18:09:16.000Z
862	flutter_login_vk	Login via VK.com. Easily add VK login feature in your application. User profile information included.	2.2.1+1	83.95093832618213	43	16	13	10	Innim	innim.ru	BSD-3-Clause	2022-11-28T15:30:51.000Z
863	flutter_circular_slider	A customizable widget to select intervals in a circular line.	2.5.0	83.90326355480433	73	193	65	20	davidanaya		MIT	2021-05-04T09:36:24.000Z
864	dialogflow_grpc	Flutter package for Dialogflow CX, V2 and V2beta using gRPC. A faster integration with the Dialogflow API and also the possibility to do audio streaming.	0.2.9	83.8859272743033	31	4	6	5	savelee	leeboonstra.dev	Apache-2.0	2021-07-15T09:55:47.000Z
865	typesense	Dart client library for accessing the HTTP API of Typesense search engine.	0.2.0	83.88159320417805	28	39	9	7	typesense		Apache-2.0	2022-09-14T00:32:40.000Z
866	icon	An extended Icon "too" for those that are not actually square, plus shadows support + neat Icon extension operators.	2.2.1	83.81658215229922	12	0	2	1	Zabadam	zaba.app	BSD-3-Clause	2021-08-04T23:01:04.000Z
867	flutter_floating_bottom_bar	A flutter package that allows showing a floating widget that can be used as a tab bar, bottom navigation bar, etc. The widget reacts to scrolling events too.	1.1.0	83.7905777315477	91	9	4	1	codenameakshay	hashstudios.dev	MIT	2022-08-09T05:58:36.000Z
868	i18next	A localization formatter based on the i18next standard. It is not yet a fully i18n tool only the formatting itself.	0.6.1	83.76890738092142	9	3	2	1	williamhjcho		Apache-2.0	2022-11-17T12:05:26.000Z
869	scrollable_list_tab_scroller	Customizable Flutter widget which synchronize a scrollable grouped items list with tabs	1.1.0	83.75590517054566	29	3	1	0	railson-ferreira	railson.dev	MIT	2022-11-10T03:04:06.000Z
870	stash	Stash is a key-value store abstraction with plain and cache driven semantics  and support for a pluggable backend architecture.	4.4.1	83.7515711004204	120	72	10	0	ivoleitao	ivoleitao.dev	MIT	2022-12-05T23:19:18.000Z
871	fast_cached_network_image	A flutter package to cache network image fastly without any native dependencies.You can add beautiful loaders, percentade indicators and error builder.	1.0.1	83.73423481991938	40	3	2	4	CHRISTOPANANJICKAL		MIT	2022-10-14T11:43:03.000Z
872	qonversion_flutter	Flutter plugin to implement in-app subscriptions and purchases. Validate user receipts and manage cross-platform access to paid content on your app. Android & iOS.	5.0.0	83.72123260954363	31	82	17	1	qonversion	qonversion.io	MIT	2022-12-14T08:29:13.000Z
873	videos_player	A flutter package to display list of video with help of chewie and video player	0.1.3	83.70823039916786	50	24	6	1	danyalxahid		BSD-3-Clause	2021-03-04T08:58:17.000Z
874	word_break_text	A Flutter Text widget support word break for CJK. Based on Wrap with Text widget	0.1.0	83.65622155766481	13	5	2	0	ChangJoo-Park		MIT	2022-08-12T07:30:01.000Z
875	flutter_broadcasts	A plugin for sending and receiving broadcasts with Android intents and iOS notifications.	0.3.0	83.65188748753954	11	5	3	1	kevlatus	kevlatus.de	MIT	2022-10-02T21:36:14.000Z
876	bs58	Dart package to compute base 58 encoding. This encoding is typically used for crypto currencies such as Bitcoin.	1.0.2	83.64321934728905	6	1	1	0	litaoh		MIT	2021-11-17T01:16:52.000Z
877	lehttp_overrides	A Flutter package to resolve Let's Encrypt SSL certificate problems with Android 7.1.1 and below	1.0.2	83.62588306678802	18	8	2	0	netfarm		MIT	2021-10-22T16:42:54.000Z
878	cbl_flutter	Flutter Plugin for Couchbase Lite, an embedded, NoSQL JSON Document Style database, supporting Blobs, Encryption, N1QL Queries, Live Queries, Full-Text Search and Data Sync.	2.0.2	83.59554457591123	27	72	10	29	cbl-dart	gabriel.terwesten.net	Apache-2.0	2022-12-16T21:42:23.000Z
879	fl_downloader	A plugin to download files using the native capabilities. URLSession on iOS and DownloadManager on Android	1.1.1	83.56520608503446	10	2	5	2	inceptusp	inceptusp.dev	BSD-3-Clause	2022-12-01T20:51:41.000Z
880	page_flip_builder	A custom Flutter widget that enables interactive page-flip transitions in your app.	0.1.3	83.54353573440818	70	35	6	1	bizz84		MIT	2021-04-28T08:03:13.000Z
881	fast_csv	Classic non-configurable CSV parser suitable for most use cases. Pretty fast parsing.	0.1.44	83.47852468252937	10	3	0	0	mezoni		BSD-3-Clause	2022-06-04T13:45:44.000Z
882	dynamic_cached_fonts	A font loader to download, cache and load web fonts in flutter with support for Firebase Cloud Storage.	1.0.0	83.46118840202834	19	16	7	7	sidrao2006	sidrao2006.ml	BSD-3-Clause	2022-12-12T03:09:24.000Z
883	sms_user_consent	Request user's phone number (supports dual sim) and/or consent to read SMS without adding any permissions	0.1.0	83.44818619165258	79	8	16	5	pharshdev		MIT	2022-11-28T17:15:52.000Z
884	time_formatter	Format UNIX timestamps into human-readable strings in Dart; inspired by YouTube's time formatting habits.	1.0.0+5	83.44385212152733	38	9	11	5	tpscrpt		GPL-2.0	2021-05-11T11:25:47.000Z
885	circle_checkbox	Make Material CheckBox Circle	0.0.2+1	83.43518398127682	0	3	1	1	redevRx		MIT	2021-05-28T09:05:10.000Z
886	colours	An extended version of Flutter Colors with more swatches and more flexibility to generate your own custom swatch.	0.0.2	83.4265158410263	20	4	3	0	salkuadrat		BSD-2-Clause	2021-05-19T14:26:53.000Z
887	flutter_advanced_avatar	An advanced avatar provides a rich API for widget customization that opens a new look and feel in your app.	1.1.0	83.4178477007758	63	9	2	1	alex-melnyk	alexmelnyk.io	BSD-3-Clause	2022-04-14T20:06:42.000Z
888	advstory	An advanced, complete story viewer. Has support for images, videos, custom widget contents, gestures, interceptors, listeners, manipulators and much more.	0.2.1	83.41351363065056	45	21	12	8	ertgrulll	sourcekod.com	MIT	2022-08-16T21:47:35.000Z
889	circle_flags	A collection of roundd flags	1.0.3	83.40917956052529	13	5	7	0	cedvdb		MIT	2022-12-07T01:51:31.000Z
890	collision	Collision Detection and 2D geometry library for Dart and/or Flutter.	0.0.3	83.40051142027478	1	1	2	0	xclud		MIT	2021-05-22T15:59:53.000Z
891	flutter_bugfender	Flutter plugin to enable Bugfender reporting (iOS, Android and web support).	2.1.0	83.3788410696485	12	8	12	1	bugfender	bugfender.com	BSD-3-Clause	2022-06-13T08:37:07.000Z
892	introduction_slider	Introduction/Onboarding slider package for flutter application with several features.	2.0.1	83.34416850864646	54	6	6	2	chouhan-rahul	rahulchouhan.me	MIT	2022-12-07T12:57:27.000Z
893	kotlin_flavor	An utility package for providing static extension methods familiar in Kotlin.	0.2.0	83.33983443852121	22	27	0	0	YusukeIwaki	dartpkg.yusuke-iwaki.com	MIT	2021-04-01T11:38:43.000Z
894	flutter_custom_carousel_slider	A carousel slider widget,support custom decoration suitable for news and blog.	1.2.0	83.33550036839597	16	39	0	0	coskuncay	justec.dev	MIT	2022-04-05T07:53:39.000Z
895	window_to_front	To have the application automatically bring itself to the front of the stack of application windows for Mac, Linux & Desktop.	0.0.3	83.30949594764444	9	1	0	0	sumitvekariya	devmonk.io	MIT	2021-05-07T04:06:30.000Z
896	queen_validators	collection of validation methods and rules for flutter form with ZERO extra widgets	1.0.1	83.30516187751917	67	21	9	3	FlutterQueen		MIT	2022-08-31T19:10:05.000Z
897	wp_json_api	WordPress and WooCommerce JSON API for Flutter Mobile. API allows you to login, register new users, get users info and more.	3.2.0	83.30082780739393	31	23	9	0	woosignal	woosignal.com	BSD-2-Clause	2022-09-01T05:50:32.000Z
898	posthog_flutter	Flutter implementation of Posthog client for iOS, Android and Web	2.0.3	83.28782559701816	7	20	12	9	PostHog		MIT	2022-11-03T17:26:45.000Z
899	simple_grouped_listview	A package to display a grouped list of items. Provide a List, a grouper, and let it display it as a ListView, a GridView or anything else. Grouped by headers.	2.0.0	83.26182117626664	9	3	1	0	quentin7b	quentin.klein.onl	MIT	2022-12-02T13:54:19.000Z
900	page_animation_transition	Using this package, you can add beautiful page transitions to your application.	0.0.9	83.24881896589088	15	2	0	1	aayushkedawat		GPL-3.0	2022-04-19T15:33:23.000Z
901	charset	Multiple charset Encoding and Decoding Library.	1.1.0	83.23148268538985	11	9	0	0	shirne	shirne.com	Apache-2.0	2022-09-24T03:14:03.000Z
902	swipe_refresh	Set of widgets provides make refresh by using pull down gesture.	1.0.2	83.2271486152646	56	10	0	5	surfstudio	surf.ru	Apache-2.0	2022-08-15T12:52:16.000Z
903	ngdart	Fast and productive web framework by Google. Separate, but similar to the JavaScript framework with a similar name.	7.1.1	83.21848047501409	16	40	5	5	angulardart-community	angulardart.xyz	MIT	2022-12-03T19:31:43.000Z
904	safe_change_notifier	A safe drop-in replacement for Flutter's ChangeNotifier, that makesnotifyListeners() a no-op, rather than an error, after its disposal.	0.2.0	83.20981233476358	2	7	2	1	ubuntu-flutter-community		MIT	2022-12-17T06:56:18.000Z
905	flutter_barcode_sdk	A Flutter plugin for Dynamsoft Barcode Reader SDK. It covers Android, iOS, Web, Windows, Linux and macOS, supporting linear barcode, QR Code, DataMatrix, MaxiCode, PDF417, etc.	2.2.0	83.20114419451306	97	34	11	0	yushulx	yushulx.me	MIT	2022-12-14T07:48:52.000Z
906	pdf_image_renderer	A package that allows fast and simple rendering of pdfs using the native renderers of the OS.	0.7.0	83.16647163351104	9	5	3	2	cloudacy	cloudacy.com	MIT	2022-11-05T15:31:41.000Z
907	stash_memory	Memory storage extension for the stash API. Provides support to store vaults  and caches in-memory	4.4.1	83.11446279200797	4	72	10	0	ivoleitao	ivoleitao.dev	MIT	2022-12-05T23:19:18.000Z
908	dough	This library provides widgets that can be used to create a smooshy user interface.	1.0.3	83.0451176700039	352	524	21	3	josiahsrc	josiahsaunders.com	MIT	2022-05-17T19:48:54.000Z
909	dart_bip32_bip44	Library implementing Bitcoins BIP32 (Hierarchical Deterministic key derivation) specification in a Flutter friendly fashion.	0.2.0	83.03211545962814	8	4	1	2	k1rak1ra		NOASSERTION	2021-07-07T01:13:49.000Z
910	nylo_framework	Micro-framework for Flutter that's built to simplify app development for Flutter projects.	3.4.0	83.01044510900186	42	24	5	1	nylo-core	nylo.dev	MIT	2022-12-08T20:08:25.000Z
911	cupertino_lists	Package that implements iOS-style grouped lists.	1.0.1	83.00611103887661	41	13	1	1	ivirtex	ivirtex.dev	MIT	2022-04-22T18:37:34.000Z
912	widget_loading	An easy way to hide a widget when you have nothing to show yet and need a loading animation at the same time.	0.3.2	82.99744289862609	56	9	1	0	SplashByte	splashbyte.dev	BSD-3-Clause	2022-06-13T11:09:16.000Z
913	flutter_pollfish	A Flutter plugin for rendering Pollfish surveys within an app	4.1.2	82.99310882850085	18	7	8	1	pollfish		NOASSERTION	2022-12-15T10:14:28.000Z
914	control_style	Applies additional decoration to Flutter-based text fields, buttons and other controls. This allows for better interface customisation.	0.0.3	82.98444068825034	7	1	0	0	astoniocom		MIT	2022-10-12T17:11:11.000Z
915	serial_port_win32	A SerialPort library using win32 API, for connecting real device by serial port. Only supports Windows.	0.5.2	82.92809777662202	24	18	3	5	FengChendian		BSD-3-Clause	2022-11-11T10:21:38.000Z
916	flutter_cashfree_pg_sdk	This is a new integration provided by Cashfree. If you are integrating with Cashfree PG for the first time, we recommend that you use this integration.	2.0.1+4	82.90642742599576	4	1	2	0	cashfree	cashfree.com	MIT	2022-12-17T05:05:20.000Z
917	geocore	Geospatial data structures (points, geometry, features, meta) and parsers (GeoJSON, WKT) for Dart.	0.10.0	82.86742079486847	11	20	3	31	navibyte	navibyte.com	NOASSERTION	2022-12-02T20:19:03.000Z
918	model_viewer	A Flutter widget for rendering interactive 3D models in the glTF and GLB formats.	0.8.1	82.84141637411693	130	193	69	31	drydart	ar.to	Unlicense	2022-12-13T12:00:43.000Z
919	colorfilter_generator	Collection of ColorFilter matrices that can be used with ColorFiltered and generator to create custom color filters.	0.0.8	82.82841416374117	6	2	3	1	hsbijarniya	ensorta.com	MIT	2022-03-15T12:46:37.000Z
920	ff_stars	Star Evaluation Components. Powerful and easy to use. Highly customized.	3.0.0	82.79807567286439	2	70	1	0	flutting		MIT	2022-11-07T03:31:52.000Z
921	amplify_datastore_plugin_interface	The platform interface for the DataStore module of Amplify Flutter.	0.6.10	82.79374160273913	7	1128	176	192	aws-amplify	aws-amplify.com	Apache-2.0	2022-12-17T00:16:28.000Z
922	flutter_use	Collection of Flutter Hooks.	0.0.3	82.77207125211285	35	143	8	7	wasabeef	wasabeef.jp	Unlicense	2022-11-20T18:09:02.000Z
923	email_otp	A fast & simple email authentication OTP sender and verification flutter package.	1.0.4	82.7677371819876	11	1	0	1	rohit-chouhan	rohitchouhan.com	MIT	2022-07-31T11:40:26.000Z
924	nuts_activity_indicator	Highly customizable activity indicator (spinner) for your Flutter apps based on the cupertino package.	1.0.0	82.76340311186236	11	2	4	0	dartsidedev	dartside.dev	BSD-3-Clause	2022-11-18T21:30:46.000Z
925	ai_awesome_message	A new Awesome message widget that is sames to toast;snackbar;prompt of Flutter package.	3.0.0	82.71572834048455	34	6	6	1	pdliuw		BSD-3-Clause	2022-08-10T04:02:13.000Z
926	storage_space	Get the free, available and total storage space for the device. Utility helpers for readable sizes	1.0.1+5	82.70706020023404	8	2	3	1	flowmobile	oodavid.com	NOASSERTION	2022-12-02T19:33:20.000Z
927	commons	Commons Flutter package includes alert dialogs, extension functions and much more... Written by 'Ch Arbaz Mateen'	0.7.8+3	82.65071728860573	54	42	16	10	Arbaz-Softagics		GPL-3.0	2021-05-29T12:12:06.000Z
928	walletconnect_qrcode_modal_dart	Provides UI for DApps to easily connect to a supported Wallet apps through open WalletConnect protocol.	0.1.1	82.64204914835523	13	15	10	3	nextchapterstudio	thenextchapter.studio	MIT	2022-12-12T11:06:08.000Z
929	alchemist	A support package that aims to make golden testing in Flutter easier and more streamlined.	0.5.1	82.62904693797945	83	210	14	12	Betterment	betterment.dev	MIT	2022-11-16T15:54:00.000Z
930	implicitly_animated_list	A Flutter widget that implicitly animates a list whenever it rebuilds with new items.	2.1.0	82.60304251722793	16	4	3	2	MarcelGarus		MIT	2021-04-06T17:47:11.000Z
931	unleash	A Server Side Dart SDK for Unleash. Unleash is an open-source feature flag service.	0.4.1	82.59004030685216	16	11	8	5	ivarconr	getunleash.io	Apache-2.0	2022-11-06T20:09:00.000Z
932	item_selector	A generic item selector that works with ListView, GridView, Row, Column, or basically any parent widget that can have indexed child widgets.	0.2.0	82.5770380964764	33	5	5	1	jpnurmi		NOASSERTION	2021-09-02T10:57:04.000Z
933	zebrautility	A flutter plugin for working with zebra printers	0.0.40	82.51202704459757	24	3	16	11	MythiCode		MIT	2022-09-28T14:53:16.000Z
934	ethereum_addresses	A dart library to generate, checksum, and validate Ethereum addresses	1.0.2	82.45135006284401	8	1	1	0	fuseio	fuse.io	MIT	2021-12-05T10:42:17.000Z
935	xid	Xid is a globally unique id generator. Xids are small, fast to generate, sortable, compact URL-safe string with no configuration or central generator server.	1.0.12	82.434013782343	15	5	2	0	pitabwire		MIT	2022-11-13T11:15:31.000Z
936	mlkit_scanner	A Flutter plugin to detect barcodes, text, faces, and objects using Google MLKit API for iOS and Android	0.3.3	82.41667750184199	31	20	5	9	dns-technologies	dns-tech.ru	NOASSERTION	2022-11-09T15:15:26.000Z
937	gql_build	Useful builders for your GraphQL SDL and documents. Based on package:gql_code_builder and package:build	0.7.0	82.39934122134096	13	240	99	56	gql-dart	gql-dart.dev	MIT	2022-12-03T23:04:15.000Z
938	modals	Modals, a Flutter package to simplify all your overlay needs!	1.0.0+1	82.37333680058944	38	9	2	1	KlausJokisuo	klasu.dev	MIT	2022-09-22T10:56:25.000Z
939	onboarding_animation	This package provides page type animation to onboarding screens and provides indicator.	0.0.2	82.30399167858536	47	13	3	0	Mindinventory	mindinventory.com	MIT	2022-09-20T11:29:53.000Z
940	yaru_colors	A collection of Yaru color palettes for Flutter.	0.1.1	82.28232132795908	3	18	3	1	ubuntu		MPL-2.0	2022-11-11T10:27:23.000Z
941	at_commons	A library of Dart and Flutter utility classes that are used across other components of the atPlatform.	3.0.32	82.27365318770858	13	24	9	11	atsign-foundation	atsign.org	BSD-3-Clause	2022-12-15T11:45:19.000Z
942	advance_expansion_tile	1. It allows you to manually collapse, exapnd or toggle expansion tile. It allows you to disable the click	1.0.2	82.25631690720756	5	0	1	0	tarique-khan	whizfy.ai	BSD-3-Clause	2022-11-09T12:32:02.000Z
943	at_utils	A Dart library that contains various utility classes such as atSign, atmetadata, configuration, and logger.	3.0.11	82.20864213582976	7	24	9	11	atsign-foundation	atsign.org	BSD-3-Clause	2022-12-15T11:45:19.000Z
944	flutter_math	Fast and high-quality TeX math equation rendering with pure Dart & Flutter.	0.2.1	82.18263771507823	63	109	44	24	znjameswu		Apache-2.0	2022-01-14T03:04:43.000Z
945	reactive_forms_annotations	Annotations for reactive_forms_generator	0.13.0-beta	82.15229922420146	4	36	9	1	artflutter		NOASSERTION	2022-11-18T09:26:50.000Z
946	sms_maintained	SMS library for Flutter applications. Its allow to send, receive, query sms messages, sms delivery and query contacts info. It exposes an easy and friendly API for developing a completely functional sms app in Flutter.	0.2.5	82.13929701382568	59	36	43	24	geordyvc		MIT	2020-10-09T09:19:37.000Z
947	firebase_instance_id	A Flutter plugin to retrieve the Firebase App Instance ID.	1.0.0	82.12196073332466	3	1	0	0	cingulo	cingulo.com	MIT	2021-10-28T16:55:31.000Z
948	markdown_quill	Convert between quill (delta) format and markdown	1.0.0	82.1176266631994	6	6	14	4	TarekkMA		MIT	2022-05-23T15:38:24.000Z
949	big_decimal	A bugless implementation of BigDecimal in Dart based on Java's BigDecimal	0.3.1	82.09595631257314	9	18	0	2	bugless	bugless.dev	MIT	2022-03-15T20:39:26.000Z
950	flutter_persistent_keyboard_height	Flutter package to get keyboard height. Can be used to display a sticker/emoji modal with correct height.	1.0.5	82.03961340094482	21	13	3	1	f-person	fperson.dev	MIT	2022-03-13T17:00:58.000Z
951	pie_menu	A Flutter package that provides a customizable circular/radial context menu	1.2.3	82.03527933081958	58	14	1	3	rasitayaz		MIT	2022-12-02T23:06:20.000Z
952	messagepack	Streaming API implementation of MessagePack binary serialization format - msgpack.	0.2.1	82.0136089801933	30	17	8	5	nailgilaziev		BSD-3-Clause	2022-04-21T07:58:45.000Z
953	test_descriptor	An API for defining and verifying directory structures.	2.0.1	81.99193862956703	2	7	8	0	dart-lang	tools.dart.dev	BSD-3-Clause	2022-11-07T16:13:31.000Z
954	slide_switcher	Package for creating switching widgets with extensive customization options	1.1.2	81.98760455944178	22	4	2	1	chahohbily		MIT	2022-10-15T20:21:30.000Z
955	siri_wave	A Flutter package to create beautiful waveforms like in Siri.	0.2.2	81.94859792831448	27	27	5	2	halildurmus		MIT	2022-10-10T20:03:11.000Z
956	youtube	A package to stream/download youtube video or thumbnail and more.	1.0.1	81.94426385818923	23	1	1	2	rohit-chouhan	rohitchouhan.com	MIT	2022-06-19T08:03:26.000Z
957	toggle_list	An easy-to-use and highly customizable expandable list widget for your Flutter application.	0.2.1	81.93126164781346	31	1	1	0	BinaryBush	binarybush.dev	Apache-2.0	2022-05-26T09:17:35.000Z
958	custom_text	A highly customisable text widget that enables decorations and gestures on strings.	0.6.0	81.91392536731244	17	5	0	1	kaboc	kaboc.cc	MIT	2022-11-24T07:34:23.000Z
959	pfile_picker	Variation of file_picker that uses an external pfile definition	4.5.1+3	81.88792094656091	10	974	432	31	miguelpruivo		MIT	2022-12-12T17:26:48.000Z
960	flutter_locker	Secures your secrets in keychain using biometric authentication (Fingerprint, Touch ID, Face ID...)	2.1.1	81.84891431543362	30	25	4	3	infinum	infinum.com	MIT	2022-11-07T11:34:38.000Z
961	flutter_feed_reaction	A Flutter package providing you with highly customizable reactions list for posts/comments in a Social Media kind of an app.	0.0.6	81.84458024530838	14	1	0	1	shrijanRegmi		BSD-3-Clause	2022-12-08T12:01:00.000Z
962	dhttpd	A static HTTP file server for easy local hosting of a directory.	4.0.1	81.84024617518311	68	82	18	10	kevmoo	j832.com	BSD-3-Clause	2022-11-09T20:33:26.000Z
963	rich_clipboard	Flutter plugin for accessing rich text and other data types in the system clipboard.	1.0.1	81.76223291292854	26	15	6	2	BringingFire	bringingfire.com	BSD-3-Clause	2022-11-30T17:39:55.000Z
964	async_wallpaper	Set wallpapers on Android asynchronously. Also supports video live wallpapers. Use this, when you want to set a wallpaper on Android without a delay or blocking your whole app.	2.0.1	81.72322628180125	43	11	10	5	codenameakshay	hashstudios.dev	MIT	2022-10-02T07:06:35.000Z
965	line_chart	A simple flutter package to create a custom line chart	1.1.11	81.71889221167599	23	2	0	1	lucas-sesti		MIT	2021-04-19T14:51:11.000Z
966	country	Generated country class with country_generator using countries.	2.0.3	81.70155593117497	9	0	1	0	aaassseee		MIT	2022-12-13T01:47:03.000Z
967	reactive_image_picker	Wrapper around image_picker to work with reactive_forms	0.12.0	81.68421965067395	10	47	23	2	artflutter		MIT	2022-12-15T16:51:57.000Z
968	ironsource_mediation	an ironSource SDK Flutter bridge	1.1.0	81.6798855805487	12	3	11	7	ironsource-mobile		MIT	2022-09-20T06:57:36.000Z
969	flutter_openim_sdk	An instant messaging plug-in that supports Android and IOS. And the server is also all open source.	2.3.5	81.65821522992242	7	276	178	3	OpenIMSDK		MIT	2022-12-15T07:54:21.000Z
970	custom_rating_bar	Custom rating bar for flutter with support of  custom icons, half icons, directions, alignments & more.	2.0.4	81.65388115979717	13	0	0	0	eterkit	eterkit.com	BSD-3-Clause	2022-12-16T15:08:13.000Z
971	flat	A simple, no dependency 🚀 way to take a nested Map and flatten it into a single depth Map. Based on Node.js `flat` package.	0.4.1	81.6408789494214	11	8	2	1	danilofuchs		MIT	2021-11-18T20:51:29.000Z
972	deepar_flutter	Official Flutter SDK for DeepAR	0.0.3	81.63221080917089	21	11	7	12	DeepARSDK	deepar.ai	MIT	2022-11-30T06:13:06.000Z
973	installer_info	Returns information about the method used to install your app.	0.3.0	81.60620638841937	5	0	4	0	caiopo	caiopo.com	MIT	2021-04-16T21:59:22.000Z
974	esp_smartconfig	EspTouch and EspTouchV2 implementations of SmartConfig provisioning protocols. Plain Dart. All platforms.	1.1.10	81.59753824816886	12	25	2	0	abobija	abobija.com	MIT	2022-08-11T22:10:49.000Z
975	flutter_dtmf	Generates DTFM Tones for Flutter Application. This can be used in VOIP applications or other applications that need to generate DTMF Tones.	2.0.2	81.5758678975426	7	9	7	1	eopeter	eopeter.com	MIT	2022-01-19T19:20:50.000Z
976	easy_loader	The easiest way to handle a simple full screen loader in Flutter. Written in Dart. Fully customizable.	2.0.0	81.51519091578902	14	5	3	0	aligorithm	aligorithm.i.ng	MIT	2021-12-02T22:23:55.000Z
977	hyperpay	A plugin to wrap HyperPay mobile SDK for iOS and Android, used to accept payments in Flutter apps using HyperPay Payments Gateway.	1.0.0-dev.7	81.49785463528801	34	11	26	7	nyartech	nyartech.com	MIT	2022-12-03T08:14:02.000Z
978	rounded_background_text	Text, TextField and TextSpan highlighted with rounded corners	0.3.0	81.45884800416071	25	39	7	3	bdlukaa	bdlukaa.dev	BSD-3-Clause	2022-08-06T12:15:37.000Z
979	easy_web_view2	A super simple webview for Flutter Web and Mobile from @rodydavis (Null safety and updated dependencies)	0.0.3	81.45451393403546	14	2	4	2	berat-cakir		MIT	2021-06-15T17:16:42.000Z
980	fitted_text_field_container	A Container that automatically resizes to fit a the text value of a Material TextField.	2.0.0	81.43717765353443	27	7	1	2	huyffs	su93rheroes.com	MIT	2021-03-06T23:33:41.000Z
981	very_good_cli	A Very Good Command-Line Interface for Dart created by Very Good Ventures.	0.9.1	81.41984137303342	386	1755	148	52	VeryGoodOpenSource	verygood.ventures	MIT	2022-12-17T23:33:26.000Z
982	import_lint	The Import Lint package defines import lint rules and report on lints found in Dart code.	0.9.4	81.40683916265765	13	15	1	4	kawa1214	kawa.dev	NOASSERTION	2022-12-09T21:05:33.000Z
983	gviz	A simple utility for creating GraphViz directed graphs using an object oriented API.	0.4.0	81.37216660165562	7	15	5	1	kevmoo	j832.com	BSD-3-Clause	2022-11-10T01:44:01.000Z
984	flutter_section_list	A ListView and GridView support section like iOS，header pinned，item staggered.	1.1.1	81.36783253153035	10	8	1	2	lhx546920268		MIT	2021-03-17T08:51:40.000Z
985	global_configs	A flutter package to manage application configurations via singleton pattern.	1.1.2	81.32015776015255	9	5	1	0	initCommerce		MIT	2021-11-03T10:31:49.000Z
986	turf	A turf.js-like geospatial analysis library working with GeoJSON, written in pure Dart.	0.0.7	81.3158236900273	21	29	12	21	dartclub	dartlang.rocks	MIT	2022-09-30T04:59:57.000Z
987	breathing_collection	A collection of Flutter widgets with breathing animation. More widgets will be added.	1.0.0+3	81.31148961990206	54	2	1	0	Type0N1	dogeeexd.com	MIT	2022-02-04T03:14:43.000Z
988	advanced_in_app_review	Advanced In App Reviews for iOS and Android. Tries to show the in app reviews only after meetings defined conditions (days after install ...).	1.1.1	81.29848740952629	22	6	2	1	eeoom	eeoom.com	MIT	2022-12-16T14:39:52.000Z
989	flutter_device_locale	A Flutter plugin for retrieving the device locale information.	0.4.0	81.23781042777271	17	20	30	0	Jesway	jesway.com	NOASSERTION	2022-05-05T11:20:28.000Z
990	at_lookup	A Dart library that contains the core commands that can be used with a secondary server (scan, update, lookup, llookup, plookup, etc.)	3.0.33	81.17713344601916	8	35	10	15	atsign-foundation	atsign.org	BSD-3-Clause	2022-12-16T04:23:20.000Z
991	native_context_menu	Provides a native context menu for flutter applications. Most useful on desktop.	0.2.2+5	81.15979716551813	80	149	17	11	lesnitsky	lesnitsky.dev	MIT	2022-08-14T16:26:05.000Z
992	equations	An equation solving library that also works with complex numbers and fractions.	4.1.0	81.15546309539289	52	42	3	1	albertodev01	fluttercompletereference.com	MIT	2022-09-09T12:46:12.000Z
993	flutter_unity	A Flutter plugin for embedding Unity projects in Flutter projects.	0.3.0	81.12945867464136	44	94	43	23	Glartek	glartek.com	BSD-3-Clause	2022-04-11T12:21:40.000Z
994	thinking_analytics	Official flutter plugin for tracking events to Thinking Analytics.	2.2.0	81.10345425388982	0	2	2	1	ThinkingDataAnalytics	thinkingdata.cn	Apache-2.0	2022-11-07T03:31:48.000Z
995	mediasoup_client_flutter	Mediasoup client side Flutter library. Work for Android, iOS, MacOS, Windows and browser.	0.8.1	81.0687816928878	27	80	29	17	Blancduman		MIT	2022-09-10T14:16:22.000Z
996	flutter_voximplant	Voximplant plugin for embedding voice and video communication into Flutter applications.	3.7.0	80.99943657088372	33	8	7	5	voximplant	voximplant.com	MIT	2022-12-06T14:02:59.000Z
997	code_scan	A flexible code scanner for QR codes, barcodes and many others. Using Google's ML Kit. Use it as a Widget with a camera or use the methods provided, with a camera controller.	0.4.6	80.96909808000693	10	5	2	0	DrafaKiller	drafakiller.com	MIT	2022-09-25T00:15:32.000Z
998	expandable_tree_menu	Tree of menu-nodes that can be expanded/collapsed to review more menu nodes, built from a recursive list of nodes.	0.1.0-dev.5	80.96042993975642	36	1	1	2	Tahaan		BSD-3-Clause	2021-04-23T06:10:08.000Z
999	test_reflective_loader	Support for discovering tests and test suites using reflection.	0.2.2	80.93875958913014	0	4	13	0	dart-lang	tools.dart.dev	BSD-3-Clause	2022-11-15T22:30:54.000Z
1000	application_icon	This package provides a widget which shows the application icon of your app.	2.0.0	80.9257573787544	6	6	2	10	ueman	uekoetter.dev	NOASSERTION	2022-11-20T16:39:26.000Z
1001	apphud	Official Apphud Flutter SDK is a lightweight open-source library to manage auto-renewable subscriptions and other in-app purchases in your iOS/Android app. No backend required.	2.2.7	80.8954188878776	4	4	3	0	apphud		MIT	2022-11-18T03:56:03.000Z
1002	twitter_oauth2_pkce	Provides the optimized and easiest way to integrate OAuth 2.0 PKCE with Twitter API in Flutter.	1.0.1	80.89108481775236	14	10	4	3	twitter-dart	shinyakato.dev	BSD-3-Clause	2022-12-17T03:15:14.000Z
1003	flutter_getit	Project that allows you to use get_it as a dependency injection but controlled by Flutter's lifecycle, registering and unregistering in page navigation.	1.2.1	80.82173969574828	37	1	1	0	rodrigorahman	academiadoflutter.com.br	Apache-2.0	2022-09-28T17:58:16.000Z
1004	riverpod_infinite_scroll	Riverpod implementation of infinite_scroll_pagination, this package allows to use infinite_scroll_pagination with Riverpod abstracting away the complexity	1.0.9	80.80873748537252	19	11	11	5	ftognetto	quantos.it	MIT	2022-11-03T21:15:52.000Z
1005	hsv_color_pickers	Flutter package for creating customisable Color pickers for HSV Colors.	0.2.2	80.78273306462098	13	4	2	0	WieFel	wiefel.dev	BSD-3-Clause	2022-09-11T18:47:12.000Z
1006	swipe_gesture_recognizer	A simple and lightweight swipe gesture recognizer for a widget in Flutter.	0.0.2	80.76106271399472	27	7	4	2	BilalShahid13		BSD-3-Clause	2021-06-05T00:43:27.000Z
1007	yandex_geocoder	API to translate geographic coordinates into an address and vice versa	2.0.2	80.7523945737442	26	3	2	0	MadBrains	madbrains.ru	MIT	2022-06-23T07:57:16.000Z
1008	ethers	Ethereum library and wallet implementation in Dart.	0.0.1+3	80.72205608286743	13	12	3	3	Hanggi		NOASSERTION	2022-04-23T09:08:35.000Z
1009	live_activities	A Flutter plugin to use iOS 16.1+ Live Activities & iPhone 14 Pro Dynamic Island features	1.4.0+6	80.71772201274217	69	52	8	2	istornz	dimitridessus.fr	MIT	2022-12-16T08:26:00.000Z
1010	input_slider	A customizable input that synchronizes a Slider and a TextField.	0.3.1	80.7047198023664	16	1	1	0	smofe		MIT	2022-10-08T10:36:46.000Z
1011	jhtoast	jhtoast - Flutter toast package. supported effects： text, imagetext, loading, horizontal and vertical layout. Supports iOS and Android.	1.2.0	80.70038573224114	3	8	4	1	iotjin		BSD-2-Clause	2022-07-08T11:08:35.000Z
1012	motion	A fancy widget that applies a gyroscope or hover based motion effect to its child.	1.3.3	80.69171759199064	70	14	4	3	mrcendre	cendre.me	GPL-3.0	2022-08-30T13:55:59.000Z
1013	flutter_bluetooth_printer	Image based printing for bluetooth thermal printer, support for iOS and Android.	2.6.3	80.6657131712391	20	6	6	4	ekasetiawans	maseka.dev	MIT	2022-12-14T03:40:44.000Z
1014	animated_tree_view	Animated TreeView based on AnimatedList that allows building fully customizable Nodes that can be nested to infinite levels and children.	1.0.0	80.63970875048759	55	10	1	1	embraceitmobile	cubivue.com	MIT	2022-11-08T05:53:19.000Z
1015	const_date_time	A drop-in replacement for Dart's DateTime class with const constructors.	1.0.0	80.63104061023706	1	1	1	1	westy92	westy92.com	MIT	2022-12-15T09:19:01.000Z
1016	infinite_scroll	A flutter package which provides List and Grid widgets for infinite scrolling views.	1.1.1	80.61370432973605	15	1	2	5	Syed-Waleed-Shah		MIT	2022-12-10T16:32:34.000Z
1017	progressive_time_picker	This package allow us to customize time picker based on our requirements for selecting a specific range from time picker and it's supports multiple platforms.	0.0.7	80.60503618948555	69	50	7	2	Mindinventory	mindinventory.com	MIT	2022-09-23T11:34:33.000Z
1018	native_dio_client	A client for Dio which makes use of cupertino_http and cronet_http to delegate HTTP requests to the native platform.	0.0.3	80.58336583885928	0	16	1	1	ueman	uekoetter.dev	Apache-2.0	2022-11-20T09:45:46.000Z
1019	browser_detector	Dart browser detector library. Detects popular browsers, engines and platforms by analyzing the user agent string. Safe to use with Flutter Native.	2.0.0	80.57903176873403	3	1	1	0	aicantar	aicantar.com	MIT	2021-11-14T09:53:46.000Z
1020	vertical_barchart	Simple, responsive and beautiful Vertical BarChart.	2.0.0+2	80.55736141810775	24	2	0	2	nizarhdt		BSD-2-Clause	2021-03-22T07:57:17.000Z
1021	add_to_wallet	Flutter plugin exposing native PKAddPassButton to interact with the Apple Wallet	0.0.2	80.54002513760673	8	1	6	4	barkibu	dev.barkibu.com	MIT	2022-11-28T12:57:16.000Z
1022	cloudinary	A dart package to integrate Cloudinary API in Dart and Flutter.	1.0.3	80.5226888571057	1	1	0	0	nixrajput	nixlab.co.in	GPL-3.0	2022-09-11T01:00:40.000Z
1023	persian_tools	An anthology of a variety of tools for the Persian language which you can use in all platform that dart supports	1.0.3	80.48368222597841	39	53	9	4	persian-tools		MIT	2022-11-28T06:29:05.000Z
1024	simple_link_preview	Returns a simple metadata for generating a weblink preview by examining the html <meta> tags.	1.0.2	80.47934815585316	8	3	0	0	sonnts996		AGPL-3.0	2021-10-05T02:55:07.000Z
