No.	Name	Description	Version	Popularity	Likes	Stars	Forks	Issues	Owner	Publisher	License	Last Commit
1	http	A composable, multi-platform, Future-based API for HTTP requests.	0.13.5	99.97832213310211	5613	885	291	158	dart-lang	dart.dev	BSD-3-Clause	2022-12-14T23:56:15.000Z
2	intl	Contains code to deal with internationalized/localized messages, date and number formatting and parsing, bi-directional text, and other internationalization issues.	0.18.0	99.97398655972253	3618	496	167	107	dart-lang	dart.dev	BSD-3-Clause	2022-12-16T17:02:46.000Z
3	flutter_svg	An SVG rendering and widget library for Flutter, which allows painting and displaying Scalable Vector Graphics 1.1 files.	1.1.6	99.96965098634294	3403	1468	385	136	dnfield	dnfield.dev	MIT	2022-12-16T04:07:41.000Z
4	provider	A wrapper around InheritedWidget to make them easier to use and more reusable.	6.0.5	99.96097983958379	7807	4561	465	12	rrousselGit	dash-overflow.net	MIT	2022-12-15T22:07:16.000Z
5	permission_handler	Permission plugin for Flutter. This plugin provides a cross-platform (iOS, Android) API to request and check permissions.	10.2.0	99.9393019726859	3318	1698	661	153	Baseflow	baseflow.com	MIT	2022-11-11T10:50:27.000Z
6	google_fonts	A Flutter package to use fonts from fonts.google.com.	3.0.1	99.92629525254715	4200	670	88	17	material-foundation	material.io	Apache-2.0	2022-12-06T15:25:08.000Z
7	path	A string-based path manipulation library. All of the path operations you know and love, with solid support for Windows, POSIX (Linux and Mac OS X), and the web.	1.8.3	99.90895295902882	944	158	38	12	dart-lang	dart.dev	BSD-3-Clause	2022-12-05T23:13:55.000Z
8	equatable	A Dart package that helps to implement value based equality without needing to explicitly override == and hashCode.	2.0.5	99.89161066551051	2023	739	91	16	felangel	fluttercommunity.dev	MIT	2022-10-17T14:47:51.000Z
9	file_picker	A package that allows you to use a native file explorer to pick single or multiple absolute file paths, with extension filtering support.	5.2.4	99.88727509213093	2874	973	432	31	miguelpruivo	miguelruivo.com	MIT	2022-12-12T17:26:48.000Z
10	carousel_slider	A carousel slider widget, support infinite scroll and custom child widget.	4.2.1	99.87860394537178	3799	1382	447	168	serenader2014	serenader.me	MIT	2022-12-13T16:32:08.000Z
11	font_awesome_flutter	The Font Awesome Icon pack available as Flutter Icons. Provides 1600 additional icons to use in your apps.	10.3.0	99.86126165185347	3170	727	179	6	fluttercommunity	fluttercommunity.dev	NOASSERTION	2022-12-04T13:24:44.000Z
12	collection	Collections and utilities functions and classes related to collections.	1.17.0	99.82224149143725	706	264	69	34	dart-lang	dart.dev	BSD-3-Clause	2022-12-09T17:04:55.000Z
13	lottie	Render After Effects animations natively on Flutter. This package is a pure Dart implementation of a Lottie player.	2.1.0	99.81790591805766	2440	885	163	97	xvrh	xaha.dev	MIT	2022-12-14T13:12:23.000Z
14	sqflite	Flutter plugin for SQLite, a self-contained, high-reliability, embedded, SQL database engine.	2.2.2	99.81357034467808	3526	2527	452	126	tekartik	tekartik.com	BSD-2-Clause	2022-12-04T19:40:08.000Z
15	rxdart	RxDart is an implementation of the popular reactiveX api for asynchronous programming, leveraging the native Dart Streams api.
	0.27.7	99.80489919791893	1950	3199	266	46	ReactiveX	fluttercommunity.dev	NOASSERTION	2022-11-28T15:48:04.000Z
16	crypto	Implementations of SHA, MD5, and HMAC cryptographic functions	3.0.2	99.79189247778018	1026	190	42	23	dart-lang	dart.dev	BSD-3-Clause	2022-11-10T17:45:46.000Z
17	flutter_secure_storage	Flutter Secure Storage provides API to store data in secure storage. Keychain is used in iOS, KeyStore based solution is used in Android.	7.0.1	99.7875569044006	2428	888	227	69	mogol	steenbakker.dev	BSD-3-Clause	2022-12-16T12:25:07.000Z
18	shimmer	A package provides an easy way to add shimmer effect in Flutter project	2.0.0	99.77455018426187	3225	1551	185	29	hnvn	hunghd.dev	BSD-3-Clause	2022-07-08T03:27:47.000Z
19	flutter_native_splash	Customize Flutter's default white native splash screen with background color and splash image. Supports dark mode, full screen, and more.	2.2.16	99.76154346412312	4950	936	142	15	jonbhanson	jonhanson.net	MIT	2022-11-27T17:58:46.000Z
20	async	Utility functions and classes related to the 'dart:async' library.	2.10.0	99.75720789074354	365	213	44	13	dart-lang	dart.dev	BSD-3-Clause	2022-11-09T17:20:16.000Z
21	flutter_inappwebview	A Flutter plugin that allows you to add an inline webview, to use an headless webview, and to open an in-app browser window.	5.7.2+3	99.74853674398439	1526	2307	968	588	pichillilorenzo	inappwebview.dev	Apache-2.0	2022-12-16T14:49:41.000Z
22	http_parser	A platform-independent package for parsing and serializing HTTP formats.	4.0.2	99.73986559722523	132	24	23	3	dart-lang	dart.dev	BSD-3-Clause	2022-10-31T00:30:28.000Z
23	html	APIs for parsing and manipulating HTML content outside the browser.	0.15.1	99.72252330370691	392	232	56	71	dart-lang	tools.dart.dev	NOASSERTION	2022-11-09T23:34:42.000Z
24	args	Library for defining parsers for parsing raw command-line arguments into a set of options and values using GNU and POSIX style options.	2.3.1	99.70951658356817	259	171	60	39	dart-lang	dart.dev	BSD-3-Clause	2022-11-09T20:45:35.000Z
25	mime	Utilities for handling media (MIME) types, including determining a type from a file extension and file contents.	1.0.3	99.7051810101886	252	78	38	21	dart-lang	tools.dart.dev	BSD-3-Clause	2022-12-13T15:49:04.000Z
26	logging	Provides APIs for debugging and error logging, similar to loggers in other languages, such as the Closure JS Logger and java.util.logging.Logger.	1.1.0	99.70084543680902	483	239	41	17	dart-lang	dart.dev	BSD-3-Clause	2022-12-06T22:23:52.000Z
27	dart_code_metrics	Software analytics tool that helps developers analyse and improve software quality.	5.2.1	99.68783871667029	749	738	83	56	dart-code-checker	dartcodemetrics.dev	MIT	2022-12-16T15:09:38.000Z
28	archive	Provides encoders and decoders for various archive and compression formats such as zip, tar, bzip2, gzip, and zlib.	3.3.5	99.6835031432907	417	296	85	73	brendan-duncan	loki3d.com	MIT	2022-12-06T19:46:53.000Z
29	flutter_rating_bar	A simple yet fully customizable ratingbar for flutter which also include a rating bar indicator, supporting any fraction of rating.	4.0.1	99.67916756991112	1577	320	75	39	sarbagyastha	sarbagyastha.com.np	MIT	2022-11-28T13:51:05.000Z
30	json_serializable	Automatically generate code for converting to and from JSON by annotating Dart classes.	6.5.4	99.67049642315196	2408	1376	351	76	google	google.dev	BSD-3-Clause	2022-12-05T17:46:38.000Z
31	pin_code_fields	A flutter package which will help you to generate pin code fields. Can be useful for OTP for example.	7.4.0	99.6618252763928	1624	549	245	14	adar2378	theadar.xyz	MIT	2022-12-15T16:10:20.000Z
32	yaml	A parser for YAML, a human-friendly data serialization standard	3.1.1	99.63581183611532	173	120	53	18	dart-lang	tools.dart.dev	MIT	2022-11-15T20:27:41.000Z
33	convert	Utilities for converting between data representations. Provides a number of Sink, Codec, Decoder, and Encoder types.	3.1.1	99.62714068935617	64	45	21	8	dart-lang	dart.dev	BSD-3-Clause	2022-10-12T21:53:57.000Z
34	web_socket_channel	StreamChannel wrappers for WebSockets. Provides a cross-platform WebSocketChannel API, a cross-platform implementation of that API that communicates over an underlying StreamChannel.	2.2.0	99.61413396921743	762	312	81	85	dart-lang	tools.dart.dev	BSD-3-Clause	2022-12-07T09:27:31.000Z
35	source_span	A library for identifying source spans and locations.	1.9.1	99.58378495556038	18	21	14	12	dart-lang	tools.dart.dev	BSD-3-Clause	2022-10-25T17:24:45.000Z
36	string_scanner	A class for parsing strings using a sequence of patterns.	1.2.0	99.57511380880122	150	51	13	5	dart-lang	tools.dart.dev	BSD-3-Clause	2022-12-13T00:08:03.000Z
37	typed_data	Utility functions and classes related to the dart:typed_data library.	1.3.1	99.57077823542163	30	29	10	3	dart-lang	dart.dev	BSD-3-Clause	2022-11-10T17:39:40.000Z
38	shelf	A model for web server middleware that encourages composition and easy reuse.
	1.4.0	99.56210708866247	558	699	102	29	dart-lang	tools.dart.dev	BSD-3-Clause	2022-12-08T17:24:18.000Z
39	bloc	A predictable state management library that helps implement the BLoC (Business Logic Component) design pattern.	8.1.0	99.54476479514416	2072	9885	3020	93	felangel	bloclibrary.dev	MIT	2022-12-11T03:56:07.000Z
40	clock	A fakeable wrapper for dart:core clock APIs.	1.1.1	99.54042922176458	119	34	13	1	dart-lang	tools.dart.dev	Apache-2.0	2022-11-09T23:23:34.000Z
41	term_glyph	Useful Unicode glyphs and ASCII substitutes.	1.2.1	99.53609364838499	21	10	10	0	dart-lang	tools.dart.dev	BSD-3-Clause	2022-11-15T22:30:35.000Z
42	pub_semver	Versions and version constraints implementing pub's versioning policy. This is very similar to vanilla semver, with a few corner cases.	2.1.3	99.53175807500541	71	47	22	8	dart-lang	tools.dart.dev	BSD-3-Clause	2022-11-12T00:56:02.000Z
43	stack_trace	A package for manipulating stack traces and printing them readably.	1.11.0	99.51875135486668	145	102	19	18	dart-lang	tools.dart.dev	BSD-3-Clause	2022-12-01T20:24:46.000Z
44	qr_code_scanner	QR code scanner that can be embedded inside flutter. It uses zxing in Android and MTBBarcode scanner in iOS.	1.0.1	99.49707348796878	1492	854	577	127	juliuscanute		BSD-2-Clause	2022-12-14T08:23:47.000Z
45	shelf_static	Static file server support for the shelf package and ecosystem.	1.1.1	99.48406676783004	53	24	25	3	dart-archive	tools.dart.dev	BSD-3-Clause	2022-05-09T20:32:05.000Z
46	webkit_inspection_protocol	A client for the Chrome DevTools Protocol (previously called the Webkit Inspection Protocol).
	1.2.0	99.46238890093215	4	24	26	4	google	google.dev	BSD-3-Clause	2022-11-14T17:14:57.000Z
47	io	Utilities for the Dart VM Runtime including support for ANSI colors, file copying, and standard exit code values.	1.0.3	99.4493821807934	26	32	16	19	dart-lang	tools.dart.dev	BSD-3-Clause	2022-11-15T20:27:29.000Z
48	flutter_riverpod	A simple way to access state from anywhere in your application while robust and testable.
	2.1.1	99.4320398872751	1321	3837	615	102	rrousselGit	dash-overflow.net	MIT	2022-12-12T08:28:47.000Z
49	petitparser	A dynamic parser framework to build efficient grammars and parsers quickly.	5.1.0	99.42336874051594	189	381	51	5	petitparser	lukas-renggli.ch	MIT	2022-12-12T07:53:31.000Z
50	csslib	A library for parsing and analyzing CSS (Cascading Style Sheets)	0.17.2	99.41903316713635	22	69	32	21	dart-lang	tools.dart.dev	BSD-3-Clause	2022-11-15T15:46:59.000Z
51	glob	A library to perform Bash-style file and directory globbing.	2.1.1	99.41036202037719	37	36	14	6	dart-lang	tools.dart.dev	BSD-3-Clause	2022-11-09T23:20:11.000Z
52	package_config	Support for reading and writing Dart Package Configuration files.	2.1.0	99.40602644699761	6	13	16	6	dart-lang	tools.dart.dev	BSD-3-Clause	2022-11-15T20:29:54.000Z
53	stream_channel	An abstraction for two-way communication channels based on the Dart Stream class.	2.1.1	99.40169087361804	28	38	20	4	dart-lang	tools.dart.dev	BSD-3-Clause	2022-11-10T11:30:32.000Z
54	watcher	A file system watcher. It monitors changes to contents of directories and sends notifications when files have been added, removed, or modified.	1.0.2	99.39301972685888	112	102	26	19	dart-lang	tools.dart.dev	BSD-3-Clause	2022-10-14T17:19:59.000Z
55	fixnum	Library for 32- and 64-bit signed fixed-width integers with consistent behavior between native and JS runtimes.	1.0.1	99.3886841534793	25	36	25	16	dart-lang	dart.dev	BSD-3-Clause	2022-12-08T16:13:54.000Z
56	coverage	Coverage data manipulation and formatting	1.6.1	99.38001300672013	60	90	55	27	dart-lang	tools.dart.dev	BSD-3-Clause	2022-11-14T22:55:10.000Z
57	shelf_web_socket	A shelf handler that wires up a listener for every connection.
	1.0.3	99.3670062865814	80	22	15	6	dart-archive	tools.dart.dev	BSD-3-Clause	2022-05-09T20:49:07.000Z
58	http_multi_server	A dart:io HttpServer wrapper that handles requests from multiple servers.	3.2.1	99.3453284196835	31	22	13	1	dart-lang	tools.dart.dev	BSD-3-Clause	2022-11-09T23:47:30.000Z
59	pool	Manage a finite pool of resources. Useful for controlling concurrent file system or network requests.	1.5.1	99.33665727292434	45	35	20	5	dart-lang	tools.dart.dev	BSD-3-Clause	2022-11-09T23:47:56.000Z
60	source_maps	A library to programmatically manipulate source map files.	0.10.11	99.33232169954476	0	12	14	13	dart-lang	tools.dart.dev	BSD-3-Clause	2022-10-19T17:16:50.000Z
61	shelf_packages_handler	A shelf handler for serving a `packages/` directory.	3.0.1	99.31064383264687	2	3	4	0	dart-archive	tools.dart.dev	BSD-3-Clause	2022-05-09T20:49:46.000Z
62	tuple	A library providing a tuple data structure.	2.0.1	99.30630825926728	355	171	27	11	google	google.dev	BSD-2-Clause	2022-10-06T20:21:52.000Z
63	flutter_image_compress	Compress image with native (Objective-C/Kotlin) with faster speed. Support Android/iOS.	1.1.3	99.29763711250813	814	505	132	60	fluttercandies		MIT	2022-09-22T08:48:55.000Z
64	matcher	Support for specifying test expectations via an extensible Matcher class. Also includes a number of built-in Matcher implementations for common cases.	0.12.14	99.29330153912855	28	53	32	27	dart-lang	dart.dev	BSD-3-Clause	2022-12-13T19:01:10.000Z
65	source_map_stack_trace	A package for applying source maps to stack traces.	2.1.1	99.2846303923694	5	5	7	0	dart-lang	tools.dart.dev	BSD-3-Clause	2022-10-18T18:16:18.000Z
66	sync_http	Synchronous HTTP client for Dart.	0.3.1	99.27595924561024	4	10	14	5	google	google.dev	BSD-3-Clause	2022-12-02T18:53:11.000Z
67	wakelock	Plugin that allows you to keep the device screen awake, i.e. prevent the screen from sleeping on Android, iOS, macOS, Windows, and web.	0.6.2	99.26728809885107	1120	336	57	7	creativecreatorormaybenot	creativemaybeno.dev	BSD-3-Clause	2022-09-13T04:03:51.000Z
68	webdriver	Provides WebDriver bindings for Dart. Supports WebDriver JSON interface and W3C spec. Requires the use of WebDriver remote server.	3.0.1	99.26295252547149	29	121	59	23	google	google.dev	Apache-2.0	2022-12-15T01:13:15.000Z
69	dropdown_search	Simple and robust Searchable Dropdown with item search feature, making it possible to use an offline item list or filtering URL for easy customization.	5.0.5	99.25428137871234	1183	239	219	11	salim-lachdhaf	salimdev.ovh	MIT	2022-12-05T08:46:47.000Z
70	boolean_selector	A flexible syntax for boolean expressions, based on a simplified version of Dart's expression syntax.	2.1.1	99.23693908519402	9	15	12	1	dart-lang	tools.dart.dev	BSD-3-Clause	2022-11-10T17:41:56.000Z
71	flutter_keyboard_visibility	Flutter plugin for discovering the state of the soft-keyboard visibility on Android and iOS.	5.4.0	99.21526121829612	556	300	61	17	MisterJimson	jasonrai.ca	MIT	2022-12-08T13:51:05.000Z
72	json_rpc_2	Utilities to write a client or server using the JSON-RPC 2.0 spec.	3.0.2	99.20225449815739	56	63	33	6	dart-lang	tools.dart.dev	BSD-3-Clause	2022-11-09T23:47:44.000Z
73	shelf_proxy	A shelf handler for proxying HTTP requests to another server.	1.0.2	99.18924777801864	49	24	15	10	dart-archive	tools.dart.dev	BSD-3-Clause	2022-05-09T20:50:00.000Z
74	completion	A package to add shell command completion to your Dart application	1.0.1	99.18491220463906	24	53	11	1	kevmoo	j832.com	BSD-3-Clause	2022-12-14T20:13:37.000Z
75	fake_async	Fake asynchronous events such as timers and microtasks for deterministic testing.	1.3.1	99.18057663125948	48	68	13	5	dart-lang	dart.dev	Apache-2.0	2022-11-09T23:22:10.000Z
76	browser_launcher	Provides a standardized way to launch web browsers for testing and tools.	1.1.1	99.1588987643616	5	10	9	2	dart-lang	tools.dart.dev	BSD-3-Clause	2022-12-13T18:32:41.000Z
77	sse	Provides client and server functionality for setting up bi-directional communication through Server Sent Events (SSE) and corresponding POST requests.	4.1.2	99.154563190982	24	49	18	5	dart-lang	tools.dart.dev	BSD-3-Clause	2022-12-14T21:03:50.000Z
78	sentry_flutter	Sentry SDK for Flutter. This package aims to support different Flutter targets by relying on the many platforms supported by Sentry with native SDKs.	6.18.1	99.14589204422285	495	601	159	78	getsentry	sentry.io	MIT	2022-12-17T03:02:13.000Z
79	usage	A Google Analytics wrapper for command-line, web, and Flutter apps.	4.1.0	99.14155647084327	58	139	48	15	dart-lang	tools.dart.dev	BSD-3-Clause	2022-10-20T20:09:59.000Z
80	pdf	A pdf producer for Dart. It can create pdf files for both web or flutter.	3.8.4	99.12421417732496	1743	949	369	116	DavBfr	nfet.net	Apache-2.0	2022-12-06T09:29:55.000Z
81	ffi	Utilities for working with Foreign Function Interface (FFI) code.	2.0.1	99.11987860394538	161	125	28	20	dart-lang	dart.dev	BSD-3-Clause	2022-11-21T11:11:52.000Z
82	internet_connection_checker	A pure Dart library that checks for internet by opening a socket to a list of specified addresses, each with individual port and timeout. Defaults are provided for convenience.	1.0.0+1	99.11554303056579	614	61	16	14	RounakTadvi		NOASSERTION	2022-09-22T10:54:54.000Z
83	vector_math	A Vector Math library for 2D and 3D applications.	2.1.4	99.10687188380663	197	259	77	19	google	google.dev	NOASSERTION	2022-11-01T09:39:33.000Z
84	pinput	Pin code input (OTP) text field, iOS SMS autofill, Android SMS autofill One Time Code, Password, Passcode, Captcha, Security, Coupon, Wowcher, 2FA, Two step verification	2.2.16	99.10253631042706	1293	447	110	5	Tkko	fman.ge	MIT	2022-10-07T08:18:37.000Z
85	youtube_player_flutter	Flutter plugin for playing or streaming inline YouTube videos using the official iFrame player API. This plugin supports both Android and iOS.	8.1.1	99.08952959028832	1044	555	564	311	sarbagyastha	sarbagyastha.com.np	BSD-3-Clause	2022-12-12T15:34:31.000Z
86	flutter_downloader	Powerful plugin making it easy to download files.	1.9.1	99.08519401690874	1050	782	426	270	fluttercommunity	fluttercommunity.dev	BSD-3-Clause	2022-12-13T07:30:00.000Z
87	timezone	Time zone database and time zone aware DateTime.	0.9.0	99.06785172339042	240	76	38	31	srawlins		BSD-2-Clause	2022-11-07T12:23:11.000Z
88	flutter_hooks	A flutter implementation of React hooks. It adds a new kind of widget with enhanced code reuse.	0.18.5+1	99.06351615001084	1521	2552	147	29	rrousselGit	dash-overflow.net	MIT	2022-07-20T09:57:15.000Z
89	quiver	Quiver is a set of utility libraries for Dart that makes using many Dart libraries easier and more convenient, or adds additional functionality.	3.1.0	99.01582484283547	409	901	140	50	google	google.dev	Apache-2.0	2022-12-09T17:16:25.000Z
90	flutter_map	A versatile mapping package for Flutter, based off leaflet.js, that's simple and easy to learn, yet completely customizable and configurable.	3.0.0	98.9854758291784	1102	2231	711	27	fleaflet	fleaflet.dev	BSD-3-Clause	2022-12-11T21:07:27.000Z
91	jiffy	Jiffy is a date dart package inspired by momentjs for parsing, manipulating and formatting dates	5.0.0	98.98114025579883	569	401	78	32	jama5262		MIT	2022-11-02T17:46:17.000Z
92	hooks_riverpod	A simple way to access state from anywhere in your application while robust and testable.
	2.1.1	98.92911337524387	554	3837	615	102	rrousselGit	dash-overflow.net	MIT	2022-12-12T08:28:47.000Z
93	win32	A Dart library for accessing common Win32 APIs using FFI. No C required!	3.1.3	98.91610665510514	561	601	94	31	timsneath	sneath.org	BSD-3-Clause	2022-12-17T10:19:39.000Z
94	printing	Plugin that allows Flutter apps to generate and print documents to compatible printers on Android, iOS, macOS, Windows, and Linux, as well as web print.
	5.9.3	98.89009321482766	973	949	369	116	DavBfr	nfet.net	Apache-2.0	2022-12-06T09:29:55.000Z
95	socket_io_client	Dartlang port of socket.io-client for web, flutter, dartvm to use	2.0.0	98.8814220680685	880	551	139	94	rikulo		MIT	2022-11-09T22:16:08.000Z
96	flutter_form_builder	This package helps in creation of forms in Flutter by removing the boilerplate code, reusing validation, react to changes, and collect final user input.	7.7.0	98.87708649468892	1715	1189	441	52	flutter-form-builder-ecosystem	flutterformbuilderecosystem.com	BSD-3-Clause	2022-12-15T15:22:03.000Z
97	googleapis	Auto-generated client libraries for accessing Google APIs described through the API discovery service.	9.2.0	98.87275092130933	667	328	102	33	google	google.dev	BSD-3-Clause	2022-12-08T01:19:31.000Z
98	mockito	A mock framework inspired by Mockito with APIs for Fakes, Mocks, behavior verification, and stubbing.	5.3.2	98.86841534792975	891	553	146	56	dart-lang	dart.dev	Apache-2.0	2022-12-14T21:34:39.000Z
99	event_bus	A simple Event Bus using Dart Streams for decoupling applications	2.0.0	98.85974420117061	463	697	75	0	marcojakob	jakobservices.ch	MIT	2022-03-01T17:38:59.000Z
100	pubspec_parse	Simple package for parsing pubspec.yaml files with a type-safe API and rich error reporting.	1.2.1	98.83806633427271	23	42	16	5	dart-lang	tools.dart.dev	BSD-3-Clause	2022-12-12T22:14:20.000Z
101	dotted_line	This package allows you to draw dotted lines with Flutter. You can draw a beautiful dotted line.	3.1.0	98.83373076089312	177	33	12	4	umechanhika		BSD-3-Clause	2022-09-04T08:08:54.000Z
102	video_thumbnail	A flutter plugin for creating a thumbnail from a local video file or from a video URL.	0.5.3	98.80338174723607	340	153	114	28	justsoft		MIT	2022-11-14T15:45:18.000Z
103	mobile_scanner	A universal barcode and QR code scanner for Flutter based on MLKit. Uses CameraX on Android, AVFoundation on iOS and Apple Vision & AVFoundation on macOS.	2.1.0	98.77303273357902	686	319	194	75	juliansteenbakker	steenbakker.dev	BSD-3-Clause	2022-12-13T12:26:48.000Z
104	cli_util	A library to help in building Dart command-line apps.	0.3.5	98.76869716019944	40	45	22	5	dart-lang	tools.dart.dev	BSD-3-Clause	2022-11-15T15:54:18.000Z
105	awesome_notifications	A complete solution to create Local and Push Notifications, customizing buttons, images, sounds, emoticons and applying many different layouts for Flutter apps.	0.7.4+1	98.74701929330155	1926	560	211	24	rafaelsetragni	carda.me	Apache-2.0	2022-11-28T13:30:31.000Z
106	grouped_list	A Flutter ListView where the list items can be grouped into sections.	5.1.2	98.73834814654238	911	275	78	45	Dimibe	begnis.dev	MIT	2022-10-20T16:04:42.000Z
107	flutter_staggered_animations	Easily add staggered animations to your ListView, GridView, Column and Row children as shown in Material Design guidelines	1.1.1	98.7340125731628	1317	1229	119	10	The-ring-io	dailyn.app	MIT	2022-11-09T20:05:42.000Z
108	stream_transform	A collection of utilities to transform and manipulate streams.	2.1.0	98.72534142640365	159	104	18	11	dart-lang	tools.dart.dev	BSD-3-Clause	2022-12-12T18:24:29.000Z
109	characters	String replacement with operations that are Unicode/grapheme cluster aware.	1.2.1	98.67765011922826	272	54	11	3	dart-lang	dart.dev	BSD-3-Clause	2022-11-09T23:30:34.000Z
110	rive	Rive 2 Flutter Runtime. This package provides runtime functionality for playing back and interacting with animations built with the Rive editor available at https://rive.app.	0.10.0	98.67331454584868	973	752	126	51	rive-app	rive.app	MIT	2022-12-14T22:15:44.000Z
111	protobuf	Runtime library for protocol buffers support. Use https://pub.dev/packages/protoc_plugin to generate dart code for your '.proto' files.	2.1.0	98.65597225233037	130	57439	14647	674	protocolbuffers	google.dev	NOASSERTION	2022-12-17T08:18:19.000Z
112	responsive_framework	Easily make Flutter apps responsive. Automatically adapt UI to different screen sizes. Responsiveness made simple.	0.2.0	98.62562323867331	2098	923	110	50	Codelessly	codelessly.com	0BSD	2022-09-18T16:01:30.000Z
113	lints	Official Dart lint rules. Defines the 'core' and 'recommended' set of lints suggested by the Dart team.
	2.0.1	98.60828094515499	162	66	22	23	dart-lang	tools.dart.dev	BSD-3-Clause	2022-11-14T22:19:20.000Z
114	animate_do	Beautiful animations inspired on Animate.css, every animation is a widget that contains default but customizable values that look attractive.	3.0.2	98.5866030782571	2897	157	30	7	Klerith	fernando-herrera.com	MIT	2022-11-24T13:47:31.000Z
115	gcloud	High level idiomatic Dart API for Google Cloud Storage, Pub-Sub and Datastore.	0.8.7	98.51723390418383	57	89	40	42	dart-lang	labs.dart.dev	BSD-3-Clause	2022-11-22T08:56:54.000Z
116	marquee	A Flutter widget that scrolls text infinitely. Provides many customizations including custom scroll directions, durations, curves as well as pauses after every round.	2.2.3	98.50422718404509	662	216	64	36	MarcelGarus		MIT	2022-06-04T20:38:07.000Z
117	photo_manager	A Flutter plugin that provides assets abstraction management APIs on Android, iOS, and macOS.	2.5.1+1	98.49989161066551	406	518	216	25	fluttercandies	fluttercandies.com	Apache-2.0	2022-12-13T16:28:02.000Z
118	charcode	Constants for ASCII and common non-ASCII character codes. Integer constants corresponding to the code points of individual characters.	1.3.1	98.45653587686971	28	21	10	2	lrhn	infimum.dk	BSD-3-Clause	2022-10-14T16:50:53.000Z
119	country_picker	A flutter package to select a country from a list of countries.	2.0.18	98.4391935833514	157	58	81	22	Daniel-Ioannou		MIT	2022-12-08T17:19:40.000Z
120	flutter_animate	Add beautiful animated effects & builders in Flutter, via an easy, customizable, unified API.	2.0.1	98.43485800997182	584	345	19	19	gskinner	gskinner.com	BSD-3-Clause	2022-11-16T06:10:51.000Z
121	persistent_bottom_nav_bar	A do all, highly customizable persistent/static bottom navigation bar for flutter. Includes up-to 20 styles.	5.0.2	98.41318014307392	1583	420	256	152	BilalShahid13		BSD-3-Clause	2022-10-09T22:19:51.000Z
122	timeline_tile	A package to help you build highly customisable timelines with Flutter.	2.0.0	98.34381096900066	1336	542	122	23	JHBitencourt	juliobitencourt.com	MIT	2022-10-26T12:08:15.000Z
123	multi_select_flutter	A flexible multi select package for Flutter. Make multi select widgets the way you want.	4.1.3	98.33947539562106	477	176	140	98	CHB61		BSD-2-Clause	2022-12-08T10:41:19.000Z
124	sliver_tools	A set of useful sliver tools that are missing from the flutter framework	0.2.8	98.33080424886191	750	410	39	15	Kavantix	pietervanloon.com	MIT	2022-11-28T10:51:07.000Z
125	youtube_player_iframe	Flutter port of the official YouTube iFrame player API. Supports web & mobile platforms.	3.1.0	98.32646867548233	356	555	564	311	sarbagyastha	sarbagyastha.com.np	BSD-3-Clause	2022-12-12T15:34:31.000Z
126	wechat_assets_picker	An audio/video/image picker in pure Dart which is the same with WeChat,
support multi picking, custom item and delegates override.
	8.2.0	98.30479080858443	435	1115	308	4	fluttercandies	fluttercandies.com	Apache-2.0	2022-12-09T10:00:30.000Z
127	decimal	The decimal package allows you to deal with decimal numbers without losing precision.
	2.3.2	98.30045523520485	204	146	39	2	a14n		Apache-2.0	2022-12-07T14:19:22.000Z
128	in_app_update	Enables In App Updates on Android using the official Android APIs.	4.0.1	98.29611966182527	622	234	58	10	jonasbark	jonasbark.de	NOASSERTION	2022-11-28T11:08:00.000Z
129	form_builder_validators	Form Builder Validators set of validators for FlutterFormBuilder. Provides common validators and a way to make your own.	8.4.0	98.2917840884457	108	7	15	4	flutter-form-builder-ecosystem	flutterformbuilderecosystem.com	BSD-3-Clause	2022-12-01T07:09:26.000Z
130	flutter_phoenix	Easily restart your application from scratch, losing any previous state	1.1.0	98.28311294168654	359	119	9	7	The-ring-io	dailyn.app	MIT	2022-08-23T16:00:34.000Z
131	flutter_sound	Europe Stand With Ukraine. Pray for Ukraine. A complete api for audio playback and recording. Audio player, audio recorder.	9.2.13	98.27444179492738	1024	762	459	245	Canardoux	tau.canardoux.xyz	MPL-2.0	2022-10-21T03:07:36.000Z
132	formz	A unified form representation in Dart which aims to simplify form representation and validation in a generic way.	0.4.1	98.21807934099284	425	217	27	9	VeryGoodOpenSource	verygood.ventures	MIT	2022-12-13T02:08:36.000Z
133	nb_utils	Collection of Widgets and helpful Methods that every developer needs.	4.6.25	98.20073704747453	207	51	19	5	bhoominn	bhoominn.com	MIT	2022-11-24T17:43:31.000Z
134	nested	A Flutter Widget which helps nest multiple widgets without needing to manually nest them.	1.0.0	98.19640147409496	264	112	12	1	rrousselGit	dash-overflow.net	MIT	2021-02-20T16:36:28.000Z
135	loading_animation_widget	Loading animation or loading spiner or loader. It's used to show loading animation when the app is in loading state or something is processing for uncertain time.	1.2.0+4	98.17472360719705	521	68	20	1	watery-desert	waterydesert.com	BSD-3-Clause	2022-12-14T11:04:34.000Z
136	mocktail	A Dart mock library which simplifies mocking with null safety support and no manual mocks or code generation.	0.3.0	98.1660524604379	658	428	63	22	felangel	felangel.dev	MIT	2022-12-06T12:35:53.000Z
137	data_table_2	In-place substitute for Flutter's DataTable and PaginatedDataTable with fixed/sticky headers and few extra features	2.3.10	98.13136787340126	403	117	68	18	maxim-saplin	saplin.blogspot.com	BSD-3-Clause	2022-12-12T19:29:19.000Z
138	drift	Drift is a reactive library to store relational data in Dart and Flutter applications.	2.3.0	98.12703230002168	833	1796	237	103	simolus3	simonbinder.eu	MIT	2022-12-16T15:03:51.000Z
139	workmanager	Flutter Workmanager. This plugin allows you to schedule background work on Android and iOS.	0.5.1	98.1226967266421	1252	698	173	59	fluttercommunity	fluttercommunity.dev	MIT	2022-11-07T20:00:35.000Z
140	barcode_widget	Barcode generation widget for Flutter with support for standard barcodes.	2.0.3	97.99262952525471	180	88	26	7	DavBfr	nfet.net	Apache-2.0	2022-12-07T16:49:31.000Z
141	hydrated_bloc	An extension to the bloc state management library which automatically persists and restores bloc states.	9.0.0	97.97095165835682	501	189	25	0	felangel	bloclibrary.dev	MIT	2020-07-09T03:23:09.000Z
142	purchases_flutter	Flutter in-app purchases and subscriptions made easy. The plugin supports Apple, Android, and the web.	4.5.3	97.94927379145892	406	412	114	14	RevenueCat	revenuecat.com	MIT	2022-12-16T18:35:03.000Z
143	flutter_login_facebook	Login via Facebook. Easily add Facebook login feature in your application. User profile information included.	1.7.0	97.9102536310427	176	64	42	14	Innim	innim.ru	BSD-3-Clause	2022-12-07T15:09:34.000Z
144	amplify_flutter	The top level Flutter package for the AWS Amplify libraries.	0.6.10	97.79319314979405	111	1128	176	192	aws-amplify	aws-amplify.com	Apache-2.0	2022-12-17T00:16:28.000Z
145	flutter_cached_pdfview	A package to show Native PDF View for iOS and Android, support Open from a different resource like Path, Asset or Url and Cache it.	0.4.1	97.762844136137	291	94	34	39	binSaed	abdosaed.ml	MIT	2022-05-16T21:31:57.000Z
146	flutter_phone_direct_caller	Simple flutter plugin to call a number directly, without going to phone dialer, from app	2.1.1	97.75417298937784	223	21	20	9	yanisalfian		MIT	2022-10-26T15:29:16.000Z
147	amplify_auth_cognito	The Amplify Flutter Auth category plugin using the AWS Cognito provider.	0.6.10	97.74983741599826	66	1128	176	192	aws-amplify	aws-amplify.com	Apache-2.0	2022-12-17T00:16:28.000Z
148	flutter_ringtone_player	A simple player for system default ringtones, alarms and notifications	3.2.0	97.70648168220248	173	61	36	8	inway	inway.dev	MIT	2022-11-08T23:47:13.000Z
149	riverpod	A simple way to access state from anywhere in your application while robust and testable.
	2.1.1	97.6761326685454	2201	3837	615	102	rrousselGit	dash-overflow.net	MIT	2022-12-12T08:28:47.000Z
150	flutter_windowmanager	A Flutter plugin for manipulating Android WindowManager LayoutParams.	0.2.0	97.6587903750271	197	39	17	9	adaptant-labs	adaptant.io	Apache-2.0	2021-08-26T10:45:43.000Z
151	flutter_chat_ui	Actively maintained, community-driven chat UI implementation with an optional Firebase BaaS.
	1.6.6	97.65445480164752	693	626	327	24	flyerhq	flyer.chat	Apache-2.0	2022-12-15T19:35:36.000Z
152	geocode	Package to make Geocode requests. It exposes two methods to translate coordinates into locations and addresses into coordinates.	1.0.2	97.65011922826794	84	6	7	4	imvalient	imanol.dev	BSD-3-Clause	2022-07-24T11:27:50.000Z
153	android_id	A Flutter plugin for getting the Android ID. Only for Android.	0.1.3+1	97.61977021461088	37	12	3	1	fluttercommunity	achim.io	BSD-3-Clause	2022-11-28T22:33:32.000Z
154	shrine_images	Image assets for the Material Components for Flutter codelabs based on an app called Shrine.	2.0.2	97.6154346412313	5	18	19	0	material-components		NOASSERTION	2022-12-07T19:48:40.000Z
155	sentry	A crash reporting library for Dart that sends crash reports to Sentry.io. This library supports Dart VM and Web. For Flutter consider sentry_flutter instead.
	6.18.1	97.59809234771298	381	601	159	78	getsentry	sentry.io	MIT	2022-12-17T03:02:13.000Z
156	flex_color_scheme	A Flutter package to use and make beautiful Material design based themes.	6.1.1	97.58942120095384	1361	453	59	3	rydmike	rydmike.com	NOASSERTION	2022-12-11T20:12:08.000Z
157	velocity_x	A minimalist Flutter framework for rapidly building custom designs.	3.6.0	97.58508562757424	1082	1159	161	11	iampawan	codepur.dev	MIT	2022-10-12T13:25:49.000Z
158	adaptive_dialog	Show alert dialog or modal action sheet adaptively according to platform.	1.8.0+1	97.54172989377845	708	244	46	11	mono0926	mono0926.com	MIT	2022-09-01T00:24:24.000Z
159	data_connection_checker	A pure Dart library that checks for internet by opening a socket to a list of specified addresses, each with individual port and timeout. Defaults are provided for convenience.	0.3.4	97.48970301322349	415	103	71	19	komapeb		NOASSERTION	2021-12-14T10:00:14.000Z
160	flutter_quill	A rich text editor supporting mobile and web (Demo App @ bulletjournal.us)	6.1.6	97.48536743984391	918	1666	449	60	singerdmx	bulletjournal.us	MIT	2022-11-17T20:45:49.000Z
161	dart_style	Opinionated, automatic Dart source code formatter. Provides an API and a CLI tool.	2.2.4	97.4680251463256	69	571	108	101	dart-lang	tools.dart.dev	BSD-3-Clause	2022-11-29T20:17:14.000Z
162	flutter_vibrate	A Haptic Feedback plugin.	1.3.0	97.43767613266854	129	81	54	2	rodydavis		MIT	2022-02-26T16:48:22.000Z
163	isar	Extremely fast, easy to use, and fully async NoSQL database for Flutter.	3.0.5	97.38131367873402	1034	2006	158	49	isar	isar.dev	Apache-2.0	2022-12-12T10:00:38.000Z
164	grpc	Dart implementation of gRPC, a high performance, open-source universal RPC framework.	3.1.0	97.37697810535442	246	728	209	65	grpc	dart.dev	Apache-2.0	2022-12-13T20:46:41.000Z
165	isar_flutter_libs	Isar Core binaries for the Isar Database. Needs to be included for Flutter apps.	3.0.5	97.35963581183611	13	2006	158	49	isar	isar.dev	Apache-2.0	2022-12-12T10:00:38.000Z
166	stop_watch_timer	Simple CountUp timer / CountDown timer. It easily create app of stopwatch.	2.0.0	97.35530023845654	172	75	39	1	hukusuke1007	neverjp.com	MIT	2022-09-10T08:14:40.000Z
167	image_editor	Edit your image data and output to file/memory on Android and iOS.	1.3.0	97.3422935183178	209	314	94	15	fluttercandies	fluttercandies.com	Apache-2.0	2022-11-15T13:26:26.000Z
168	build	A package for authoring build_runner compatible code generators.	2.3.1	97.27292434424453	58	675	192	175	dart-lang	dart.dev	BSD-3-Clause	2022-12-16T20:16:10.000Z
169	flick_video_player	Flick Video Player is a video player for flutter. The video_player plugin gives low level access for the video playback.	0.5.0	97.21222631693041	350	194	167	33	GeekyAnts	geekyants.com	NOASSERTION	2022-11-04T11:04:21.000Z
170	expandable_text	Widget that only shows the first lines of a text and adds a link to expand the full text.	2.3.0	97.1948840234121	165	33	30	12	fweinaug		MIT	2022-06-13T05:36:21.000Z
171	source_gen	Source code generation builders and utilities for the Dart build system	1.2.6	97.18187730327335	100	416	93	24	dart-lang	tools.dart.dev	BSD-3-Clause	2022-12-01T20:41:01.000Z
172	mixpanel_flutter	Official Flutter Tracking SDK for Mixpanel Analytics developed and maintained by Mixpanel, Inc.	2.0.0	97.13418599609798	65	43	32	22	mixpanel		Apache-2.0	2022-12-12T13:51:32.000Z
173	dynamic_color	A Flutter package to create Material color schemes based on a platform's implementation of dynamic color.	1.5.4	97.12551484933883	153	53	12	6	material-foundation	material.io	BSD-3-Clause	2022-12-07T11:11:46.000Z
174	markdown	A portable Markdown library written in Dart that can parse Markdown into HTML.	6.0.1	97.11250812920008	173	348	159	39	dart-lang	tools.dart.dev	BSD-3-Clause	2022-12-16T18:04:09.000Z
175	external_app_launcher	A Flutter plugin which helps you to open another app from your app	3.1.0	97.1081725558205	159	4	12	5	GeekyAnts	geekyants.com	BSD-3-Clause	2022-08-04T13:42:48.000Z
176	http_interceptor	A lightweight, simple plugin that allows you to intercept request and response objects and modify them if desired.	1.0.2	97.09950140906135	136	86	51	4	CodingAleCR	codingale.dev	MIT	2022-08-24T21:03:52.000Z
177	styled_text	Text widget with formatted text using tags. Makes it easier to use formatted text in multilingual applications.	6.0.0	97.07782354216346	286	59	36	1	andyduke	amazingsoftworks.com	BSD-3-Clause	2022-10-11T16:57:09.000Z
178	file_saver	This package will help you save file with a single method on any platform including macOS, iOS, Android, Windows, Web, Linux.	0.1.1	97.06915239540429	177	32	40	19	incrediblezayed		BSD-3-Clause	2022-07-27T07:31:34.000Z
179	brasil_fields	O jeito mais fácil de utilizar padrões e formatos brasileiros em seu projeto Dart.	1.9.0	97.04313895512682	398	98	32	10	flutterbootcamp	flutterbootcamp.com.br	NOASSERTION	2022-12-16T23:09:29.000Z
180	lint	An opinionated, community-driven set of lint rules for Dart and Flutter projects. Like pedantic but stricter	2.0.1	97.0257966616085	741	253	73	15	passsy	pascalwelsch.com	Apache-2.0	2022-11-30T14:52:38.000Z
181	objectbox	Flutter database for super-fast NoSQL ACID compliant object persistence.	1.7.0	97.02146108822892	822	719	86	54	objectbox	objectbox.io	Apache-2.0	2022-12-16T15:46:25.000Z
182	flutter_archive	Create and extract ZIP archive files in Android, iOS and macOS. Zip all files in a directory recursively or a given list of files.	5.0.0	96.99978322133103	108	46	34	10	kineapps	kineapps.com	BSD-3-Clause	2022-10-21T10:29:33.000Z
183	objectbox_flutter_libs	Superfast NoSQL Flutter / Dart database. This package contains Flutter runtime libraries for ObjectBox.	1.7.0	96.90873618035985	17	719	86	54	objectbox	objectbox.io	Apache-2.0	2022-12-16T15:46:25.000Z
184	pinch_zoom	A widget based on Flutter's new Interactive Viewer that makes picture pinch zoom, and return to its initial size and position when released.	1.0.0	96.88272274008237	139	35	13	3	tkortekaas	jelter.net	ISC	2021-07-16T19:20:08.000Z
185	barcode	Barcode generation library for Dart that can generate generic drawing operations for any backend.	2.2.3	96.85237372642533	330	88	26	7	DavBfr	nfet.net	Apache-2.0	2022-12-07T16:49:31.000Z
186	flutter_sms	A Flutter plugin to Send SMS and MMS on iOS and Android. If iMessage is enabled it will send as iMessage on iOS. This plugin must be tested on a real device on iOS.	2.3.3	96.835031432907	249	207	96	28	fluttercommunity	fluttercommunity.dev	MIT	2022-08-02T13:56:14.000Z
187	twitter_login	Flutter Twitter Login Plugin. Library for login with Twitter APIs OAuth service	4.2.3	96.83069585952742	84	44	32	6	0maru		MIT	2022-11-12T14:45:11.000Z
188	flutter_login	A login widget with login/signup functionalities to help speed up development	4.1.1	96.80901799262952	1059	1224	658	61	NearHuscarl		MIT	2022-12-07T07:52:51.000Z
189	copy_with_extension	Annotation for generating `copyWith` extensions code using `copy_with_extension_gen`.	5.0.0	96.80468241924994	70	57	23	8	numen31337	oleksandrkirichenko.com	MIT	2022-12-02T23:18:09.000Z
190	qr	A QR code generation library for Dart and Flutter. Supports QR code version 1 through 40, error correction and redundancy.	3.0.1	96.78300455235205	134	234	54	2	kevmoo	j832.com	BSD-3-Clause	2022-12-15T21:18:34.000Z
191	iconsax	Iconsax for flutter (1000+ icons 6 diferent styles, total 6000+ icons).	0.0.8	96.7699978322133	217	14	5	8	luisDanielRoviraContreras		GPL-3.0	2022-06-28T08:48:23.000Z
192	bitsdojo_window	A package to help with creating custom windows with Flutter desktop (custom border, titlebar and minimize/maximize/close buttons) and common desktop window operations (show/hide/position on screen) for Windows and macOS	0.1.5	96.75265553869498	651	599	142	98	bitsdojo	bitsdojo.com	MIT	2022-11-19T14:48:02.000Z
193	amplitude_flutter	Amplitude Flutter plugin	3.13.0	96.74398439193584	72	80	38	19	amplitude		MIT	2022-12-12T20:30:44.000Z
194	custom_refresh_indicator	Flutter Widget that make it easy to implement custom refresh indicator.	2.0.1	96.72230652503794	392	315	47	0	gonuit	klyta.it	MIT	2022-11-04T16:56:56.000Z
195	custom_pop_up_menu	Wrap a widget with CustomPopupMenu, Tap or Long Press this widget, a popup menu would display in a suitable position.	1.2.4	96.71363537827877	188	88	34	9	malikwang	malikwang.com	MIT	2022-10-29T19:46:59.000Z
196	drift_dev	Dev-dependency for users of drift. Contains a the generator and development tools.	2.3.3	96.62258833730762	16	1796	237	103	simolus3	simonbinder.eu	MIT	2022-12-16T15:03:51.000Z
197	flutter_chat_types	Utility library for the flutter_chat_ui and flutter_firebase_chat_core libraries which contains shared type declarations.
	3.6.0	96.60958161716887	23	14	48	1	flyerhq	flyer.chat	MIT	2022-10-29T07:17:39.000Z
198	very_good_analysis	Lint rules for Dart and Flutter used internally at Very Good Ventures.	3.1.0	96.54454801647518	332	242	30	1	VeryGoodOpenSource	verygood.ventures	MIT	2022-12-13T14:47:03.000Z
199	flutter_exif_rotation	Flutter plugin that fixes the picture orientation when it's took in landscape for some devices.	0.5.1	96.53587686971602	56	23	46	15	NGhebreial		BSD-3-Clause	2022-04-03T10:36:06.000Z
200	web3dart	Dart library to connect to Ethereum clients. Send transactions and interact with smart contracts!	2.5.2	96.48818556254065	368	91	45	56	xclud	pwa.ir	MIT	2022-12-14T20:38:05.000Z
201	webview_cookie_manager	Have you been turned into a cookie management problem? This package can help. It has all of the cookie management functionality you have been looking for.	2.0.6	96.47951441578148	63	40	29	6	fryette	mobilepeople.dev	MIT	2021-11-15T11:07:33.000Z
202	algolia	Algolia is a pure dart SDK, wrapped around Algolia REST API for easy implementation for your Flutter or Dart projects.
	1.1.1	96.45783654888359	190	112	67	17	knoxpo	knoxpo.com	NOASSERTION	2022-10-08T11:49:40.000Z
203	amplify_api	The Amplify Flutter API category plugin, supporting GraphQL and REST operations.	0.6.10	96.44482982874484	30	1128	176	192	aws-amplify	aws-amplify.com	Apache-2.0	2022-12-17T00:16:28.000Z
204	dart_jsonwebtoken	A dart implementation of the famous javascript library 'jsonwebtoken' (JWT).	2.6.2	96.43615868198569	98	28	19	4	jonasroussel	jroussel.fr	MIT	2022-12-11T19:08:14.000Z
205	simple_gradient_text	Create fast and simple gradient texts, whether linear or radial, you just decide the colors and the text to display, very easy.	1.2.4	96.40580966832863	38	5	5	0	astudilloalex	alexastudillo.com	Apache-2.0	2022-09-24T19:09:38.000Z
206	wechat_camera_picker	A camera picker based on WeChat's UI which is a separate runnable extension to wechat_assets_picker.	3.6.5	96.40147409494905	137	263	83	5	fluttercandies	fluttercandies.com	Apache-2.0	2022-12-05T14:55:47.000Z
207	scroll_snap_list	A Flutter widget that allows "snaping" event to an item at the end of user-scroll.	0.9.1	96.37546065467158	288	84	30	13	MSVCode	msvcode.com	NOASSERTION	2022-05-29T10:59:44.000Z
208	tab_indicator_styler	Add beautiful and trending tab indicators directly to your default Flutter TabBar	2.0.0	96.36678950791242	203	50	16	3	adar2378	theadar.xyz	MIT	2022-04-20T05:11:00.000Z
209	oauth2	A client library for authenticating with a remote service via OAuth2 on behalf of a user, and making authorized HTTP requests with the user's OAuth2 credentials.	2.0.1	96.35811836115326	210	173	116	44	dart-lang	tools.dart.dev	BSD-3-Clause	2022-11-11T07:22:29.000Z
210	custom_info_window	A widget based custom info window for google_maps_flutter package.	1.0.1	96.35378278777368	90	21	16	6	abhishekduhoon	abhishekduhoon.com	BSD-3-Clause	2022-09-19T00:18:17.000Z
211	pluto_grid	PlutoGrid is a dataGrid that can be controlled by the keyboard on desktop and web. Of course, it works well on Android and IOS. (DataGrid, DataTable, Data Grid, Data Table, Sticky)	5.4.9	96.34077606763495	552	444	136	95	bosskmk	weblaze.dev	MIT	2022-12-15T13:38:25.000Z
212	accordion	An expandable Flutter widget list where each item can be expanded or collapsed simply by clicking on the header.	2.5.1	96.3277693474962	173	29	21	5	GotJimmy	vulcansoft.com	NOASSERTION	2022-07-10T20:10:18.000Z
213	searchfield	A highly customizable, simple and easy to use flutter Widget to add a searchfield to your Flutter Application. This Widget allows you to search and select from list of suggestions.	0.7.2	96.32343377411662	157	45	28	20	maheshmnj	maheshjamdade.com	MIT	2022-11-21T21:23:07.000Z
214	flutter_translate	Flutter Translate is a fully featured localization / internationalization (i18n) library for Flutter.	4.0.3	96.31909820073705	178	329	102	2	Jesway	jesway.com	NOASSERTION	2022-11-25T20:40:11.000Z
215	whatsapp_unilink	Dart package helping your app interact with WhatsApp via HTTP links (universal links). Works with Flutter.	2.1.0	96.31042705397789	190	18	7	0	dartsidedev	dartside.dev	BSD-3-Clause	2022-11-20T16:10:41.000Z
216	search_choices	Highly versatile Widget to search through a single or multiple choices list in a dialog box or a menu. Supports pagination and future/API/webservice searches with sort and filter.	2.2.1	96.30175590721873	385	43	26	8	lcuis	jod.li	MIT	2022-12-15T02:41:53.000Z
217	supabase_flutter	Flutter integration for Supabase. This package makes it simple for developers to build secure and scalable products.	1.2.2	96.29742033383914	173	237	52	53	supabase	supabase.io	MIT	2022-12-02T09:07:59.000Z
218	expandable_bottom_sheet	This is a BottomSheet with a draggable height like the Google Maps App on Android.	1.1.1+1	96.28007804032083	139	32	19	9	torbenkeller	torben-keller.de	MIT	2022-07-01T17:32:48.000Z
219	beamer	A routing package built on top of Router and Navigator's pages API, supporting arbitrary nested navigation, guards and more.	1.5.3	96.24105787990462	925	479	119	70	slovnicki	beamer.dev	MIT	2022-10-17T09:41:39.000Z
220	mvc_pattern	To develop apps using a framework following the MVC design pattern separating the app's 'interface' from its 'business logic' and from its 'data source' if any.	8.12.0	96.20637329286798	179	163	30	0	AndriousSolutions	andrioussolutions.com	NOASSERTION	2022-08-26T01:39:37.000Z
221	dio_smart_retry	Retry library for Dio package made with love. By default, the request will be retried only for appropriate retryable http statuses.	1.4.0	96.19770214610882	81	43	15	1	rodion-m	rodion-m.ru	MIT	2022-12-08T19:04:58.000Z
222	buttons_tabbar	A Flutter package that implements a TabBar where each label is a toggle button.	1.3.6	96.1803598525905	198	55	17	0	afonsocraposo	afonsoraposo.com	MIT	2022-06-12T13:27:25.000Z
223	flutter_bluetooth_serial	A basic Flutter Bluetooth Serial library	0.4.0	96.15868198569261	250	373	347	70	edufolly	3daysapp.com.br	MIT	2022-10-25T11:46:33.000Z
224	app_review	Request and Write Reviews and Open Store Listing for Android and iOS in Flutter.	2.1.2+1	96.14567526555386	250	269	69	14	fluttercommunity	fluttercommunity.dev	MIT	2022-11-22T09:07:27.000Z
225	code_builder	A fluent, builder-based library for generating valid Dart code	4.3.0	96.14133969217428	146	326	58	18	dart-lang	tools.dart.dev	BSD-3-Clause	2022-12-16T23:05:59.000Z
226	simple_html_css	This package allows you to use simple HTML and inline CSS styles to style your text in flutter. A fork of css_text package.	4.0.0	96.12833297203555	92	27	18	5	ali-thowfeek		NOASSERTION	2022-10-26T14:44:53.000Z
227	fpdart	Functional programming in Dart and Flutter. All the main functional programming types and patterns fully documented, tested, and with examples.	0.4.0	96.08064166486018	287	269	24	5	SandroMaglione	sandromaglione.com	MIT	2022-12-16T04:50:00.000Z
228	mailto	Simple Dart package for creating mailto links in your Flutter apps	2.0.0	96.05896379796228	101	21	6	4	smaho-engineering	smaho.dev	BSD-3-Clause	2021-04-13T19:22:03.000Z
229	gql	GraphQL tools for parsing, transforming and printing GraphQL documents.	0.14.0	96.05029265120312	33	240	99	56	gql-dart	gql-dart.dev	MIT	2022-12-03T23:04:15.000Z
230	screen_brightness	A Plugin for controlling screen brightness with application life cycle reset implemented	0.2.2	96.0329503576848	59	13	6	2	aaassseee		MIT	2022-10-09T13:08:08.000Z
231	easy_refresh	A flutter widget that provides pull-down refresh and pull-up load.	3.0.5+1	96.02861478430522	112	3346	581	35	xuelongqy		MIT	2022-12-14T07:12:42.000Z
232	image_picker_web	Flutter Web Plugin to pick Images (as Widget, File or Uint8List) and Videos (as File or Uint8List)	3.0.0+1	96.00260134402775	107	40	20	0	Ahmadre	rouxguillau.me	GPL-3.0	2022-11-21T12:19:51.000Z
233	flex_color_picker	A customizable Flutter primary, accent and custom color picker. Includes an optional HSV wheel color picker.	3.0.0	95.989594623889	268	132	21	10	rydmike	rydmike.com	BSD-3-Clause	2022-11-23T19:49:46.000Z
234	flow_builder	Flutter Flows made easy! A Flutter package which simplifies flows with a flexible, declarative API.	0.0.9	95.907218729677	308	335	50	26	felangel	felangel.dev	MIT	2022-08-26T14:49:12.000Z
235	contained_tab_bar_view	Encapsulates TabController, TabBar and TabBarView into a single customizable Widget.	0.8.0	95.90288315629742	89	13	6	12	slovnicki	scipack.dev	MIT	2021-06-10T10:53:34.000Z
236	amplify_storage_s3	The Amplify Flutter Storage category plugin using the AWS S3 provider.	0.6.10	95.87686971601994	51	1128	176	192	aws-amplify	aws-amplify.com	Apache-2.0	2022-12-17T00:16:28.000Z
237	flutter_background	A plugin to keep flutter apps running in the background by using foreground service, wake lock and disabling battery optimizations	1.1.0	95.8638629958812	193	72	28	20	JulianAssmann		MIT	2022-08-23T10:06:18.000Z
238	sentry_dio	An integration which adds support for performance tracing for the Dio package.	6.18.1	95.82917840884457	14	601	159	78	getsentry	sentry.io	MIT	2022-12-17T03:02:13.000Z
239	otp_autofill	Android implementation of OTP autofill with using User Consent API and Retriever API. Add possibility to receive OTP code from another input.	2.1.0	95.77715152828962	127	37	14	11	surfstudio	surf.ru	Apache-2.0	2022-11-12T20:13:05.000Z
240	either_dart	Error handler library for type-safe and easy work with errors on Dart and Flutter. Either is an alternative to Nullable value and Exceptions.	0.3.0	95.74246694125299	73	20	6	0	avdosev		MIT	2022-11-06T17:04:13.000Z
241	flutter_gen	The Flutter code generator for your assets, fonts, colors, … — Get rid of all String-based APIs.	5.1.0+1	95.72078907435508	762	1133	95	38	FlutterGen	wasabeef.jp	MIT	2022-12-12T07:35:43.000Z
242	flutter_flavorizr	A flutter utility to easily create flavors in your flutter application	2.1.5	95.7164535009755	373	265	48	27	AngeloAvv	angelocassano.it	MIT	2022-12-09T04:21:29.000Z
243	line_awesome_flutter	The Line Awesome Icons pack for flutter. Provides 1542 additional icons to use in your apps.	2.0.0	95.69477563407762	141	12	2	1	clean		MIT	2021-07-19T10:41:13.000Z
244	any_link_preview	Dart package that helps with preview of any links. Fully customizable and has the ability to render from cached data. Useful for apps where we had chat feature.	2.0.9	95.66876219380013	173	33	37	8	sur950	suresh-konakanchi.in	MIT	2022-12-11T21:24:25.000Z
245	flutter_keyboard_visibility_web	An implementation for the web platform of `flutter_keyboard_visibility'	2.0.0	95.64708432690223	1	300	61	17	MisterJimson		MIT	2022-12-08T13:51:05.000Z
246	disk_space	A tiny Flutter Plugin to show free and total disk space.	0.2.1	95.60806416648602	54	12	20	8	mboeddeker		MIT	2022-03-25T22:53:03.000Z
247	stream_chat_flutter	Stream Chat official Flutter SDK. Build your own chat experience using Dart and Flutter.	5.1.0	95.59505744634727	249	653	237	75	GetStream	getstream.io	NOASSERTION	2022-12-16T14:41:48.000Z
248	http_mock_adapter	A simple to use mocking package for Dio intended to be used in tests. It provides various types and methods to declaratively mock request-response communication.	0.3.3	95.56037285931063	92	45	19	10	lomsa-dev	lomsa.com	MIT	2022-08-10T19:29:16.000Z
249	gql_http_link	GQL Terminating Link to execute requests via HTTP using JSON.	0.4.5	95.51268155213528	10	240	99	56	gql-dart	gql-dart.dev	MIT	2022-12-03T23:04:15.000Z
250	flutter_gen_runner	The Flutter code generator for your assets, fonts, colors, … — Get rid of all String-based APIs.	5.1.0+1	95.49967483199653	82	1133	95	38	FlutterGen	wasabeef.jp	MIT	2022-12-12T07:35:43.000Z
251	amplify_datastore	The Amplify Flutter DataStore category plugin, providing a queryable, on-device data store.	0.6.10	95.47799696509863	26	1128	176	192	aws-amplify	aws-amplify.com	Apache-2.0	2022-12-17T00:16:28.000Z
252	advertising_id	A Flutter plugin to access advertising ID.Wraps ASIdentifierManager.advertisingIdentifier (on iOS) and advertising ID (on Android).	2.3.0	95.46065467158031	18	8	24	3	operando		Apache-2.0	2022-05-23T18:46:59.000Z
253	flutter_advanced_drawer	An advanced drawer widget, that can be fully customized with size, text, color, radius of corners.	1.3.2	95.43030565792327	186	44	12	2	alex-melnyk	alexmelnyk.io	BSD-3-Clause	2022-04-03T16:04:36.000Z
254	persistent_bottom_nav_bar_v2	A do all, highly customizable persistent/static bottom navigation bar for flutter. Includes up-to 20 styles. Based on persistent_bottom_nav_bar which currently is not continued.	4.2.6	95.37394320398873	156	26	21	32	jb3rndt		BSD-3-Clause	2022-11-28T23:06:20.000Z
255	custom_sliding_segmented_control	Allows you to flexibly configure the widget for displaying controls. You can add color, speed, size, initial value, animation and more.	1.7.3	95.33058747019292	55	13	10	1	hadukin		MIT	2022-10-20T06:34:16.000Z
256	loading_animations	A Flutter package with a selection of simple yet very customizable set of loading animations.	2.2.0	95.2959028831563	218	171	22	2	cytryn		MIT	2021-03-09T18:19:44.000Z
257	custom_lint	Lint rules are a powerful way to improve the maintainability of a project. Custom Lint allows package authors and developers to easily write custom lint rules.	0.0.16	95.24387600260134	59	151	17	19	invertase	invertase.io	Apache-2.0	2022-12-12T11:22:31.000Z
258	flutter_keyboard_visibility_platform_interface	A common platform interface for the flutter_keyboard_visibility plugin.	2.0.0	95.22653370908303	1	300	61	17	MisterJimson		MIT	2022-12-08T13:51:05.000Z
259	ffmpeg_kit_flutter	FFmpeg Kit for Flutter. Supports Android, iOS and macOS platforms.	5.1.0	95.2091914155647	142	2159	306	67	arthenica	arthenica.com	LGPL-3.0	2022-11-19T15:37:05.000Z
260	sticky_grouped_list	A ScrollablePositionedList where the list items can be grouped into sections.	3.1.0	95.20485584218513	191	130	33	22	Dimibe	begnis.dev	MIT	2022-10-22T23:12:24.000Z
261	system_settings	Flutter plugin to open system and app settings on iOS and Android.	2.1.0	95.17450682852807	52	11	20	6	fweinaug		MIT	2022-04-03T12:17:03.000Z
262	darq	The power of lazy-evaluated enumerables in your hands! (A port of functional LINQ from the .NET library.)	1.2.1	95.15282896163018	118	75	7	0	Abion47		MIT	2022-09-18T18:01:58.000Z
263	agora_rtm	Flutter wrapper around the Agora Real Time Message SDKs for Android and iOS.	1.5.0	95.14415781487102	51	92	54	28	AgoraIO	agora.io	MIT	2022-11-30T02:36:35.000Z
264	bottom_sheet	Flexible bottom sheet with the ability to scroll content even without a list.	3.1.2	95.13548666811185	213	92	25	6	surfstudio	surf.ru	Apache-2.0	2022-11-24T05:54:54.000Z
265	filesystem_picker	FileSystem file or folder picker dialog. Allows the user to browse the file system and pick a folder or file.	3.1.0	95.13115109473227	117	47	28	5	andyduke	amazingsoftworks.com	BSD-3-Clause	2022-09-01T14:03:18.000Z
266	flutter_spinbox	SpinBox is a numeric input widget with an input field for entering a specific value, and spin buttons for quick, convenient, and accurate value adjustments.	0.11.0	95.1051376544548	94	26	23	10	jpnurmi		MIT	2022-12-16T12:14:30.000Z
267	flutter_map_location_marker	A flutter map plugin for displaying device current location.	5.0.0+1	95.10080208107522	53	40	40	3	tlserver	tlserver6y.net	BSD-3-Clause	2022-11-08T17:06:59.000Z
268	flutter_segment	Flutter implementation of Segment Analytics for iOS, Android and Web	3.12.1	95.09646650769564	61	15	102	25	la-haus		MIT	2022-11-22T07:39:58.000Z
269	flutter_google_places_hoc081098	Google places autocomplete widgets for flutter. No wrapper, use https://pub.dartlang.org/packages/google_maps_webservice. Better flutter_google_places, updated by @hoc081098	1.1.0	95.09213093431606	27	10	10	4	hoc081098		NOASSERTION	2022-11-13T17:01:41.000Z
270	flutter_sound_lite	A complete api for audio playback and recording. Audio player, audio recorder, media player, media recorder, sound player, sound recorder.	8.5.0	95.07912421417733	108	762	459	245	Canardoux		MPL-2.0	2022-10-21T03:07:36.000Z
271	agora_uikit	Flutter plugin to simply integrate Agora Video Calling or Live Video Streaming to your app with just a few lines of code.	1.1.0	95.061781920659	321	106	37	13	AgoraIO-Community	agora.io	MIT	2022-11-29T10:58:37.000Z
272	styled_widget	Simplifying your widget tree structure by defining widget using methods. Taking ispiration from CSS and SwiftUI	0.4.1	95.05744634727942	621	967	79	19	ReinBentdal		MIT	2022-11-07T22:26:11.000Z
273	telephony	A Flutter plugin to use telephony features such as fetch network info, start phone calls, send and receive SMS, and listen for incoming SMS.	0.2.0	95.02276176024279	257	103	72	31	shounakmulay	shounakmulay.dev	MIT	2022-12-03T18:26:22.000Z
274	link_preview_generator	A cross-platform flutter package to convert your links into rich beautiful previews.	1.2.0	95.00541946672448	39	12	6	3	ghpranav		MIT	2021-11-08T07:26:36.000Z
275	location_android	Android implementation of the location plugin	5.0.0-dev.3	94.99241274658573	1	952	591	90	Lyokone		MIT	2022-07-21T16:05:20.000Z
276	queue	Queue up futures from multiple sources and await their return anywhere in your code.	3.1.0+2	94.98807717320615	66	37	8	5	rknell		MIT	2022-12-06T00:41:06.000Z
277	fijkplayer	A Video Player Flutter plugin based on ijkplayer, support most popular protocols and codecs	0.10.1	94.98374159982657	147	1381	256	179	befovy		MIT	2022-07-22T03:47:47.000Z
278	location_ios	iOS implementation of the location plugin	5.0.0-dev.4	94.97507045306742	1	952	591	90	Lyokone		MIT	2022-07-21T16:05:20.000Z
279	location_macos	MacOS implementation of the location plugin	5.0.0-dev.3	94.96206373292868	0	952	591	90	Lyokone		MIT	2022-07-21T16:05:20.000Z
280	envied	Explicitly reads environment variables into a dart file from a .env file for more security and faster start up times.	0.3.0	94.95339258616951	106	30	15	3	petercinibulk		MIT	2022-11-28T17:56:33.000Z
281	flutter_callkit_incoming	Flutter Callkit Incoming to show callkit screen in your Flutter app.	1.0.2+2	94.94905701278994	132	70	94	46	hiennguyen92	hiennv.com	MIT	2022-11-14T23:34:58.000Z
282	money2	Money and Currency classes with fixed precision maths, parsing and formatting. (Money.parse('$2010.00') * 10).format('S CC#,##0') -> $ US20,100	3.3.0	94.94472143941036	149	50	26	5	onepub-dev	onepub.dev	MIT	2022-11-02T04:43:07.000Z
283	video_editor	A flutter package for editing video written in pure Dart with fully customizable UI. Supports crop, trim, rotation and cover selection.	2.1.0	94.92737914589205	268	213	100	11	LeGoffMael	felipemurguia.com	MIT	2022-12-01T09:55:03.000Z
284	supabase	A dart client for Supabase. This client makes it simple for developers to build secure and scalable products.	1.2.0	94.88835898547583	393	389	63	0	supabase	supabase.io	MIT	2022-12-03T13:45:54.000Z
285	glassmorphism	A Flutter package for implimentation of Glassmorphic UI easily.	3.0.0	94.87101669195751	336	45	19	2	RitickSaha		Apache-2.0	2022-09-13T13:48:25.000Z
286	graphs	Graph algorithms that operate on graphs in any representation	2.2.0	94.86668111857793	63	69	14	3	dart-lang	tools.dart.dev	BSD-3-Clause	2022-11-01T16:47:02.000Z
287	dual_screen	Foldable and dual-screen support, like the TwoPane widget and hinge angle sensor data.	1.0.3	94.84933882505962	67	39	4	0	microsoft	microsoft.com	MIT	2022-05-05T14:12:42.000Z
288	flutter_link_previewer	Customizable link and URL preview extracted from the provided text with the ability to render from the cache. Ideal for chat applications.
	3.2.0	94.78430522436592	171	47	45	1	flyerhq	flyer.chat	MIT	2022-10-29T07:36:56.000Z
289	flutter_inset_box_shadow	This package extends BoxShadow and BoxDecoration to support the inset property.	1.0.8	94.77996965098635	35	14	2	2	johynpapin	qoumo.dev	BSD-3-Clause	2022-04-08T12:26:18.000Z
290	ferry	Ferry is a simple, powerful GraphQL Client for Flutter and Dart.	0.13.0	94.77129850422719	274	476	90	52	gql-dart	gql-dart.dev	MIT	2022-12-11T21:44:13.000Z
291	animated_toggle_switch	Simple and animated toggle switch for multiple choices. It's a good alternative if you don't want to use something like a dropdown menu.	0.5.2	94.74962063732929	250	19	6	3	SplashByte	splashbyte.dev	BSD-3-Clause	2022-12-05T21:20:09.000Z
292	quickalert	With QuickAlert, instantly display animated alert dialogs such as success, error, warning, confirm, loading or even a custom dialog.	1.0.1	94.74528506394971	164	15	7	1	belovance	belovance.com	MIT	2022-12-02T08:02:27.000Z
293	searchable_dropdown	Widget to let the user search through a keyword string typed on a customizable keyboard in a single or multiple choices list presented as a dropdown in a dialog box or a menu.	1.1.3	94.71060047691307	298	108	144	103	icemanbsi		MIT	2022-05-12T17:25:32.000Z
294	dropdown_plus	Simple and easy to use Dropdown in forms with search, keyboard navigation, offiline data source, remote data source and easy customization.	0.0.9	94.70192933015392	97	8	28	25	crawlinknetworks	crawlink.com	MIT	2022-11-08T09:05:50.000Z
295	flutter_keyboard_visibility_macos	An implementation for the macOS platform of `flutter_keyboard_visibility'	1.0.0	94.65857359635812	0	300	61	17	MisterJimson		MIT	2022-12-08T13:51:05.000Z
296	flutter_keyboard_visibility_linux	An implementation for the linux platform of `flutter_keyboard_visibility'	1.0.0	94.64990244959895	0	300	61	17	MisterJimson		MIT	2022-12-08T13:51:05.000Z
297	flutter_keyboard_visibility_windows	An implementation for the Windows platform of `flutter_keyboard_visibility'	1.0.0	94.62388900932149	0	300	61	17	MisterJimson		MIT	2022-12-08T13:51:05.000Z
298	currency_picker	A flutter package to select a currency from a list of currencies.	2.0.13	94.597875569044	59	21	48	12	Daniel-Ioannou		MIT	2022-11-29T19:57:30.000Z
299	credit_card_validator	A package that validates credit card numbers, expiration dates, and security codes (CVV/CVC) based on the type of credit card	2.0.1	94.58920442228485	57	21	14	1	cholojuanito		MIT	2022-11-01T18:06:45.000Z
300	flutter_breadcrumb	Flutter Widget that can easily create Breadcrumb in Flutter.	1.0.1	94.55451983524821	74	35	5	0	payam-zahedi	payamzahedi.com	BSD-3-Clause	2021-05-01T14:23:59.000Z
301	uri_to_file	A Flutter plugin for converting supported uri to file. Supports Android & iOS.	0.2.0	94.45480164751788	14	2	3	3	Nikhil1999		MIT	2022-11-01T18:15:56.000Z
302	icons_launcher	A command-line tool that simplifies the task of updating your Flutter app's launcher icon.	2.0.6	94.44613050075873	209	48	5	2	mrrhak	mrrhak.com	MIT	2022-11-12T11:57:12.000Z
303	avatars	An avatar widget that uses the best available data source among those provided (social images, gravatar, name initials, custom)	3.0.2	94.44179492737914	68	8	3	8	luckyseven	albertofecchi.com	MIT	2022-02-01T18:48:22.000Z
304	home_widget	A plugin to provide a common interface for creating HomeScreen Widgets for Android and iOS.	0.1.6	94.42011706048125	690	401	92	27	ABausG	antonborri.es	BSD-3-Clause	2022-12-16T16:35:53.000Z
305	animate_icons	This is a plugin with the help of which you can animate between any two icons like we do in AnimatedIcon widget given to us by default.	2.0.0	94.39843919358336	157	17	17	11	Aman-Malhotra		MIT	2022-05-27T08:41:54.000Z
306	freshchat_sdk	Freshchat is a modern messaging software for sales and customer engagement teams. freshchat_sdk (BETA) will help you integrate chat support in your mobile apps.	0.10.1	94.38543247344461	22	8	19	3	freshworks	freshworks.com	NOASSERTION	2022-12-06T09:02:47.000Z
307	realm	The official Realm SDK for Flutter. Realm is a mobile database - an alternative to SQLite and key-value stores.	0.8.0+rc	94.3464123130284	253	525	44	123	realm	realm.io	Apache-2.0	2022-12-17T13:07:01.000Z
308	rally_assets	Assets for the app Rally, a Flutter sample app based on the Material study Rally.	3.0.1	94.33340559288966	0	18	19	0	material-components		NOASSERTION	2022-12-07T19:48:40.000Z
309	crop	Crop for Flutter. Crop any widget/image in Android, iOS, Web and Desktop with fancy and customizable UI, in 100% pure Dart code.	0.5.4	94.31172772599177	166	221	78	8	xclud	pwa.ir	MIT	2022-12-05T19:10:18.000Z
310	flutter_rating_stars	A Flutter package to create Rating Stars bar. It will be useful for your awesome app.	1.0.3+4	94.25102969867764	63	1	4	1	minhhung2556	romanticdeveloper.com	Apache-2.0	2021-11-02T17:25:27.000Z
311	flextras	A collection of Flex widgets (Columns and Rows) with additional functionality.	1.0.0	94.22501625840017	72	21	4	4	gskinnerTeam	gskinner.com	MIT	2022-11-07T16:23:15.000Z
312	flutter_fortune_wheel	Visualize (random) selection processes with widgets like a spinning wheel of fortune or a fortune bar.	1.2.0	94.20767396488185	171	60	43	7	kevlatus	kevlatus.de	MIT	2022-07-30T19:34:13.000Z
313	select_dialog	Package designed to select an item from a list, with the option to filter and even search the items online.	2.0.0	94.19033167136354	75	63	34	9	davidsdearaujo		MIT	2022-01-05T01:35:12.000Z
314	loading_more_list	A loading more list which supports ListView,GridView,WaterfallFlow and Slivers.	5.0.2	94.16865380446563	103	291	42	7	fluttercandies	fluttercandies.com	MIT	2022-08-17T11:39:50.000Z
315	flutter_file_dialog	Dialogs for picking and saving files in Android and in iOS.	2.3.2	94.14264036418817	49	25	20	8	kineapps	kineapps.com	BSD-3-Clause	2022-11-04T13:28:42.000Z
316	webview_windows	A WebView2-powered webview implementation for the Windows platform.	0.2.2	94.10795577715153	127	123	63	47	jnschulze	jns.io	BSD-3-Clause	2022-11-26T11:49:29.000Z
317	measure_size	A widget that provides a callback that is triggered when its size changes	4.0.0	94.10362020377195	12	4	2	1	mhrst	qrl.app	MIT	2022-06-01T16:00:14.000Z
318	gradient_borders	Gradient borders for inputs and containers. Borders package integrated with a basic flutter widgets as a container and input decorations. Easy in use, platform independent.	0.2.0	94.09928463039236	34	6	5	1	obiwanzenobi	warwas.dev	MIT	2022-09-02T11:17:30.000Z
319	oauth2_client	Flutter library for interacting with OAuth2 servers, with classes for transparent authorized requests, secure OAuth token storage, automatic token refeshing.	3.0.0	94.08627791025364	133	73	78	48	teranetsrl	teranet.it	BSD-2-Clause	2022-11-08T04:30:00.000Z
320	datadog_flutter_plugin	Flutter bindings and tools for utilizing Datadog Mobile SDks	1.1.1	94.08194233687405	17	17	12	7	DataDog	datadoghq.com	Apache-2.0	2022-12-16T21:24:54.000Z
321	kt_dart	This project is a port of kotlin-stdlib for Dart/Flutter projects. It includes collections (KtList, KtMap, KtSet) with 150+ methods as well as other useful packages.	1.0.0	94.0732711901149	148	456	28	6	passsy	pascalwelsch.com	Apache-2.0	2022-10-05T20:22:02.000Z
322	flutter_logs	An extensive filebased logging framework for flutter apps. (ELK Stack Supported)	2.1.10	94.06893561673532	66	29	14	32	umair13adil	umairadil.com	Apache-2.0	2022-11-23T08:55:30.000Z
323	credit_card_type_detector	A package that detects credit card types based on the current credit card number patterns	2.0.0	94.04725774983743	52	23	10	0	cholojuanito		MIT	2022-11-01T17:54:23.000Z
324	network_image_mock	Utility for providing mocked Image.network response in Flutter widget tests.	2.1.1	94.00390201604162	37	21	12	6	stelynx	stelynx.com	BSD-3-Clause	2022-06-28T07:41:55.000Z
325	fake_cloud_firestore	Previously known as cloud_firestore_mocks. Fake implementation of Cloud Firestore. Use this package to unit test apps that use Cloud Firestore.	2.1.0	93.99523086928247	67	94	71	40	atn832	wafrat.com	BSD-2-Clause	2022-12-11T04:47:43.000Z
326	flutter_animarker	Marker Geo-Animation solution for Google Maps.	3.2.0	93.94753956210708	128	51	34	31	gauris26	gaurisjavier.com	BSD-3-Clause	2022-12-05T13:26:31.000Z
327	flutter_firebase_chat_core	Actively maintained, community-driven Firebase BaaS for chat applications with an optional chat UI.
	1.6.4	93.9432039887275	191	171	129	9	flyerhq	flyer.chat	Apache-2.0	2022-10-29T17:35:19.000Z
328	simple_logger	Provides super simple APIs for logging. The log also includes caller info by setting includeCallerInfo to true. On Android Studio, jump to called location by clicking the log.	1.9.0+1	93.93019726858877	77	50	7	1	mono0926	mono0926.com	MIT	2022-11-14T06:42:28.000Z
329	flutter_advanced_switch	An advanced switch control provides a rich API for widget customization that opens a new look and feel in your app.	3.0.1	93.92586169520919	82	13	3	0	alex-melnyk	alexmelnyk.io	BSD-3-Clause	2022-04-14T20:17:10.000Z
330	image_fade	A widget that displays a placeholder and optional progress indicator while an image loads, then cross-fades to the loaded image. Improves on FadeInImage. Compatible with CachedNetworkImageProvider.	0.6.1	93.92152612182961	38	26	9	5	gskinner	gskinner.com	BSD-2-Clause	2022-05-15T22:03:28.000Z
331	shamsi_date	A Flutter and Dart package for using Jalali (Shamsi, Solar, Persian or Jalaali) calendar. You can convert, format and manipulate Jalali and Gregorian (Miladi) date and times.
	1.0.1	93.89117710817256	143	64	7	2	FatulM		BSD-3-Clause	2022-11-15T13:28:51.000Z
332	dart_vlc	Flutter audio / video playback, broadcast & recording library for Windows & Linux. Based on libvlc.	0.4.0	93.87383481465423	212	413	108	28	alexmercerind		LGPL-2.1	2022-12-01T03:01:49.000Z
333	source_helper	Utilities to help with Dart source code generation. Includes utilities for properly generating String literals from any String value.	1.3.3	93.86949924127465	13	9	2	1	google	google.dev	Apache-2.0	2022-10-30T00:39:25.000Z
334	amplify_authenticator	A prebuilt Sign In and Sign Up experience for the Amplify Auth category	0.2.4	93.84782137437676	20	1128	176	192	aws-amplify	aws-amplify.com	Apache-2.0	2022-12-17T00:16:28.000Z
335	tap_debouncer	Tap debounce simplifying widget. Wrap your button widget in TapDebounce widget and any taps will be disabled while tap callback is in progress.	2.0.2	93.84348580099719	77	12	3	0	sla-000		MIT	2022-01-23T20:25:46.000Z
336	import_sorter	Automatically organize your dart imports	4.6.0	93.83915022761761	229	138	27	19	fluttercommunity	fluttercommunity.dev	MIT	2022-10-31T06:06:51.000Z
337	unity_ads_plugin	Unity Ads plugin for Flutter Applications. This plugin is able to display Unity Banner Ads and Unity Video Ads.	0.3.7	93.83481465423802	104	23	11	14	pavelzaichyk	rebeloid.com	MIT	2022-10-16T09:16:25.000Z
338	map	Lightweight Map widget for flutter supporting different projections including EPSG4326/Mercator/WGS1984.	1.3.5+1	93.81313678734013	251	99	23	1	xclud	pwa.ir	MIT	2022-12-08T14:37:34.000Z
339	amplify_core	The base package containing common types and utilities that are shared across the Amplify Flutter packages.	0.6.10	93.77411662692391	36	1128	176	192	aws-amplify	aws-amplify.com	Apache-2.0	2022-12-17T00:16:28.000Z
340	appwrite	Appwrite is an open-source self-hosted backend server that abstract and simplify complex and repetitive development tasks behind a very simple REST API	8.1.0	93.74810318664643	356	255	64	20	appwrite	appwrite.io	BSD-3-Clause	2022-12-16T18:51:02.000Z
341	pausable_timer	A timer implementation that can be paused, resumed and reset.	1.0.0+6	93.73943203988728	51	17	5	2	llucax	llucax.com	BSD-3-Clause	2022-09-02T20:58:21.000Z
342	numeral	A Dart library for Format number into beautiful string, Format the number into a beautiful, readable and short string.	2.0.1	93.71775417298937	43	8	5	0	medz	odroe.com	MIT	2022-07-21T17:15:35.000Z
343	background_location	A Flutter plugin to get location updates in the background for both Android and iOS. Uses CoreLocation for iOS and FusedLocationProvider for Android.	0.8.1	93.69607630609148	278	178	158	39	Almoullim	faultyapp.com	NOASSERTION	2022-11-15T13:25:55.000Z
344	effective_dart	Linter rules corresponding to the guidelines in Effective Dart.	1.3.2	93.68740515933233	127	127	28	0	tenhobi	tenhobi.dev	MIT	2021-06-20T16:27:20.000Z
345	vrouter	A navigation package that makes navigation and routing easy on every platform. Built on top of Navigator 2.	1.2.1	93.68306958595274	298	195	23	29	lulupointu	vrouter.dev	MIT	2022-05-12T08:29:07.000Z
346	time_range_picker	A time range picker for flutter. This widget let's you open a dialog to choose a timeframe with start and end time.	2.2.0	93.65705614567527	124	26	24	10	Chris1234567899		NOASSERTION	2022-07-02T15:38:20.000Z
347	cupertino_will_pop_scope	Enables 'onWillPop' callbacks on Cupertino page transitions and improves visual feedback of rejected "Swipe to go back" gestures.	1.2.1	93.61803598525906	38	16	9	0	benPesso	benpesso.com	MIT	2022-07-31T09:44:38.000Z
348	text_scroll	TextScroll Flutter widget adds text auto-scrolling functionality (marquee text).	0.1.1	93.587686971602	56	9	3	4	yurii-khi	yurii-khi.dev	MIT	2022-11-14T09:09:42.000Z
349	pusher_channels_flutter	Pusher Channels Flutter Plugin	2.1.0	93.5660091047041	53	57	40	7	pusher	pusher.com	MIT	2022-10-27T10:39:13.000Z
350	blinking_text	A simple plugin to creating a blinking text. It allows to adjust duration of a blink and number of times text blinks before stopping.	1.0.2	93.55733795794494	23	0	1	2	androideen		MIT	2022-03-30T13:17:21.000Z
351	eventify	A cancellable event emitter which supports context based event driven programming. 	1.0.1	93.53566009104705	33	11	3	0	iMeshAcademy		NOASSERTION	2022-06-16T04:22:31.000Z
352	ua_client_hints	Provide User-Agent Client Hints to Flutter.	1.1.3	93.53132451766746	23	40	10	8	wasabeef	wasabeef.jp	MIT	2022-11-29T23:44:16.000Z
353	flutter_acpcore	Official Adobe Experience Platform support for Flutter apps. The Mobile Core represents the core Adobe Experience Platform SDK that is required for every app implementation.	2.0.1	93.50964665076957	4	3	10	0	adobe	adobe.com	Apache-2.0	2022-01-26T23:50:26.000Z
354	is_first_run	A simple package to check if it is the first time the app runs.	1.0.0	93.48796878387166	64	6	2	1	JulianAssmann		BSD-3-Clause	2022-07-20T17:58:55.000Z
355	dismissible_page	Creates page that is dismissed by swipe gestures, with Hero style animations, Inspired by Facebook, Instagram stories.	0.7.3	93.47062649035335	294	75	26	2	Tkko	fman.ge	NOASSERTION	2022-10-10T17:59:57.000Z
356	charset_converter	Charset/encoding converter that uses underlying platform - no external dependencies	2.1.0	93.46629091697378	39	15	10	8	pr0gramista	pr0gramista.pl	BSD-3-Clause	2022-04-01T15:38:18.000Z
357	tiengviet	🇻🇳 Converts vietnamese language sign to unsigned easily. 😍 Give me a string vietnamese language, i will respond you string vietnamese unsigned. 👍	0.5.0	93.42293518317798	72	16	1	0	tvc12	4pet.social	BSD-3-Clause	2021-03-27T14:06:50.000Z
358	flutter_js	A Javascript engine to use with flutter. It uses Quickjs on Android and JavascriptCore on IOS	0.6.0	93.36223715586385	184	329	74	31	abner		MIT	2022-11-29T19:38:36.000Z
359	data_connection_checker_tv	A pure Dart library that checks for internet by opening a socket to a list of specified addresses, each with individual port and timeout. Defaults are provided for convenience.	0.3.5-nullsafety	93.35790158248429	25	2	0	0	thorved		NOASSERTION	2021-05-15T16:48:21.000Z
360	flutter_acrylic	Window acrylic, mica & transparency effects for Flutter on Windows, macOS & Linux.	1.0.0+2	93.34489486234554	292	431	34	9	alexmercerind		MIT	2022-12-05T08:19:20.000Z
361	sentry_logging	An integration which adds support for recording log from the logging package.	6.18.1	93.33188814220681	6	601	159	78	getsentry	sentry.io	MIT	2022-12-17T03:02:13.000Z
362	flutter_acpanalytics	Official Adobe Experience Platform support for Flutter apps. The Analytics extension allows for integration with Adobe Analytics.	2.0.1	93.32755256882723	5	3	8	1	adobe	adobe.com	Apache-2.0	2022-09-14T15:50:17.000Z
363	intl_translation	Contains code to deal with internationalized/localized messages, date and number formatting and parsing, bi-directional text, and other internationalization issues.	0.18.0	93.28419683503142	68	117	182	28	dart-lang	dart.dev	BSD-3-Clause	2022-12-14T16:09:03.000Z
364	amplify_analytics_pinpoint	The Amplify Flutter Analytics category plugin using the AWS Pinpoint provider.	0.6.10	93.27986126165186	16	1128	176	192	aws-amplify	aws-amplify.com	Apache-2.0	2022-12-17T00:16:28.000Z
365	country_state_city_picker	A flutter package for showing a country, states, and cities. In addition it gives the possibility to select a list of favorites countries.	1.2.8	93.27552568827228	59	18	38	14	prof22		BSD-3-Clause	2022-11-18T06:20:39.000Z
366	firebase_auth_mocks	Fakes for Firebase Auth. Use this package with `google_sign_in_mocks` to write unit tests involving Firebase Authentication.	0.9.2	93.25384782137438	56	23	50	8	atn832	wafrat.com	BSD-2-Clause	2022-11-30T23:17:14.000Z
367	flutter_settings_screens	A Simple plugin to implement settings UI screens for your flutter apps. Customize what you want, From UI elements, behaviour or underlying storage library.	0.2.2+1	93.24517667461521	160	142	59	26	GAM3RG33K		MIT	2022-11-22T14:25:42.000Z
368	webengage_flutter	WebEngage Flutter plugin.	1.2.1	93.24084110123565	9	4	17	7	WebEngage		NOASSERTION	2022-10-31T14:47:50.000Z
369	instabug_flutter	Instabug empowers mobile teams to monitor, prioritize, and debug  performance and stability issues throughout the app development lifecycle. 	11.5.0	93.20182094081943	32	148	38	6	Instabug	instabug.com	MIT	2022-12-15T15:15:39.000Z
370	wiredash	Wiredash is an interactive user feedback tool for Flutter apps.	1.5.0	93.1844786473011	208	404	45	34	wiredashio	wiredash.io	NOASSERTION	2022-11-22T10:39:36.000Z
371	touchable	Flutter library to add various gesture callbacks to each Shape you draw on your canvas in your CustomPainter	1.0.2	93.18014307392153	178	188	51	23	nateshmbhat		MPL-2.0	2022-10-07T21:50:26.000Z
372	plaid_flutter	Plaid Link for Flutter. Integrates the native iOS, Android and Web SDKs.	3.0.0	93.15846520702364	58	45	30	6	jorgefspereira		MIT	2022-11-21T17:10:30.000Z
373	web_browser_detect	Flutter Web browser detection package. This package allows you to detect which browser and its version is in use.	2.0.3	93.14112291350531	10	5	1	2	tomaschyly	tomas-chyly.com	MIT	2022-06-02T05:55:06.000Z
374	photo_gallery	A Flutter plugin that retrieves images and videos from mobile native gallery.	1.1.1	93.09343160632993	80	32	25	21	Firelands128		BSD-3-Clause	2022-12-08T17:05:55.000Z
375	gql_dio_link	Similar to gql_http_link, gql_dio_link is a GQL Terminating Link to execute requests via Dio using JSON	0.2.4	93.07175373943204	20	240	99	56	gql-dart	gql-dart.dev	MIT	2022-12-03T23:04:15.000Z
376	phosphor_flutter	Implementation of Phosphoricons for Flutter. 772 icons and counting. Thin, Light, Regular, Bold, Fill.	1.4.0	93.05441144591371	50	54	2	4	phosphor-icons	phosphoricons.com	MIT	2021-12-24T07:21:29.000Z
377	timing	A simple package for tracking the performance of synchronous and asynchronous actions.	1.0.0	93.05007587253414	14	10	5	2	dart-lang	tools.dart.dev	BSD-3-Clause	2022-11-09T23:30:57.000Z
378	gql_link	A simple and modular AST-based GraphQL request execution interface.	0.5.0+1	93.00238456535877	16	240	99	56	gql-dart	gql-dart.dev	MIT	2022-12-03T23:04:15.000Z
379	draggable_widget	A flutter package which will help you to create a draggable widget that can be dragged around the screen.	2.0.0	92.98504227184044	78	31	17	2	adar2378	theadar.xyz	MIT	2021-08-12T06:09:31.000Z
380	braze_plugin	This is the Braze plugin for Flutter. Effective marketing automation is an essential part of successfully scaling and managing your business.	3.0.0	92.96336440494255	26	13	14	6	braze-inc	braze.com	NOASSERTION	2022-12-06T16:56:38.000Z
381	spider	A small dart command-line tool for generating dart references of assets from the assets folder.	4.1.0	92.93735096466507	209	159	14	10	BirjuVachhani	birju.dev	Apache-2.0	2022-11-16T12:47:35.000Z
382	decorated_icon	A lightweight, efficient icon widget that supports a list of shadow effects.	1.2.1	92.92434424452634	69	8	5	0	benPesso	benpesso.com	MIT	2021-07-04T06:35:38.000Z
383	http_proxy	http proxy plugin,get and set http proxy automatically.This package help you to use proxy tools.	1.2.1	92.91567309776718	23	8	12	4	wslaimin		MIT	2022-10-27T10:20:08.000Z
384	camera_camera	The easy plugin camera for your project, platforms Android and iOS.	2.0.2	92.90266637762844	149	95	79	29	gabuldev	gabul.dev	MIT	2022-10-09T02:35:47.000Z
385	dio_logging_interceptor	Logging interceptor for DIO	1.0.1	92.89833080424886	9	1	2	2	granoeste		Apache-2.0	2022-07-08T07:23:58.000Z
386	slang	Localization / Internationalization (i18n) solution. Use JSON, YAML or CSV files to create typesafe translations via source generation.	3.6.0	92.88098851073055	81	183	18	8	Tienisto	tienisto.com	MIT	2022-12-17T01:03:43.000Z
387	walletconnect_dart	Open protocol for connecting decentralised applications to mobile wallets with QR code scanning or deep linking.	0.0.11	92.86364621721222	91	87	52	27	RootSoft		MIT	2022-11-05T16:26:26.000Z
388	form_builder_image_picker	Images picker field for FlutterFormBuilder. Get images from gallery or camera	3.1.0	92.84196835031433	41	22	44	8	flutter-form-builder-ecosystem	flutterformbuilderecosystem.com	BSD-3-Clause	2022-11-20T19:29:04.000Z
389	material	Set of material design icons packed in a single ttf font file. Works on all platforms.	1.0.0+2	92.82896163017558	11	1	2	0	xclud		MIT	2021-05-25T20:29:52.000Z
390	gql_exec	Basis for GraphQL execution layer to support Link and Client.	0.4.3	92.824626056796	0	240	99	56	gql-dart	gql-dart.dev	MIT	2022-12-03T23:04:15.000Z
391	dartdoc	A non-interactive HTML documentation generator for Dart source code.	6.1.5	92.81595491003685	116	414	113	259	dart-lang	tools.dart.dev	BSD-3-Clause	2022-12-13T18:22:17.000Z
392	flutter_libserialport	A simple wrapper around libserialport utilizing Flutter's build system to build and deploy the C-library for the target platform.	0.3.0	92.75959245610233	68	87	35	39	jpnurmi		MIT	2022-03-05T14:09:01.000Z
393	drop_down_list	A drop down list with single and multiple selection that will work with search.	0.0.4	92.75525688272273	141	47	15	3	Mindinventory	mindinventory.com	MIT	2022-12-14T16:42:18.000Z
394	easy_web_view	A super simple webview for Flutter Web, Mobile and Desktop	1.6.0	92.73791458920442	162	479	83	1	rodydavis	rodydavis.com	MIT	2022-06-06T06:25:06.000Z
395	another_stepper	A flutter package to create easily customizable Horizontal and Vertical stepper.	1.1.6	92.71190114892694	37	8	4	2	RajnishOnly		MIT	2022-11-14T14:54:04.000Z
396	kana_kit	A Dart library for for detecting and transliterating Hiragana, Katakana, and Romaji.
	2.0.0	92.66854541513115	24	25	5	4	jeroen-meijer	jfk.dev	MIT	2022-06-06T00:39:41.000Z
397	slang_flutter	Flutter support for slang. This library provides helpful Flutter API.	3.6.0	92.659874268372	2	183	18	8	Tienisto	tienisto.com	MIT	2022-12-17T01:03:43.000Z
398	dio_logger	Simple logging library for DIO requests. Prints request and response information to a console.	4.0.8+8	92.63819640147409	18	6	3	0	Defuera		BSD-3-Clause	2022-10-31T09:21:19.000Z
399	gql_transform_link	GQL Link to transform Requests and Responses. May be used to update context, document, variables, data, errors, etc.	0.2.2+1	92.62952525471493	0	240	99	56	gql-dart	gql-dart.dev	MIT	2022-12-03T23:04:15.000Z
400	copy_with_extension_gen	Automatically generating `copyWith` extensions code for classes with `@CopyWith()` annotation.	5.0.0	92.62085410795578	121	57	23	8	numen31337	oleksandrkirichenko.com	MIT	2022-12-02T23:18:09.000Z
401	loading_gifs	Loading indicator GIFs. Material and Cupertino (Android and iOS) loading indicators in assorted sizes. Use as placeholders for loading remote image assets.	0.3.0	92.6165185345762	74	30	6	2	Codelessly	codelessly.com	0BSD	2021-03-04T22:54:25.000Z
402	cupertino_stepper	Stepper is a widget that displays progress through a sequence of steps. This is a Cupertino version of the stock Material Stepper in Flutter.	0.2.1	92.61218296119662	175	18	12	1	jpnurmi		BSD-3-Clause	2021-12-11T08:35:57.000Z
403	week_of_year	Adds extension method to get the ISO 8601 week of year from a date	2.0.0	92.59917624105788	32	12	1	1	KadaDev	kada.se	BSD-3-Clause	2021-03-28T17:15:40.000Z
404	awesome_notifications_fcm	Awesome Notifications add-on plugin to send push notifications through Firebase Cloud Messaging, enabling all awesome notifications features.	0.7.4+1	92.58183394753956	42	7	7	7	rafaelsetragni	carda.me	NOASSERTION	2022-11-09T21:20:38.000Z
405	stream_chat_flutter_core	Stream Chat official Flutter SDK Core. Build your own chat experience using Dart and Flutter.	5.1.0	92.56449165402124	41	653	237	75	GetStream	getstream.io	NOASSERTION	2022-12-16T14:41:48.000Z
406	system_theme	A plugin to get the current system theme info. Supports Android, Web and Windows	2.0.0	92.53847821374377	36	23	7	5	bdlukaa	bdlukaa.dev	BSD-3-Clause	2022-04-03T19:37:20.000Z
407	responsive_grid_list	A Flutter plugin to create responsive grid lists using ListView.builder() or SliverList with a SliverChildBuilderDelegate.	1.3.0	92.5341426403642	38	9	7	0	hauketoenjes	htoenjes.de	BSD-3-Clause	2022-09-07T13:32:13.000Z
408	throttling	Contain "throttling" and "debouncing" async helper classes with listeners	1.0.0	92.51246477346629	25	35	3	0	PlugFox	plugfox.dev	MIT	2021-03-08T13:16:46.000Z
409	internet_connection_checker_plus	A pure Dart library that checks for internet by opening a socket to a list of specified addresses, each with individual port and timeout.	1.0.1	92.49078690656839	14	3	1	0	OutdatedGuy	outdatedguy.rocks	NOASSERTION	2022-06-22T22:12:43.000Z
410	expand_tap_area	Manually expand the tap area of a widget without changing its size or layout. Similar with the hitTest in iOS development.	1.1.1	92.4691090396705	32	35	5	2	malikwang	malikwang.com	MIT	2022-06-14T08:50:41.000Z
411	flutter_session_manager	Easy to use session wrapper that adds support to session storage and management in flutter.	1.0.3	92.46043789291134	12	2	0	0	edumigueis		MIT	2021-11-12T19:13:27.000Z
412	jovial_svg	SVG - Robust rendering of Scalable Vector Graphic images, supporting a well-defined profile of SVG and a fast-loading binary storage format.	1.1.7	92.43008887925428	114	54	5	4	zathras	jovial.com	BSD-3-Clause	2022-12-03T19:17:10.000Z
413	another_transformer_page_view	Yet another pageTransformer for flutter with null-safety support	2.0.1	92.41274658573596	31	3	4	2	juliansteenbakker	steenbakker.dev	MIT	2022-11-09T08:00:46.000Z
414	swipe	The easy way to detect swipe up, down, left and right in Flutter.	0.0.1	92.39106871883807	36	4	4	1	salkuadrat		MIT	2021-11-06T19:30:00.000Z
415	unsplash_client	Unsplash provides free high-resolution photos. This is a client for their REST API.	2.1.0+3	92.38673314545849	45	17	5	5	blaugold	gabriel.terwesten.net	BSD-3-Clause	2022-11-16T22:27:39.000Z
416	weekday_selector	A collection of Flutter widgets and classes to help you select weekdays in your apps. Perfect for recurring events, alarms.	1.1.0	92.37806199869932	91	37	9	3	smaho-engineering	smaho.dev	BSD-3-Clause	2022-10-30T18:48:05.000Z
417	shrink_sidemenu	A Side Menu plugin for flutter and compatible with liquid ui.	2.0.0+2-null-safety	92.37372642531975	207	18	12	9	raj457036	stackorient.com	MIT	2022-09-30T06:19:04.000Z
418	collapsible_sidebar	A collapsible sidebar for Flutter apps implementing the Material Design.	2.0.3+2	92.36505527856059	269	121	46	14	DrunkOnBytes		Apache-2.0	2022-12-04T23:06:42.000Z
419	uri	Utilities for building and parsing URIs, including support for parsing URI templates as defined in RFC 6570.	1.0.0	92.360719705181	18	70	51	8	google	google.dev	BSD-3-Clause	2022-07-14T13:38:15.000Z
420	crypton	A simple Dart library for asymmetric encryption and digital signatures	2.1.0	92.3433774116627	51	28	9	2	konstantinullrich	konstantinullrich.de	MIT	2022-10-28T11:44:43.000Z
421	gql_error_link	GQL Link to handle execution errors and exceptions	0.2.3+1	92.28267938434857	1	240	99	56	gql-dart	gql-dart.dev	MIT	2022-12-03T23:04:15.000Z
422	firebase_core_desktop	Desktop implementation of firebase_core	1.0.2	92.27400823758943	37	284	35	18	invertase	invertase.io	NOASSERTION	2022-11-05T03:27:18.000Z
423	barcode_image	Barcode generation library for Dart that can generate barcodes using the image library.	2.0.2	92.26533709083026	46	88	26	7	DavBfr	nfet.net	Apache-2.0	2022-12-07T16:49:31.000Z
424	dynamic_themes	Allows you to specify a number of color themes for the user to choose from. Persits the selected theme across app restarts.	1.1.0	92.20463906351614	30	8	2	3	JulianAssmann		MIT	2022-01-08T17:06:10.000Z
425	miniplayer	A lightweight flutter package to simplify the creation of a miniplayer.	1.0.1	92.195967916757	246	78	47	10	peterscodee	peterscode.dev	MIT	2022-04-29T11:25:28.000Z
426	map_picker	A lovely Flutter package for creating pin in map center and animate it with a map movement so the user can select his location.	0.0.3	92.18729676999783	96	16	11	4	akbarpulatov		MIT	2021-09-15T13:23:14.000Z
427	ai_barcode	barcode,qrcode,scan,scanning,Barcode generation,Barcode scanning,qrcode,qrcode generation,qrcode creator	3.2.4	92.17862562323867	124	108	69	32	pdliuw		BSD-3-Clause	2022-10-12T16:42:15.000Z
428	awesome_bottom_bar	Awesome Bottom Bar	1.2.1	92.1526121829612	38	4	7	1	AppCheap	appcheap.io	BSD-3-Clause	2022-08-22T11:51:55.000Z
429	ar_flutter_plugin	Flutter Plugin for creating (collaborative) Augmented Reality experiences - Supports ARKit for iOS and ARCore for Android devices.	0.7.3	92.14394103620204	210	215	118	60	CariusLars	lars.carius.io	MIT	2022-12-14T21:44:48.000Z
430	google_static_maps_controller	The package provides simple and declarative access to the Google Static Maps service.	1.0.0	92.11359202254498	39	15	6	1	gonuit	klyta.it	MIT	2022-04-07T17:25:32.000Z
431	shelf_cors_headers	CORS headers middleware for Shelf.	0.1.4	92.1092564491654	22	6	2	1	lenniezelk		MIT	2022-09-27T11:09:12.000Z
432	smart_auth	Wrapper of Android SMS User Consent API, SMS Retriever API to read one time sms code, get/save/delete user phone number, OTP, OTC, sms autofill, android autofill	1.0.6	92.09191415564707	31	13	5	4	Tkko	fman.ge	MIT	2022-10-06T15:15:28.000Z
433	flutter_painter	A Flutter widget to draw scribbles, text, shapes and images on a background image or color	1.0.1	92.07890743550836	110	78	36	17	omarhurani		MIT	2022-10-27T19:17:57.000Z
434	ios_utsname_ext	Extension method for translation ios utsname to full product name.	2.2.0	92.06156514199003	14	4	0	0	stefandevo	stefandevo.dev	MIT	2022-11-04T17:19:48.000Z
435	lazy_load_indexed_stack	A package that extends IndexedStack to allow for lazy loading.	0.1.4	92.03988727509214	42	18	3	0	okaryo	okaryo.io	MIT	2022-06-14T11:05:24.000Z
436	datadog_tracking_http_client	A wrapping implementation of HttpClient for tracking resources with Datadog	1.1.0	92.03121612833297	3	17	12	7	DataDog	datadoghq.com	Apache-2.0	2022-12-16T21:24:54.000Z
437	side_navigation	Provides Flutter navigation by using a sidemenu similar to Drawer or BottomNavigationBar.	1.0.4	92.01820940819422	82	11	6	1	jksevend		MIT	2022-11-05T11:19:01.000Z
438	painter	A simple widget to paint with your fingers. Supports setting a background color, undo and export to png!	2.0.0	92.01387383481465	161	131	62	15	EPNW	epnw.eu	NOASSERTION	2022-02-07T04:20:13.000Z
439	flutter_web_frame	Make Limit content size in Flutter Web/Desktop/PWA, Make your app that doesn't support responsiveness more focused on content	0.0.3	91.98786039453718	36	7	1	4	wisnuwiry		MIT	2022-05-18T06:07:57.000Z
440	polylabel	A fast algorithm for finding polygon pole of inaccessibility implemented as a Dart library.  Useful for optimal placement of a text label on a polygon.	1.0.1	91.95751138088012	7	2	2	0	beroso	beroso.dev	BSD-3-Clause	2022-08-15T15:26:33.000Z
441	linkedin_login	Library for login with LinkedIn OAuth V2 service. This library helps you to implement authorization with LinkedIn OAuth API's.	2.2.1	91.92282679384348	43	34	35	4	d3xt3r2909		MIT	2022-11-18T11:25:29.000Z
442	azure_application_insights	A Dart client to integrate with Azure's Application Insights service	3.1.0	91.90982007370475	27	6	5	0	kentcb	kent-boogaart.com	MIT	2022-11-26T00:14:55.000Z
443	profanity_filter	Simple filter to check and censor strings against profanity, obscene words. A default English words list is provided (LDNOOBW).	2.0.0	91.90548450032516	72	13	7	3	roshanrahman		BSD-2-Clause	2021-06-29T16:56:38.000Z
444	animated_snack_bar	Easily show beautiful snack bars directly using overlays. Create custom snack bars and show them with awesome animations.	0.3.0	91.90114892694558	29	10	4	1	JulyWitch		GPL-3.0	2022-09-10T04:12:43.000Z
445	tab_container	Animated and customisable tab view widget. It's self-contained, so you can just pass in children and tabs, or also use a controller, change the tab side, add color(s), and more.	2.0.0	91.88380663342727	145	11	1	9	sourcemain	elew.dev	MIT	2022-04-21T10:13:54.000Z
446	vs_scrollbar	Customizable ScrollBar that can be dragged for quick navigation supporting both Horizontal and Vertical list.	0.2.1	91.87079991328854	54	9	7	3	VickySalunkhe	vickysalunkhe.in	MIT	2021-06-27T06:41:34.000Z
447	ftpconnect	Simple and robust dart FTP Connect Library to interact with FTP Servers.	2.0.2	91.86212876652937	78	49	27	5	salim-lachdhaf	salimdev.ovh	MIT	2022-11-20T17:43:55.000Z
448	flutter_shimmer	it creating Shimmer effect that indicate a loading status, so instead of using ProgressBar or usual loader use Shimmer for a better design and user interface.	2.1.2	91.83177975287232	171	41	8	0	skaran921		NOASSERTION	2021-09-23T11:22:24.000Z
449	flutter_rust_bridge	High-level memory-safe binding generator for Flutter/Dart <-> Rust	1.55.0	91.81877303273357	107	2057	121	57	fzyzcjy	cjycode.com	MIT	2022-12-17T08:34:58.000Z
450	is_lock_screen	Detects if device is in lock screen. Useful for determining whether app entered background due to locking screen or leaving app.	2.0.0	91.81010188597442	31	4	2	3	chihimng	chihimng.com	MIT	2021-04-07T16:55:54.000Z
451	fast_contacts	A faster way of accessing device's contacts list	1.1.1	91.76674615217863	24	5	3	3	s0nerik	sonerik.dev	MIT	2022-07-13T18:40:12.000Z
452	hashtagable	Widgets and functions to implement hashtag decorated text. Decorates the words which start with `#` like a Twitter.	2.1.0	91.73206156514199	125	27	35	19	santa112358	3tadev.work	MIT	2022-04-22T15:56:03.000Z
453	light_compressor	A powerful and easy-to-use video compression plugin for Flutter.	2.0.1	91.71038369824409	89	38	18	10	AbedElazizShe		MIT	2022-12-13T17:02:29.000Z
454	environment_config	Environment specific config generator. Allows to specify env configuration during CI/CD build. Primarily created to simplify Flutter build configuration	3.1.0	91.70171255148493	81	86	7	8	TatsuUkraine		BSD-3-Clause	2022-05-26T10:57:47.000Z
455	get_time_ago	A Flutter package to convert and format `DateTime` object into `get_time_ago` format to get String like `10 seconds ago`, `a minute ago`, `7 hours ago`, etc.	1.1.8	91.69737697810535	59	17	13	2	nixrajput	nixlab.co.in	GPL-3.0	2022-11-29T21:55:35.000Z
456	scidart	Cross-platform scientific library for Dart. The main goal of SciDart is run where Dart can run, in other words, run on Flutter, Dart CLI, Dart web, etc.	0.0.2-dev.12	91.69304140472578	92	139	17	2	scidart		Apache-2.0	2022-12-06T14:57:34.000Z
457	flutter_glow	complete and easy to use flutter glow ui kit that help you to create and use glow widgets. also you can create your own GlowTheme.	0.2.0	91.6670279644483	102	19	3	4	payam-zahedi	payamzahedi.com	BSD-3-Clause	2022-06-20T12:16:45.000Z
458	model_viewer_plus	A Flutter widget for rendering interactive 3D models in the glTF and GLB formats.	1.4.0	91.65835681768914	73	30	24	20	omchiii		Unlicense	2022-12-08T08:43:11.000Z
459	linter	The implementation of the lint rules supported by the analyzer framework. This package is not intended to be used directly.	1.30.0	91.62800780403208	67	558	159	662	dart-lang	tools.dart.dev	BSD-3-Clause	2022-12-17T04:22:20.000Z
460	material_color_generator	A package for generating a material color palette with HEX Color.	1.1.0	91.6236722306525	26	5	0	0	berkanaslan	berkanaslan.com	BSD-2-Clause	2022-12-16T08:46:38.000Z
461	http2	A HTTP/2 implementation in Dart.	2.0.1	91.61500108389335	51	137	43	24	dart-lang	dart.dev	BSD-3-Clause	2022-12-15T02:04:06.000Z
462	isar_generator	Code generator for the Isar Database. Finds classes annotated with @Collection.	3.0.5	91.58031649685671	13	2006	158	49	isar	isar.dev	Apache-2.0	2022-12-12T10:00:38.000Z
463	camerawesome	Easiest Flutter camera Plugin supporting capturing images, streaming images, video recording, switch sensors, autofocus, flash... on Android and iOS	0.3.3	91.56297420333838	377	480	68	25	Apparence-io	apparence.io	MIT	2022-12-16T16:17:52.000Z
464	flutter_xupdate	A Flutter plugin for XUpdate(Android Version Update Library).	2.0.3	91.5412963364405	57	232	65	7	xuexiangjys	xuexiangjys.club	Apache-2.0	2022-12-04T14:51:38.000Z
465	rnd	Extension methods & helpers for Random, and a globally accessible instance. Ex. rnd(10), rnd.getItem(list), rnd.getBit(0.8).	0.2.0	91.50661174940386	8	19	4	1	gskinner	gskinner.com	BSD-2-Clause	2022-03-23T03:07:07.000Z
466	weather_icons	Flutter library for using erikflowers/weather-icons. An icon pack with over 200 weather themed icons.	3.0.0	91.4979406026447	63	12	6	9	worldturtlemedia		MIT	2022-12-09T18:25:46.000Z
467	cupertino_list_tile	This is a Cupertino version of the stock Material ListTile in Flutter.	0.2.1	91.42857142857143	34	12	11	1	jpnurmi		BSD-3-Clause	2021-12-10T12:51:09.000Z
468	reactive_multi_image_picker	Wrapper around multi_image_picker to use with reactive_forms	0.8.0	91.42423585519185	2	46	23	2	artflutter		MIT	2022-12-15T16:51:57.000Z
469	basics	A Dart library containing convenient extension methods on basic Dart objects.	0.9.0	91.41990028181228	75	149	14	3	google	google.dev	BSD-3-Clause	2022-11-01T15:09:23.000Z
470	status_change	Status Change Package	2.0.0	91.39822241491437	279	42	28	1	usamaaelgendy		NOASSERTION	2021-12-08T10:40:34.000Z
471	flutter_bounceable	A simple, interactive and customizable on-tap bounce animation that can be wrapped on any widgets that you like.	1.0.3	91.38955126815522	105	16	1	2	MingSern		MIT	2022-07-25T07:21:53.000Z
472	ios_insecure_screen_detector	A flutter plugin to detect the screenshot and screen recording on iOS.	0.0.2	91.37654454801648	9	3	1	0	crackerli		BSD-3-Clause	2021-09-16T12:55:23.000Z
473	just_debounce_it	A simple debounce library for preventing continuous execution of functions	4.1.0	91.36353782787774	16	8	0	2	mhrst	qrl.app	MIT	2022-05-03T18:37:20.000Z
474	baseflow_plugin_template	A template for plugin examples	2.1.1	91.35486668111858	1	3	1	1	Baseflow		MIT	2022-09-13T07:30:10.000Z
475	dart_geohash	A simple encode, decode, and neighbor finder for longitude/latitude and geohash.	2.0.2	91.350531107739	28	6	11	0	nfrawley93	frawley.me	MIT	2022-02-02T01:41:03.000Z
476	linear_progress_bar	Flutter and Dart advanced linear progress indicator like Native Android Progress Bar	1.1.0	91.34185996097985	22	1	0	0	Angopapo	angopapo.com	BSD-2-Clause	2022-03-03T14:36:03.000Z
477	flutter_iconpicker	A Dialog for picking Icons in Flutter and use them anywhere. Can be used as a default Dialog or as a Adaptive Dialog.	3.2.2	91.33318881422068	81	91	56	2	Ahmadre	ahmadre.com	MIT	2022-11-01T17:59:33.000Z
478	dio_http_formatter	A Dio interceptor for pretty printing the HTTP request/response to be printed in the console for easier debugging	2.1.0	91.32018209408194	23	8	4	2	assemmarwan		MIT	2022-03-26T10:31:23.000Z
479	build_version	A builder for extracting a package version into code.	2.1.1	91.29850422718404	15	39	8	4	kevmoo	j832.com	BSD-3-Clause	2022-11-09T20:21:14.000Z
480	particle_field	A Flutter Widget for adding high performance custom particle effects to your UI.	0.0.1+1	91.29416865380446	31	5	0	0	gskinner	gskinner.com	BSD-3-Clause	2022-09-19T20:33:58.000Z
481	download	Cross-Platform file downloader for Dart and Flutter projects.	0.0.1+1	91.2854975070453	36	4	2	4	xclud	pwa.ir	MIT	2021-09-02T08:05:23.000Z
482	dart_frog	A fast, minimalistic backend framework for Dart built by Very Good Ventures.	0.3.1	91.25948406676783	374	1022	64	18	VeryGoodOpenSource	verygood.ventures	MIT	2022-12-16T19:12:34.000Z
483	instant	A package that exports functions for converting, formatting, and nicening of dates/times in Dart.	0.4.1	91.24647734662909	27	10	3	5	AKushWarrior	kishoredev.live	AGPL-3.0	2021-03-07T05:36:50.000Z
484	multiple_localization	Support for multiple abr and messages localization files for intl package.	0.3.0	91.23347062649036	18	9	8	2	Innim	innim.ru	BSD-3-Clause	2022-03-10T12:46:08.000Z
485	firebase_auth_desktop	Windows and Linux implementation of firebase_auth	1.0.2	91.22479947973119	46	284	35	18	invertase	invertase.io	NOASSERTION	2022-11-05T03:27:18.000Z
486	macos_ui	Flutter widgets and themes implementing the current macOS design language.	1.7.5	91.2031216128333	492	1114	94	35	GroovinChip	macosui.dev	MIT	2022-11-18T13:24:13.000Z
487	system_info2	Provides easy access to useful information about the system (architecture, bitness, kernel, memory, operating system, CPU, user).	2.0.4	91.19011489269457	27	9	3	0	onepub-dev	onepub.dev	BSD-3-Clause	2022-06-03T05:10:41.000Z
488	paged_vertical_calendar	A simple paginated framework for implementing calendar based interfaces.	1.1.5	91.18577931931497	65	24	13	3	casvanluijtelaar	casvanluijtelaar.com	Apache-2.0	2022-10-21T08:08:11.000Z
489	omni_datetime_picker	A datetime picker package with option to use a single datetime picker or a datetime range picker.	0.1.3	91.1814437459354	39	16	22	6	Type0N1	type0n1.com	MIT	2022-10-23T02:54:44.000Z
490	checkbox_formfield	This package contains checkbox widgets that can be used as FormField for Flutter beginners.	0.2.0	91.16843702579666	25	3	5	2	reidha		BSD-3-Clause	2022-01-02T10:09:55.000Z
491	optional	An implementation of the Optional type, which helps avoid dealing with null references	6.1.0+1	91.16410145241709	32	35	7	0	tonio-ramirez	tech42solutions.com	BSD-2-Clause	2022-04-12T10:57:45.000Z
492	ffigen	Generator for FFI bindings, using LibClang to parse C header files.	7.2.4	91.15976587903751	162	287	39	69	dart-lang	tools.dart.dev	NOASSERTION	2022-12-16T08:25:30.000Z
493	styled_divider	Divider widget with different line styles.	1.0.4	91.1380880121396	0	1	0	0	KevinVan720		MIT	2022-12-05T07:41:16.000Z
494	flutter_web3	Web3 Ethereum, Etherjs and Wallet Connect wrapper for Flutter Web. Made especially for developing Dapp.	2.1.9	91.0773899848255	123	102	30	20	y-pakorn		NOASSERTION	2022-02-07T16:35:22.000Z
495	flutter_dynamic_icon	A flutter plugin for dynamically changing app icon and app icon batch number	2.1.0	91.06871883806633	175	64	30	3	tastelessjolt		BSD-3-Clause	2022-12-07T02:17:06.000Z
496	draggable_home	Draggable is a library for adding a beautiful draggable home page	1.0.4	91.06438326468675	374	106	28	6	DevsOnFlutter		BSD-3-Clause	2022-10-22T16:46:00.000Z
497	hasura_connect	Connect your Flutter/Dart apps to Hasura simply. All the power of GraphQL and Postgres in Flutter.	4.0.0+4	91.06004769130718	194	202	57	14	Flutterando	flutterando.com.br	MIT	2022-11-16T08:36:59.000Z
498	flutter_zoom_sdk	Zoom SDK from ZOOM ported to flutter as plugin with all necessary features and with Null Safety which is implementation by EvilRATT	1.1.0+4	91.0557121179276	68	36	65	35	evilrat	evilrattechnologies.com	BSD-3-Clause	2022-11-17T06:24:03.000Z
499	image_editor_plus	Image Editor Plugin with filters, drawing, text and emoji like stories.	0.1.7	91.051376544548	96	44	25	5	hsbijarniya	ensorta.com	MIT	2022-11-15T07:52:57.000Z
500	mocktail_image_network	A Dart package which allows you to mock Image.network in your widget tests with confidence using the mocktail package.	0.3.1	90.98634294385432	33	428	63	22	felangel	felangel.dev	MIT	2022-12-06T12:35:53.000Z
501	list_tile_switch	A simple yet elegant widget combines Material ListTile with custom and original Material and Cupertino switch implementations.	1.0.0	90.96466507695644	63	20	2	1	firatcetiner		MIT	2021-03-06T13:06:41.000Z
502	flutter_map_tile_caching	Plugin for 'flutter_map' providing advanced caching functionality, with ability to download map regions for offline use.	6.2.0	90.89963147626273	58	67	28	4	JaffaKetchup	jaffaketchup.dev	GPL-3.0	2022-12-15T21:43:13.000Z
503	cider	Tools for Dart package maintainers. Automates changelog and pubspec.yaml updates.	0.1.3	90.85194016908737	79	69	11	7	f3ath	karapetov.com	MIT	2022-12-16T17:45:25.000Z
504	kartal	Kartal is an extension package for easy to use at app development time. You can access more features with primitive variables(context, string etc.).	2.7.0	90.8432690223282	128	61	21	1	VB10	vb10.dev	MIT	2022-11-27T16:28:48.000Z
505	flutter_reorderable_grid_view	Enables animated GridViews when updating children or when trying to reorder them by using drag and drop.	3.1.3	90.83459787556905	67	56	8	9	karvulf	karvulf.com	BSD-3-Clause	2022-11-12T18:49:09.000Z
506	drop_shadow	Add highly customizable drop shadow effect for any widgets in flutter	0.0.2+1	90.79557771515283	41	10	1	0	rei-codes	rei.codes	MIT	2022-11-12T20:00:30.000Z
507	firebase_pagination	A flutter package to paginate realtime database and firestore with realtime updates.	3.0.0	90.77389984825494	13	2	1	0	OutdatedGuy	outdatedguy.rocks	BSD-3-Clause	2022-11-19T16:17:53.000Z
508	find_dropdown	Simple and robust FindDropdown with item search feature, making it possible to use an offline item list or filtering URL for easy customization.	1.0.0	90.69585952742251	80	59	24	11	davidsdearaujo		MIT	2021-12-02T15:57:51.000Z
509	dialog_flowtter	A Flutter implementation of DialogFlow improved. Get your chatbots ready in no time.	0.3.3	90.69152395404292	43	36	16	1	Deimos-Applications	deimos.app	MIT	2022-12-05T21:29:21.000Z
510	stream_chat_persistence	Official Stream Chat Persistence library. Build your own chat experience using Dart and Flutter.	5.1.0	90.66984608714502	16	653	237	75	GetStream	getstream.io	NOASSERTION	2022-12-16T14:41:48.000Z
511	flutter_carousel_widget	A customizable carousel slider widget in Flutter which supports inifinte scrolling, auto scrolling, custom child widget, custom animations and built-in indicators.	2.0.0+1	90.66117494038586	33	7	2	2	nixrajput	nixlab.co.in	GPL-3.0	2022-12-16T17:52:01.000Z
512	flutter_shake_animated	a new flutter shake animated project.	0.0.5	90.64383264686755	17	0	0	0	aiyakuaile		BSD-3-Clause	2022-01-30T14:40:29.000Z
513	ferry_flutter	Flutter widgets for the Ferry GraphQL client	0.8.0	90.6308259267288	15	476	90	52	gql-dart	gql-dart.dev	MIT	2022-12-11T21:44:13.000Z
514	fraction	A package that helps you working with fractions and mixed fractions.	4.1.4	90.61348363321049	39	14	3	0	albertodev01	fluttercompletereference.com	MIT	2022-08-30T23:20:40.000Z
515	steel_crypt	A comprehensive library of high-level, cryptographic APIs. This library supports hashing, password hashing, two-way encryption, MAC authentication, and key/IV generation.	3.0.0+1	90.60047691307176	69	41	10	8	AKushWarrior	kishoredev.live	MPL-2.0	2021-04-21T01:19:01.000Z
516	widget_mask	Use a widget to mask and blend another widget, for example to imprint text onto surfaces.	1.0.0+0	90.58313461955343	37	5	2	1	blaugold	gabriel.terwesten.net	MIT	2022-06-12T23:30:27.000Z
517	form_builder_file_picker	FilePicker Field for flutter_form_builder package. Used to select files as part of form input.	2.3.0	90.56579232603512	24	11	22	7	flutter-form-builder-ecosystem	flutterformbuilderecosystem.com	BSD-3-Clause	2022-11-23T01:38:32.000Z
518	flutter_tabler_icons	Tabler Icons for flutter using icons from https://github.com/tabler/tabler-icons by Csaba Kissi @csaba_kissi	1.1.2	90.53977888575764	40	4	1	3	bigbadbob2003	rob-b.co.uk	MIT	2022-11-04T14:12:35.000Z
519	scrollable_list_tabview	A Flutter widget which syncronize a ScrollView and a custom tab view.	0.1.6	90.44439627140689	148	21	25	11	firatcetiner		MIT	2022-12-01T07:27:44.000Z
520	ferry_hive_store	Hive-based Store implementation for Ferry GraphQL client	0.5.0	90.43572512464773	4	476	90	52	gql-dart	gql-dart.dev	MIT	2022-12-11T21:44:13.000Z
521	cupertino_tabbar	A highly customisable and simple widget for having iOS 13 style tab bars.	2.0.0	90.40971168437025	61	98	24	2	aliyigitbireroglu	cosmossoftware.coffee	MIT	2021-05-04T11:10:58.000Z
522	flutter_screen_wake	A Flutter plugin to manage the device's screen on Android and iOS.	1.0.2	90.37502709733363	22	2	4	2	erickhaendel		MIT	2021-08-12T01:02:07.000Z
523	objectbox_generator	ObjectBox Flutter / Dart database binding code generator - finds annotated entities and adds them to the ObjectBox DB model.	1.7.0	90.37069152395404	14	719	86	54	objectbox	objectbox.io	Apache-2.0	2022-12-16T15:46:25.000Z
524	language_picker	Language picker dropdown and dialog.	0.4.2	90.36635595057446	18	2	3	2	atn832	wafrat.com	MIT	2022-12-02T07:18:59.000Z
525	swipeable_tile	A package to dismiss with animated background. Also Swipe to tigger action without dismiss.	2.0.0+3	90.34467808367657	121	28	7	2	watery-desert	waterydesert.com	BSD-3-Clause	2022-12-14T11:16:19.000Z
526	socket_io	Port of JS/Node library Socket.io. It enables real-time, bidirectional and  event-based communication cross-platform.
	1.0.1	90.31432907001951	105	109	30	10	rikulo		MIT	2021-09-09T02:49:35.000Z
527	container_tab_indicator	Build your own Tab indicator using familiar Container-like properties.	0.3.0	90.30132234988078	36	11	0	6	slovnicki	scipack.dev	MIT	2021-06-08T11:46:07.000Z
528	svg_path_parser	A Flutter/Dart utility to parse an SVG path into a equivalent Path object from dart:ui library.
	1.1.1	90.26663776284414	40	13	3	1	masterashu	masterashu.codes	MIT	2021-12-06T16:25:17.000Z
529	pedantic_mono	[mono edition] Recommended lints for Flutter apps, packages, and plugins to encourage good coding practices.	1.20.0	90.26230218946456	55	62	21	0	mono0926	mono0926.com	MIT	2022-09-01T07:11:36.000Z
530	art_sweetalert	A beautiful, responsive, customizable, accessible replacement, easy use for flutter popup boxes. Both supported ios and android.	0.0.5	90.24062432256666	31	3	2	3	hsndmr	hasandemir.org	MIT	2022-08-22T15:30:46.000Z
531	loop_page_view	A simple Flutter PageView builder constructor wrapper that allows for endless scrolling on both directions.	1.2.0	90.19293301539129	43	16	9	12	wjuniorgit		BSD-2-Clause	2022-09-16T13:13:30.000Z
532	data_tables	ListView on Mobile and Stateless Data Tables on Tablets and Desktops.	1.4.0	90.18859744201171	123	164	45	16	rodydavis	rodydavis.com	MIT	2022-12-08T01:18:17.000Z
533	udp	Lightweight, efficient, and easy-to-use UDP library for Dart. Supports Unicast, Broadcast, Multicast and Loopback communications.	5.0.3	90.17992629525254	52	40	16	7	xenoken		BSD-3-Clause	2022-03-27T12:21:20.000Z
534	stream_chat_localizations	The Official localizations for Stream Chat Flutter, a service for building chat applications	4.0.0	90.16691957511381	8	653	237	75	GetStream	getstream.io	NOASSERTION	2022-12-16T14:41:48.000Z
535	division	Simple to use yet powerfull style widgets with syntax inspired by CSS.	0.9.0	90.15824842835465	182	266	35	15	ReinBentdal		MIT	2022-06-26T13:31:55.000Z
536	vimeo_video_player	A Video Player that support videos from Vimeo platform in Flutter. This Package allow us to play any videos from Vimeo by using its Vimeo Video Id.	0.0.6	90.1278994146976	40	26	15	3	Mindinventory	mindinventory.com	MIT	2022-11-10T09:12:21.000Z
537	serverpod	Serverpod is an open-source, scalable app server, written in Dart for the Flutter community.	0.9.21	90.11489269455886	229	970	71	75	serverpod	serverpod.dev	BSD-3-Clause	2022-12-16T18:27:39.000Z
538	os_detect	Platform independent OS detection.	2.0.1	90.10622154779969	18	13	6	2	dart-lang	dart.dev	BSD-3-Clause	2022-11-15T20:27:18.000Z
539	dart_frog_gen	Code generation tooling for Dart Frog. Built by Very Good Ventures.	0.3.0	90.09755040104054	11	1022	64	18	VeryGoodOpenSource	verygood.ventures	MIT	2022-12-16T19:12:34.000Z
540	ms_undraw	Updated UnDraw library. These illustrations are designed by Katerina Limpitsouni.	3.1.0+3	90.01517450682853	44	5	2	1	Marcus-Software	marcussoftware.info	MIT	2022-08-09T20:05:47.000Z
541	objectid	Blazing fast, cross-platform ObjectId implementation for the dart language.	2.1.0	89.99783221331022	26	6	1	0	gonuit	klyta.it	MIT	2022-06-15T16:22:07.000Z
542	eth_sig_util	Ethereum signature utility porting from JS	0.0.9	89.98916106655105	15	13	10	5	wakumo		MIT	2022-12-13T05:02:10.000Z
543	action_slider	A slider to confirm actions and provide feedback on the success of these after subsequent loading.	0.6.1	89.97615434641232	72	10	1	0	SplashByte	splashbyte.dev	BSD-3-Clause	2022-12-09T01:02:39.000Z
544	bezier_chart	A beautiful bezier line chart widget for flutter that is highly interactive and configurable.	1.0.17+1	89.97181877303274	241	425	132	38	aeyrium	aeyrium.com	Apache-2.0	2021-07-29T00:46:25.000Z
545	reactive_date_time_picker	Wrapper around showDatePicker and showTimePicker to work with reactive_forms	0.5.0	89.958812052894	9	46	23	2	artflutter		MIT	2022-12-15T16:51:57.000Z
546	charts_painter	Highly customizable and extendable charts library for flutter made with custom painters	3.0.0	89.90678517233904	183	92	31	8	infinum	infinum.com	MIT	2022-11-16T08:54:07.000Z
547	freerasp	Flutter library for improving app security and threat monitoring on Android and iOS mobile devices. Learn more about provided features on the freeRASP's homepage first.	3.0.2	89.88944287882073	137	62	3	6	talsec	talsec.app	MIT	2022-11-14T17:34:03.000Z
548	handy_window	This package enhances the looks of Flutter applications on Linux by providing
modern-looking Handy windows with rounded bottom corners.
	0.1.9	89.88510730544115	15	16	4	1	ubuntu-flutter-community	canonical.com	MPL-2.0	2022-12-01T19:17:54.000Z
549	image_sequence_animator	A simple widget for animating a set of images with full custom controls as an alternative to using a GIF file.	2.0.0	89.86776501192283	67	131	27	5	aliyigitbireroglu	cosmossoftware.coffee	MIT	2022-04-11T00:16:32.000Z
550	flutter_advanced_segment	An advanced segment widget, that can be fully customized with bunch of properties, just try it and enjoy!	3.0.1	89.85042271840452	70	19	8	0	alex-melnyk	alexmelnyk.io	BSD-3-Clause	2022-05-24T15:23:30.000Z
551	flutter_alarm_clock	A lightweight flutter package connecting android clock app intents.	0.0.2	89.83308042488619	43	12	4	5	mevljas		MIT	2021-12-22T21:26:59.000Z
552	flutter_acpuserprofile	Adobe Experience Platform User Profile support for Flutter apps.	2.0.1	89.82007370474744	0	3	6	0	adobe	adobe.com	Apache-2.0	2022-01-13T23:54:56.000Z
553	functions_framework	FaaS (Function as a service) framework for writing portable Dart functions	0.4.1	89.80706698460872	124	484	49	26	GoogleCloudPlatform	cloud.google.com	Apache-2.0	2022-11-30T03:47:21.000Z
554	image_downloader_web	A Flutter plugin for downloading images from URL to user's device. This plugin only works for Flutter web.	1.0.2	89.7897246910904	17	1	3	3	hrvojecukman		MIT	2022-10-19T09:50:51.000Z
555	speech_balloon	This is a flutter widget that generates a simple speech bubble. This widget can display simple speech bubbles and reproduce speech bubbles with a border.	0.0.4	89.78105354433123	30	1	1	0	s-tyd	s-tyd.com	MIT	2021-07-22T13:39:46.000Z
556	avatar_stack	Advanced and agile avatar stack with settings. It allows to place a lot of avatars or another widgets in small place.	1.1.2	89.73769781053545	69	11	1	0	cyrax111		BSD-3-Clause	2022-07-12T03:07:45.000Z
557	credit_card_scanner	Fast, Accurate and Secure Credit & Debit card scanning library for flutter. This package is a fork of the original.	1.0.5	89.73336223715587	33	81	66	27	nateshmbhat		GPL-3.0	2021-05-29T23:53:21.000Z
558	multiple_result	Multiple results for dart. Inspired by dartz's Either and Kotlin's sealed classes	3.1.0	89.69867765011924	78	29	7	0	higorlapa		MIT	2022-12-16T14:14:07.000Z
559	platform_maps_flutter	A Flutter package that combines google_maps and apple_maps to provide a crossplatform native map implementation.	1.0.2	89.65532191632344	90	70	42	21	LuisThein	luisthein.de	BSD-2-Clause	2022-05-02T21:54:40.000Z
560	mysql_client	Native MySQL client written in Dart. Tested with MySQL Percona Server (5.7, 8), MariaDB (10). Supports TLS.	0.0.27	89.64665076956427	78	45	11	9	zim32		BSD-3-Clause	2022-12-04T13:18:14.000Z
561	bloc_provider	Provides bloc to descendant widget (O(1)), and the bloc is disposed appropriately by state which the bloc_provider holds internally.	1.0.0	89.59462388900931	24	115	18	4	mono0926	mono0926.com	MIT	2022-08-16T00:54:48.000Z
562	reorderable_grid	A full reorderable grid implementations similar to flutter's native reorderable list.	1.0.5	89.59028831562973	64	33	3	3	casvanluijtelaar	casvanluijtelaar.com	MIT	2022-11-04T11:42:29.000Z
563	chucker_flutter	Chucker Flutter helps you inspect the HTTP(S) requests/responses. It stores data locally and provides a UI for inspecting network calls and sharing their content.	1.4.0	89.53826143507479	36	27	7	2	syedmurtaza108	syedmurtaza.site	MIT	2022-12-15T09:00:05.000Z
564	either_option	The simple library for Error Handling with functionnal programming concept	2.0.0	89.52959028831563	39	34	8	1	cbyad		MIT	2022-10-31T09:36:48.000Z
565	list_ext	Dart extension methods for Iterable and List. You can easily sum, count elements and many more.	1.0.6	89.52091914155646	33	10	2	0	Innim	innim.ru	BSD-3-Clause	2022-10-04T06:24:39.000Z
566	float_column	Flutter FloatColumn widget for building a vertical column of widgets and text where the text wraps around floated widgets, similar to how CSS float works.	1.3.1	89.5122479947973	29	12	0	0	ronjb	ronbooth.com	MIT	2022-12-10T23:07:25.000Z
567	yaml_edit	A library for YAML manipulation with comment and whitespace preservation.	2.0.3	89.494905701279	17	16	5	6	dart-lang	tools.dart.dev	BSD-3-Clause	2022-11-10T11:31:16.000Z
568	esys_flutter_share_plus	A Flutter plugin for sharing images & text with other applications. Fork by Innim	2.2.0	89.49057012789942	8	0	2	0	Innim	innim.ru	Apache-2.0	2022-08-12T11:58:41.000Z
569	page_view_dot_indicator	A simple and animated page view indicator in the form of dots, which you can customise color, size, space and duration.	2.0.1	89.46455668762195	31	10	6	2	douglasiacovelli		MIT	2022-08-22T22:28:55.000Z
570	flutter_fancy_tree_view	A highly customizable TreeView Widget for visualization of nested data in Flutter.
	0.5.3+2	89.45588554086278	64	80	39	9	mbaumgartenbr		MIT	2022-12-16T20:42:08.000Z
571	flutter_locales	Easily localize your app to multiple languages	2.0.2	89.4515499674832	30	4	0	2	iampopal		MIT	2022-06-27T18:56:09.000Z
572	speed_test_dart	Internet speed tester (ping, upload, download) using speedtest.net	1.0.4+1	89.44287882072403	6	2	3	0	jorger5	jrincondev.com	NOASSERTION	2022-10-03T16:37:56.000Z
573	git	Git command line wrapper. Exposes a Git directory abstraction that makes it easy to inspect and manipulate a local Git repository.	2.2.0	89.43854324734446	27	112	16	15	kevmoo	j832.com	BSD-2-Clause	2022-11-09T23:27:57.000Z
574	file_manager	FileManager is a wonderful widget that allows you to manage files and folders, pick files and folders, and do a lot more. Designed to feel like part of the Flutter framework.	1.0.1	89.4298721005853	91	49	12	12	DevsOnFlutter		BSD-3-Clause	2022-10-23T09:00:34.000Z
575	gql_dedupe_link	GQL Link to deduplicate identical in-flight execution requests	2.0.3+1	89.39518751354866	1	240	99	56	gql-dart	gql-dart.dev	MIT	2022-12-03T23:04:15.000Z
576	vertical_scrollable_tabview	A Flutter widget which syncronize a ScrollView and a custom tab view.	0.0.7	89.36917407327118	59	12	17	9	wayne900204		MIT	2022-06-29T02:42:32.000Z
577	hmssdk_flutter	The Flutter package for 100ms SDK. Video Conferencing infrastructure for a Video first world.	1.1.0	89.3474962063733	47	78	35	30	100mslive	100ms.live	MIT	2022-12-17T12:42:26.000Z
578	form_builder_phone_field	International phone number field for FlutterFormBuilder package	1.3.0	89.33882505961414	23	3	1	9	flutter-form-builder-ecosystem	flutterformbuilderecosystem.com	BSD-3-Clause	2022-11-21T20:29:37.000Z
579	rudder_sdk_flutter	The RudderStack Flutter SDK allows you to track event data from your app. It can be easily integrated into your Flutter application. After integrating this SDK, you will also send the event data to your preferred analytics destination/s, such as Google Analytics, Amplitude, and more.	2.2.0	89.31714719271623	7	4	17	4	rudderlabs	rudderstack.com	MIT	2022-12-15T02:11:57.000Z
580	pluto_menu_bar	A menu bar for flutter. You can add as many submenus as you want, and you can change the default style.	3.0.0	89.31281161933666	65	52	15	7	bosskmk	weblaze.dev	MIT	2022-11-30T06:54:57.000Z
581	flutter_media_metadata	A Flutter plugin to read metadata of media files.	1.0.0+1	89.30847604595708	36	60	12	7	alexmercerind		MIT	2022-12-10T15:32:12.000Z
582	flutter_gradient_colors	it's provide you more than 100 predefined Gradient Colors.	2.1.1	89.29546932581835	79	17	3	3	skaran921		NOASSERTION	2022-10-31T09:27:40.000Z
583	pull_down_button	Cupertino styled Pull-Down Button from iOS 14 with great customisation options.	0.4.1	89.29113375243875	57	16	4	0	notDmDrl		MIT	2022-12-03T19:07:59.000Z
584	firebase_installations	Firebase installations Flutter plugin	16.3.6	89.28679817905918	5	3	2	0	lidio601		MIT	2021-06-04T20:03:07.000Z
585	flutter_mapbox_navigation	Add Turn By Turn Navigation to Your Flutter Application Using MapBox. Never leave your app when you need to navigate your users to a location.	0.0.26	89.27812703230002	198	162	103	64	eopeter	dormmom.com	Apache-2.0	2022-11-13T16:05:39.000Z
586	qlevar_router	A router that helps you to manage your project routes. Create nested routes. navigation without context between your pages.	1.7.1	89.2174290049859	110	66	16	12	SchabanBo	qlevar.de	MIT	2022-11-23T07:02:31.000Z
587	flutter_file_view	A file viewer plugin for Flutter, support local file and network link of Android, iOS.	2.1.2	89.20875785822675	18	18	12	3	LiWenHui96		Apache-2.0	2022-11-01T01:19:21.000Z
588	flutter_web_auth_2	Flutter plugin for authenticating a user with a web service.	2.0.3	89.17840884456969	22	17	12	9	ThexXTURBOXx	femtopedia.de	MIT	2022-12-13T11:34:44.000Z
589	flutter_advanced_networkimage_2	An advanced image provider provides caching and retrying for flutter app. Now with zoomable widget and transition to image widget.	2.0.1	89.16973769781053	8	0	7	2	insinfo		MIT	2022-11-11T13:38:28.000Z
590	gql_code_builder	Dart code builders taking *.graphql documents and SDL to build useful classes.	0.7.0	89.1567309776718	2	240	99	56	gql-dart	gql-dart.dev	MIT	2022-12-03T23:04:15.000Z
591	typicons_flutter	Typicons pack with the code to support flutter, easy use, beautifully.	0.5.0	89.12204639063516	15	3	2	1	tvc12	4pet.social	MIT	2021-03-27T14:31:29.000Z
592	update_available	Know if there's any update for your Flutter app, based on published versions.	2.1.0	89.11771081725558	47	16	7	9	mateusfccp		MIT	2022-12-05T13:35:36.000Z
593	simple_time_range_picker	A simple time range picker for flutter	0.0.5	89.09603295035768	10	4	8	5	trashfeed	trashfeed.net	MIT	2022-08-07T03:30:18.000Z
594	get_phone_number	Get real phone number from device - It only works on android device and also need to run in a real device.	2.0.1	89.07869065683937	30	1	0	5	ssk-flutter		BSD-3-Clause	2021-05-23T20:59:46.000Z
595	serverpod_flutter	Flutter specific utilities for Serverpod.	0.9.21	89.03533492304358	0	970	71	75	serverpod		BSD-3-Clause	2022-12-16T18:27:39.000Z
596	serverpod_client	Base classes for communication with the server.	0.9.21	89.00498590938652	5	970	71	75	serverpod	serverpod.dev	BSD-3-Clause	2022-12-16T18:27:39.000Z
597	ed25519_hd_key	BIP-0032 like derivation for ed25519 curve	2.2.0	88.98330804248862	9	12	6	1	alepop	alepop.dev	MIT	2021-09-16T06:40:18.000Z
598	aes_crypt	Dart encryption library for encrypting/decrypting files, plain text and binary data in AES Crypt file format.	0.1.1	88.97897246910904	83	27	22	17	alexgoussev	alexgusev.com	MIT	2022-03-19T07:11:46.000Z
599	unifiedpush	Push notifications with the provider chosen by the user.	4.0.3	88.9659657489703	7	15	9	10	UnifiedPush	unifiedpush.org	Apache-2.0	2022-11-29T23:14:09.000Z
600	flutter_camera_overlay	A Flutter plugin to add common camera overlay components such as ID Card, Credit Card, Texts, prompts or custom components.	0.1.1	88.95729460221115	68	9	12	4	matwright	matwright.dev	MIT	2022-06-29T10:02:27.000Z
601	top_modal_sheet	A simple top modal sheet implementation in pure dart.	2.0.1	88.95295902883156	15	5	8	1	Pilaba		BSD-2-Clause	2022-07-29T18:25:48.000Z
602	webviewx_plus	A cross-platform webview using webview_flutter for mobile and iFrame for web.	0.3.2	88.90960329503577	12	4	1	2	Mahad61	lazyus.com	BSD-3-Clause	2022-09-23T19:16:46.000Z
603	bugsnag_flutter	Bugsnag crash monitoring and reporting tool for Flutter apps	2.4.0	88.90526772165619	7	5	5	3	bugsnag	bugsnag.com	MIT	2022-12-08T17:24:22.000Z
604	jitsi_meet_wrapper	A Flutter wrapper around the official JitsiMeetSDKs. With this package, you can launch Jitsi meetings in a native view.	0.0.5	88.8835898547583	20	11	25	25	saibotma		BSD-3-Clause	2022-12-16T03:07:06.000Z
605	flutter_hooks_lint_plugin	a lint plugin for flutter_hooks	0.6.1	88.85324084110124	6	28	1	1	mj-hd		MIT	2022-11-03T21:36:14.000Z
606	tiktoklikescroller	A vertical fullscreen scroll implementation that snaps in place, similar to the TikTok app	0.2.3	88.84890526772166	124	34	12	4	dmt195	davidtaylor.io	Apache-2.0	2022-06-29T17:01:37.000Z
607	resizable_widget	Enables users to resize the internal widgets by dragging. This package contains simple APIs, but if needed, you can customize ResizableWidget flexibly.	1.0.5	88.82722740082376	118	35	24	13	ibako	ibako-piyo.com	BSD-3-Clause	2022-07-08T19:01:53.000Z
608	pushy_flutter	The official Pushy SDK for Flutter apps.	2.0.12	88.82289182744418	14	19	13	0	pushy		Apache-2.0	2022-10-09T12:05:25.000Z
609	apple_maps_flutter	This plugin uses the Flutter platform view to display an Apple Maps widget.	1.2.0	88.80988510730545	35	48	45	14	LuisThein	luisthein.de	BSD-2-Clause	2022-12-02T18:40:39.000Z
610	in_app_notification	A Flutter package to show custom in-app notification with any Widgets.	1.1.2	88.79254281378712	108	18	6	2	cb-cloud	cb-cloud.com	MIT	2022-12-01T08:40:43.000Z
611	lucide_icons	A Lucide icon library package for Flutter applications. Fork of Feather Icons, open for anyone to contribute icons.	0.104.0	88.78387166702797	30	2970	161	54	lucide-icons	lucide.dev	ISC	2022-12-13T17:42:51.000Z
612	normalize	Normalization and denormalization of GraphQL responses in Dart	0.8.0	88.77953609364837	8	476	90	52	gql-dart	gql-dart.dev	MIT	2022-12-11T21:44:13.000Z
613	zxcvbn	Dart port of DropBox's zxcvbn library.	1.0.0	88.77520052026881	10	7	4	2	careapp-inc	careapp.com.au	MIT	2021-05-27T03:14:44.000Z
614	markdown_editable_textinput	A TextField Widget that allow you to convert easily what's in the TextField to Markdown.	2.1.0	88.74918707999133	116	56	30	9	playmoweb	playmoweb.com	BSD-3-Clause	2022-11-17T08:38:14.000Z
615	calendar_appbar	Flutter package for custom AppBar with full calendar view with many new features!	0.0.6	88.71016691957512	148	40	19	5	vpalcar		MIT	2022-06-10T10:14:54.000Z
616	sliver_header_delegate	A flexible sliver header delegate that allows easily customize your SliverHeader	0.0.5	88.70149577281595	72	11	8	3	miroslava-podybailo		MIT	2022-11-01T03:43:58.000Z
617	faker_dart	generate massive amounts of fake data in Dart & Flutter! A dart port of the famous faker.js	0.1.11	88.64079774550184	60	26	5	0	casvanluijtelaar	casvanluijtelaar.com	NOASSERTION	2022-11-02T15:24:41.000Z
618	flutter_boxicons	Boxicons (https://boxicons.com) customization for Flutter. You can use 2K+ more Boxicons.	3.0.0	88.57142857142857	46	4	7	5	arifai		MIT	2021-07-07T00:24:25.000Z
619	gauges	A library for customizable gauges (radial gauges only for now).	1.0.0	88.54975070453067	35	11	9	4	JulianAssmann		MIT	2022-01-08T17:05:01.000Z
620	socket_io_common	Socket.io common parser library.	2.0.2	88.54541513115109	4	6	17	0	rikulo		MIT	2022-10-25T03:16:39.000Z
621	reactive_dropdown_search	Wrapper around searchable_dropdown to use with reactive_forms	0.12.0	88.54107955777152	6	46	23	2	artflutter		MIT	2022-12-15T16:51:57.000Z
622	nyxx	A Discord library for Dart. Simple, robust framework for creating discord bots for Dart language.	4.4.0	88.53240841101236	71	264	40	4	nyxx-discord	l7ssha.xyz	Apache-2.0	2022-12-12T17:07:06.000Z
623	just_throttle_it	A simple throttle library for limiting consecutive execution of functions	2.1.0	88.50205939735531	2	2	0	0	mhrst	qrl.app	MIT	2022-05-03T14:16:02.000Z
624	redis	Redis database (https://redis.io/) client, with both simplicity and performance as primary goals.	3.1.0	88.46737481031866	87	62	27	2	ra1u		AGPL-3.0	2022-05-08T11:03:46.000Z
625	window_location_href	Cross-platfrom window.location.href. Supports all platforms and is easy.	1.0.1+2	88.4370257966616	5	0	0	0	xclud		MIT	2022-10-24T20:06:12.000Z
626	stats	Calculate common statistical values for a set of numbers: max, min, mean, median, standard deviation, and standard error.	2.0.0	88.42835464990245	23	8	5	2	kevmoo	j832.com	MIT	2022-10-26T00:49:30.000Z
627	graphql_codegen	Simple, opinionated, codegen library for GraphQL. It allows you to
generate serializers and client helpers to easily call and parse your data.
	0.11.2	88.41968350314329	56	84	37	16	heftapp	heft.app	MIT	2022-12-14T11:20:16.000Z
628	generic_bloc_provider	A generic BloC Provider for your Flutter apps. This package will help you avoid the boilerplate of writing BloC Providers.	2.1.1	88.39800563624539	22	26	6	1	robertohuertasm	robertohuertas.com	MIT	2022-02-14T09:54:59.000Z
629	spring_button	A simple widget for having child widgets that respond to gestures with a spring animation.	2.0.0	88.36765662258834	36	73	12	0	aliyigitbireroglu	cosmossoftware.coffee	MIT	2021-05-04T11:01:21.000Z
630	gson	Parses and encodes the json generated by GSON (Can parse minecraft's json)	0.1.4	88.36332104920875	14	2	2	3	MinimineLP		BSD-2-Clause	2021-03-21T13:09:29.000Z
631	fuzzywuzzy	An implementation of the popular fuzzywuzzy package in Dart, to suit all your fuzzy string matching/searching needs!	0.2.0	88.34597875569044	47	22	3	3	SphericalKat	sphericalk.at	GPL-2.0	2022-06-26T07:19:47.000Z
632	animated_segmented_tab_control	A customizable segmented control that can be used with a TabView.	1.0.1	88.3112941686538	32	11	9	8	LanarsInc		NOASSERTION	2022-11-08T02:00:54.000Z
633	aes_crypt_null_safe	Dart encryption library for encrypting/decrypting files, plain text and binary data in AES Crypt file format.	2.0.2	88.30262302189465	14	3	1	0	CodingFries	codingfries.com	MIT	2021-12-15T06:47:17.000Z
634	flutter_calendar_week	Flutter calendar week UI package	3.0.0	88.25493171471928	32	67	26	5	mduccc		MIT	2022-09-12T17:00:44.000Z
635	json_store	A Flutter storage solution somewhat similar to a browser's localStorage (but super powered)	2.0.0	88.23325384782137	36	8	8	1	fstof		BSD-2-Clause	2022-08-15T22:42:46.000Z
636	icons_plus	A collection of popular icon packs is available in icons_plus. Such as bootstrap, font awesome, eva icons, line awesome, ionicons, and many more.	3.0.0	88.22024712768264	77	12	2	1	chouhan-rahul	rahulchouhan.me	MIT	2022-09-03T14:28:00.000Z
637	drift_sqflite	A Flutter-only implementation of a drift database, based on the `sqflite` package.	2.0.0	88.21591155430306	7	1796	237	103	simolus3	simonbinder.eu	MIT	2022-12-16T15:03:51.000Z
638	byte_size	ByteSize is a library that handles how byte sizes are represented and an easy to use interface to convert to other forms of representation also taking locale into consideration.	1.4.1	88.20290483416431	4	3	4	1	ron4fun		NOASSERTION	2022-10-22T12:46:21.000Z
639	alphabet_scroll_view	A Scrollable ListView Widget with the dynamic vertical Alphabet List which you can drag and tap to scroll to the first item starting with that letter.	0.3.2	88.19856926078474	68	20	9	9	maheshmnj	maheshjamdade.com	MIT	2022-10-08T03:19:19.000Z
640	json_editor	A json editor on flutter.	0.0.8	88.18989811402558	19	12	8	4	youngchan1988	dev.apptoy.cc	BSD-3-Clause	2022-05-25T08:22:49.000Z
641	antdesign_icons	AntDesign Icons implementation for dart projects.	0.0.3	88.17255582050726	9	4	0	1	elkhayder		MIT	2021-04-27T01:12:50.000Z
642	app_popup_menu	A more modular popup menu.	1.0.0	88.16822024712768	31	9	2	1	AndriousSolutions		NOASSERTION	2022-11-04T16:16:11.000Z
643	undo	A Undo/Redo Library for Flutter	1.4.0	88.11619336657273	66	55	13	2	rodydavis	rodydavis.com	MIT	2021-04-14T23:05:41.000Z
644	apivideo_live_stream	Flutter RTMP live stream client for your audio/video application. Made with ♥ by api.video.	1.0.7	88.11185779319315	34	20	11	7	apivideo	api.video	MIT	2022-11-16T15:18:14.000Z
645	change_case	An extension on String to transform a string between camelCase, PascalCase, Capital Case, snake_case, param-case, CONSTANT_CASE and others.	1.0.2	88.06416648601778	16	4	0	0	mrgnhnt96	mrgnhnt.com	MIT	2022-02-23T20:13:46.000Z
646	quickblox_sdk	Quickblox includes everything that brings messaging right into your application - chat, video calling, users, push notifications, etc.	0.11.0	88.04682419249946	44	6	0	24	QuickBlox		NOASSERTION	2022-09-30T13:13:32.000Z
647	easy_table	A full customized data table that builds the cells on demand. Focused on Web/Desktop Applications. Bidirectional scroll bars.	2.2.0	88.03381747236072	45	19	5	9	caduandrade	caduandrade.net	MIT	2022-11-18T14:56:56.000Z
648	selectable	A Flutter widget that enables text selection over all the text widgets it contains.	0.2.8	88.02948189898115	29	9	4	5	ronjb	ronbooth.com	MIT	2022-12-11T02:16:12.000Z
649	sliding_clipped_nav_bar	Bottom Navigation Bar with sliding menu icon and text with clipping effect, it also has ripple effect when tapped.	3.1.0+4	88.00346845870367	177	55	9	0	watery-desert	waterydesert.com	BSD-3-Clause	2022-12-14T11:08:30.000Z
650	flavor	An easy way to configure flavor settings and displaying flavor banner.	2.0.0	87.99479731194451	44	12	4	1	stefandevo	stefandevo.dev	MIT	2021-09-28T09:46:59.000Z
651	interval_time_picker	A variant of the default Flutter Time Picker in which you can pick intervals.	2.0.0+5	87.9557771515283	14	2	11	0	Fleximex	fleximex.com	MIT	2022-09-01T19:57:30.000Z
652	md5_file_checksum	Flutter plugin to calculate a file checksum as MD5 hash, using a platform native implementation.	1.0.4	87.95144157814872	5	3	1	2	albemala	albemala.me	MIT	2022-10-01T14:19:32.000Z
653	firebase_core_dart	Pure Dart implementation of FlutterFire core API	1.0.1	87.94710600476913	7	284	35	18	invertase	invertase.io	NOASSERTION	2022-11-05T03:27:18.000Z
654	cr_calendar	Awesome calendar with customizations, range picking and event showing.	1.0.0+1	87.93843485800997	60	17	14	2	Cleveroad	cleveroad.com	MIT	2022-11-17T11:47:30.000Z
655	zego_uikit_prebuilt_call	PrebuiltCall is a full-featured call kit that provides a ready-made call invitation, voice/video chat, device detection, etc. Add a voice/video call to your app in minutes.	1.2.14	87.87340125731627	5	1	3	0	ZEGOCLOUD	zegocloud.com	MIT	2022-12-13T03:23:32.000Z
656	flutter_mdns_plugin	Flutter mDNS plugin	0.0.3	87.8257099501409	4	46	37	10	terrabythia		MIT	2022-01-07T15:53:00.000Z
657	shelf_plus	Shelf Plus is a quality of life addon for your server-side development within the Shelf platform.	1.5.0	87.81703880338173	75	52	9	0	felixblaschke	felix-blaschke.de	MIT	2022-09-09T19:13:55.000Z
658	icon_decoration	Add decoration capabilities for the Icon widget with shadows, borders, gradients.	1.0.1	87.80403208324302	68	23	0	0	TesteurManiak	rouxguillau.me	BSD-2-Clause	2022-03-11T08:59:36.000Z
659	flutter_update_dialog	A beautiful application version update dialog for flutter.You can customize your own version update pop-up window!	2.0.0	87.79102536310427	44	32	10	2	xuexiangjys	xuexiangjys.club	Apache-2.0	2022-12-04T15:20:44.000Z
660	auto_start_flutter	The plugin redirects the user to auto-start permission screen to allow auto-start and fix background problems in some phones.	0.1.1	87.78235421634511	22	4	5	3	seena98	techflow.ir	BSD-2-Clause	2022-11-02T09:41:57.000Z
661	ensure_visible_when_focused	A handy Flutter widget to scroll to a certain widget every time this widget gains Focus.	1.1.1	87.76934749620638	22	9	3	1	rodrigobastosv	rodrigobastos.dev	MIT	2022-09-05T12:14:44.000Z
662	sentry_dart_plugin	A Dart Build Plugin that uploads symbols for Android, iOS/macOS, and Web to Sentry via sentry-cli.
	1.0.0-beta.4	87.7650119228268	13	33	13	4	getsentry	sentry.io	MIT	2022-12-02T08:07:04.000Z
663	toml	Parser and encoder for TOML v1.0.0 (Tom's Obvious, Minimal Language) configuration files.	0.13.1	87.75200520268805	19	31	5	0	just95		MIT	2022-11-10T22:24:08.000Z
664	dart_appwrite	Appwrite is an open-source self-hosted backend server that abstract and simplify complex and repetitive development tasks behind a very simple REST API	7.1.0	87.7389984825493	69	91	15	2	appwrite	appwrite.io	BSD-3-Clause	2022-12-14T09:25:38.000Z
665	result_type	Result Type for Dart.	0.2.0	87.70864946889226	23	0	0	0	minikin	minikin.me	MIT	2022-08-25T08:07:46.000Z
666	pocketbase	Multi-platform Dart SDK for PocketBase, an open source realtime backend in 1 file.	0.6.0	87.66962930847605	67	154	13	0	pocketbase	pocketbase.io	MIT	2022-12-16T15:27:44.000Z
667	whatsapp	A top package for whatsapp business api send messages, product, media, location through flutter app.	2.0.0	87.65662258833731	77	7	4	2	rohit-chouhan	rohitchouhan.com	MIT	2022-10-09T04:02:05.000Z
668	qr_code_utils	Flutter plugin that provides tools for dealing with QR code. For now, just read.	0.0.1	87.63494472143941	1	0	0	1	atech-dev		MIT	2022-05-14T20:00:41.000Z
669	pspdfkit_flutter	A Flutter plugin providing a feature-rich PDF viewing and editing experience to your users with the powerful PSPDFKit PDF SDK.	3.4.1	87.63060914805983	34	73	26	6	PSPDFKit	pspdfkit.com	NOASSERTION	2022-11-18T13:01:40.000Z
670	youtube_api	YouTubeAPI is a plugin which directly interacts with YouTube server. Supports Searching video and playlist.	1.0.4	87.62193800130066	67	48	42	16	nstack-in	nstack.in	Apache-2.0	2021-11-09T07:03:17.000Z
671	build_verify	Test utility to ensure generated Dart code within a package is up-to-date when using package:build.	3.1.0	87.60459570778235	30	52	10	2	kevmoo	j832.com	MIT	2022-12-02T20:46:45.000Z
672	flutter_oss_licenses	A tool to generate detail and better OSS license list using pubspec.yaml/lock files.	2.0.1	87.56991112074572	40	30	9	3	espresso3389	espresso3389.jp	MIT	2022-10-22T13:07:06.000Z
673	onboarding_overlay	Flexible to control Onboarding overlay with or without target element (fork from onboard_overlay)	3.1.2	87.56123997398656	208	31	10	3	talamaska		MIT	2022-11-17T13:46:34.000Z
674	bottom_sheet_bar	A toolbar that aligns to the bottom of a widget and expands into a bottom sheet.	2.3.8	87.55690440060698	51	9	2	3	mhrst	qrl.app	MIT	2022-10-18T15:06:35.000Z
675	avoid_keyboard	This package enables convenient keyboard avoidance. It can be used to enable keyboard avoidance for specific view regions, without compressing the entire view.	0.3.0	87.53522653370909	15	1	0	0	HornMichaelS		MIT	2021-06-10T23:56:37.000Z
676	horizontal_blocked_scroll_physics	A ScrollPhysics class that blocks movement in the horizontal axis.	4.0.1	87.51788424019077	23	10	3	0	koa-health	koahealth.tech	MIT	2022-03-07T08:05:10.000Z
677	msal_js	A Dart wrapper for the 'Microsoft Authentication Library for JavaScript (MSAL.js)'.	2.14.0	87.48319965315413	18	13	9	3	Francessco121		MIT	2022-05-12T03:53:46.000Z
678	cunning_document_scanner	A document scanner plugin for flutter. Scan and crop automatically on iOS and Android.	1.1.2	87.47452850639496	50	17	12	1	jachzen	cunning.biz	MIT	2022-11-08T12:26:14.000Z
679	libserialport	Serial Port for Dart (FFI bindings to libserialport, a minimal C-library created by the sigrok).	0.3.0+1	87.44417949273792	41	61	15	32	jpnurmi		LGPL-3.0	2022-08-27T14:23:26.000Z
680	morphable_shape	A Flutter package for creating various shapes that are responsive and can morph betweem each other.	1.6.4	87.340125731628	113	35	5	0	KevinVan720	wenkaifan.com	MIT	2022-09-05T13:48:35.000Z
681	nyxx_interactions	Nyxx Interactions Module. Discord library for Dart. Simple, robust framework for creating discord bots for Dart language.	4.5.0	87.33145458486885	7	7	6	2	nyxx-discord	l7ssha.xyz	Apache-2.0	2022-12-12T19:13:37.000Z
682	adapty_flutter	Adapty SDK is an open-source framework that makes implementing in-app subscriptions in Flutter applications fast and easy. It’s 100% open-source and lightweight.	2.2.1	87.3184478647301	37	46	7	2	adaptyteam	adapty.io	MIT	2022-12-16T09:39:09.000Z
683	flutter_zxing	A barcode scanner and generator natively in Flutter with Dart FFI based on ZXing.	0.8.5	87.31411229135053	29	32	12	8	khoren93		MIT	2022-12-17T07:34:15.000Z
684	dnd	Drag and Drop for Dart web apps with mouse and touch support.	2.0.1	87.30977671797095	47	136	92	5	marcojakob	jakobservices.ch	MIT	2021-10-07T20:03:58.000Z
685	benchmark_harness	The official Dart project benchmark harness.	2.2.0	87.30544114459137	22	76	25	8	dart-lang	tools.dart.dev	BSD-3-Clause	2022-11-10T17:41:50.000Z
686	mixpanel_analytics	A dart wrapper on the mixpanel REST API to be used in Flutter applications. As this is using the http REST API it works both with Android and iOS.	2.1.1	87.27942770431389	17	18	22	3	koa-health	koahealth.tech	MIT	2021-07-12T20:02:40.000Z
687	schedulers	Dart library for running asynchronous functions on time. Useful for load balancing, rate limiting, lazy execution.	1.0.1	87.27509213093431	13	3	1	1	rtmigo	revercode.com	MIT	2022-11-25T05:28:46.000Z
688	star_menu	Contextual popup menu with different shapes and multiple ways to fine-tune animation and position. The menu entries can be almost any kind of widgets.	3.1.0+1	87.24040754389767	103	27	9	2	alnitak	marcobavagnoli.com	MIT	2022-12-12T17:15:50.000Z
689	ably_flutter	A wrapper around Ably's Cocoa and Java client library SDKs, providing iOS and Android support.	1.2.15	87.2360719705181	22	46	14	62	ably	ably.com	Apache-2.0	2022-12-13T18:41:49.000Z
690	brightness_volume	Adjust the volume and brightness	1.0.3	87.21005853024062	7	3	2	5	tion126		MIT	2021-05-26T07:03:53.000Z
691	json_model	Gernerating Dart model class from Json files with one command.	1.0.0	87.20138738348146	35	623	114	48	flutterchina		NOASSERTION	2022-01-10T02:14:10.000Z
692	fluid_bottom_nav_bar	A beautiful bottom navigation with a fluid animation. Bar color, icons and animation speed are fully customizable.	1.4.0	87.175373943204	136	24	23	13	eric-taix		MIT	2022-11-21T16:02:57.000Z
693	nepali_utils	A pure dart package with collection of Nepali Utilities like Date converter, Date formatter, DateTime, Nepali Numbers, Nepali Unicode, Nepali Moments and many more.	3.0.3	87.16236722306525	35	23	13	3	sarbagyastha	sarbagyastha.com.np	MIT	2022-08-29T08:19:08.000Z
694	shared_storage	Flutter plugin to work with external storage and privacy-friendly APIs.	0.7.0	87.13201820940819	26	30	11	13	alexrintt	alexrintt.io	MIT	2022-11-19T03:40:15.000Z
695	vcard_maintained	A dart port of vCard JS by Eric J Nesser. Create vCards to import contacts into Outlook, iOS, Mac OS, and Android devices from your website or mobile application.	0.0.1+1	87.11467591588988	5	8	15	10	valerycolong	quds.cc	MIT	2021-10-27T09:07:00.000Z
696	background_app_bar	A background app bar plugin, use this plugin if you want to preserve background of sliver app bar when scrolling,	2.0.1	87.09299804899197	34	10	7	1	LeonColt		MIT	2022-03-19T19:57:03.000Z
697	skeleton_animation	Display skeleton animations in your app. It works on android, iOS and the web.	0.1.4	87.07999132885324	24	4	1	0	wjtje	wjtje.dev	MIT	2021-05-16T09:48:41.000Z
698	prefs	A Library Package that utilizes the plugin, shared_preferences, to store and read an app’s preferences in both the Android and the iOS platform.	4.0.0	87.0669846087145	13	8	3	0	AndriousSolutions	andrioussolutions.com	NOASSERTION	2022-12-02T22:38:18.000Z
699	datepicker_dropdown	A Dropdown Date picker for Flutter with customizable options.	0.0.7+2	87.06264903533493	14	3	5	2	Robertrobinson777	robertrobinson.in	MIT	2022-09-01T13:55:20.000Z
700	water_drop_nav_bar	Bottom navigation bar, it has unique water drop effect. When water droplet falls it marks seleted item.	2.2.0+5	87.0453067418166	177	34	5	1	watery-desert	waterydesert.com	BSD-3-Clause	2022-12-14T11:12:35.000Z
701	salesiq_mobilisten	Mobilisten enables you to give your users the best in-app live chat experience. Mobilisten provides drop-in in-app chat and knowledge base.	1.0.4	87.04097116843703	13	9	5	8	zoho	zoho.com	MIT	2022-12-08T15:54:42.000Z
702	contactus	contactus is the package which helps the developers to add their contact information with ease.Developers can add many important details such as website, email, phone number, etc.	1.2.0	87.03663559505745	52	19	12	0	AbhishekDoshi26		MIT	2021-11-24T11:47:56.000Z
703	loading_overlay_pro	A new Flutter project with a simple widget wrapper set of loading animations for Flutter projects.	2.1.1	87.00195100802081	28	2	0	0	HVLoc		MIT	2021-03-23T07:51:34.000Z
704	hive_test	Initialize a temporary Hive database for testing	1.0.1	86.9195751138088	4	4	1	1	netsells		MIT	2021-05-11T10:03:48.000Z
705	swagger_dart_code_generator	Have you been turned into a problem with writing code for Http requests? This package can help. It has all of the Http and model codegen functionality you have been looking for.	2.9.0	86.8978972469109	190	185	59	6	epam-cross-platform-lab	mobilepeople.dev	Apache-2.0	2022-12-16T12:05:32.000Z
706	fhir	FHIR library of versions R4, STU3, DSTU2, and R5 (draft) for Dart & Flutter.	0.9.3	86.82852807283763	26	34	26	1	MayJuun	fhirfli.dev	MIT	2022-12-12T14:54:35.000Z
707	image_cropping	This package helps you to crop image with ratio and free scale.	0.0.13	86.81118577931932	72	40	14	1	Mindinventory	mindinventory.com	MIT	2022-09-01T07:14:05.000Z
708	ferry_generator	Generated types for Ferry GraphQL Client	0.7.0	86.78517233904184	15	476	90	52	gql-dart	gql-dart.dev	MIT	2022-12-11T21:44:13.000Z
709	mrx_charts	Simple, high-performance Flutter charts with beautiful animations.	0.1.3	86.78083676566226	74	54	7	3	merixstudio	merixstudio.com	MIT	2022-12-01T18:16:54.000Z
710	perfect_freehand	Draw perfect pressure-sensitive freehand lines. A set of functions for turning input points into a polygon of outline points.	1.0.4	86.75915889876437	108	184	26	4	steveruizok		MIT	2022-07-14T06:01:25.000Z
711	bonfire	(RPG maker) Create RPG-style or similar games more simply with Flame.	2.11.9	86.74615217862562	275	780	118	4	RafaelBarbosatec		MIT	2022-12-15T11:51:02.000Z
712	alert	A Flutter plugin for showing native alert dialog in IOS and Toast messages in Android.	2.0.1	86.73748103186647	18	1	4	0	Oleksandr32		MIT	2021-05-25T19:50:37.000Z
713	isoweek	A lightweight Dart package which provides the class Week (based on the ISO 8601 format).	1.1.4	86.71580316496856	17	4	0	0	devj3ns	jensbecker.dev	BSD-3-Clause	2022-06-22T12:03:02.000Z
714	bcrypt	This package use jBCrypt modified code to work with Dart VM.	1.1.3	86.65076956427488	10	1	0	0	astudilloalex	alexastudillo.com	NOASSERTION	2022-03-23T21:03:10.000Z
715	input_history_text_field	A input_history_text_field widget is automatically saved and suggest as you type.	0.2.0	86.63776284413613	43	8	4	4	trashfeed	trashfeed.net	MIT	2022-09-03T03:05:07.000Z
716	quds_popup_menu	A new way to show advanced popup menu in Flutter, the package is a part of quds_ui_kit package.	0.0.1+1	86.59440711034034	55	18	11	2	MohammedAsaadAsaad	quds.cc	MIT	2022-05-03T07:57:51.000Z
717	flutter_star	You can create a star easily and decide how many angle or color of the star, even the fat and progress of the star.	1.2.0	86.59007153696076	11	20	2	0	toly1994328	toly1994.com	NOASSERTION	2020-02-23T02:34:32.000Z
718	custom_lint_builder	A package to help writing custom linters	0.0.16	86.56839367006287	3	151	17	19	invertase	invertase.io	Apache-2.0	2022-12-12T11:22:31.000Z
719	flutter_expandable_table	A Flutter widget for create an expandable table with header and first column fixed.	1.1.1	86.55105137654455	58	15	14	3	rickypid	rcprogrammer.net	BSD-3-Clause	2022-08-01T15:45:46.000Z
720	geocoder_buddy	Forward, Reverse geocoding and Search Address without any apikey.	1.0.1	86.5423802297854	15	2	4	4	flutterbuddy1	flutterbuddy.in	MIT	2022-11-20T16:56:40.000Z
721	statusbarz	A Flutter package for dynamically changing status bar color based on the background. Works with static colors and images.	1.0.12	86.53370908302624	38	6	2	0	Mapventure	mankeli.co	MIT	2022-10-20T11:18:02.000Z
722	reactive_phone_form_field	Wrapper around phone_form_field to use with reactive_forms	0.10.0	86.52070236288749	6	46	23	2	artflutter		MIT	2022-12-15T16:51:57.000Z
723	flutter_widgetkit	Flutter library for iOS Widgets Extensions. Integrate a Widget into your App	1.0.3	86.50769564274874	38	224	20	5	fasky-software		MIT	2021-03-22T09:10:11.000Z
724	very_good_infinite_list	A library for easily displaying paginated data, created by Very Good Ventures. Great for activity feeds, news feeds, and more.	0.7.0	86.48601777585085	132	102	14	3	VeryGoodOpenSource	verygood.ventures	MIT	2022-11-28T18:02:53.000Z
725	signalr_flutter	A flutter plugin for .net SignalR client. This client is for ASP.Net SignalR, not for .Net Core SignalR.	0.2.0	86.4773466290917	56	16	15	14	AS-Devs		MIT	2022-11-21T12:23:46.000Z
726	webcrypto	Cross-platform implementation of Web Cryptography APIs for Flutter.	0.5.3	86.47301105571212	51	56	30	14	google	google.dev	Apache-2.0	2022-11-02T14:39:32.000Z
727	dart_twitter_api	A dart wrapper for using the Twitter API with well documented interfaces for every endpoint.	0.5.8	86.46867548233253	41	54	23	0	robertodoering		BSD-3-Clause	2022-12-14T17:46:48.000Z
728	flutter_sensors	A flutter plugin to access the available sensors of the device.	1.0.1	86.45566876219381	28	28	26	14	LJaraCastillo		MIT	2022-02-23T13:22:29.000Z
729	icalendar_parser	Package to parse iCalendar (.ics) files written in pure Dart.	1.1.0	86.43399089529589	34	26	4	1	TesteurManiak	rouxguillau.me	MIT	2022-12-12T14:11:44.000Z
730	animated_notch_bottom_bar	This package helps you to achieve animated notch bottom navigation bar with any widget as children.	0.0.6	86.412313028398	62	32	3	0	Mindinventory	mindinventory.com	MIT	2022-10-18T12:06:25.000Z
731	fancy_password_field	A highly customizable password control input widget. It has features such as password strenght and rules validation	2.0.0	86.39930630825927	42	12	5	0	rodrigobastosv	rodrigobastos.dev	MIT	2022-10-13T13:25:35.000Z
732	survey_kit	Create beautiful surveys with Flutter (inspired by iOS ResearchKit Surveys)	0.1.1	86.34294385432474	69	89	50	10	QuickBirdEng	quickbirdstudios.com	MIT	2022-12-15T12:56:25.000Z
733	iso_countries	A plugin for fetching ISOCountries data from device OS. Name of countries can be obtained in different languages.	2.1.0	86.329937134186	14	4	12	2	anoop4real		MIT	2022-01-13T16:19:36.000Z
734	matomo_tracker	A fully cross-platform wrap of the Matomo tracking client for Flutter, using the Matomo API.	2.0.0	86.32126598742683	18	11	8	0	Floating-Dartists	floating-dartists.dev	MIT	2022-12-02T16:13:09.000Z
735	msh_checkbox	An animated checkbox, inspired by BEMCheckbox for iOS, using an API similar to Flutter's own Checkbox.	2.0.0	86.29091697376978	11	4	3	0	HornMichaelS		MIT	2022-12-14T18:52:36.000Z
736	google_sign_in_mocks	Mocks for Google Sign In. Use this package with `firebase_auth_mocks` to write unit tests involving Firebase Authentication.	0.2.1	86.23455451983524	17	6	9	4	atn832	wafrat.com	BSD-2-Clause	2022-08-20T09:17:39.000Z
737	animated_card	Package to animate the initialization of any widget, with the possibility of using a custom dismissible.	2.0.0	86.22588337307609	58	15	3	1	davidsdearaujo		MIT	2021-04-16T19:55:32.000Z
738	info_popup	The simple way to show the user some information on your selected widget.	2.4.6	86.21721222631693	36	9	1	0	SalihCanBinboga	salihcan.dev	MIT	2022-11-22T13:29:29.000Z
739	japx	Lightweight parser for the JSON:API (http://jsonapi.org/) structure.	2.0.5	86.20854107955778	34	22	11	3	infinum	infinum.com	MIT	2022-11-07T10:04:13.000Z
740	scribble	Scribble is a lightweight library for freehand drawing in Flutter supporting pressure, variable line width and more!	0.9.1	86.1998699327986	106	73	18	9	fyzo-dev	fyzio.de	MIT	2022-12-02T11:21:07.000Z
741	google_language_fonts	Include easily Google Fonts which are compatible with your languages.	2.0.0	86.16084977238239	12	1	0	0	mzdm		Apache-2.0	2021-06-16T18:58:21.000Z
742	http_status_code	HTTP Status Codes	0.0.2	86.15651419900281	9	3	3	0	salkuadrat		MIT	2021-10-30T10:07:24.000Z
743	camcode	A camera barcode scanner for Flutter Web using your favorite Javascript library	3.0.0	86.14784305224366	40	10	9	8	PiotrFLEURY		BSD-3-Clause	2022-07-23T18:21:05.000Z
744	gql_websocket_link	GQL Websocket Link	0.3.4+1	86.13050075872533	8	240	99	56	gql-dart	gql-dart.dev	MIT	2022-12-03T23:04:15.000Z
745	patrol	Simple yet powerful Flutter-native UI testing framework eliminating limitations of flutter_test, integration_test, and flutter_driver.
	0.10.3	86.12616518534576	132	250	22	83	leancodepl	leancode.co	Apache-2.0	2022-12-17T13:23:58.000Z
746	flutter_custom_cards	Flutter Custom Cards help developers to create beautiful custom cards and 3D cards with flutter.	0.2.1	86.11315846520702	12	2	0	0	pktintali	studentmitra.in	MIT	2021-11-21T05:31:04.000Z
747	tabbed_view	Flutter widget inspired by the classic Desktop-style tab component. Supports customizable themes.	1.15.0	86.10882289182744	59	29	9	5	caduandrade	caduandrade.net	MIT	2022-11-20T14:30:02.000Z
748	multi_image_picker_view	A complete widget which can easily pick multiple images from device and display them in UI. Also picked image can be re-ordered and removed easily.	0.0.6	86.10015174506829	17	8	4	2	shubham-gupta-16		MIT	2022-08-27T08:00:46.000Z
749	tabbar	Simple tabbar, rewritten using pagecontroller and facilitating internal PageView manipulation	0.1.1	86.06546715803165	22	7	11	3	davidsdearaujo		MIT	2021-03-26T16:38:37.000Z
750	humanizer	A library to convert Dart values into human-friendly representations.	2.0.0	86.06113158465207	39	18	2	0	kentcb	kent-boogaart.com	MIT	2022-05-12T08:41:27.000Z
751	stream_chat	The official Dart client for Stream Chat, a service for building chat applications.	5.1.0	86.0567960112725	58	653	237	75	GetStream	getstream.io	NOASSERTION	2022-12-16T14:41:48.000Z
752	flutter_scale_tap	Scale and opacity animated Button for Flutter	1.0.5	86.04812486451333	24	7	4	3	fedeamura		MIT	2022-09-19T10:17:19.000Z
753	firebase_storage_mocks	Mocks for Firebase Storage. Use this package to write unit tests involving Firebase Storage.	0.6.0+1	86.0351181443746	16	8	19	5	atn832	wafrat.com	BSD-2-Clause	2022-11-29T06:34:12.000Z
754	flutter_timeline	a fully customizable & general timeline widget, based on real-world application references	0.3.0	86.01777585085627	124	281	24	6	softmarshmallow	softmarshmallow.com	MIT	2021-11-13T13:31:12.000Z
755	flutter_tagging	A flutter package with tagging or multiselect functionality. Useful for adding Tag or Label Selection Forms.	3.0.0	85.97442011706048	177	149	47	17	sarbagyastha	sarbagyastha.com.np	BSD-3-Clause	2021-10-04T11:12:52.000Z
756	test_process	Test processes: starting; validating stdout and stderr; checking exit code	2.0.3	85.9700845436809	8	15	11	1	dart-lang	tools.dart.dev	BSD-3-Clause	2022-11-01T15:02:42.000Z
757	flagsmith	Flutter Client SDK for https://www.flagsmith.com/, Flagsmith is 100% Open Source. Host yourself or let us take care of the hosting.	3.0.3	85.96574897030132	15	13	7	3	Flagsmith	flagsmith.com	BSD-3-Clause	2022-11-30T09:14:20.000Z
758	stream_feed_flutter_core	Stream Feed official Flutter SDK Core. Build your own feed experience using Dart and Flutter.	0.8.0	85.95274225016259	10	67	25	31	GetStream	getstream.io	NOASSERTION	2022-11-15T01:27:16.000Z
759	flutter_randomcolor	A flutter package for generating attractive random colors. it can be used for data visualization, generative and lot more.	1.0.14	85.93539995664426	12	7	3	1	DAMMAK	dammak.dev	MIT	2022-07-31T19:36:45.000Z
760	objectbox_sync_flutter_libs	Fast Flutter database for persisting Dart objects. This package contains Flutter runtime libraries for ObjectBox, including ObjectBox Sync.	1.7.0	85.86603078257099	8	719	86	54	objectbox	objectbox.io	Apache-2.0	2022-12-16T15:46:25.000Z
761	pusher_beams	Official Flutter Plugin for Pusher Beams, receive notifications easily on your Flutter application with Pusher Beams.	1.1.1	85.82701062215477	18	8	11	7	pusher	pusher.com	MIT	2022-09-19T13:11:43.000Z
762	algorand_dart	Unofficial community SDK to interact with the Algorand network, for Dart & Flutter	1.0.3	85.8226750487752	31	35	11	3	RootSoft		MIT	2022-12-15T14:02:19.000Z
763	f_datetimerangepicker	Date and Time Range Picker for Flutter using Cupertino. Support pick date range, time range, date and time range.	0.2.0	85.77498374159983	36	20	8	7	longphanmn		Apache-2.0	2021-09-06T08:08:04.000Z
764	card_scanner	Fast, Accurate and Secure Credit & Debit card scanning library for flutter.	0.2.2	85.76631259484067	96	81	66	27	nateshmbhat		GPL-3.0	2021-05-29T23:53:21.000Z
765	theme_tailor_annotation	Annotations for the Theme Tailor code-generator. This package does nothing without Theme Tailor.
	1.0.3	85.74463472794277	8	33	7	5	Iteo	iteo.com	MIT	2022-12-13T13:45:39.000Z
766	nfc_in_flutter	Flutter plugin to read and write NFC tags on both Android and iOS. Currently it only supports reading NDEF formatted tags.	2.0.5	85.73596358118361	103	113	108	61	semlette	semler.dev	MIT	2021-05-22T20:19:03.000Z
767	drawing_animation	An dart-only library for gradually painting SVG path objects on canvas (drawing line animation).	1.0.1	85.70995014090613	180	440	97	8	biocarl		BSD-2-Clause	2022-10-08T12:14:17.000Z
768	open_app_settings	A remaster plugin of app_settings. app_setting use Kotlin and Swift may cause build issue, so this plugin used Java and ObjC.	2.0.1	85.70127899414697	6	3	2	0	mjl0602		MIT	2021-12-30T03:56:28.000Z
769	horizontal_picker	You can select your value on Horizontal Picker while scrolling on items.	1.2.0	85.6969434207674	53	10	6	3	leventkantaroglu	leventkantaroglu.com	BSD-3-Clause	2022-06-27T17:45:26.000Z
770	advance_image_picker	Flutter plugin in pure Dart code for selecting/editing multiple images from the Android/iOS image library and taking new pictures with the camera in the same view.	0.1.7+1	85.66659440711034	102	90	32	15	weta-vn	weta.vn	BSD-3-Clause	2022-10-15T16:04:24.000Z
771	openapi_dart_common	OpenAPI API common libraries so the generator doesn't generate them	4.1.2	85.66225883373076	4	4	5	0	dart-ogurets	bluebiscuitdesign.dev	BSD-2-Clause	2022-07-23T06:32:33.000Z
772	msal_flutter	A Microsoft Authentication Library wrapper for Android and iOS	2.0.1	85.64925211359203	18	4	7	4	Muljin	muljin.com	BSD-3-Clause	2022-11-21T09:41:41.000Z
773	flutter_number_picker	A new custom Flutter Number Picker plugin by using add and minus buttons.	1.0.4	85.62757424669412	15	2	7	1	phuongtinhbien	phvit.blogspot.com	MIT	2022-07-04T10:29:00.000Z
774	touchable_opacity	This widget lets you provide a more visual feedback to users when they interact with your app, similar to TouchableOpacity in React Native.	1.2.0	85.61023195317581	13	14	2	1	nkshah2		BSD-2-Clause	2021-03-15T15:18:03.000Z
775	flutter_scroll_shadow	ScrollShadow adds shadows to a scrollable child. Supports ScrollController and vertical or horizontal orientation.	1.0.2	85.60156080641664	9	4	1	0	rickypid	rcprogrammer.net	BSD-3-Clause	2022-01-25T12:39:32.000Z
776	interact	A collection of customizable interactive command-line components.	2.1.1	85.57988293951875	42	70	6	5	frencojobs	frenco.dev	MIT	2022-10-05T12:51:01.000Z
777	cached_network_image_builder	A widget to cache your network image check it if it has already stored with downloading it through basic http request, so doesn't need to download it again.	0.2.0	85.5712117927596	17	3	3	1	malibayram91	dershub.com	MIT	2021-09-26T07:43:49.000Z
778	squadron	Multithreading and worker thread pool for Dart / Flutter, to offload CPU-bound and heavy I/O tasks to Isolate or Web Worker threads.	4.3.3	85.55820507262085	43	28	0	0	d-markey		MIT	2022-11-30T23:45:23.000Z
779	youtube_player_flutter_quill	Flutter plugin for playing or streaming inline YouTube videos using the official iFrame player API. This plugin supports both Android and iOS.	8.2.2	85.54519835248212	5	555	564	311	sarbagyastha		BSD-3-Clause	2022-12-12T15:34:31.000Z
780	flutter_hls_parser	dart plugin for parse m3u8 file for HLS. both of master and media file is supported.	2.0.0	85.48016475178842	19	12	3	1	HiroyukiTamura		Apache-2.0	2022-10-25T10:50:40.000Z
781	video_editor_sdk	The official Flutter plugin for VideoEditor SDK. Integrate the video editor into your own iOS or Android app - in minutes!	2.7.1	85.43247344461305	28	15	25	1	imgly	img.ly	NOASSERTION	2022-11-01T15:43:33.000Z
782	flutter_animated_icons	Collection of 2400+ animations for your icons and buttons. They are implemented by Lottie animation. Effective icon animation tells a clear story amplifying the intended UX.	1.0.1	85.41946672447432	115	8	2	1	iconforest	iconforest.flutterplay.com	MIT	2022-07-24T16:14:57.000Z
783	redux_saga	redux_saga is a library that aims to make application side effects easier to manage, more efficient to execute, easy to test, and better at handling failures.	3.0.6	85.39778885757642	29	34	6	0	reduxsaga		MIT	2022-01-04T14:27:12.000Z
784	tim_ui_kit	UI components library and basic chat business logic for Tencent Cloud Chat service, helping you build In-APP Chat module easily.	1.0.1	85.37611099067853	15	19	4	0	TencentCloud	comm.qq.com	Apache-2.0	2022-12-07T09:13:26.000Z
785	flutter_advanced_calendar	An advanced calendar provides a rich API for widget customization that opens a new look and feel in your app.	1.3.0	85.35443312378061	36	13	12	2	alex-melnyk	alexmelnyk.io	BSD-3-Clause	2022-10-17T13:53:03.000Z
786	flutter_translate_annotations	Defines the annotations used by flutter_translate_gen to create statically-typed localization keys.	2.1.0	85.34576197702147	2	6	7	0	Jesway	jesway.com	NOASSERTION	2021-12-11T11:54:21.000Z
787	melos	A tool for managing Dart & Flutter repositories with multiple packages (monorepo). Supports automated versioning via Conventional Commits. Inspired by JavaScripts Lerna package.	2.9.0	85.32408411012356	296	709	123	46	invertase	invertase.io	Apache-2.0	2022-12-09T19:13:05.000Z
788	system_info_plus	A flutter plugin to get device (system) info including Random access memory (RAM).	0.0.5	85.30240624322568	8	2	0	0	SebghatYusuf		BSD-3-Clause	2022-05-05T13:44:36.000Z
789	livechatt	A livechat package for embedding mobile chat window in your mobile application.	1.4.0	85.28939952308693	28	8	10	8	Mastersam07	mastersam.tech	MIT	2021-12-12T01:56:21.000Z
790	zego_uikit_signaling_plugin	ZegoUIKitSignalingPlugin is a low-code plugin collection that provides the signal related function extensions for ZegoUIKit, helps you to integarte features easier and faster.	1.1.0	85.26772165618904	4	1	0	1	ZEGOCLOUD	zegocloud.com	MIT	2022-12-12T07:20:13.000Z
791	nyxx_commander	Nyxx Commander Module. Discord library for Dart. Simple, robust framework for creating discord bots for Dart language.	3.0.0	85.26338608280946	5	264	40	4	nyxx-discord	l7ssha.xyz	Apache-2.0	2022-12-12T17:07:06.000Z
792	polyline_do	Polyline encoding algorithm for encoding and decoding a list of coordinates	0.1.0	85.25905050942987	21	4	0	1	Klerith	fernando-herrera.com	NOASSERTION	2021-08-31T23:29:39.000Z
793	flutter_map_dragmarker	Dragmarker class for flutter_map	4.1.2	85.24170821591154	10	40	26	8	ibrierley		BSD-3-Clause	2022-11-10T14:49:13.000Z
794	flrx_validator	A powerful, extensible validator package to get validation messages based on a list of rules.
	0.6.0	85.17667461521786	4	12	0	14	flrx		MIT	2022-12-11T01:39:56.000Z
795	permission_handler_web	My implementation of web part for permission_handler	0.0.2	85.15933232169954	1	0	0	0	johnwcchau		MIT	2022-07-11T04:57:08.000Z
796	in_date_utils	Utils for DateTime. Easily modify, check and copy dates. Get numbers of days in year/month. And many more.	1.1.0	85.13765445480165	16	3	0	0	Innim	innim.ru	BSD-3-Clause	2022-06-15T17:42:48.000Z
797	envied_generator	Generator for the Envied package. See https://pub.dev/packages/envied.	0.3.0	85.13331888142207	5	30	15	3	petercinibulk		MIT	2022-11-28T17:56:33.000Z
798	rate_limiter	A pure dart package to apply useful rate limiting strategies on regular functions.	1.0.0	85.11597658790376	37	24	4	0	GetStream	getstream.io	MIT	2022-12-14T13:07:39.000Z
799	flex_seed_scheme	A more flexible version of Flutter's ColorScheme.fromSeed, use multiple seed colors, custom chroma and tone mapping.	1.1.0	85.11164101452418	21	9	0	0	rydmike	rydmike.com	NOASSERTION	2022-11-19T20:22:54.000Z
800	data_connection_checker_nulls	A pure Dart library that checks for internet by opening a socket to a list of specified addresses, each with individual port and timeout. Defaults are provided for convenience.	0.0.2	85.10730544114459	5	0	0	0	AntiDesert5		NOASSERTION	2022-03-04T19:47:53.000Z
801	compute	Flutter's compute function made available for all non-Flutter Dart programs	1.0.2	85.10296986776501	12	6	0	1	dartsidedev	dartside.dev	BSD-3-Clause	2022-08-14T13:21:31.000Z
802	simple_icons	The Simple Icon pack available as Flutter Icons. Provides over 1500 Free SVG icons for popular brands.	7.10.0	85.09429872100586	65	18	1	3	jlnrrg	teavelopment.com	CC0-1.0	2022-12-12T04:02:35.000Z
803	flutter_to_airplay	Flutter plugin that offers two widgets, one to play a video for given url or file path using native AVPlayer and second with an option to airplay it on available Apple devices.	2.0.2	85.07695642748754	19	19	11	8	MrJai		MIT	2022-02-25T11:46:16.000Z
804	mad_pay	Mad Pay will help you make payments through Apple Pay and Google Pay	2.2.14	85.0639497073488	58	23	13	2	MadBrains	madbrains.ru	MIT	2022-11-25T09:39:47.000Z
805	map_pin_picker	A Flutter package for creating pin in map center and animate it with map movement so the user can select his location  .	0.0.1	85.03793626707133	36	0	5	1	pharous-flutter	pharous.com	MIT	2021-01-31T20:25:58.000Z
806	fl_toast	A simple yet powerful Toast Library for Flutter. Works in all the platforms	3.1.0	85.03360069369174	24	12	2	1	bdlukaa	bdlukaa.dev	BSD-3-Clause	2022-07-13T15:35:57.000Z
807	alfred	A performant, expressjs like web server / rest api framework thats easy to use and has all the bits in one place.	1.0.0+1	85.00758725341426	283	446	23	9	rknell		NOASSERTION	2022-12-05T11:26:39.000Z
808	dart_jts	An ongoing effort to port the Java Topology Suite to the dart programming language and make it available to its mobile, dektop and web environments.	0.2.1+1	84.9772382397572	17	18	12	5	moovida	hydrologis.com	NOASSERTION	2022-08-08T22:51:21.000Z
809	flutter_joystick	A virtual joystick for Flutter applications. Highly flexible and customizable.	0.0.2	84.95122479947973	24	9	4	2	pavelzaichyk	rebeloid.com	MIT	2022-01-22T11:41:49.000Z
810	auth	Authorization Library Package to log into Google, Facebook, or by Username and Password.	8.2.0	84.92087578582269	48	46	13	3	AndriousSolutions	andrioussolutions.com	NOASSERTION	2022-12-14T19:49:06.000Z
811	twitter_api_v2	The most famous and powerful Dart/Flutter library for Twitter API v2.0.	4.7.0	84.9165402124431	50	137	25	7	twitter-dart	shinyakato.dev	BSD-3-Clause	2022-12-12T00:57:33.000Z
812	odoo_rpc	Odoo RPC Client library for Dart with session changes tracking via steam.	0.5.1	84.90353349230436	31	24	20	5	ERP-Ukraine	erp.co.ua	MIT	2022-10-14T09:02:42.000Z
813	animated_icon	This package support a animated icon with some customization like color, animate, hover, callback.	0.0.4	84.89486234554519	32	11	4	0	Mindinventory	mindinventory.com	MIT	2022-08-03T08:47:53.000Z
814	screen_recorder	Record your Flutter widgets and export the recordings as a GIF	0.2.0	84.87752005202688	76	28	11	4	ueman	uekoetter.dev	MIT	2022-11-29T15:24:14.000Z
815	qiscus_chat_sdk	The Scalable In-App Chat SDK for Mobile & Web	2.0.1	84.86884890526773	6	11	6	1	qiscus		Apache-2.0	2022-11-16T08:34:53.000Z
816	hive_listener	A tiny widget to listen hive box changes, using the ValueListenableBuilder with removing unnecessary parts of it, like context and child widget of it.	1.2.1	84.86017775850856	17	7	2	1	malibayram91	dershub.com	MIT	2021-06-21T12:33:17.000Z
817	pdftron_flutter	A convenience wrapper to build Flutter apps that use the PDFTron mobile SDK for smooth, flexible, and stand-alone document viewing.	1.0.1-4	84.80381530457403	31	154	31	8	PDFTron	pdftron.com	NOASSERTION	2022-12-16T18:15:19.000Z
818	scaled_list	A Horizontal List view With Lots of modification including a scaled current item and curved custom painting.	2.0.0	84.77780186429655	97	35	6	1	hosain-mohamed		MIT	2022-06-07T23:24:50.000Z
819	hooked_bloc	Flutter package that simplifies injection and usage of Bloc/Cubit.	1.3.0	84.73011055712118	52	43	1	0	Iteo	iteo.com	MIT	2022-12-13T10:48:35.000Z
820	spannable_grid	Custom grid widget that allows it's cells to span columns and rows and supports editing.	0.3.0	84.69976154346412	56	17	7	3	echedev	eche.dev	MIT	2022-02-21T13:54:50.000Z
821	flutter_assurance	Official Adobe Experience Platform support for Flutter apps. Assurance is a new, innovative product from Adobe to help you easily validate SDK implementations.	2.0.1	84.67808367656623	3	3	6	0	adobe	adobe.com	Apache-2.0	2022-01-15T01:54:27.000Z
822	flutter_dialpad	A phone dialer widget that can be added to any Flutter Application to enable ability to dial a number. This could be combined with a voip application to enable placing calls.	1.0.4	84.67374810318664	21	25	22	3	eopeter	eopeter.com	BSD-3-Clause	2022-02-21T14:57:37.000Z
823	quick_usb	A cross-platform (Android/Windows/macOS/Linux) USB plugin for Flutter	0.4.0	84.62605679601127	58	39	27	5	woodemi	woodemi.com	BSD-3-Clause	2022-06-20T00:07:55.000Z
824	flutter_spinning_wheel	A customizable widget to use as a spinning wheel in Flutter.	1.1.0	84.61738564925211	84	110	59	12	davidanaya		MIT	2021-12-27T17:42:15.000Z
825	modern_form_esys_flutter_share	A Flutter plugin for sharing images & text with other applications.	1.1.2	84.59570778235421	6	0	2	2	apps-auth	appsauth.com	Apache-2.0	2022-01-23T17:07:20.000Z
826	pinch_zoom_release_unzoom	A Widget to let you have a pinch to zoom that returns to the old size after the pinch has ended. Is very similar to the way you can zoom pictures on instagram	0.0.10	84.58270106221548	19	7	1	0	ivofernandes	incaview.com	Apache-2.0	2022-09-29T22:47:27.000Z
827	image_compare	Dart package for image comparison. Compare images for difference using a variety of algorithms.	1.1.2	84.57402991545632	32	17	1	3	nitinramadoss		BSD-3-Clause	2022-05-09T12:38:16.000Z
828	animated_login	Animated Login for Flutter. You can welcome your users with this beautiful animated screen that gives functionality for both login and sign up.	1.5.5	84.56969434207674	107	90	22	2	bahricanyesil		MIT	2022-10-19T19:48:27.000Z
829	airship_flutter	Cross-platform plugin interface for the native Airship iOS and Android SDKs. Simplifies adding Airship to Flutter apps.	6.2.1	84.556687621938	9	17	11	7	urbanairship	airship.com	NOASSERTION	2022-12-14T10:10:29.000Z
830	flutter_3d_choice_chip	Simple 3D choice chip for Flutter with customizable color themes and sizing.	0.1.4	84.54368090179926	13	2	0	0	matwright	matwright.dev	MIT	2021-09-20T15:57:03.000Z
831	day	A date library Day.js in dart. Day.dart is inspired by Day.js. Write with nearly the same API. Build on the top of the powerful DateTime class.	0.8.0	84.4959895946239	18	60	3	0	dayjs		MIT	2022-02-04T03:55:29.000Z
832	talker	Advanced and simple error handler and logger for dart and flutter apps with history, sharing, customization, etc.	2.1.0+1	84.47864730110557	87	99	7	4	Frezyx	frezycode.com	MIT	2022-12-14T14:43:38.000Z
833	flutter_flurry_sdk	A Flutter plugin for Flurry Analytics SDK. Flurry Push for messaging and Flurry Config for remote configuration are supported by our plugin as well!	3.0.0	84.47431172772599	18	5	1	1	flurry		Apache-2.0	2022-10-28T20:14:24.000Z
834	nice_buttons	A beautiful, animated, and customizable 3D button for your flutter project with a built-in progress indicator and nice on press animations.	0.0.2	84.43962714068935	39	3	1	0	voonic	encerge.com	MIT	2021-08-05T15:58:04.000Z
835	native_video_view	A video player widget displayed using the platform native player (VideoView in Android and AVPlayer in iOS).	1.0.5	84.4309559939302	40	28	26	14	LJaraCastillo		MIT	2022-02-23T13:22:29.000Z
836	babylonjs_viewer	3D Model Rendering with BabylonJS Viewer	1.1.4	84.42662042055062	39	18	4	6	MarlonJD	radlof.com	MIT	2022-07-29T08:48:40.000Z
837	postgrest	PostgREST client for Dart. This library provides an ORM interface to PostgREST.	1.2.1	84.36158681985692	72	126	31	0	supabase	supabase.io	MIT	2022-11-29T04:26:37.000Z
838	saf	Flutter plugin that leverages Storage Access Framework (SAF) API to get access and perform the operations on files and folders.	1.0.3+4	84.33123780619987	29	8	6	10	ivehement	ivehement.com	MIT	2022-11-11T12:39:07.000Z
839	breakpoint	A Flutter plugin to calculate the material design breakpoints.	1.2.0	84.31389551268154	74	106	9	2	fluttercommunity	fluttercommunity.dev	MIT	2022-02-16T01:30:26.000Z
840	mask	This project is for you to be able to make validations and formatting in a simple and easy way in your projects	1.0.4	84.29221764578365	19	3	0	0	welitonsousa		MIT	2022-10-23T14:38:59.000Z
841	dropdown_search2	Simple and robust Searchable Dropdown with item search feature, making it possible to use an offline item list or filtering URL for easy customization.	1.0.2	84.2835464990245	4	0	1	0	artflutter		MIT	2022-03-06T19:29:49.000Z
842	circular_clip_route	A page route, which reveals its page by expanding a circular clip from an anchor widget.	0.2.0+3	84.23585519184911	103	26	2	0	blaugold	gabriel.terwesten.net	MIT	2022-06-12T23:31:48.000Z
843	photo_editor_sdk	The official Flutter plugin for PhotoEditor SDK. Integrate the photo editor into your own iOS or Android app - in minutes!	2.7.1	84.23151961846955	59	17	11	0	imgly	img.ly	NOASSERTION	2022-10-19T12:56:35.000Z
844	flutter_native_screenshot	A Flutter plugin to take screenshot on Android & iOS with natively code.	1.1.2	84.22284847171039	6	4	2	0	nusanet	nusa.net.id	MIT	2021-12-31T03:16:51.000Z
845	push_notification	Library for implementing push notifications. The module contains the main work with push notifications.	1.1.1	84.2185128983308	51	19	3	2	surfstudio	surf.ru	Apache-2.0	2022-05-18T14:20:57.000Z
846	sticky_infinite_list	Infinite list with sticky headers that can be rendered any direction. Supports header positioning.
Can be customized or with config options or with override.	4.0.1	84.21417732495122	91	290	25	2	TatsuUkraine		BSD-2-Clause	2021-04-18T21:25:02.000Z
847	overlay_tutorial	A Flutter package for displaying overlay tutorial by cutting a hole on widget. It allows also to add hint aside the hole.	3.0.0	84.20117060481249	56	9	8	0	TabooSun	tech-creator.com	BSD-3-Clause	2022-05-12T14:42:44.000Z
848	derry	A script manager to help you define script shortcuts and use them effortlessly, and performantly.	1.4.3	84.14914372425754	157	160	18	10	frencojobs	frenco.dev	MIT	2022-10-31T19:59:18.000Z
849	gradient_progress_indicator	This package shows a circular progress indicator with gradient colors, and it is possible insert texts inside that.	1.0.0+5	84.14480815087796	13	2	3	0	otonielduarte		MIT	2021-07-12T14:48:42.000Z
850	walletconnect_secure_storage	Securely store WalletConnect sessions in your Flutter applications using walletconnect_dart.	1.0.0	84.14047257749837	9	3	3	3	RootSoft		MIT	2022-11-16T16:43:15.000Z
851	bazel_worker	Protocol and utilities to implement or invoke persistent bazel workers.	1.0.2	84.1361370041188	2	19	16	0	dart-lang	tools.dart.dev	BSD-3-Clause	2022-11-10T17:43:12.000Z
852	orm	◭ Next-generation ORM for Dart & Flutter | PostgreSQL, MySQL, MariaDB, SQL Server, SQLite, MongoDB and CockroachDB.	2.4.6	84.12746585735964	54	148	4	21	odroe	odroe.com	BSD-3-Clause	2022-12-15T14:05:48.000Z
853	cli_script	Write scripts that call subprocesses with the ease of shell scripting and the power of Dart.	0.2.6	84.09711684370258	8	19	7	0	google	sass-lang.com	Apache-2.0	2022-10-07T04:50:24.000Z
854	shelf_hotreload	Wrapper to easily enable hot-reload for shelf applications.	1.3.0	84.08411012356383	35	25	3	0	felixblaschke	felix-blaschke.de	MIT	2022-06-13T18:09:16.000Z
855	swiping_card_deck	A widget for swiping through a deck of cards with gestures or buttons.	1.2.0	84.06243225666594	33	8	9	6	jushutch		BSD-3-Clause	2022-11-24T14:58:40.000Z
856	dashboard	Dynamic dashboard widget that allows your users to create their own layouts. Rezise, move, indirect resize/move, auto re-layout are supported.	0.0.2+5	84.01474094949057	72	33	9	4	Mehmetyaz	styledart.dev	Apache-2.0	2022-11-24T21:42:51.000Z
857	talker_flutter	Flutter extensions for talker. Advanced and simple error handler and logger for dart and flutter apps with history, sharing, customization, etc.	2.1.1	83.98439193583351	43	99	7	4	Frezyx	frezycode.com	MIT	2022-12-14T14:43:38.000Z
858	cbl	Couchbase Lite is an embedded, NoSQL JSON Document Style database, supporting Blobs, Encryption, N1QL Queries, Live Queries, Full-Text Search and Data Sync.	2.1.3	83.98005636245394	45	72	10	29	cbl-dart	gabriel.terwesten.net	Apache-2.0	2022-12-16T21:42:23.000Z
859	splash_view	A splash view is the first screen the user sees when the application is launched.	2.0.1	83.94970734879688	26	3	1	0	chouhan-rahul	rahulchouhan.me	MIT	2022-09-30T05:13:27.000Z
860	windows_taskbar	Flutter plugin serving utilities related to Windows taskbar.	1.1.1	83.88900932148276	60	106	8	0	alexmercerind		MIT	2022-12-03T18:10:57.000Z
861	flutter_circular_slider	A customizable widget to select intervals in a circular line.	2.5.0	83.84565358768697	73	193	65	20	davidanaya		MIT	2021-05-04T09:36:24.000Z
862	qonversion_flutter	Flutter plugin to implement in-app subscriptions and purchases. Validate user receipts and manage cross-platform access to paid content on your app. Android & iOS.	5.0.0	83.81530457402991	31	82	17	1	qonversion	qonversion.io	MIT	2022-12-14T08:29:13.000Z
863	stash	Stash is a key-value store abstraction with plain and cache driven semantics  and support for a pluggable backend architecture.	4.4.1	83.80229785389118	120	72	10	0	ivoleitao	ivoleitao.dev	MIT	2022-12-05T23:19:18.000Z
864	scrollable_list_tab_scroller	Customizable Flutter widget which synchronize a scrollable grouped items list with tabs	1.1.0	83.78495556037286	29	3	1	0	railson-ferreira	railson.dev	MIT	2022-11-10T03:04:06.000Z
865	dialogflow_grpc	Flutter package for Dialogflow CX, V2 and V2beta using gRPC. A faster integration with the Dialogflow API and also the possibility to do audio streaming.	0.2.9	83.76761326685454	31	4	6	5	savelee	leeboonstra.dev	Apache-2.0	2021-07-15T09:55:47.000Z
866	typesense	Dart client library for accessing the HTTP API of Typesense search engine.	0.2.0	83.76327769347496	28	39	9	7	typesense		Apache-2.0	2022-09-14T00:32:40.000Z
867	videos_player	A flutter package to display list of video with help of chewie and video player	0.1.3	83.7546065467158	50	24	6	1	danyalxahid		BSD-3-Clause	2021-03-04T08:58:17.000Z
868	icon	An extended Icon "too" for those that are not actually square, plus shadows support + neat Icon extension operators.	2.2.1	83.73726425319748	12	0	2	1	Zabadam	zaba.app	BSD-3-Clause	2021-08-04T23:01:04.000Z
869	network_tools	Networking Tools library which can help you discover open ports, devices on subnet and many other things.	3.0.0+3	83.70691523954042	20	28	7	8	osociety	fsoc13ty.blogspot.com	BSD-3-Clause	2022-11-28T15:25:37.000Z
870	flutter_floating_bottom_bar	A flutter package that allows showing a floating widget that can be used as a tab bar, bottom navigation bar, etc. The widget reacts to scrolling events too.	1.1.0	83.69824409278127	91	9	4	1	codenameakshay	hashstudios.dev	MIT	2022-08-09T05:58:36.000Z
871	lehttp_overrides	A Flutter package to resolve Let's Encrypt SSL certificate problems with Android 7.1.1 and below	1.0.2	83.68523737264253	18	8	2	0	netfarm		MIT	2021-10-22T16:42:54.000Z
872	bs58	Dart package to compute base 58 encoding. This encoding is typically used for crypto currencies such as Bitcoin.	1.0.2	83.68090179926295	6	1	1	0	litaoh		MIT	2021-11-17T01:16:52.000Z
873	i18next	A localization formatter based on the i18next standard. It is not yet a fully i18n tool only the formatting itself.	0.6.1	83.66789507912421	9	3	2	1	williamhjcho		Apache-2.0	2022-11-17T12:05:26.000Z
874	word_break_text	A Flutter Text widget support word break for CJK. Based on Wrap with Text widget	0.1.0	83.6505527856059	13	5	2	0	ChangJoo-Park		MIT	2022-08-12T07:30:01.000Z
875	flutter_advanced_avatar	An advanced avatar provides a rich API for widget customization that opens a new look and feel in your app.	1.1.0	83.64621721222632	63	9	2	1	alex-melnyk	alexmelnyk.io	BSD-3-Clause	2022-04-14T20:06:42.000Z
876	flutter_login_vk	Login via VK.com. Easily add VK login feature in your application. User profile information included.	2.2.1+1	83.64188163884674	43	16	13	10	Innim	innim.ru	BSD-3-Clause	2022-11-28T15:30:51.000Z
877	fast_cached_network_image	A flutter package to cache network image fastly without any native dependencies.You can add beautiful loaders, percentade indicators and error builder.	1.0.1	83.61153262518968	39	3	2	4	CHRISTOPANANJICKAL		MIT	2022-10-14T11:43:03.000Z
878	cbl_flutter	Flutter Plugin for Couchbase Lite, an embedded, NoSQL JSON Document Style database, supporting Blobs, Encryption, N1QL Queries, Live Queries, Full-Text Search and Data Sync.	2.0.2	83.60286147843053	27	72	10	29	cbl-dart	gabriel.terwesten.net	Apache-2.0	2022-12-16T21:42:23.000Z
879	circle_checkbox	Make Material CheckBox Circle	0.0.2+1	83.59852590505095	0	3	1	1	redevRx		MIT	2021-05-28T09:05:10.000Z
880	flutter_bugfender	Flutter plugin to enable Bugfender reporting (iOS, Android and web support).	2.1.0	83.56384131801431	12	8	12	1	bugfender	bugfender.com	BSD-3-Clause	2022-06-13T08:37:07.000Z
881	flutter_broadcasts	A plugin for sending and receiving broadcasts with Android intents and iOS notifications.	0.3.0	83.55517017125514	11	5	3	1	kevlatus	kevlatus.de	MIT	2022-10-02T21:36:14.000Z
882	fast_csv	Classic non-configurable CSV parser suitable for most use cases. Pretty fast parsing.	0.1.44	83.51615001083893	10	3	0	0	mezoni		BSD-3-Clause	2022-06-04T13:45:44.000Z
883	collision	Collision Detection and 2D geometry library for Dart and/or Flutter.	0.0.3	83.5031432907002	1	1	2	0	xclud		MIT	2021-05-22T15:59:53.000Z
884	sms_user_consent	Request user's phone number (supports dual sim) and/or consent to read SMS without adding any permissions	0.1.0	83.49013657056146	79	8	16	5	pharshdev		MIT	2022-11-28T17:15:52.000Z
885	fl_downloader	A plugin to download files using the native capabilities. URLSession on iOS and DownloadManager on Android	1.1.1	83.44678083676567	10	2	5	2	inceptusp	inceptusp.dev	BSD-3-Clause	2022-12-01T20:51:41.000Z
886	dynamic_cached_fonts	A font loader to download, cache and load web fonts in flutter with support for Firebase Cloud Storage.	1.0.0	83.43377411662692	19	16	7	7	sidrao2006	sidrao2006.ml	BSD-3-Clause	2022-12-12T03:09:24.000Z
887	colours	An extended version of Flutter Colors with more swatches and more flexibility to generate your own custom swatch.	0.0.2	83.42510296986777	20	4	3	0	salkuadrat		BSD-2-Clause	2021-05-19T14:26:53.000Z
888	time_formatter	Format UNIX timestamps into human-readable strings in Dart; inspired by YouTube's time formatting habits.	1.0.0+5	83.40342510296986	38	9	11	5	tpscrpt		GPL-2.0	2021-05-11T11:25:47.000Z
889	introduction_slider	Introduction/Onboarding slider package for flutter application with several features.	2.0.1	83.3947539562107	54	6	6	2	chouhan-rahul	rahulchouhan.me	MIT	2022-12-07T12:57:27.000Z
890	posthog_flutter	Flutter implementation of Posthog client for iOS, Android and Web	2.0.3	83.38174723607197	7	20	12	9	PostHog		MIT	2022-11-03T17:26:45.000Z
891	page_flip_builder	A custom Flutter widget that enables interactive page-flip transitions in your app.	0.1.3	83.35139822241491	70	35	6	1	bizz84		MIT	2021-04-28T08:03:13.000Z
892	simple_grouped_listview	A package to display a grouped list of items. Provide a List, a grouper, and let it display it as a ListView, a GridView or anything else. Grouped by headers.
	2.0.0	83.30804248861912	9	3	1	0	quentin7b	quentin.klein.onl	MIT	2022-12-02T13:54:19.000Z
893	flutter_custom_carousel_slider	A carousel slider widget,support custom decoration suitable for news and blog.	1.2.0	83.2907001951008	16	39	0	0	coskuncay	justec.dev	MIT	2022-04-05T07:53:39.000Z
894	advstory	An advanced, complete story viewer. Has support for images, videos, custom widget contents, gestures, interceptors, listeners, manipulators and much more.	0.2.1	83.27769347496206	45	21	12	8	ertgrulll	sourcekod.com	MIT	2022-08-16T21:47:35.000Z
895	window_to_front	To have the application automatically bring itself to the front of the stack of application windows for Mac, Linux & Desktop.	0.0.3	83.27335790158247	9	1	0	0	sumitvekariya	devmonk.io	MIT	2021-05-07T04:06:30.000Z
896	page_animation_transition	Using this package, you can add beautiful page transitions to your application.	0.0.9	83.26902232820291	15	2	0	1	aayushkedawat		GPL-3.0	2022-04-19T15:33:23.000Z
897	wp_json_api	WordPress and WooCommerce JSON API for Flutter Mobile. API allows you to login, register new users, get users info and more.	3.2.0	83.25601560806417	31	23	9	0	woosignal	woosignal.com	BSD-2-Clause	2022-09-01T05:50:32.000Z
898	flutter_barcode_sdk	A Flutter plugin for Dynamsoft Barcode Reader SDK. It covers Android, iOS, Web, Windows, Linux and macOS, supporting linear barcode, QR Code, DataMatrix, MaxiCode, PDF417, etc.	2.2.0	83.25168003468458	97	34	11	0	yushulx	yushulx.me	MIT	2022-12-14T07:48:52.000Z
899	kotlin_flavor	An utility package for providing static extension methods familiar in Kotlin.	0.2.0	83.23867331454585	22	27	0	0	YusukeIwaki	dartpkg.yusuke-iwaki.com	MIT	2021-04-01T11:38:43.000Z
900	circle_flags	A collection of roundd flags	1.0.3	83.2300021677867	13	5	7	0	cedvdb		MIT	2022-12-07T01:51:31.000Z
901	ngdart	Fast and productive web framework by Google. Separate, but similar to the JavaScript framework with a similar name.	7.1.1	83.22133102102754	16	40	4	5	angulardart-community	angulardart.xyz	MIT	2022-12-03T19:31:43.000Z
902	queen_validators	collection of validation methods and rules for flutter form with ZERO extra widgets	1.0.1	83.21699544764796	67	21	9	3	FlutterQueen		MIT	2022-08-31T19:10:05.000Z
903	stash_memory	Memory storage extension for the stash API. Provides support to store vaults  and caches in-memory	4.4.1	83.19531758075004	4	72	10	0	ivoleitao	ivoleitao.dev	MIT	2022-12-05T23:19:18.000Z
904	charset	Multiple charset Encoding and Decoding Library.	1.1.0	83.19098200737048	11	9	0	0	shirne	shirne.com	Apache-2.0	2022-09-24T03:14:03.000Z
905	pdf_image_renderer	A package that allows fast and simple rendering of pdfs using the native renderers of the OS.	0.7.0	83.15629742033383	9	5	3	2	cloudacy	cloudacy.com	MIT	2022-11-05T15:31:41.000Z
906	safe_change_notifier	A safe drop-in replacement for Flutter's ChangeNotifier, that makes
notifyListeners() a no-op, rather than an error, after its disposal.
	0.2.0	83.14329070019511	2	7	2	1	ubuntu-flutter-community		MIT	2022-12-17T06:56:18.000Z
907	swipe_refresh	Set of widgets provides make refresh by using pull down gesture.	1.0.2	83.13461955343594	56	10	0	5	surfstudio	surf.ru	Apache-2.0	2022-08-15T12:52:16.000Z
908	dough	This library provides widgets that can be used to create a smooshy user interface.	1.0.3	83.0999349663993	352	524	21	3	josiahsrc	josiahsaunders.com	MIT	2022-05-17T19:48:54.000Z
909	control_style	Applies additional decoration to Flutter-based text fields, buttons and other controls. This allows for better interface customisation.	0.0.3	83.0782570995014	7	1	0	0	astoniocom		MIT	2022-10-12T17:11:11.000Z
910	model_viewer	A Flutter widget for rendering interactive 3D models in the glTF and GLB formats.	0.8.1	83.04357251246476	130	193	69	31	drydart	ar.to	Unlicense	2022-12-13T12:00:43.000Z
911	serial_port_win32	A SerialPort library using win32 API, for connecting real device by serial port. Only supports Windows.	0.5.2	83.00888792542814	24	18	3	5	FengChendian		BSD-3-Clause	2022-11-11T10:21:38.000Z
912	dart_bip32_bip44	Library implementing Bitcoins BIP32 (Hierarchical Deterministic key derivation) specification in a Flutter friendly fashion.	0.2.0	82.98721005853024	8	4	1	2	k1rak1ra		NOASSERTION	2021-07-07T01:13:49.000Z
913	cupertino_lists	Package that implements iOS-style grouped lists.	1.0.1	82.94818989811402	41	13	1	1	ivirtex	ivirtex.dev	MIT	2022-04-22T18:37:34.000Z
914	ff_stars	Star Evaluation Components. Powerful and easy to use. Highly customized.	3.0.0	82.93518317797529	2	70	1	0	flutting		MIT	2022-11-07T03:31:52.000Z
915	amplify_datastore_plugin_interface	The platform interface for the DataStore module of Amplify Flutter.	0.6.10	82.90916973769781	7	1128	176	192	aws-amplify	aws-amplify.com	Apache-2.0	2022-12-17T00:16:28.000Z
916	widget_loading	An easy way to hide a widget when you have nothing to show yet and need a loading animation at the same time.	0.3.2	82.89182744417948	56	9	1	0	SplashByte	splashbyte.dev	BSD-3-Clause	2022-06-13T11:09:16.000Z
917	nylo_framework	Micro-framework for Flutter that's built to simplify app development for Flutter projects.	3.4.0	82.8874918707999	42	24	5	1	nylo-core	nylo.dev	MIT	2022-12-08T20:08:25.000Z
918	flutter_pollfish	A Flutter plugin for rendering Pollfish surveys within an app	4.1.2	82.83980056362455	18	7	8	1	pollfish		NOASSERTION	2022-12-15T10:14:28.000Z
919	nuts_activity_indicator	Highly customizable activity indicator (spinner) for your Flutter apps based on the cupertino package.	1.0.0	82.8267938434858	11	2	4	0	dartsidedev	dartside.dev	BSD-3-Clause	2022-11-18T21:30:46.000Z
920	geocore	Geospatial data structures (points, geometry, features, meta) and parsers (GeoJSON, WKT) for Dart.	0.10.0	82.82245827010622	11	20	3	31	navibyte	navibyte.com	NOASSERTION	2022-12-02T20:19:03.000Z
921	commons	Commons Flutter package includes alert dialogs, extension functions and much more... Written by 'Ch Arbaz Mateen'	0.7.8+3	82.78777368306959	54	42	16	10	Arbaz-Softagics		GPL-3.0	2021-05-29T12:12:06.000Z
922	unleash	A Server Side Dart SDK for Unleash. Unleash is an open-source feature flag service.	0.4.1	82.75308909603295	16	11	8	5	ivarconr	getunleash.io	Apache-2.0	2022-11-06T20:09:00.000Z
923	gql_build	Useful builders for your GraphQL SDL and documents. Based on package:gql_code_builder and package:build	0.7.0	82.72707565575547	13	240	99	56	gql-dart	gql-dart.dev	MIT	2022-12-03T23:04:15.000Z
924	flutter_use	Collection of Flutter Hooks.	0.0.3	82.71406893561674	35	143	8	7	wasabeef	wasabeef.jp	Unlicense	2022-11-20T18:09:02.000Z
925	alchemist	A support package that aims to make golden testing in Flutter easier and more streamlined.	0.5.1	82.67071320182094	83	210	14	12	Betterment	betterment.dev	MIT	2022-11-16T15:54:00.000Z
926	item_selector	A generic item selector that works with ListView, GridView, Row, Column, or basically any parent widget that can have indexed child widgets.	0.2.0	82.64903533492304	32	5	5	1	jpnurmi		NOASSERTION	2021-09-02T10:57:04.000Z
927	storage_space	Get the free, available and total storage space for the device. Utility helpers for readable sizes	1.0.1+5	82.64036418816389	8	2	3	1	flowmobile	oodavid.com	NOASSERTION	2022-12-02T19:33:20.000Z
928	walletconnect_qrcode_modal_dart	Provides UI for DApps to easily connect to a supported Wallet apps through open WalletConnect protocol.	0.1.1	82.58833730760892	13	15	10	3	nextchapterstudio	thenextchapter.studio	MIT	2022-12-12T11:06:08.000Z
929	xid	Xid is a globally unique id generator. Xids are small, fast to generate, sortable, 
compact URL-safe string with no configuration or central generator server.
	1.0.12	82.56232386733146	15	5	2	0	pitabwire		MIT	2022-11-13T11:15:31.000Z
930	zebrautility	A flutter plugin for working with zebra printers	0.0.40	82.55798829395188	24	3	16	11	MythiCode		MIT	2022-09-28T14:53:16.000Z
931	colorfilter_generator	Collection of ColorFilter matrices that can be used with ColorFiltered and generator to create custom color filters.	0.0.8	82.55365272057229	6	2	3	1	hsbijarniya	ensorta.com	MIT	2022-03-15T12:46:37.000Z
932	at_commons	A library of Dart and Flutter utility classes that are used across other components of the atPlatform.	3.0.32	82.54064600043355	13	24	9	11	atsign-foundation	atsign.org	BSD-3-Clause	2022-12-15T11:45:19.000Z
933	mlkit_scanner	A Flutter plugin to detect barcodes, text, faces, and objects using Google MLKit API for iOS and Android	0.3.3	82.51463256015607	31	20	5	9	dns-technologies	dns-tech.ru	NOASSERTION	2022-11-09T15:15:26.000Z
934	email_otp	A fast & simple email authentication OTP sender and verification flutter package.	1.0.4	82.48428354649903	11	1	0	1	rohit-chouhan	rohitchouhan.com	MIT	2022-07-31T11:40:26.000Z
935	implicitly_animated_list	A Flutter widget that implicitly animates a list whenever it rebuilds with new items.	2.1.0	82.46260567960113	16	4	3	2	MarcelGarus		MIT	2021-04-06T17:47:11.000Z
936	ai_awesome_message	A new Awesome message widget that is sames to toast;snackbar;prompt of Flutter package.	3.0.0	82.45827010622155	34	6	6	1	pdliuw		BSD-3-Clause	2022-08-10T04:02:13.000Z
937	at_utils	A Dart library that contains various utility classes such as atSign, atmetadata, configuration, and logger.	3.0.11	82.44959895946239	7	24	9	11	atsign-foundation	atsign.org	BSD-3-Clause	2022-12-15T11:45:19.000Z
938	flutter_cashfree_pg_sdk	This is a new integration provided by Cashfree. If you are integrating with Cashfree PG for the first time, we recommend that you use this integration.	2.0.1+4	82.44526338608281	4	1	2	1	cashfree	cashfree.com	MIT	2022-12-17T05:05:20.000Z
939	ethereum_addresses	A dart library to generate, checksum, and validate Ethereum addresses	1.0.2	82.39757207890743	8	1	1	0	fuseio	fuse.io	MIT	2021-12-05T10:42:17.000Z
940	modals	Modals, a Flutter package to simplify all your overlay needs!	1.0.0+1	82.36722306525039	38	9	2	1	KlausJokisuo	klasu.dev	MIT	2022-09-22T10:56:25.000Z
941	big_decimal	A bugless implementation of BigDecimal in Dart based on Java's BigDecimal
	0.3.1	82.34554519835248	9	18	0	2	bugless	bugless.dev	MIT	2022-03-15T20:39:26.000Z
942	advance_expansion_tile	1. It allows you to manually collapse, exapnd or toggle expansion tile. It allows you to disable the click	1.0.2	82.32820290483417	5	0	1	0	tarique-khan	whizfy.ai	BSD-3-Clause	2022-11-09T12:32:02.000Z
943	yaru_colors	A collection of Yaru color palettes for Flutter.	0.1.1	82.31519618469542	3	18	3	1	ubuntu		MPL-2.0	2022-11-11T10:27:23.000Z
944	pie_menu	A Flutter package that provides a customizable circular/radial context menu	1.2.3	82.24582701062215	58	14	1	3	rasitayaz		MIT	2022-12-02T23:06:20.000Z
945	markdown_quill	Convert between quill (delta) format and markdown	1.0.0	82.20680685020594	6	6	14	4	TarekkMA		MIT	2022-05-23T15:38:24.000Z
946	flutter_math	Fast and high-quality TeX math equation rendering with pure Dart & Flutter.	0.2.1	82.18512898330805	63	109	44	24	znjameswu		Apache-2.0	2022-01-14T03:04:43.000Z
947	firebase_instance_id	A Flutter plugin to retrieve the Firebase App Instance ID.	1.0.0	82.15477996965099	3	1	0	0	cingulo	cingulo.com	MIT	2021-10-28T16:55:31.000Z
948	flutter_feed_reaction	A Flutter package providing you with highly customizable reactions list for posts/comments in a Social Media kind of an app.	0.0.6	82.15044439627141	14	1	0	1	shrijanRegmi		BSD-3-Clause	2022-12-08T12:01:00.000Z
949	messagepack	Streaming API implementation of MessagePack binary serialization format - msgpack.	0.2.1	82.14177324951226	30	17	8	5	nailgilaziev		BSD-3-Clause	2022-04-21T07:58:45.000Z
950	sms_maintained	SMS library for Flutter applications. Its allow to send, receive, query sms messages, sms delivery and query contacts info. It exposes an easy and friendly API for developing a completely functional sms app in Flutter.	0.2.5	82.12443095599393	59	36	43	24	geordyvc		MIT	2020-10-09T09:19:37.000Z
951	reactive_forms_annotations	Annotations for reactive_forms_generator	0.13.0-beta	82.10275308909604	4	36	9	1	artflutter		NOASSERTION	2022-11-18T09:26:50.000Z
952	onboarding_animation	This package provides page type animation to onboarding screens and provides indicator.	0.0.2	82.0897463689573	47	13	3	0	Mindinventory	mindinventory.com	MIT	2022-09-20T11:29:53.000Z
953	slide_switcher	Package for creating switching widgets with extensive customization options	1.1.2	82.03771948840235	22	4	2	1	chahohbily		MIT	2022-10-15T20:21:30.000Z
954	custom_text	A highly customisable text widget that enables decorations and gestures on strings.	0.6.0	82.03338391502277	17	5	0	1	kaboc	kaboc.cc	MIT	2022-11-24T07:34:23.000Z
955	test_descriptor	An API for defining and verifying directory structures.	2.0.1	81.96835031432907	2	7	8	0	dart-lang	tools.dart.dev	BSD-3-Clause	2022-11-07T16:13:31.000Z
956	flutter_locker	Secures your secrets in keychain using biometric authentication (Fingerprint, Touch ID, Face ID...)	2.1.1	81.94233687405159	30	25	4	3	infinum	infinum.com	MIT	2022-11-07T11:34:38.000Z
957	flutter_persistent_keyboard_height	Flutter package to get keyboard height. Can be used to display a sticker/emoji modal with correct height.	1.0.5	81.93366572729244	21	13	3	1	f-person	fperson.dev	MIT	2022-03-13T17:00:58.000Z
958	youtube	A package to stream/download youtube video or thumbnail and more.	1.0.1	81.88597442011705	23	1	1	2	rohit-chouhan	rohitchouhan.com	MIT	2022-06-19T08:03:26.000Z
959	toggle_list	An easy-to-use and highly customizable expandable list widget for your Flutter application.	0.2.1	81.8122696726642	31	1	1	0	BinaryBush	binarybush.dev	Apache-2.0	2022-05-26T09:17:35.000Z
960	siri_wave	A Flutter package to create beautiful waveforms like in Siri.	0.2.2	81.79926295252548	27	27	5	2	halildurmus		MIT	2022-10-10T20:03:11.000Z
961	custom_rating_bar	Custom rating bar for flutter with support of  custom icons, half icons, directions, alignments & more.	2.0.4	81.79492737914589	13	0	0	0	eterkit	eterkit.com	BSD-3-Clause	2022-12-16T15:08:13.000Z
962	pfile_picker	Variation of file_picker that uses an external pfile definition	4.5.1+3	81.79059180576631	10	974	432	31	miguelpruivo		MIT	2022-12-12T17:26:48.000Z
963	flutter_openim_sdk	An instant messaging plug-in that supports Android and IOS. And the server is also all open source.	2.3.5	81.77758508562756	7	276	178	4	OpenIMSDK		MIT	2022-12-15T07:54:21.000Z
964	country	Generated country class with country_generator using countries.	2.0.3	81.7515716453501	9	0	1	0	aaassseee		MIT	2022-12-13T01:47:03.000Z
965	reactive_image_picker	Wrapper around image_picker to work with reactive_forms	0.12.0	81.74290049859094	10	46	23	2	artflutter		MIT	2022-12-15T16:51:57.000Z
966	flat	A simple, no dependency 🚀 way to take a nested Map and flatten it into a single depth Map. Based on Node.js `flat` package.	0.4.1	81.7298937784522	11	8	2	1	danilofuchs		MIT	2021-11-18T20:51:29.000Z
967	dhttpd	A static HTTP file server for easy local hosting of a directory.	4.0.1	81.71255148493388	68	82	18	10	kevmoo	j832.com	BSD-3-Clause	2022-11-09T20:33:26.000Z
968	hyperpay	A plugin to wrap HyperPay mobile SDK for iOS and Android, used to accept payments in Flutter apps using HyperPay Payments Gateway.	1.0.0-dev.7	81.69520919141556	34	11	26	7	nyartech	nyartech.com	MIT	2022-12-03T08:14:02.000Z
969	line_chart	A simple flutter package to create a custom line chart	1.1.11	81.67786689789725	23	2	0	1	lucas-sesti		MIT	2021-04-19T14:51:11.000Z
970	global_configs	A flutter package to manage application configurations via singleton pattern.	1.1.2	81.67353132451767	9	5	1	0	initCommerce		MIT	2021-11-03T10:31:49.000Z
971	rich_clipboard	Flutter plugin for accessing rich text and other data types in the system clipboard.	1.0.1	81.63884673748103	26	15	6	2	BringingFire	bringingfire.com	BSD-3-Clause	2022-11-30T17:39:55.000Z
972	import_lint	The Import Lint package defines import lint rules and report on lints found in Dart code.	0.9.4	81.6215044439627	13	15	1	4	kawa1214	kawa.dev	NOASSERTION	2022-12-09T21:05:33.000Z
973	easy_web_view2	A super simple webview for Flutter Web and Mobile from @rodydavis (Null safety and updated dependencies)	0.0.3	81.61716887058313	14	2	4	2	berat-cakir		MIT	2021-06-15T17:16:42.000Z
974	flutter_dtmf	Generates DTFM Tones for Flutter Application. This can be used in VOIP applications or other applications that need to generate DTMF Tones.	2.0.2	81.61283329720355	7	9	7	1	eopeter	eopeter.com	MIT	2022-01-19T19:20:50.000Z
975	at_lookup	A Dart library that contains the core commands that can be used with a secondary server (scan, update, lookup, llookup, plookup, etc.)	3.0.33	81.59115543030566	8	35	10	15	atsign-foundation	atsign.org	BSD-3-Clause	2022-12-16T04:23:20.000Z
976	async_wallpaper	Set wallpapers on Android asynchronously. Also supports video live wallpapers. Use this, when you want to set a wallpaper on Android without a delay or blocking your whole app.	2.0.1	81.57381313678734	43	11	10	5	codenameakshay	hashstudios.dev	MIT	2022-10-02T07:06:35.000Z
977	very_good_cli	A Very Good Command-Line Interface for Dart created by Very Good Ventures.	0.9.1	81.55647084326903	386	1755	148	53	VeryGoodOpenSource	verygood.ventures	MIT	2022-12-17T07:39:23.000Z
978	deepar_flutter	Official Flutter SDK for DeepAR	0.0.3	81.48710166919575	21	11	7	12	DeepARSDK	deepar.ai	MIT	2022-11-30T06:13:06.000Z
979	ironsource_mediation	an ironSource SDK Flutter bridge	1.1.0	81.46108822891827	12	3	11	7	ironsource-mobile		MIT	2022-09-20T06:57:36.000Z
980	esp_smartconfig	EspTouch and EspTouchV2 implementations of SmartConfig provisioning protocols. Plain Dart. All platforms.	1.1.10	81.44808150877954	12	25	2	0	abobija	abobija.com	MIT	2022-08-11T22:10:49.000Z
981	thinking_analytics	Official flutter plugin for tracking events to Thinking Analytics.	2.2.0	81.40039020160417	0	2	2	1	ThinkingDataAnalytics	thinkingdata.cn	Apache-2.0	2022-11-07T03:31:48.000Z
982	installer_info	Returns information about the method used to install your app.	0.3.0	81.37004118794711	5	0	4	0	caiopo	caiopo.com	MIT	2021-04-16T21:59:22.000Z
983	rounded_background_text	Text, TextField and TextSpan highlighted with rounded corners	0.3.0	81.32234988077172	25	39	7	3	bdlukaa	bdlukaa.dev	BSD-3-Clause	2022-08-06T12:15:37.000Z
984	flutter_section_list	A ListView and GridView support section like iOS，header pinned，item staggered.	1.1.1	81.30500758725341	10	8	1	2	lhx546920268		MIT	2021-03-17T08:51:40.000Z
985	easy_loader	The easiest way to handle a simple full screen loader in Flutter. Written in Dart. Fully customizable.	2.0.0	81.29200086711468	14	5	3	0	aligorithm	aligorithm.i.ng	MIT	2021-12-02T22:23:55.000Z
986	turf	A turf.js-like geospatial analysis library working with GeoJSON, written in pure Dart.	0.0.7	81.2659874268372	21	29	12	21	dartclub	dartlang.rocks	MIT	2022-09-30T04:59:57.000Z
987	advanced_in_app_review	Advanced In App Reviews for iOS and Android. Tries to show the in app reviews only after meetings defined conditions (days after install ...).	1.1.1	81.25731628007804	22	6	2	1	eeoom	eeoom.com	MIT	2022-12-16T14:39:52.000Z
988	mediasoup_client_flutter	Mediasoup client side Flutter library. Work for Android, iOS, MacOS, Windows and browser.	0.8.1	81.25298070669847	27	80	29	17	Blancduman		MIT	2022-09-10T14:16:22.000Z
989	breathing_collection	A collection of Flutter widgets with breathing animation. More widgets will be added.	1.0.0+3	81.2443095599393	54	2	1	0	Type0N1	dogeeexd.com	MIT	2022-02-04T03:14:43.000Z
990	fitted_text_field_container	A Container that automatically resizes to fit a the text value of a Material TextField.	2.0.0	81.23563841318014	27	7	1	2	huyffs	su93rheroes.com	MIT	2021-03-06T23:33:41.000Z
991	flutter_device_locale	A Flutter plugin for retrieving the device locale information.	0.4.0	81.23130283980056	17	20	30	0	Jesway	jesway.com	NOASSERTION	2022-05-05T11:20:28.000Z
992	gviz	A simple utility for creating GraphViz directed graphs using an object oriented API.	0.4.0	81.22263169304141	7	15	5	1	kevmoo	j832.com	BSD-3-Clause	2022-11-10T01:44:01.000Z
993	equations	An equation solving library that also works with complex numbers and fractions.	4.1.0	81.16626923910687	52	42	3	1	albertodev01	fluttercompletereference.com	MIT	2022-09-09T12:46:12.000Z
994	flutter_unity	A Flutter plugin for embedding Unity projects in Flutter projects.	0.3.0	81.12291350531108	44	94	43	23	Glartek	glartek.com	BSD-3-Clause	2022-04-11T12:21:40.000Z
995	native_context_menu	Provides a native context menu for flutter applications. Most useful on desktop.	0.2.2+5	81.10123563841319	80	149	17	11	lesnitsky	lesnitsky.dev	MIT	2022-08-14T16:26:05.000Z
996	code_scan	A flexible code scanner for QR codes, barcodes and many others. Using Google's ML Kit. Use it as a Widget with a camera or use the methods provided, with a camera controller.	0.4.6	80.94081942336874	10	5	2	0	DrafaKiller	drafakiller.com	MIT	2022-09-25T00:15:32.000Z
997	expandable_tree_menu	Tree of menu-nodes that can be expanded/collapsed to review more menu nodes, built from a recursive list of nodes.	0.1.0-dev.5	80.93648384998916	36	1	1	2	Tahaan		BSD-3-Clause	2021-04-23T06:10:08.000Z
998	test_reflective_loader	Support for discovering tests and test suites using reflection.	0.2.2	80.92347712985043	0	4	13	0	dart-lang	tools.dart.dev	BSD-3-Clause	2022-11-15T22:30:54.000Z
999	simple_link_preview	Returns a simple metadata for generating a weblink preview by examining the html <meta> tags.	1.0.2	80.91047040971169	8	3	0	0	sonnts996		AGPL-3.0	2021-10-05T02:55:07.000Z
1000	swipe_gesture_recognizer	A simple and lightweight swipe gesture recognizer for a widget in Flutter.	0.0.2	80.90179926295252	27	7	4	2	BilalShahid13		BSD-3-Clause	2021-06-05T00:43:27.000Z
1001	apphud	Official Apphud Flutter SDK is a lightweight open-source library to manage auto-renewable subscriptions and other in-app purchases in your iOS/Android app. No backend required.	2.2.7	80.85844352915673	4	4	3	0	apphud		MIT	2022-11-18T03:56:03.000Z
1002	flutter_getit	Project that allows you to use get_it as a dependency injection but controlled by Flutter's lifecycle, registering and unregistering in page navigation.	1.2.1	80.85410795577715	37	1	1	0	rodrigorahman	academiadoflutter.com.br	Apache-2.0	2022-09-28T17:58:16.000Z
1003	flutter_voximplant	Voximplant plugin for embedding voice and video communication into Flutter applications.	3.7.0	80.84977238239756	33	8	7	5	voximplant	voximplant.com	MIT	2022-12-06T14:02:59.000Z
1004	application_icon	This package provides a widget which shows the application icon of your app.	2.0.0	80.80641664860178	6	6	2	10	ueman	uekoetter.dev	NOASSERTION	2022-11-20T16:39:26.000Z
1005	vertical_barchart	Simple, responsive and beautiful Vertical BarChart.	2.0.0+2	80.78473878170388	24	2	0	2	nizarhdt		BSD-2-Clause	2021-03-22T07:57:17.000Z
1006	yandex_geocoder	API to translate geographic coordinates into an address and vice versa	2.0.2	80.77606763494472	26	3	2	0	MadBrains	madbrains.ru	MIT	2022-06-23T07:57:16.000Z
1007	riverpod_infinite_scroll	Riverpod implementation of infinite_scroll_pagination, this package allows to use infinite_scroll_pagination with Riverpod abstracting away the complexity	1.0.9	80.77173206156513	19	11	11	5	ftognetto	quantos.it	MIT	2022-11-03T21:15:52.000Z
1008	live_activities	A Flutter plugin to use iOS 16.1+ Live Activities & iPhone 14 Pro Dynamic Island features	1.4.0+6	80.75438976804682	69	52	8	2	istornz	dimitridessus.fr	MIT	2022-12-16T08:26:00.000Z
1009	twitter_oauth2_pkce	Provides the optimized and easiest way to integrate OAuth 2.0 PKCE with Twitter API in Flutter.	1.0.1	80.73704747452851	13	9	4	3	twitter-dart	shinyakato.dev	BSD-3-Clause	2022-12-17T03:15:14.000Z
1010	ethers	Ethereum library and wallet implementation in Dart.	0.0.1+3	80.7153696076306	13	12	3	3	Hanggi		NOASSERTION	2022-04-23T09:08:35.000Z
1011	native_dio_client	A client for Dio which makes use of cupertino_http and cronet_http to delegate HTTP requests to the native platform.	0.0.3	80.70669846087145	0	16	1	1	ueman	uekoetter.dev	Apache-2.0	2022-11-20T09:45:46.000Z
1012	infinite_scroll	A flutter package which provides List and Grid widgets for infinite scrolling views.	1.1.1	80.6329937134186	15	1	2	5	Syed-Waleed-Shah		MIT	2022-12-10T16:32:34.000Z
1013	better_video_player	Advanced video player based on video_player.	1.2.8	80.62865814003902	11	11	1	1	WangYng		BSD-2-Clause	2022-07-06T05:53:10.000Z
1014	hsv_color_pickers	Flutter package for creating customisable Color pickers for HSV Colors.	0.2.2	80.62432256665944	13	4	2	0	WieFel	wiefel.dev	BSD-3-Clause	2022-09-11T18:47:12.000Z
1015	persian_tools	An anthology of a variety of tools for the Persian language which you can use in all platform that dart supports
	1.0.3	80.59830912638196	39	53	9	4	persian-tools		MIT	2022-11-28T06:29:05.000Z
1016	input_slider	A customizable input that synchronizes a Slider and a TextField.	0.3.1	80.58530240624323	16	1	1	0	smofe		MIT	2022-10-08T10:36:46.000Z
1017	jhtoast	jhtoast - Flutter toast package. supported effects： text, imagetext, loading, horizontal and vertical layout. Supports iOS and Android.	1.2.0	80.58096683286364	3	8	4	1	iotjin		BSD-2-Clause	2022-07-08T11:08:35.000Z
1018	motion	A fancy widget that applies a gyroscope or hover based motion effect to its child.	1.3.3	80.57663125948406	70	14	4	3	mrcendre	cendre.me	GPL-3.0	2022-08-30T13:55:59.000Z
1019	browser_detector	Dart browser detector library. Detects popular browsers, engines and platforms by analyzing the user agent string. Safe to use with Flutter Native.	2.0.0	80.56796011272492	3	1	1	0	aicantar	aicantar.com	MIT	2021-11-14T09:53:46.000Z
1020	add_to_wallet	Flutter plugin exposing native PKAddPassButton to interact with the Apple Wallet	0.0.2	80.55928896596575	8	1	6	4	barkibu	dev.barkibu.com	MIT	2022-11-28T12:57:16.000Z
1021	animated_tree_view	Animated TreeView based on AnimatedList that allows building fully customizable Nodes that can be nested to infinite levels and children.	1.0.0	80.49425536527207	55	10	1	1	embraceitmobile	cubivue.com	MIT	2022-11-08T05:53:19.000Z
1022	sqlparser	Parses sqlite statements and performs static analysis on them	0.24.0	80.48991979189248	16	1796	237	103	simolus3	simonbinder.eu	MIT	2022-12-16T15:03:51.000Z
1023	const_date_time	A drop-in replacement for Dart's DateTime class with const constructors.	1.0.0	80.44656405809668	1	1	1	1	westy92	westy92.com	MIT	2022-12-15T09:19:01.000Z
1024	logger_flutter_viewer	The package is an extension for logger. You can add it to any Flutter app. Just shake the phone to show the console.	0.8.0	80.43789291133753	3	2	1	2	niugm	sdkpod.com	MIT	2022-02-07T11:57:46.000Z
1025	progressive_time_picker	This package allow us to customize time picker based on our requirements for selecting a specific range from time picker and it's supports multiple platforms.	0.0.7	80.4205506178192	69	50	7	2	Mindinventory	mindinventory.com	MIT	2022-09-23T11:34:33.000Z
1026	great_list_view	A Flutter package that enhance the standard list view with implicit animations on changes and so on. See README.md file.	0.1.4	80.38153045740299	52	18	10	6	DavideBelsole		MIT	2022-10-31T11:29:02.000Z
1027	flutter_bluetooth_printer	Image based printing for bluetooth thermal printer, support for iOS and Android.	2.6.3	80.3381747236072	20	6	6	4	ekasetiawans	maseka.dev	MIT	2022-12-14T03:40:44.000Z
1028	bloc_event_transformers	Configurable transformers for your bloc (bloclibrary.dev) events. Throttle, debounce, skip, and delay with ease.	1.0.1	80.32083243008888	4	3	2	1	wrbl-xyz	wrbl.xyz	MIT	2022-03-15T13:37:47.000Z
1029	cbl_flutter_ce	Provides the Couchbase Lite Community Edition for Flutter apps.	2.1.2	80.31216128332971	4	72	10	29	cbl-dart	gabriel.terwesten.net	Apache-2.0	2022-12-16T21:42:23.000Z
1030	stream_bloc	Modern implementation of the Original BLoC that uses asynchronous generators to describe relationships between events and states.	0.5.3	80.30782570995014	27	24	5	1	purplenoodlesoop		MIT	2022-11-12T21:51:36.000Z
1031	cloudinary	A dart package to integrate Cloudinary API in Dart and Flutter.	1.0.3	80.30349013657056	1	1	0	0	nixrajput	nixlab.co.in	GPL-3.0	2022-09-11T01:00:40.000Z
1032	ubuntu_service	Simple service locator API based on GetIt.	0.2.0	80.29915456319098	3	3	0	0	ubuntu-flutter-community		MPL-2.0	2022-07-20T11:43:21.000Z
1033	select_card	A Flutter package with animated customizable card items selection.	0.0.9	80.2948189898114	30	2	0	0	emrekaplanek		BSD-3-Clause	2022-04-17T14:19:49.000Z
1034	omise_flutter	A package for integrating to Omise REST API. It targets only for a client-side usage to create a token, create a source and retrieve a capability of your account.	0.1.6	80.27747669629308	12	7	9	1	keeratita	keerati.co	NOASSERTION	2021-12-14T11:41:57.000Z
1035	plugin_wifi_connect	A low dependency flutter plugin to allow simple connection to wifi devices with the provided ssid or ssid prefix	1.0.2	80.20810752221982	12	4	3	1	CadisRaziel		BSD-3-Clause	2022-12-13T17:42:29.000Z
1036	responsive_widgets	This plugin helps to create responsive widgets, that makes an auto-size with the proportion between reference ScreenSize and the screen that the app is running.	2.0.1	80.1907652287015	64	45	11	3	LucazzP	polazzo.dev	BSD-3-Clause	2020-09-18T06:11:31.000Z
1037	wifi_connector	Flutter plug-in for connecting to wifi.	2.0.0	80.17342293518318	14	8	6	11	wonjerry		MIT	2022-02-18T14:24:42.000Z
1038	quick_notify	A cross-platform (Android/iOS/Web/Windows/macOS/Linux) notification plugin for Flutter.	0.2.1	80.16475178842401	33	37	16	0	woodemi	woodemi.com	BSD-3-Clause	2022-06-09T12:07:14.000Z
1039	flutter_fast_forms	Flutter Fast Forms is the only Dart package you'll ever need to build Flutter forms fast.	9.0.0	80.1474094949057	36	18	5	1	udos86	udos86.de	MIT	2022-11-04T12:39:23.000Z
1040	diamond_bottom_bar	Custom bottom navigation bar with diamond icon in the middle.	1.0.0	80.11272490786907	10	4	1	1	hosain-mohamed		MIT	2021-12-07T14:28:05.000Z
1041	eip55	Utility to convert an upper or lower case Web3/Ethereum address to a checksum address (EIP55).	1.0.2	80.08671146759158	4	1	0	0	xclud	pwa.ir	MIT	2022-01-03T15:20:42.000Z
1042	advanced_icon	A flutter package that contains a collection of icon decoration tools (i.e. gradient, opacity) and icon transition features with cool animation effects.	0.1.2	80.082375894212	64	8	1	0	ankitmishradev	devtonium.com	MIT	2021-09-25T07:41:08.000Z
1043	zego_uikit_prebuilt_live_streaming	PrebuiltLiveStreaming is a full-featured live streaming kit that provides ready-made video streaming, live text chat, face beautification, and supports unlimited viewers.	1.3.1	80.05202688055495	4	2	0	0	ZEGOCLOUD	zegocloud.com	MIT	2022-12-12T09:57:48.000Z
1044	at_client_mobile	A Flutter extension to the at_client library which adds support for mobile, desktop and IoT devices.	3.2.7	80.03902016041621	220	1582	30	122	atsign-foundation	atsign.org	BSD-3-Clause	2022-12-16T12:36:09.000Z
1045	flutterflow	UI components used by FlutterFlow's code generation.	0.1.1	80.03468458703664	2	27	15	4	FlutterFlow	flutterflow.io	BSD-3-Clause	2022-11-05T18:28:21.000Z
1046	dio_proxy_adapter	Simple proxy configuration for Dio	1.0.1	80.00433557337958	2	0	0	0	netsells		MIT	2022-05-17T10:07:26.000Z
1047	google_huawei_availability	A Flutter plugin to detect the availability of the Google Play Services and Huawei HMS Services API on Android devices.	1.4.0	79.9783221331021	8	0	0	1	devdoxconnect		MIT	2022-04-22T08:49:17.000Z
1048	slang_build_runner	build_runner integration for slang. This library ensures that slang is recognized by build_runner.	3.6.0	79.95664426620421	2	183	18	8	Tienisto	tienisto.com	MIT	2022-12-17T01:03:43.000Z
1049	diagram_editor	A flutter diagram editor library that provides DiagramEditor widget and a possibility to customize all editor design and behavior.	0.1.5	79.9349663993063	80	76	19	4	Arokip		MIT	2022-05-30T06:45:05.000Z
1050	secure_shared_preferences	Simple to use yet powerful package to encypt shared preferences in android and UserDefaults in iOS.	0.0.4	79.92629525254715	4	3	3	1	the-kool-sk	flutter.pingtobuild.com	Apache-2.0	2022-04-01T15:26:32.000Z
1051	korea_regexp	정규표현식을 이용해서 한국어를 더 쉽게 다룰 수 있게 해주는 플러그인입니다.	0.2.0+3	79.92195967916757	25	13	2	2	jpoh281	honor-driven.dev	MIT	2022-08-29T13:44:49.000Z
1052	shelf_swagger_ui	Present clean and professional documentation with Swagger + shelf.	1.0.0+2	79.917624105788	61	20	0	1	Flutterando	flutterando.com.br	NOASSERTION	2022-07-11T01:20:52.000Z
1053	slide_drawer	An easy way to use drawer in Flutter with cool sliding animation.	1.0.3	79.86993279861262	41	4	11	10	salkuadrat		BSD-2-Clause	2022-11-11T23:00:01.000Z
1054	time_zone_list	Get time zone list from native side, include DST/GMT info	1.0.0	79.8525905050943	3	0	2	0	mjl0602		MIT	2021-08-16T03:16:28.000Z
1055	hashtager	Widgets and functions to implement hashtag decorated text. Decorates the words which start with `#` like Instagram.	1.0.4	79.81790591805766	17	0	0	0	iehsanamiri		MIT	2022-05-24T05:48:08.000Z
1056	alh_pdf_view	Has the functionality to show PDF with bytes of a file path as widget with some extra functionalities.	1.2.0	79.80056362453935	11	7	1	6	alhappler		BSD-3-Clause	2022-12-13T15:45:24.000Z
1057	ai_progress	A new multiple style progress include of circular、linear and step style progress indicator.	2.0.0	79.7875569044006	12	15	4	1	pdliuw		BSD-3-Clause	2021-05-26T03:07:44.000Z
1058	clipboard_monitor	Flutter plugin for monitoring system clipboard on Android and iOS.	0.9.2	79.77455018426187	12	9	3	1	mix1009	mix1009.com	MIT	2021-11-28T02:01:52.000Z
1059	flutter_system_ringtones	An Android & iOS (WIP) plugin to retrieve a list of system ringtones using native API's	0.0.6	79.74853674398439	3	3	0	0	imedboumalek	imed.dev	MIT	2022-09-02T19:38:36.000Z
1060	disable_screenshots	Provides three related functions that disable screenshots. These are: screenshot monitoring, adding a watermark globally, disabling screenshots (only supports Android). 提供三个禁用截屏的相关功能。分别是：截屏监控、全局添加水印、禁用截屏（仅支持Android）	0.2.0	79.68783871667029	27	25	13	3	xx-li		MIT	2021-06-10T09:37:50.000Z
1061	power	A Flutter plugin to access device power related information.	0.5.0	79.66616084977238	5	10	5	0	Amir-P		MIT	2021-08-05T11:04:45.000Z
1062	ringtone_set	Flutter Plugin for setting devices default ringtone or notification sound.	0.0.3	79.63147626273575	20	6	12	4	rtacr		BSD-3-Clause	2022-04-19T18:24:25.000Z
1063	extra_pedantic	Stricter Dart analyzer linter settings and best practices.	3.0.0	79.618469542597	22	33	4	36	modulovalue	modulovalue.com	NOASSERTION	2022-09-17T15:13:29.000Z
1064	convenient_test	Write and debug tests easily, with full action history, time travel, screenshots, rapid re-execution, video records, interactivity, isolation and more	1.2.1	79.61413396921742	63	323	18	10	fzyzcjy	cjycode.com	MIT	2022-12-15T00:23:18.000Z
1065	flutter_format_money_vietnam	The library format money Vietnam	0.0.2	79.59245610231953	3	0	1	0	haduyphuong	ngovang.com	Apache-2.0	2021-09-01T13:41:15.000Z
1066	stream_feed	Stream Feed official Dart SDK. Build your own feed experience using Dart and Flutter.	0.6.0+2	79.58378495556038	18	67	25	31	GetStream	getstream.io	NOASSERTION	2022-11-15T01:27:16.000Z
1067	rohd	The Rapid Open Hardware Development (ROHD) framework, a framework for describing and verifying hardware	0.4.1	79.57077823542164	11	234	32	68	intel		NOASSERTION	2022-12-16T17:58:08.000Z
1068	surf_logger	Logger for Dart & Flutter	1.1.0	79.52308692824626	21	7	0	0	surfstudio	surf.ru	Apache-2.0	2022-05-12T10:59:15.000Z
1069	clean_framework	Clean Architecture components library, inspired on the guidelines created by Uncle Bob.	1.5.0	79.5144157814871	27	21	8	7	MattHamburger	acmesoftware.com	BSD-3-Clause	2022-11-29T14:42:26.000Z
1070	dart_random_choice	A library for generating a random choice from an iterable.	0.0.2	79.49707348796878	14	4	2	0	kmorkos		MIT	2021-02-15T21:16:11.000Z
1071	smooth_video_progress	An interpolated progress builder for video_player controllers	0.0.4	79.47973119445047	12	8	1	1	timcreatedit	timcreated.it	MIT	2022-05-21T16:35:57.000Z
1072	flutter_kronos	Kronos is an open source Network Time Protocol (NTP) synchronization library for providing a trusted clock.	0.1.0+1	79.47106004769131	10	5	2	0	hautvfami		Apache-2.0	2022-12-14T07:52:17.000Z
1073	phoenix_native	Restarts app using native methods (full Flutter engine restart)	0.0.2	79.45805332755256	5	2	2	2	Zhalkhas		WTFPL	2022-09-07T06:43:45.000Z
1074	responsive_navigation_bar	A responsive bottom navigation bar. Very beginner friendly. Feel free to contribute.	3.2.6	79.44938218079342	28	13	1	0	nohli	achim.io	BSD-3-Clause	2022-11-29T07:10:17.000Z
1075	woosignal	WooCommerce REST API for dart, connect a WooCommerce store and start developing with our interface for their API endpoints.	3.2.0	79.44504660741383	43	47	13	0	woosignal	woosignal.com	NOASSERTION	2022-11-03T08:05:33.000Z
1076	customtogglebuttons	A custom ToggleButtons implementation that allows more flexibility than Flutter's inbuilt ToggleButtons.	0.0.5	79.43637546065467	13	11	9	6	jitinder		MIT	2022-04-11T22:21:17.000Z
1077	awesome_extensions	An extension to the widget that helps to reduce the boilerplate and adds some helpful methods. and you can make responsive design.	2.0.4	79.4277043138955	58	21	2	0	jayeshpansheriya	pesa.co.in	MIT	2022-12-02T06:21:20.000Z
1078	rollbar_flutter	Connect your Flutter applications to Rollbar for error reporting.	1.2.0	79.42336874051593	6	10	7	7	rollbar	rollbar.com	MIT	2022-12-16T01:59:47.000Z
1079	flexible_tree_view	A highly flexible tree view on flutter.	0.0.6	79.41469759375678	7	3	0	0	youngchan1988	dev.apptoy.cc	BSD-3-Clause	2022-08-26T10:44:42.000Z
1080	teta_cms	The Dart client for Teta CMS. Our mission is to help people build amazing products.	0.2.2	79.39735530023846	55	101	6	4	teta-so	teta.so	BSD-3-Clause	2022-12-15T09:48:43.000Z
1081	bottom_inset_observer	A Flutter plugin that helps to listen bottom insets changes (delta since last change, current inset)	3.1.0	79.37567743334057	15	6	0	0	surfstudio	surf.ru	Apache-2.0	2022-05-13T15:42:12.000Z
1082	instana_agent	An Instana agent to collect statistics about sessions and HTTP requests for Flutter-based apps.	2.4.0	79.36267071320182	6	3	3	0	instana	instana.io	MIT	2022-10-14T07:33:55.000Z
1083	fpjs_pro_plugin	Flutter plugin that can be used in an application to call the native FingerprintJS Pro libraries and identify devices.	1.3.0	79.3453284196835	6	23	3	0	fingerprintjs	fingerprintjs.com	MIT	2022-11-30T11:04:23.000Z
1084	appengine	Support for using Dart as a custom runtime on Google App Engine Flexible Environment
	0.13.4	79.34099284630392	18	94	36	16	dart-lang	labs.dart.dev	BSD-3-Clause	2022-10-31T20:49:14.000Z
1085	directus	The unofficial SDK for Directus, with REST API and auth. Compatible with Flutter.	0.7.2	79.32798612616519	27	22	16	18	apstanisic	directus.io	MIT	2022-08-22T13:04:31.000Z
1086	colour	An easy way to use color in flutter (with Normal, HEX, RGB, ARGB, or RGBO format).	1.0.5	79.31497940602644	6	0	1	0	salkuadrat		BSD-2-Clause	2021-05-19T14:05:51.000Z
1087	binary	Utilities for accessing binary data and bit manipulation in Dart and Flutter	3.0.1	79.2412746585736	13	21	13	1	matanlurey	lurey.dev	MIT	2022-06-27T00:22:31.000Z
1088	day_night_switch	An easy to implement custom day night switch widget for Flutter. It can be highly customized with day & night colors and images.	1.0.3	79.23693908519401	24	103	11	2	divyanshub024	divyanshu.dev	MIT	2022-06-19T21:19:33.000Z
1089	flutter_camera_ml_vision	A flutter widget that show the camera stream and allow ML vision recognition on it, it allow you to detect barcodes, labels, text, faces...	3.0.1	79.23260351181443	94	253	108	30	rushio-consulting		MIT	2022-03-23T16:48:06.000Z
1090	banners	Package for dynamically displaying global banners at the top of the screen.	0.3.1	79.22393236505528	8	1	2	0	MarcelGarus		MIT	2022-05-12T18:56:19.000Z
1091	playing_cards	A rendering library for standard 52 card decks in your Flutter app. Use this package if you want to render good looking playing cards without too much fuss.	0.3.1+9	79.2195967916757	95	23	9	5	bedardjo	thkp.co	Apache-2.0	2022-12-08T11:57:05.000Z
1092	ferry_exec	A strongly typed execution interface for GraphQL operations	0.3.0	79.1979189247778	1	476	90	52	gql-dart	gql-dart.dev	MIT	2022-12-11T21:44:13.000Z
1093	flutter_playout	This plugin provides audio/video playback from a URL with background audio support, lock screen controls & player events for both iOS and Android.	2.0.1	79.19358335139822	202	132	86	56	muslimtv	mta.tv	BSD-3-Clause	2022-11-29T17:22:42.000Z
1094	chunked_uploader	A plugin to upload files to server in chunks using Dio.	0.1.0	79.17190548450033	16	11	1	1	Taskulu		MIT	2021-03-29T08:16:30.000Z
1095	gettext_i18n	This package helps internationalizing a Flutter application.	1.0.5	79.16756991112075	2	0	0	0	frenchguych	frenchguy.ch	BSD-3-Clause	2022-04-01T07:43:14.000Z
1096	dart_mappable	Improved json serialization and data classes with full support for generics, inheritance, customization and more.	1.2.0	79.154563190982	61	26	3	5	schultek	schultek.de	MIT	2022-12-15T12:03:21.000Z
1097	glitters	A glittering widget for Flutter, handy for making part of your app a little shiny.	0.4.0	79.11987860394537	12	3	1	2	kaboc	kaboc.cc	MIT	2022-01-16T06:09:54.000Z
1098	add_to_gallery	Saves a copy of your images to the Android Gallery and iOS Photos	0.2.0+3	79.11554303056579	19	5	6	6	flowmobile	oodavid.com	Apache-2.0	2022-08-01T03:03:14.000Z
1099	gaimon	A Flutter plugin to fully support Haptic feedback with custom pattern.	1.0.1	79.08085844352915	17	10	1	2	istornz	dimitridessus.fr	MIT	2022-09-29T08:53:10.000Z
1100	liquid_ui	Liquid is an open source UI toolkit for developing cross platform apps using Flutter.	1.0.0+9	79.07218729677	80	29	5	2	stackorient	stackorient.com	BSD-3-Clause	2020-08-10T14:58:29.000Z
1101	casbin	An authorization library that supports access control models like ACL, RBAC, ABAC.	0.1.0	79.05484500325169	7	31	13	1	casbin	casbin.org	Apache-2.0	2022-07-17T10:21:30.000Z
1102	flutter_fcm	Flutter plugin for Firebase Cloud Messaging (FCM) , a cross-platform messaging solution that lets you reliably deliver messages on Android and iOS.	1.0.7	79.04183828311294	19	12	2	1	wh120	greentreasure.co	MIT	2022-05-09T17:45:34.000Z
1103	flutter_naver_map	flutter naver map plugin support android and iOS. naver map service is limited to south korea which has high accuracy.	0.10.5	79.03316713635378	31	23	25	9	note11g	note11.dev	BSD-3-Clause	2022-12-14T08:12:59.000Z
1104	paulonia_cache_image	Flutter package for cache images in storage or memory from the network or Google Cloud Storage. It supports Android, iOS and Web.	1.0.0	78.98547582917841	32	7	5	8	PauloniaAQP	paulonia.dev	MIT	2022-02-23T16:29:59.000Z
1105	reactive_touch_spin	Wrapper around flutter_touch_spin to use with reactive_forms	0.7.0	78.97680468241926	4	46	23	2	artflutter		MIT	2022-12-15T16:51:57.000Z
1106	debug_overlay	View debug infos and change settings via a central overlay for your app.	0.2.3	78.92044222848472	7	8	1	1	JonasWanke	wanke.dev	MIT	2022-11-03T08:33:08.000Z
1107	serverpod_auth_server	Serverpod authentication server module.	0.9.21	78.91610665510514	4	970	71	75	serverpod	serverpod.dev	BSD-3-Clause	2022-12-16T18:27:39.000Z
1108	flutter_map_line_editor	Line editor class for flutter_map	4.0.2	78.9030999349664	2	25	15	0	ibrierley		MIT	2022-09-18T18:33:18.000Z
1109	flutter_wall_layout	A Layout widget displaying a set of bricks (widgets with different shapes) as a vertical or horizontal list, like a wall...	2.1.1	78.89009321482766	111	28	1	1	GONZALEZD	davidgonzalez-freelance.fr	MIT	2021-09-26T16:38:28.000Z
1110	word_search	A word search puzzle generator built with dart.This library allows you to create a puzzle from a list of input words that can be arranged in many orientations.	0.1.2	78.88575764144808	34	11	11	3	nisheed2440		BSD-3-Clause	2021-09-27T11:32:28.000Z
1111	awesome_bottom_navigation	A beautiful animated bottom navigation bar built using flutter. The package uses mathematics to draw curves which results in fast and lightweight animations.	0.0.4	78.85540862779102	21	2	6	2	akashom53	akashsrivastava.dev	GPL-3.0	2021-08-31T15:28:54.000Z
1112	dynamic_timeline	A widget to create daily timelines, timetables, gantt charts* and more.	0.1.2	78.81205289399523	16	7	2	1	IvanHerreraCasas		MIT	2022-07-15T15:03:56.000Z
1113	win32_registry	A set of helper classes for working with the Windows registry.	1.0.2	78.78603945371775	15	19	3	1	timsneath	sneath.org	BSD-3-Clause	2022-08-12T16:56:08.000Z
1114	surf_lint_rules	Lint rules for "Surf" company for Dart and Flutter projects.	1.5.0	78.72534142640365	39	17	2	0	surfstudio	surf.ru	Apache-2.0	2022-05-12T10:57:14.000Z
1115	vxstate	VxState is an another state management solution for flutter. It is highly inspired from Redux & VueX.	2.3.0	78.71233470626491	28	41	6	1	iampawan	codepur.dev	MIT	2022-10-10T13:04:05.000Z
1116	arb_utils	A set of tools to work with .arb files (the preferred Dart way of dealing with i18n/l10n/translations)	0.4.1	78.69499241274659	13	6	4	1	Rodsevich		BSD-3-Clause	2022-11-01T20:26:03.000Z
1117	card_stack_widget	A vertical dismissible and customizable stack of cards for Flutter applications	0.1.3	78.68632126598743	32	17	0	0	federicoviceconti	federicoviceconti.com	MIT	2022-08-16T07:31:22.000Z
1118	parent_child_checkbox	Parent Child Checkbox is a type of checkbox where we can establish hierarchy in Checkboxes	0.0.3	78.6689789724691	29	3	3	3	AbhishekDoshi26		MIT	2022-07-26T10:14:34.000Z
1119	dart_vlc_ffi	package:dart_vlc internal dependency package.	0.2.0+1	78.66030782570995	14	413	108	28	alexmercerind		LGPL-2.1	2022-12-01T03:01:49.000Z
1120	namefully	A Dart utility for handling person names in a particular order, way, or shape.	0.1.8+1	78.64730110557122	23	3	0	0	ralflorent	ralflorent.com	MIT	2022-11-14T02:30:10.000Z
1121	zxing_lib	A Dart port of zxing that encode and decode multiple 1D/2D barcodes, Supported qrcode, pdf417, oned, maxicode, datamatrix, aztec.	0.8.2	78.61695209191416	10	35	7	1	shirne	shirne.com	Apache-2.0	2022-11-12T01:50:13.000Z
1122	flutter_exif_plugin	A flutter plugin for reading and writing EXIF. This plugin currently only works on Android	1.1.0	78.59960979839585	13	2	4	1	spacycoder		MIT	2022-01-09T15:19:01.000Z
1123	locale_names	A Flutter package that provide locale display names in locales.	0.0.1	78.59093865163668	1	2	0	0	Firelands128		BSD-3-Clause	2021-12-13T11:20:08.000Z
1124	dog	Simple and pretty log package for Dart, includes Flutter and web.	1.4.0	78.58226750487752	10	3	1	1	chenenyu		Apache-2.0	2021-10-20T07:14:10.000Z
1125	statusbarmanager	Managing the colors of your StatusBar and NavigationBar is easier and more convenient using the StatusBarManager in your Flutter project.	0.0.1	78.56926078473879	7	2	0	0	danieldeev		MIT	2021-11-08T22:17:19.000Z
1126	country_flags	A Flutter package to show a flag icon from a ISO country code.	1.0.0	78.55191849122046	4	0	1	0	arturograu	fluttered.io	MIT	2022-09-22T17:14:08.000Z
1127	didomi_sdk	Didomi CMP Plugin	1.7.0	78.51289833080425	1	2	0	0	didomi		NOASSERTION	2022-10-26T18:26:57.000Z
1128	reactive_segmented_control	Wrapper around CupertinoSegmentedControl to use with reactive_forms	0.5.0	78.49555603728592	2	46	23	2	artflutter		MIT	2022-12-15T16:51:57.000Z
1129	rohd_vf	The ROHD Verification Framework, a verification framework built upon ROHD for building testbenches.	0.4.1	78.47387817038803	3	17	6	6	intel		NOASSERTION	2022-11-29T23:01:54.000Z
1130	wav	Super simple pure Dart package for reading and writing WAV files.
	1.2.0	78.46087145024929	10	7	2	0	liamappelbe		Apache-2.0	2022-10-24T21:58:32.000Z
1131	slide_popup_dialog_null_safety	Popup dialog with slide mechanism. Use it like AlertDialog or SimpleDialog.	1.0.0	78.45653587686971	8	0	0	0	mahmut		MIT	2020-03-09T13:23:23.000Z
1132	flutter_tab_indicator_styler	Add beautiful and trending tab indicators directly to your default Flutter TabBar	2.0.0	78.44352915673097	16	1	0	0	flutter-fast-kit	toutao.cloud	MIT	2021-03-31T07:44:12.000Z
1133	get_mac_address	get device mac address for linux windows android macos.	0.0.2	78.43052243659224	2	1	1	2	vickyleu		MIT	2022-11-01T08:01:13.000Z
1134	just_bottom_sheet	Just Bottom Sheet. Bottom sheet with properly working nested scroll and swipe to close gesture.	1.3.0	78.42618686321265	8	0	0	0	nexron171		MIT	2022-06-07T15:05:38.000Z
1135	cupertino_progress_bar	A non-interactive progress bar includes a track that fills from left to right to show the progression of a task with a known duration.	0.2.0	78.42185128983307	10	1	0	0	jpnurmi		BSD-3-Clause	2021-09-02T10:58:42.000Z
1136	interpolation	A Dart package to handle dynamic String & Json interpolation.	2.1.2	78.4175157164535	8	6	0	1	Terran-Source	marganam.com	MIT	2021-09-14T09:49:15.000Z
1137	mpcheckout	An unofficial package of MercadoPago Mobile Checkout.	0.0.7	78.40450899631476	5	5	2	0	gonzalogauto		MIT	2022-12-11T19:19:55.000Z
1138	debug_log_console	Using a draggable and hoverable panel to display the key info/log of app state, network requests, etc. The info/log can be copied or shared as file.	1.1.0	78.40017342293518	8	4	0	0	malikwang	malikwang.com	MIT	2021-03-09T08:43:58.000Z
1139	flutter_jscore	JavaScriptCore for Flutter. The plugin provides the ability to evaluate JavaScript programs from within dart.	1.0.0	78.38716670279643	31	129	24	6	xuelongqy		MIT	2022-12-09T20:25:00.000Z
1140	checkmark	Animated check mark. Customise colors, curves, duration, and more.	0.0.2+1	78.36548883589855	18	1	0	0	sourcemain	elew.dev	MIT	2022-01-09T02:34:56.000Z
1141	flutter_decorated_text	Set different rules to the DecoratedText widget to style differently what each rule matches. Add onTap callback to rules and get the matching text	1.0.12	78.35248211575981	33	6	1	0	gabdsg	gabdsg.com	MIT	2021-11-10T19:10:03.000Z
1142	drawable	Flutter plugin to load Android drawables. This helps to share graphics between Flutter and Android	0.1.0	78.309126381964	10	4	2	2	ueman	uekoetter.dev	MIT	2022-06-26T09:29:55.000Z
1143	payumoney_pro_unofficial	PayU Flutter Plugin for Android & iOS. Support UPI, Debit & Credit Cards, Netbanking, Wallets, and many more. Modern UI	0.0.9	78.30479080858443	5	0	3	2	orangepreneur	iammukesh.com	MIT	2021-07-15T20:36:33.000Z
1144	countdown_widget	A package timer works correctly even if the app is locked.	2.0.2	78.30045523520485	8	1	2	1	tbm98	tbm98.dev	BSD-3-Clause	2022-07-06T08:27:27.000Z
1145	actions_toolkit_dart	The GitHub ToolKit for developing GitHub Actions in Dart.	0.5.1	78.2917840884457	2	6	1	7	dkrutskikh		MIT	2022-12-13T09:04:41.000Z
1146	amplify_auth_cognito_ios	The method channel implementation for amplify_auth_cognito on iOS	0.6.10	78.27877736830696	0	1128	176	192	aws-amplify	aws-amplify.com	Apache-2.0	2022-12-17T00:16:28.000Z
1147	cupertino_rounded_corners	A widget and border to make cupertino rounded corners also refrered to as squircles using a bezier path and having the two points in the corners.	2.1.1	78.27444179492737	32	6	0	0	Monksc		MIT	2022-05-28T23:57:22.000Z
1148	mpesa	This is a dart wrapper around mpesa daraja api. Written in pure dart which means it's framework agnostic(ios,android,web,plain dart,fuschia) and works out of the box.	2.0.2	78.27010622154779	29	19	14	0	newtonmunene99	newtonmunene.me	MIT	2022-01-18T14:51:40.000Z
1149	calendar_calendar	A Calendar Custom Widget, you can selected dates, limited dates, and beautiful interface	1.0.0	78.25276392802948	13	3	2	1	gabuldev		MIT	2021-03-26T17:30:29.000Z
1150	app_bar_with_search_switch	An extension for AppBar witch can switch it into search field.	1.3.6	78.21807934099284	16	4	1	0	Alexqwesa		BSD-3-Clause	2022-10-10T06:20:23.000Z
1151	vocsy_esys_flutter_share	A Flutter plugin for sharing images & text with other applications.	1.0.2	78.19206590071536	20	1	1	1	kaushikgodhani		Apache-2.0	2022-11-15T06:45:21.000Z
1152	flutter_adyen_cse	Adyen client side encryption library for flutter projects.	0.0.1	78.18773032733579	2	1	0	8	reservamos	reservamos.com	BSD-3-Clause	2022-11-20T12:37:25.000Z
1153	shared_preferences_ios_sn	Simply to wrap the Flutter plugin shared_preferences plugin and provide iOS "suite name" feature	1.0.3	78.17472360719705	4	3	1	0	iwantofun		MIT	2021-12-04T11:21:49.000Z
1154	reactive_pin_code_fields	Wrapper around pin_code_fields to use with reactive_forms.	0.4.0	78.1660524604379	4	46	23	2	artflutter		MIT	2022-12-15T16:51:57.000Z
1155	fingerprintjs	Fingerprintjs wrapper for Dart - A modern & flexible browser fingerprinting library	2.0.0	78.14871016691957	10	3	2	3	samihaddad	samihaddad.dev	MIT	2021-07-04T14:25:17.000Z
1156	advanced_search	Text Field with Advanced Search features that gives you search results from a predefined set as per your search settings	2.2.3	78.10969000650336	23	0	0	1	MuhammedRefaat		MIT	2022-04-20T03:36:38.000Z
1157	flat_3d_button	A simple 3D flat button with click animation, flat 3d button contains 3 methods, a flat 3d button with any widget as it's child, text as it's child and also an icon as it's child	1.0.3	78.08367656622588	12	9	0	0	rijfas	rijfas.me	MIT	2022-07-11T13:31:40.000Z
1158	configcat_client	Dart (Flutter) SDK for ConfigCat. ConfigCat is a hosted feature flag service that lets you manage feature toggles across frontend, backend, mobile, desktop apps.	2.3.0	78.06633427270756	4	5	4	1	configcat	configcat.com	MIT	2022-12-10T16:17:59.000Z
1159	circular_seek_bar	Circular progress/seek bar package for flutter that supports customizable animations, dashes, and gradients.	1.0.3+1	78.04899197918925	13	1	0	0	seosh817		MIT	2022-10-08T10:54:42.000Z
1160	airoute	1、Support routing management without context,2、Support 'non-intrusive parameter passing' routing management,3、Airoute that makes you fall in love with routing management	3.0.0	78.04032083243008	3	27	3	3	pdliuw		BSD-3-Clause	2022-08-10T04:01:37.000Z
1161	coingecko_api	Dart package that provides simple access to the CoinGecko API (Version 3)	1.1.0+2	78.0359852590505	16	11	4	1	yegor-pelykh		MIT	2022-09-19T07:35:54.000Z
1162	flusmic	A functional and kind of elegant Prismic.io integration for Dart and Flutter.	3.2.3	78.01430739215262	9	22	9	1	PixelaGt	pixela.tech	MIT	2022-08-23T23:24:50.000Z
1163	emoji_regex	emoji-regex offers a regular expression to match all emoji symbols and sequences (including textual representations of emoji) as per the Unicode Standard.	0.0.2	78.00563624539345	7	3	4	0	wittyneko		MIT	2022-03-20T09:52:42.000Z
1164	country_list	A dart library provides a list of country data like Country Name, Dial Code, ISO Code.	0.0.5	77.96228051159765	4	1	0	0	crawlinknetworks	crawlink.com	MIT	2021-06-10T10:57:36.000Z
1165	anitex	Anitex is a implicitly animated text widget, which animates on passed text changes	3.0.1	77.94927379145892	15	19	0	2	alphamikle	alphamikle.dev	MIT	2022-06-26T19:13:48.000Z
1166	circular_widgets	Display widgets in a circle.	3.0.0	77.92326035118144	40	6	1	1	Bdaya-Dev	bdaya-dev.com	BSD-2-Clause	2022-11-22T09:30:00.000Z
1167	smooth_corner	A rectangular border with variable smoothness imitated from Figma.	1.1.0	77.89724691090397	12	4	0	1	howshea		BSD-3-Clause	2022-01-09T08:29:01.000Z
1168	reactive_flutter_typeahead	Wrapper around flutter_typeahead to use with reactive_forms.	0.7.0	77.87990461738565	4	46	23	2	artflutter		MIT	2022-12-15T16:51:57.000Z
1169	imgly_sdk	The official base plugin for the photo_editor_sdk and video_editor_sdk Flutter plugins.	2.7.1	77.86689789724691	9	7	3	0	imgly	img.ly	NOASSERTION	2022-10-19T12:44:17.000Z
1170	webviewtube	Play YouTube videos on mobile platforms, with WebView and IFrame Player API.	1.4.1	77.84088445696943	7	1	1	0	yh-luo		MIT	2022-12-06T03:38:42.000Z
1171	amplify_auth_cognito_android	The method channel implementation for amplify_auth_cognito on Android	0.6.10	77.81920659007153	1	1128	176	192	aws-amplify	aws-amplify.com	Apache-2.0	2022-12-17T00:16:28.000Z
1172	maze	A simple maze game in Flutter. It also serves as a CustomPainter example.	3.0.0	77.79752872317364	17	14	6	2	pblinux	pixela.tech	MIT	2021-03-08T04:34:21.000Z
1173	google_analytics_legacy	Flutter plugin for sending events to Google Analytics (Universal Analytics).	1.0.4	77.71081725558206	5	1	4	0	mkudrnac	vps4u.cz	NOASSERTION	2022-07-02T16:10:38.000Z
1174	file_previewer	Generate a thumbnail for a file based on the file extension. Uses the native files previewer on iOS.	0.0.5	77.70214610882289	18	1	4	1	DutchCodingCompany	dutchcodingcompany.com	MIT	2022-10-03T14:05:04.000Z
1175	sumup	Flutter wrapper to use the SumUp SDK. With this plugin, your app can easily connect to a SumUp terminal, login and accept card payments on Android and iOS.	0.5.1	77.69781053544331	28	7	9	4	PurpleSoftSrl	purplesoft.io	MIT	2022-11-09T12:02:11.000Z
1176	aes256gcm	AES-256-GCM symmetric encryption functions that allow to encrypt/decrypt package	1.0.1	77.66312594840667	3	8	2	0	swiftyapp	getswifty.pro	MIT	2021-12-17T23:32:45.000Z
1177	coolicons	The Coolicons icon pack for Flutter with over 400 icons available for your flutter project.	1.0.0	77.6587903750271	24	35	4	0	Mastersam07	mastersam.tech	MIT	2022-01-01T21:11:48.000Z
1178	realm_dart	The official Realm SDK for Dart. Realm is a mobile database - an alternative to SQLite and key-value stores.	0.8.0+rc	77.64144808150878	13	525	44	123	realm	realm.io	Apache-2.0	2022-12-17T13:07:01.000Z
1179	chatview	A Flutter package that allows you to integrate Chat View with highly customization options.	0.0.3	77.63277693474963	94	86	10	4	SimformSolutionsPvtLtd	simform.com	MIT	2022-12-09T09:13:34.000Z
1180	expandable_sliver_list	A sliver List that you can then either expand or collapse, in order to show or hide the contents of the list.	4.1.1	77.61977021461088	20	6	4	0	TNorbury	tylernorbury.com	MIT	2022-08-24T00:17:43.000Z
1181	qr_utils	A new Flutter QR scanner and generator plugin. This plugin is use for scanning 1D barcode and 2D QR code and generating QR code as well.	0.1.5	77.6154346412313	18	34	22	10	flutter-devs		MIT	2020-12-17T19:32:36.000Z
1182	clipboard_listener	The flutter pasteboard listener can monitor pasteboard changes and notify you by callback	2.0.0	77.60242792109257	9	14	1	2	JiangJuHong	huic.top	Apache-2.0	2021-04-07T10:52:34.000Z
1183	another_brother	A flutter plugin for printing with the Brother label and TypeB printers.	0.0.30	77.58942120095382	13	15	8	4	CodeMinion	rouninlabs.com	BSD-3-Clause	2022-12-02T03:23:31.000Z
1184	lychee_player	A simple audio player plugin for flutter.	0.3.4	77.58508562757424	3	6	0	2	boyan01	soit.tech	AGPL-3.0	2022-08-14T03:25:15.000Z
1185	tint	A library for terminal string styling as an extension on `String`.	2.0.0	77.58075005419467	20	26	2	2	frencojobs	frenco.dev	MIT	2021-11-03T15:54:04.000Z
1186	drawer_swipe	Drawer swipe Package for displaying multi layer drawer	0.0.4	77.56340776067636	75	1	0	1	pharous-flutter	pharous.com	MIT	2021-01-21T17:24:11.000Z
1187	el_tooltip	ElTooltip, a smart positioned tooltip. Use it to display a widget inside a tooltip that you can personalize.	1.0.5	77.55907218729678	22	2	1	0	marcelogil	marcelogil.com	MIT	2022-11-29T22:17:30.000Z
1188	shirne_dialog	A flutter package to use alert, toast, popup, snack, imagePreview, loading etc. with customizable style in anywhere.	4.4.3	77.53739432039887	14	5	1	1	shirne	shirne.com	Apache-2.0	2022-11-08T04:29:05.000Z
1189	flutter_wifi_connect	A low dependency flutter plugin to allow simple connection to wifi devices with the provided ssid or ssid prefix. Built for Android 10+ (API 29) and iOS 13+.	0.0.7	77.50270973336224	24	7	26	10	weplenish	weplenish.com	BSD-3-Clause	2022-09-14T00:52:55.000Z
1190	fl_query_hooks	Elite flutter_hooks compatible library for fl_query, the Asynchronous data caching, refetching & invalidation library for Flutter	0.3.1	77.49837415998265	1	20	1	4	KRTirtho		Apache-2.0	2022-12-16T15:52:56.000Z
1191	klocalizations_flutter	Wrapper around flutter_localizations, with some extra functionality and abstracting some of the common logic.	0.0.8	77.48103186646435	3	2	1	3	nombrekeff		MIT	2022-09-13T11:08:28.000Z
1192	dart_nats	A Dart client for the NATS messaging system. Design to use with Dart and flutter.	0.6.1	77.45501842618687	31	32	10	1	chartchuo		MIT	2022-11-16T08:59:17.000Z
1193	flutterflow_ui	UI components used by FlutterFlow's code generation.	0.1.1	77.42033383915022	1	27	15	4	FlutterFlow	flutterflow.io	BSD-3-Clause	2022-11-05T18:28:21.000Z
1194	body_detection	A flutter plugin that uses MLKit on iOS/Android platforms to enable body pose and mask detection using Pose Detection and Selfie Segmentation APIs for both static images and live camera stream.	0.0.3	77.41166269239108	25	18	12	4	0x48lab	0x48lab.com	NOASSERTION	2022-04-04T22:44:16.000Z
1195	data_class_plugin	A tool that uses Dart's Analyzer to generate code on-the-fly.	0.0.5	77.35963581183611	6	4	0	10	spideythewebhead		MIT	2022-12-16T12:52:44.000Z
1196	background_location_tracker	A Flutter plugin that allows you to track the background location for Android & iOS	1.3.1	77.35530023845654	19	17	9	1	icapps	icapps.com	MIT	2022-12-14T12:53:38.000Z
1197	tealium	A Flutter plugin for using Tealium's Android and iOS libraries.	2.1.0	77.31194450466074	3	4	2	4	Tealium		NOASSERTION	2022-12-01T14:40:31.000Z
1198	splash	This package contains a few InkSplash and InkRipple alternatives for a better UI	1.1.0	77.30327335790157	54	14	0	9	ueman	uekoetter.dev	NOASSERTION	2022-11-28T20:11:56.000Z
1199	nakama	Nakama is an open-source scalable game server that lets you focus on building games.	0.1.6	77.29893778452201	32	57	18	1	obrunsmann	brunsmann.io	Apache-2.0	2022-11-30T23:03:21.000Z
1200	ubuntu_session	Native Dart client library to access the GNOME Session Manager	0.0.3	77.29026663776284	4	7	2	2	canonical	canonical.com	MPL-2.0	2022-11-14T15:59:20.000Z
1201	dargon2_flutter	A Flutter implementation of dargon2, providing Argon2 Password Hashing functionality for mobile & web apps	3.1.0	77.28593106438326	5	11	5	1	tmthecoder	tmthecoder.dev	MIT	2022-10-09T01:03:43.000Z
1202	input_quantity	A widget for input quantity. Built with TextFormField. Type manually or increase and decrease value with the btn	1.1.1	77.26858877086494	2	3	0	1	pmatatias	pmatatias.dev	MIT	2022-12-16T09:12:10.000Z
1203	string_ext	Dart extension methods for String. Provides a more convenient and powerful API for working with strings.	0.2.0	77.2599176241058	3	1	0	0	Innim	innim.ru	BSD-3-Clause	2021-08-11T15:55:51.000Z
1204	xen_popup_card	Beautiful pop up card with app bar and gutter designed for flutter	0.0.1	77.24691090396705	9	8	0	0	xenSlayer		MIT	2022-03-24T11:17:33.000Z
1205	reactive_pinput	Wrapper around pinput to use with reactive_forms.	0.5.0	77.20789074355083	2	46	23	2	artflutter		MIT	2022-12-15T16:51:57.000Z
1206	buffer_image	A library for modify and display rgba format image data and grayscale image data.	0.3.12	77.18187730327337	2	4	0	0	shirne	shirne.com	Apache-2.0	2022-11-30T16:54:59.000Z
1207	bidi	Implementation of the Bidi algorithm, as described in http://www.unicode.org/reports/tr9/tr9-17.html.	2.0.4	77.14285714285715	9	1	2	0	xclud	pwa.ir	MIT	2022-12-14T05:54:50.000Z
1208	exponea	A full featured wrapper for Exponea SDK that supports Android and iOS.	1.1.0	77.13418599609798	3	4	0	2	exponea	exponea.com	MIT	2022-09-02T18:57:15.000Z
1209	verloop_flutter_sdk	Verloop SDK wrapper for Android and iOS.This would help the existing clients of verloop in adding chat functionalities to their flutter app.	0.0.4	77.12117927595925	2	0	0	3	verloop	verloop.io	GPL-3.0	2022-08-16T08:19:25.000Z
1210	smart_timer	A periodic timer which only runs while the app lifecycle is resumed.	1.0.2	77.1081725558205	7	3	0	0	smofe		MIT	2021-05-13T18:07:20.000Z
1211	easy_gradient_text	A Flutter Widget to apply text gradients easily.	1.0.0	77.09516583568177	7	1	2	1	gcayetano		MIT	2021-05-05T18:34:23.000Z
1212	roulette	This is a library provide a simple roulette widget which usually used for lottery.	0.1.3	77.08215911554302	10	8	2	3	do9core	ray-base.org	Apache-2.0	2022-11-02T05:40:54.000Z
1213	native_shutter_sound	A simple flutter plugin, that lets you play the native shutter sound for iOS and Android.	0.0.1	77.07782354216344	1	0	0	0	HTMHell		MIT	2022-07-02T17:21:44.000Z
1214	simple_pip_mode	A complete Picture-In-Picutre mode plugin (Android support only)	0.7.1	77.06915239540429	21	6	2	2	PuntitOwO	puntito.cl	MIT	2022-12-05T05:59:12.000Z
1215	simple_markdown_editor	A TextField Widget that allow you to convert easily what's in the TextField to Markdown.	0.2.0	77.0431389551268	27	8	10	9	zahniar88	mokuton.site	BSD-3-Clause	2022-10-23T16:28:42.000Z
1216	axios	Simple, zero-configuration command-line http server	1.0.1+1	77.03880338174723	21	1	0	0	Sayegh7		MIT	2021-03-07T15:54:25.000Z
1217	freezer	Provides the easiest and most productive automatic generation of model objects from JSON files.
	0.6.1	77.03013223498807	21	14	2	6	myConsciousness	shinyakato.dev	BSD-3-Clause	2022-12-17T03:05:12.000Z
1218	persian	Utilities and Humanizer for Persian language and culture. Includes some String extensions and PersianDate class.	1.2.0	77.02579666160851	33	9	2	0	xclud	pwa.ir	MIT	2022-12-11T12:43:14.000Z
1219	raygun4flutter	Raygun4flutter package is the official Raygun crash reporting provider for Flutter.	1.2.3	76.97810535443313	9	7	5	11	MindscapeHQ	raygun.com	MIT	2022-12-05T20:13:12.000Z
1220	flutter_tagging_plus	A flutter package with tagging or multiselect functionality. Useful for adding Tag or Label Selection Forms.	4.0.1	76.97376978105355	7	2	7	0	bradintheusa	rightclick.com.au	BSD-3-Clause	2022-05-17T23:22:23.000Z
1221	in_app_purchases_paywall_ui	A collection of in app purchase Paywall as a UI library. Also handles Purchase success state. Currently only subscriptions are supported. Made by www.linkfive.io
	0.7.0	76.95209191415564	37	6	5	0	LinkFive	linkfive.io	MIT	2022-09-09T14:14:17.000Z
1222	appbar_animated	Library to help you create animated text and background colors when scrolled.	0.0.3	76.94342076739649	21	0	0	0	zahniar88	mokuton.site	BSD-3-Clause	2021-09-22T18:15:03.000Z
1223	universal_image	A flutter package to display all image types for all platforms	0.1.6	76.93474962063733	12	1	1	0	ductranit		Apache-2.0	2022-11-10T14:12:04.000Z
1224	awesome_stepper	A Customizable Awesome Stepper with beautiful UI to develop awesome steppers.	0.1.3	76.89139388684153	50	3	1	0	msaadev	msaadev.com	BSD-3-Clause	2021-10-28T03:49:52.000Z
1225	webf_websocket	WebSocket API support for webf apps.	1.1.0	76.88272274008237	0	2	1	1	openwebf		Apache-2.0	2022-12-03T15:41:46.000Z
1226	min_id	ID generator for dart easily like eat 🥮🥮🥮🥮. You can generate unique string, unique number, unique any thing by min_id 👍.	1.1.0	76.85237372642531	8	1	0	1	tvc12	4pet.social	BSD-3-Clause	2021-03-27T15:11:40.000Z
1227	flutter_sanity	Dart libary to query the Sanity.io API. Supports running queries and downloading files.	1.1.0	76.83069585952742	13	7	1	1	joelrose		BSD-3-Clause	2022-10-25T13:47:15.000Z
1228	overlayment	Show a dialog, notification, window, or a panel easily. use helping widgets like AutoComplete, Expander(Dropdown).	0.2.1	76.79601127249079	25	25	3	0	SchabanBo	qlevar.de	MIT	2022-10-11T07:02:32.000Z
1229	capturesdk_flutter	The official Flutter CaptureSDK by Socket Mobile. It supports all current Socket Mobile’s barcode and NFC Reader scanning solutions.	1.3.1	76.77433340559288	3	2	0	3	SocketMobile	socketmobile.com	MIT	2022-09-07T17:49:52.000Z
1230	analytics	Interface for working with analytic services. The library is supposed to unify work with various analytic services.	1.0.2	76.752655538695	31	12	1	0	surfstudio	surf.ru	Apache-2.0	2022-05-12T10:52:59.000Z
1231	rsa_pkcs	Privacy-Enhanced Mail (PEM) parser, RSA, PKCS#1, PKCS#8, X.509	2.0.1	76.73097767179709	3	5	21	5	amaurel		Apache-2.0	2022-02-14T08:06:49.000Z
1232	flutter_callkit_voximplant	Flutter SDK for CallKit integration to Flutter applications on iOS	2.1.0	76.72230652503794	21	46	13	9	voximplant	voximplant.com	MIT	2022-06-17T16:20:33.000Z
1233	flutter_collapsing_toolbar	A Flutter package to create a Romantic Collapsing Toolbar. It will be useful for your awesome app.	1.0.0	76.71797095165836	31	4	1	0	minhhung2556	romanticdeveloper.com	Apache-2.0	2022-10-17T05:41:57.000Z
1234	dlna_dart	simple dlna client in pure dart,works fine in flutter,do all the job less than 500 lines	0.0.8	76.7092998048992	9	17	4	2	suconghou		BSD-3-Clause	2022-10-30T06:08:08.000Z
1235	country_dial_code	This package allows you to get the dialing codes and the name of 250 countries.	1.2.0	76.69195751138088	2	1	1	0	astudilloalex	alexastudillo.com	NOASSERTION	2022-02-13T22:28:18.000Z
1236	foil	Wrap a widget with Foil, providing a rainbow shimmer that twinkles as the accelerometer moves as well as tons of neat gradient features.
	0.9.0+1	76.6876219380013	62	15	0	0	Zabadam	zaba.app	BSD-3-Clause	2021-08-04T22:46:24.000Z
1237	flutter_oss_aliyun	oss aliyun plugin for flutter and upport STS to access OSS temporarily	5.0.0	76.66160849772382	7	14	5	4	huhx	huhx.cn	MIT	2022-12-16T14:18:26.000Z
1238	swipedetector_nullsafety	A Flutter package to detect up, down, left, right swipes.	2.0.0	76.65727292434424	0	0	0	0	rezam92	runwidget.com	MIT	2022-02-17T09:08:51.000Z
1239	keyboard_event	Keyboard event plugin for Flutter Desktop(Windows)	0.3.4	76.64860177758509	17	9	5	3	Krysl		MIT	2022-10-31T06:58:37.000Z
1240	pana	PAckage aNAlyzer - produce a report summarizing the health and quality of a Dart package.	0.21.23	76.63125948406677	80	148	40	64	dart-lang	tools.dart.dev	BSD-3-Clause	2022-12-16T14:49:14.000Z
1241	cherrypick	Cherrypick is a small dependency injection (DI) library for dart/flutter projects.	1.0.2	76.61825276392803	7	4	2	3	pese-git		Apache-2.0	2022-08-10T14:27:04.000Z
1242	plural_noun	Converts a English singular noun to a plural noun using a set of rules.	0.1.2	76.59657489703014	5	0	0	0	domain-centric		NOASSERTION	2021-10-23T11:23:37.000Z
1243	desktop_context_menu	A plugin that opens a context menu on the cursor position.	0.1.1	76.57489703013223	28	26	3	3	rows	rows.com	BSD-3-Clause	2022-05-13T11:34:03.000Z
1244	figma	A Figma API wrapper library for interacting with Figma documents, written in pure Dart.	3.6.0	76.55321916323435	9	14	11	0	arnemolland	molland.sh	MIT	2022-09-16T04:59:56.000Z
1245	emailjs	EmailJS helps sending emails directly from the Flutter app. No server is required.	1.1.0	76.51853457619771	4	1	0	0	emailjs-com	emailjs.com	BSD-3-Clause	2022-11-25T09:41:52.000Z
1246	tonic	Classes and methods for representing and manipulating concepts from music theory: Pitch, PitchClass, Interval, Scale, Chord.
	0.2.4	76.50986342943854	21	41	12	4	osteele		MIT	2021-07-05T13:12:47.000Z
1247	fl_paging	A new Flutter package support paginating for Listview, Gridview and NestedScrollView	2.2.0	76.4968567092998	21	32	9	3	dangngocduc	dangngocduc.dev	MIT	2022-11-09T10:19:07.000Z
1248	php_serializer	Serialize and deserialize Strings that the Php-Functions serialize created or unserialize
can parse, so Dart code can communicate with Php in its native format
	1.1.0	76.49252113592023	5	5	0	0	Manu311	manu311.de	BSD-2-Clause	2022-01-12T11:24:48.000Z
1249	cnpj_cpf_formatter_nullsafety	This library gives you a formatter to CNPJ or CPF documents. Enjoy it!	1.1.1	76.48818556254065	0	0	1	1	evandrofuhr		NOASSERTION	2020-07-06T17:15:59.000Z
1250	package_rename	A Blazingly Fast way to configure your awesome flutter project to be production ready.	1.0.0+1	76.46650769564275	10	3	0	1	OutdatedGuy	outdatedguy.rocks	BSD-3-Clause	2022-08-18T18:54:11.000Z
1251	cube_transition	A nice 3D Cube effect for your PageView and PageRoute transitions.	1.0.2	76.45783654888359	69	13	13	7	aeyrium	aeyrium.com	Apache-2.0	2021-07-07T16:34:49.000Z
1252	raw_sound	A flutter plugin for playing raw PCM audio data (16-bit integer and 32-bit float).	0.3.0+1	76.41014524170822	11	5	4	1	8fdafs2	codevalop.com	Apache-2.0	2022-04-20T04:53:28.000Z
1253	fl_query	Asynchronous data caching, refetching & invalidation library for Flutter	0.3.1	76.39713852156947	12	20	1	4	KRTirtho		Apache-2.0	2022-12-16T15:52:56.000Z
1254	save_in_gallery	Flutter plugin that allows you to save images in native gallery in both Android and iOS. You can either save them in default album or in named album of your choice.	0.1.3	76.36245393453284	21	7	20	14	FiveDotTwelve		MIT	2021-10-04T10:31:34.000Z
1255	wasm	Utilities for loading and running WASM modules from Dart code	0.1.0+1	76.35378278777368	79	281	23	26	dart-lang	labs.dart.dev	BSD-3-Clause	2022-12-09T04:02:17.000Z
1256	fixed	Fixed scale decimal numbers with mathematical operations, formatting and parsing.	2.3.2	76.34511164101453	2	6	2	0	onepub-dev	onepub.dev	MIT	2022-11-20T22:28:21.000Z
1257	glassmorphism_widgets	A set of widgets for use in Flutter apps. You can too easy custom and develop glass morphism widgets.	0.1.3	76.29742033383916	33	7	0	0	yama-yeah	hiyoko.ga	BSD-3-Clause	2022-09-08T09:52:33.000Z
1258	lcov_dart	Parse and format to LCOV your code coverage reports. The best way to share your code coverage stats.	7.0.0	76.28007804032083	1	0	0	0	MohiuddinM		MIT	2021-03-15T14:49:51.000Z
1259	json_cache	An object-oriented package for caching user data locally in json; a combinable layer on top of local storage packages that unifies them.	1.5.0	76.27574246694125	22	9	3	2	dartoos-dev	dartoos.dev	MIT	2022-12-13T21:03:23.000Z
1260	relative_time	Expresses a DateTime object relative to the current time in text form.	2.2.1	76.26273574680252	6	3	0	1	Mosc	viter.nl	MIT	2022-11-10T18:51:14.000Z
1261	draggable_bottom_sheet_nullsafety	This is a bottom sheet that is partially visible onto the screen and can be dragged from there into the screen to occupy the fullscreen.	1.0.2	76.23672230652504	7	0	1	0	stelynx		MIT	2022-02-10T10:56:53.000Z
1262	air_design	flutter widget design library.	3.0.0	76.15001083893344	1	1	0	0	pdliuw		BSD-3-Clause	2021-05-29T08:21:41.000Z
1263	curved_animation_controller	The easy way to use AnimationController with Curve. Apply animation in Flutter with a more straightforward code.	1.1.0+1	76.0546282245827	10	6	1	1	salkuadrat		BSD-2-Clause	2021-05-19T14:41:14.000Z
1264	conduit_common	Common classes shared by conduit projects.	4.0.1	76.0329503576848	1	0	0	1	bsutton	theconduit.dev	BSD-2-Clause	2021-03-30T19:56:04.000Z
1265	flutter_custom_selector	A flexible multi select and single select package for Flutter. Flutter custom selector dart package with awesome UI. Make your selection unique and fantacy	0.0.3	76.01560806416649	41	1	1	0	hbrhbr		BSD-2-Clause	2022-07-19T03:09:56.000Z
1266	triple_test	Test Helper for Store of flutter_triple with Mocktail.	1.0.0+1	75.99826577064816	6	131	30	10	Flutterando	flutterando.com.br	MIT	2022-12-14T20:41:16.000Z
1267	dynamic_icon_flutter	A flutter plugin for dynamically changing app icon, support IOS version > 10.3 and Android	0.0.7	75.9505744634728	9	0	2	1	chuanpham		MIT	2022-02-16T09:42:59.000Z
1268	snowplow_tracker	A package for tracking Snowplow events in Flutter apps	0.3.0	75.93756774333406	4	2	1	1	snowplow-incubator	snowplowanalytics.com	Apache-2.0	2022-11-02T11:51:31.000Z
1269	flutter_timetable	Displays a timetable for dates and times on items in a list.	1.1.0	75.92022544981573	17	5	2	1	yourfriendken	yourfriendken.com	MIT	2022-07-12T16:36:41.000Z
1270	monarch_annotations	Annotations for Monarch. Monarch is a tool for building Flutter widgets in isolation. It makes it easy to build, test and debug complex UIs.	1.0.2	75.90288315629742	7	334	10	8	Dropsource	monarchapp.io	MIT	2022-12-14T20:57:36.000Z
1271	riverpod_context	This package brings back context.read and context.watch for riverpod	0.3.0	75.88120528939952	8	2	0	0	schultek	schultek.de	MIT	2022-10-10T22:27:07.000Z
1272	list_wheel_scroll_view_x	A flutter project which add scroll direction to ListWheelScrollView allowing you to have horizontal ListWheelScroolView.	0.0.2	75.87253414264038	13	5	5	3	jascodes	jas.bio	MIT	2021-12-20T05:08:08.000Z
1273	gotrue	A dart client library for the GoTrue API.	1.3.0	75.84652070236288	8	40	35	1	supabase	supabase.io	MIT	2022-12-17T13:06:38.000Z
1274	cancellation_token	Easy async task cancellation for tasks using cancellation tokens in Dart.	1.5.0	75.8421851289833	6	2	0	0	JonathanPeterCole	jonathancole.dev	NOASSERTION	2022-10-02T17:26:41.000Z
1275	youtube_data_api	A Flutter package for fetching complete data from YouTube. Supports Search, Trending, Channels, Playlists and Video Data.	1.0.4	75.81617168870584	21	2	0	2	modwedar	exacode.xyz	Apache-2.0	2022-07-26T12:33:14.000Z
1276	reactive_date_range_picker	Wrapper around flutter showDateRangePicker to use with reactive_forms	0.5.0	75.81183611532624	4	46	23	2	artflutter		MIT	2022-12-15T16:51:57.000Z
1277	sticker_view	A Flutter plugin to rotate, resize, move, delete any text, photo or other widget.	0.0.2	75.80316496856709	45	14	10	3	gopaldhola99		MIT	2022-01-27T04:42:03.000Z
1278	app_state	A state management solution on top of Router API for larger apps.	0.8.3	75.78582267504878	30	12	0	11	alexeyinkin	ainkin.com	MIT-0	2022-12-08T16:02:44.000Z
1279	ngforms	Forms framework for AngularDart. Easily create forms to accept input from users.
	4.1.1	75.77715152828962	3	40	4	5	angulardart-community	angulardart.xyz	MIT	2022-12-03T19:31:43.000Z
1280	declarative_animated_list	An implementation of animated list widget that will be automatically updated based on different lists snippets.	0.1.1	75.77281595491003	15	4	2	2	nyarian		Apache-2.0	2021-08-03T20:19:52.000Z
1281	zego_uikit_prebuilt_video_conference	PrebuiltVideoConference is a full-featured Video Conference kit that provides a ready-made group voice/video chat, in-room message, dynamic layout, member list, etc.	1.1.10	75.7598092347713	3	1	0	0	ZEGOCLOUD	zegocloud.com	MIT	2022-12-12T09:58:20.000Z
1282	easy_upi_payment	A new flutter plugin to make upi payment with ease currently only supported by Android (only for India).	0.1.2	75.72946022111424	10	5	0	1	GJJ2019		MIT	2022-08-15T03:21:45.000Z
1283	govt_documents_validator	This package provides an easy way to validate Indian Government Documents like Aadhar,PAN and GSTIN. This is often useful to avoid the use of RegEx for validating the user inputs which maynot work in some scenarios, this package written purely in dart will validate the numbers through CheckSum values.	0.0.1	75.7164535009755	3	2	2	1	Rohan7654		MIT	2022-09-29T14:12:13.000Z
1284	ngrouter	Router for AngularDart. It enables navigation from one view to the next as users perform tasks.
	3.1.1	75.68610448731845	3	40	4	5	angulardart-community	angulardart.xyz	MIT	2022-12-03T19:31:43.000Z
1285	audio_visualizer	Pure dart audio visualizer for android and ios	0.1.1	75.66442662042056	42	13	11	2	Eittipat		Apache-2.0	2022-02-03T16:04:24.000Z
1286	hypertrack_plugin	Flutter plugin for HyperTrack, a cross-platform location tracking solution for Android and iOS	0.4.3	75.66009104704096	9	4	8	2	hypertrack		MIT	2022-11-14T16:29:16.000Z
1287	flutter_colored_progress_indicators	An alternate animated progress indicator widget for flutter's CircularProgressIndicator and LinearProgressIndicator with Google color accents.	1.2.0	75.65141990028181	9	2	2	0	Abhi011999		MIT	2020-12-19T21:58:38.000Z
1288	appscheme	Flutter plugin for accepting incoming links - App/Deep Scheme Links (Android), Universal Links and Custom URL schemes (iOS).	1.0.8	75.63841318014308	1	7	0	0	flutter-plugin	dsfgx.com	MIT	2021-07-18T09:44:22.000Z
1289	unity_mediation	Unity Mediation plugin for Flutter Applications. This plugin is able to display Rewarded and Interstitial Ads from different ad sources.	0.1.0	75.62540646000434	23	2	3	3	pavelzaichyk	rebeloid.com	MIT	2022-10-23T11:35:09.000Z
1290	flutter_analog_clock	A simple, highly customizable analog clock widget. This widget enables you to customize the clock's background, dial, markings, and hands.	1.0.2	75.5907218729677	30	7	5	0	conghaonet		MIT	2022-12-17T12:22:38.000Z
1291	realtime_client	Listens to changes in a PostgreSQL Database and via websockets. This is for usage with Supabase Realtime server.	1.0.1	75.55170171255149	45	76	16	0	supabase	supabase.io	MIT	2022-12-08T11:29:54.000Z
1292	assets_gen	The assets_gen package helps you to generate a .dart file that contains all assets according to `pubspec.yaml`.
	1.3.0	75.53869499241274	24	14	3	0	chenenyu		Apache-2.0	2022-11-14T06:18:24.000Z
1293	content_resolver	A plugin that help app to call ContentResolver on Android.	0.3.0	75.46499024495989	6	3	3	0	espresso3389	espresso3389.jp	MIT	2022-11-23T18:02:13.000Z
1294	cp949	CP949 Encoder/Decoder	1.2.1	75.44764795144158	9	11	9	3	jjangga0214		MIT	2021-06-04T16:34:07.000Z
1295	polygon	A simple way to draw polygon shapes and to clip them.	0.1.0	75.43464123130283	22	56	2	0	letsar		MIT	2022-07-27T19:48:14.000Z
1296	animated_clipper	Clip your widgets with Animated Clippers. Includes a collection of PathBuilders and helper widgets.	0.2.0+2	75.40862779102537	77	6	0	0	flowmobile	oodavid.com	MIT	2021-06-22T13:33:58.000Z
1297	input_form_field	Input form field is a StatefulWidget that contains a TextFormField. A convinient widget aiming to simplify complexitiy of default TextFormField widget.	0.0.5	75.39562107088662	15	3	2	3	momshaddinury		BSD-3-Clause	2022-10-18T11:42:21.000Z
1298	amplify_flutter_ios	The method channel implementation for amplify_flutter on iOS	0.6.10	75.39128549750704	0	1128	176	192	aws-amplify	aws-amplify.com	Apache-2.0	2022-12-17T00:16:28.000Z
1299	geobase	Geospatial data structures, projections, tiling schemes and vector data support (GeoJSON, WKT, WKB).	0.4.0	75.37827877736831	5	20	3	31	navibyte	navibyte.com	NOASSERTION	2022-12-02T20:19:03.000Z
1300	flutter_menu	Responsive UI framework for web and desktop - Top menu, responsive master/detail panes and context menu with keyboard shortcuts.	0.4.1	75.37394320398873	112	23	10	7	PsychTechApS		MIT	2021-05-14T16:54:23.000Z
1301	light_html_editor	A lightweight HTML editor for Flutter. Provides functionality to edit and parse simple HTML code.	0.1.2	75.36527205722957	9	14	3	2	herrytco	manuelh.at	NOASSERTION	2022-12-01T09:13:22.000Z
1302	scroll_shadow_container	Dynamically appearing shadows on top or bottom of a scrollable area	2.1.1+2	75.34792976371125	5	5	3	0	nuc134r	nuc134r.io	MIT	2022-07-30T16:32:08.000Z
1303	lat_lon_grid_plugin	Adds a latitude / longitude grid as plugin to the [flutter_map](https://github.com/fleaflet/flutter_map/).	0.2.4	75.34359419033167	9	10	3	1	matthiasdittmer		MIT	2022-10-31T18:18:42.000Z
1304	conduit_runtime	Provides behaviors and base types for packages that can use mirrors and be AOT compiled.	4.0.1	75.32625189681336	1	0	0	0	conduit-dart	theconduit.dev	BSD-2-Clause	2021-05-24T08:38:26.000Z
1305	username_generator	A simple library for generating random and seedable username for emails or user forms	1.3.0	75.30890960329504	15	1	1	0	prikeshsavla	prikeshsavla.com	MIT	2021-03-07T03:45:36.000Z
1306	jsqr	jsqr wrapper and widget for Flutter web.	0.1.4	75.2308692824626	1	13	11	3	treeder		NOASSERTION	2021-07-07T21:25:40.000Z
1307	palestine_console	Print.color() to console in any platform, more features will be added later.	0.0.10	75.21786256232387	19	2	0	0	PalestineDevelopers	msayed.net	BSD-3-Clause	2022-02-08T10:33:28.000Z
1308	user_messaging_platform	A plugin which provides a Dart API for the User Messaging Platform (UMP) SDK, which is the Consent Management Platform (CMP) SDK provided as part of Google's Funding Choices.	1.2.1	75.20052026880555	8	8	2	2	blaugold	gabriel.terwesten.net	MIT	2022-03-28T19:38:34.000Z
1309	expect	A tiny expectation library for writing tests based on matcher and test.	0.0.2	75.1268155213527	2	14	3	4	jonahwilliams	jonahwilliams.dev	BSD-3-Clause	2022-08-01T09:47:16.000Z
1310	sheet_loader_localization	Download an CSV file and generates the localization keys from an online Google Sheet.	0.1.3	75.12247994797312	8	3	1	1	HoangNguyen0403		BSD-2-Clause	2022-10-28T08:52:44.000Z
1311	dart_casing	Dart library for changing String case style to the desired convention.	2.0.0	75.11814437459354	5	3	3	1	Jesway	jesway.com	NOASSERTION	2021-12-11T12:20:24.000Z
1312	windows1251	Cyrillic windows-1251 (cp1251) encoding implementation for Dart.	0.0.3	75.10947322783437	5	3	0	0	ykmnkmi		MIT	2021-08-11T13:29:21.000Z
1313	flutter_telephony	A new Flutter plugin , get telephony info ,based on TelephonyManager in Android and based on CoreTelephony in iOS	0.0.15	75.10513765445481	12	2	5	0	aliazimoshan	aliazimoshan.info	MIT	2021-06-19T12:03:48.000Z
1314	video_watermark	Simple Flutter package to add image as overlay in the video along with video trim option.	1.0.4	75.09213093431606	4	1	0	0	EDEDIN-Solutions	eded.in	BSD-3-Clause	2022-10-14T16:38:34.000Z
1315	cbl_flutter_ee	Provides the Couchbase Lite Enterprise Edition for Flutter apps.	2.1.2	75.07478864079773	1	72	10	29	cbl-dart	gabriel.terwesten.net	Apache-2.0	2022-12-16T21:42:23.000Z
1316	flutter_stripe_payment	Add Stripe to your Flutter Application to Accept Card Payments Using Payment Intents with Strong SCA 3DS Compliance.	0.0.17	75.01842618686321	44	28	23	6	eopeter	dormmom.com	NOASSERTION	2022-03-23T11:02:03.000Z
1317	flutter_android	A Flutter plugin for Android platform-specific APIs, to reduce duplication of effort by centralizing Android bindings in a single package.	0.8.0	74.95339258616951	39	134	21	12	drydart	ar.to	Unlicense	2022-10-05T22:15:36.000Z
1318	wake_on_lan	Send wake on LAN magic packets to devices on your local network.	3.0.0	74.94905701278995	10	3	0	0	JagandeepBrar	jagandeepbrar.io	GPL-3.0	2022-03-10T22:28:31.000Z
1319	oauth_webauth	This plugin provides an alternative to AppAuth using WebView for OAuth 2.0 authorization/authentication.	3.1.2+13	74.92737914589205	13	5	6	6	luis901101		BSD-3-Clause	2022-10-28T19:57:22.000Z
1320	infinite_scroll_tab_view	A Flutter package for tab view component that can scroll infinitely.	1.0.3	74.92304357251246	26	6	3	0	cb-cloud	cb-cloud.com	MIT	2021-08-19T02:18:50.000Z
1321	stacked_notification_cards	A Flutter implementation of iOS style stacked notifications which can be dismissed.	0.1.0-dev.2	74.91870799913288	46	8	4	4	oaktreeapps	oaktreeapps.com	Apache-2.0	2022-09-19T14:13:23.000Z
1322	visa	Visa is an OAuth 2.0 package that makes it super easy to add third party authentication to flutter apps.	2.0.1	74.88835898547583	43	134	22	7	e-oj		MIT	2022-11-13T21:49:24.000Z
1323	stream	Lightweight Dart web server supporting request routing, filtering, template engine, MVC design pattern, and file-based static resources.
	3.0.3	74.80164751788423	8	226	22	1	rikulo	quire.io	Apache-2.0	2022-10-18T04:03:15.000Z
1324	share_files_and_screenshot_widgets_plus	This pub lets you share any kind of files (csv, mp4, png etc), take screenshot of the widgets you want and return as Image and share them directly as well in the form of an image.	1.0.4	74.70192933015392	5	0	1	1	haduyphuong	ngovang.com	NOASSERTION	2021-09-11T05:29:06.000Z
1325	amplify_flutter_android	The method channel implementation for amplify_flutter on Android	0.6.10	74.68025146325601	0	1128	176	192	aws-amplify	aws-amplify.com	Apache-2.0	2022-12-17T00:16:28.000Z
1326	flutter_voice_processor	A Flutter plugin that delivers audio buffers for real-time processing.	1.0.9	74.67591588987644	9	15	5	0	Picovoice	picovoice.ai	Apache-2.0	2022-09-21T21:20:25.000Z
1327	dio_interceptors	Implements interceptors for you use on Dio package.	0.0.4+1	74.6629091697377	14	2	1	1	gabuldev		MIT	2021-03-02T00:57:07.000Z
1328	intrinsic_dimension	A widget that offers the dimensions (width and height) and the start offset of the widget you return from a builder callback function.	0.3.0	74.65857359635811	7	3	1	0	Abel1027	netwriper.com	NOASSERTION	2022-06-04T01:04:54.000Z
1329	es_compression	Compression framework providing FFI implementations for Brotli, Lz4, Zstd (Zstandard) with ready-to-use prebuilt binaries for Win/Linux/Mac.	2.0.8	74.61088228918274	28	27	6	1	instantiations	instantiations.com	BSD-3-Clause	2022-10-03T13:38:37.000Z
1330	country_state_city	A flutter package to display list of Countries, States and Cities depends on a given country	0.1.6	74.60654671580316	6	1	3	0	paulpascal		MIT	2022-12-16T12:55:34.000Z
1331	cloudpayments	A Flutter plugin for integrating Cloudpaymanets in Android and iOS applications.	0.3.0	74.58486884890527	23	11	11	5	shushper		MIT	2021-06-24T11:43:21.000Z
1332	flutter_add_to_cart_button	A Flutter package to create an Add To Cart Button. It will be useful for your awesome app.	1.1.0	74.58053327552568	37	0	0	0	minhhung2556	romanticdeveloper.com	Apache-2.0	2022-05-25T06:14:45.000Z
1333	string_stats	string_stats provides utility functions and classes for determining basic frequency statistics on strings. Provides support for asynchronous or incremental accumulation. Includes word count, character count, character frequency, word frequency, line count and more.	0.1.0	74.56752655538695	5	0	0	0	ALMDart	almaclaine.com	MIT	2021-12-28T00:48:54.000Z
1334	ant_design_flutter	A Flutter UI framework designed for web / pc application, contains some high quality widgets.	0.0.1+5	74.55018426186864	34	28	6	0	CalsRanna	antdf.xyz	MIT	2022-05-17T20:59:41.000Z
1335	standard_dialogs	Package with standardized dialogues for use in your application or package.	2.0.0	74.53284196835031	12	2	2	0	ricardocrescenti		BSD-3-Clause	2022-07-08T03:21:58.000Z
1336	flutter_card_scanner_latest	A flutter project for scanning the credit cards on an iOS device.	1.0.5	74.52417082159116	15	5	5	3	SuryaPrabha27		NOASSERTION	2021-11-30T09:15:09.000Z
1337	youtube_player_webview	Flutter plugin for playing or streaming inline YouTube videos using the official iFrame player API. This plugin supports both Android and iOS.	1.0.0+1	74.4938218079341	4	3	3	1	ravindrabarthwal		BSD-3-Clause	2020-11-22T05:13:23.000Z
1338	update_app	Update the app, pass in the updated address, and update the app. The Android part is implemented using DownloadManager.	0.1.7	74.45480164751788	7	8	8	1	mofada		MIT	2022-04-08T13:50:50.000Z
1339	mvc_application	Flutter Framework for Applications using the MVC Design Pattern	8.13.1	74.41144591372209	22	25	9	1	AndriousSolutions	andrioussolutions.com	NOASSERTION	2022-08-30T21:37:11.000Z
1340	flutter_shortcuts	Flutter plugin for creating static & dynamic app/conversation shortcuts on home screen.	1.3.0	74.40711034034251	87	39	10	2	DevsOnFlutter	hackthedeveloper.com	BSD-3-Clause	2022-10-14T20:16:34.000Z
1341	geofence_flutter	Flutter geofencing plugin for flutter application (android and ios).	2.0.0	74.38976804682419	16	9	6	1	SarfarazAhmed008	sarfaraz.me	MIT	2022-09-15T19:13:42.000Z
1342	better_page_turn	A simple Page Turn Widget for Flutter.	0.0.6	74.37676132668545	9	11	1	1	WangYng		BSD-2-Clause	2022-07-06T05:53:10.000Z
1343	flutter_haptic	Flutter Plugin for calling mobile native Haptic feature	0.0.3	74.3680901799263	4	1	0	0	creche-studio		MIT	2021-05-23T23:51:05.000Z
1344	transformable_list_view	Widget that extends the default ListView with ability to add item transform animations according to it's scroll position	0.2.0	74.35508345978755	33	5	1	0	TBR-Group-software		MIT	2022-07-13T17:12:23.000Z
1345	peerdart	Simple peer-to-peer with WebRTC for Dart. PeerJS port for Flutter.	0.3.2	74.34207673964882	11	34	7	1	MuhammedKpln		MIT	2022-11-28T15:13:20.000Z
1346	cupertino_onboarding	Flutter package that provides an iOS-style onboarding experience.	1.1.1	74.33774116626924	39	3	1	2	ivirtex	ivirtex.dev	MIT	2022-12-12T02:10:34.000Z
1347	custom_dropdown	A simple dropdown library with custom style.	0.0.2	74.32039887275093	2	2	1	0	Supercaly		Apache-2.0	2020-04-11T16:18:27.000Z
1348	clean_calendar	A brand-new Flutter calendar package that enables you to make a simple, lovely, and customizable calendar.	1.0.2	74.3030565792326	16	8	0	1	chaudharydeepanshu	deepanshuchaudhary.com	BSD-3-Clause	2022-12-07T11:39:19.000Z
1349	binary_codec	Dart library for converting standard data types to a binary format and back	2.0.3	74.29438543247345	6	5	4	1	stefan-zemljic		MIT	2021-09-22T12:02:23.000Z
1350	app_runner	Launch your Flutter app like a pro! AppRunner is a configurator for quick and controlled launch of your application.	2.1.2	74.28571428571429	31	9	0	0	MadBrains	madbrains.ru	MIT	2022-11-01T11:32:43.000Z
1351	activity_ring	Flutter Library to create Progress bars in Apple Watch style rings.	0.3.0	74.25536527205723	21	6	5	1	akashgurava		MIT	2022-01-04T04:27:17.000Z
1352	creator	A state management library that enables concise, fluid, readable and testable business logic code.	0.2.2	74.23802297853891	51	180	13	1	liangxianzhe	chooly.app	MIT	2022-11-13T20:55:02.000Z
1353	nyxx_commands	A framework for easily creating slash commands and text commands for Discord using the nyxx library.	4.3.0	74.21634511164102	6	6	2	1	nyxx-discord	l7ssha.xyz	Apache-2.0	2022-12-12T07:46:56.000Z
1354	dart_big5	This package provides encode, decode method for big5.	0.0.5	74.1990028181227	1	0	1	0	RPMTW		NOASSERTION	2021-10-11T13:04:30.000Z
1355	gt3_flutter_plugin	The official flutter plugin project for geetest. Support Flutter 2.0.	0.0.8	74.15131151094732	3	0	3	2	GeeTeam	geetest.com	MIT	2022-06-14T03:26:39.000Z
1356	flutter_tiktok_sdk	A Flutter plugin that lets developers access TikTok's native SDKs in Flutter apps with Dart	0.2.4	74.14697593756773	10	3	2	1	K9i-0	k9i.app	MIT	2022-11-06T05:04:52.000Z
1357	easy_ads_flutter	Easy Ads is a wrapper around famous ad packages which let you integrate ads easily	1.0.6	74.13396921742901	36	15	10	3	nooralibutt	nooralibutt.com	MIT	2022-11-01T11:59:34.000Z
1358	simple_peer	Simple WebRTC. Similar to the simple-peer project in javascript.	0.0.10	74.12529807066984	4	6	0	0	simonbengtsson	flown.io	BSD-3-Clause	2022-11-22T19:18:52.000Z
1359	zarinpal	Zarinpal Package  for dar & flutter support all platforms (Android,Ios,Linux,Windows,MacOs,Web)	1.0.4+1	74.10795577715152	29	11	1	1	javad-zobeidi	flutterfarsi.ir	BSD-3-Clause	2021-07-13T16:30:45.000Z
1360	tinkoff_acquiring	Flutter Tinkoff Acquiring SDK is a simple way to integrate payments into your mobile application.	3.0.7	74.09928463039238	31	41	6	4	MadBrains	madbrains.ru	MIT	2022-12-17T12:59:14.000Z
1361	galaxeus_lib	All in one library for help you make easy app on cross platform and support server side, inclue tcp, fetch, event emitter, websocket, and more.	0.0.34	74.07760676349447	1	0	0	0	galaxeus		NOASSERTION	2022-12-15T05:50:56.000Z
1362	toss_payment	Toss Payment Flutter Plugin This plugin provides a payments method using toss in ios and android app.	0.2.6	74.06460004335574	11	3	3	2	studio-b-co-kr		BSD-3-Clause	2022-09-30T00:10:17.000Z
1363	mparticle_flutter_sdk	mParticle Flutter Plugin - SDK wrapper for iOS, Android, and Web platforms	1.0.3	74.02557988293952	2	3	5	0	mParticle	mparticle.com	Apache-2.0	2022-12-15T16:05:35.000Z
1364	invoiceninja	This package makes it easy to sell products in a Flutter app	0.0.9	74.01257316280078	52	25	12	3	invoiceninja	invoiceninja.com	MIT	2021-04-07T14:34:33.000Z
1365	pro_animated_blur	ProAnimatedBlur is a widget that blurs the underlying area of its child widget and it works like AnimatedContainer, AnimatedOpacity	0.0.2+1	74.0082375894212	46	6	0	0	yasinarik	yasinarik.com	BSD-3-Clause	2022-04-15T06:32:41.000Z
1366	pushable_button	A 3D pushable button. Ideal for important CTAs in the app.	0.0.3	73.98655972252331	28	18	6	1	bizz84		MIT	2021-05-21T13:07:12.000Z
1367	cube_transition_plus	A nice 3D Cube effect for your PageView and PageRoute transitions.	2.0.1	73.98222414914373	5	13	13	7	aeyrium		Apache-2.0	2021-07-07T16:34:49.000Z
1368	markdown_viewer	A Markdown renderer for Flutter. Render Markdown String to rich text output.	0.4.9	73.95621070886624	6	3	0	3	tagnote-app	tagnote.app	BSD-3-Clause	2022-11-26T08:41:58.000Z
1369	dimension	A Flutter package that introduce the Dimension class. It mimics the css length unit and supports units like px, percentage, vw, vh, vmin ,and vmax.	0.1.6	73.95187513548666	11	3	1	1	KevinVan720	wenkaifan.com	MIT	2021-05-09T18:58:58.000Z
1370	media_cache_manager	This package helps you to cache media (Audio, Video, Image, etc...).	0.0.2+1	73.93019726858877	38	9	2	0	AhmedAbogameel		MIT	2022-07-13T14:13:24.000Z
1371	any_animated_button	Button, which animates between idle, progress and success/error state, indicating that some process is running in the background.	0.0.4	73.90851940169088	49	0	0	0	appvinio	appvinio.com	MIT	2022-10-26T11:11:48.000Z
1372	cp949_codec	The best package for cp949 decoding/encoding. support null-safety, less memory comsumption. include examples and tests	0.1.1	73.86516366789509	4	3	0	3	letyletylety	letyarch.blogspot.com	BSD-3-Clause	2022-11-02T01:15:52.000Z
1373	stickereditor	A widget that lets you modify and move your text and image according to your boundaries.	0.0.8	73.85215694775634	48	20	9	5	Harsh-Radadiya		MIT	2021-12-13T09:27:15.000Z
1374	flutter_lazy_indexed_stack	A Flutter package that exposes an `IndexedStack` that can be lazily loaded.	0.0.4	73.80880121396055	29	17	1	0	marcossevilla	marcossevilla.dev	MIT	2022-10-26T01:58:56.000Z
1375	flui	FLUI is a powerful UI framework for Google Flutter. Including widgets kit and useful modules.	0.9.2	73.80446564058096	140	1380	137	12	Rannie	flui.xin	MIT	2022-10-15T08:41:39.000Z
1376	flutter_file_saver	Interface to provide a way to save files on the device in Flutter.	0.6.1+1	73.74810318664643	4	6	1	0	TesteurManiak	rouxguillau.me	MIT	2022-10-31T07:16:07.000Z
1377	events_emitter	An intuitive Event-based system, inspired by NodeJS's Event Emitter. Allows for multiple data types with type safety events. Based on JavaScript and suitable for Dart and Flutter.	0.5.2	73.71775417298937	6	5	1	0	DrafaKiller	drafakiller.com	MIT	2022-11-11T21:12:31.000Z
1378	sample_exception	Define a generic exception for all project and library. help the Developer code easer with error and exception.	1.0.2	73.70474745285064	0	0	0	0	sonnts996		AGPL-3.0	2022-06-20T04:24:42.000Z
1379	flutter_nord_theme	An arctic, north-bluish theme for Flutter, based on the Nord theme.	2.1.0	73.64404942553652	8	7	2	0	Firefnix		NOASSERTION	2022-02-12T22:35:01.000Z
1380	dashed_line	Draw dashed lines with any shape and style you want. Just like that.	0.1.0+1	73.59635811836115	38	16	2	3	leancodepl	leancode.co	Apache-2.0	2021-12-01T11:06:20.000Z
1381	agconnect_auth	By integrating the Auth Service SDK into your app, you can easily and quickly provide functions such as registration and sign-in for your users.	1.5.0+300	73.53132451766746	3	9	1	3	AppGalleryConnect		Apache-2.0	2022-12-07T01:06:33.000Z
1382	midtrans_sdk	A Flutter plugin for Midtrans Mobile SDK. Supports iOS and Android.	0.3.4	73.5226533709083	20	11	17	4	tomykho	tomykho.dev	MIT	2022-10-25T03:31:44.000Z
1383	native_video_player	A Flutter widget to play videos on iOS and Android using a native implementation.	1.1.0+2	73.47929763711251	5	0	2	3	albemala	albemala.me	MIT	2022-10-13T13:20:43.000Z
1384	desktop	Flutter design standard for desktop. Just simple, usable wigdets to create apps. See the galery for examples of the components used.	3.1.5	73.4576197702146	102	79	8	0	adrianos42	adrianosouza.dev	MIT	2022-11-16T00:54:10.000Z
1385	customizable_counter	a counter widget that support different kinds of customization.	1.0.4	73.43160632993714	3	2	1	0	ihjohny		MIT	2022-09-06T09:25:07.000Z
1386	functions_framework_builder	Builder for package:functions_framework	0.4.7	73.40992846303924	3	484	49	26	GoogleCloudPlatform	cloud.google.com	Apache-2.0	2022-11-30T03:47:21.000Z
1387	flutter_image_utilities	Image file related utilities for saving an image as JPEG with the specified quality and size and for getting image properties.	2.1.0	73.37957944938218	12	2	0	2	kineapps	kineapps.com	BSD-3-Clause	2022-10-21T10:32:07.000Z
1388	video_uploader	This flutter plugin is an easy way to upload video to api.video.	1.0.0	73.36223715586387	5	10	0	1	apivideo	api.video	MIT	2022-12-15T08:41:08.000Z
1389	floating_ribbon	A new Flutter package for creating floating ribbons on images.	1.0.1	73.32321699544765	21	12	1	1	101Loop	mahengandhi.me	MIT	2019-08-16T16:26:23.000Z
1390	reactive_range_slider	Wrapper around RangeSlider to use with reactive_forms.	0.5.0	73.2928679817906	1	47	23	2	artflutter		MIT	2022-12-15T16:51:57.000Z
1391	serverpod_auth_shared_flutter	Shared widgets for Flutter side authentication with Serverpod.	0.9.21	73.28853240841102	5	970	71	75	serverpod	serverpod.dev	BSD-3-Clause	2022-12-16T18:27:39.000Z
1392	json_tree_viewer	A simple tree widget to show json pretty.	0.0.2	73.28419683503144	4	0	2	0	youngchan1988	dev.apptoy.cc	BSD-3-Clause	2022-07-26T08:54:58.000Z
1393	dart_pusher_channels	Dart implementation of client of Pusher Channels protocol, instrument to work with real-time applications.	0.3.1+1	73.27986126165186	16	9	3	3	kerimamansaryyev		MIT	2022-12-17T13:45:23.000Z
1394	flutter_audio_cutter	A package used to cut a segment from an audio file supported on Android	1.0.3+1	73.19314979406026	4	1	2	1	sondv301		MIT	2022-08-08T11:46:11.000Z
1395	simple_form_builder	A simple form builder that lets you create a complete form from a simple JSON data.	0.0.22	73.18881422068068	21	6	7	0	tanmoy27112000		BSD-3-Clause	2022-12-04T22:14:21.000Z
1396	admob_consent	A wrapper for Google's User Messaging Platform (UMP) SDK, used for consent gathering (i.e. GDPR, ATT) on Android and iOS.	1.1.2	73.15846520702362	19	13	12	16	Anteger	anteger.com	Apache-2.0	2021-06-22T01:33:09.000Z
1397	category_picker	An input widget to handle selection of category like choices. Inspired by the YouTube recommendations bar on the home page.	1.0.1	73.1021027530891	23	0	0	0	ecrax		GPL-3.0	2021-01-10T09:20:05.000Z
1398	wizard_router	Routing for linear wizards. No dependencies between pages. Pages merely request the next page. Routes and conditions defined in a central place.	0.9.0	73.05007587253415	7	20	4	1	ubuntu-flutter-community	canonical.com	BSD-3-Clause	2022-10-08T08:18:17.000Z
1399	cupertino_timer	An iOS style countdown timer. Inspired by the native timer app on iOS.	1.0.2	73.04140472577498	8	2	0	0	verygoodtechnologies	verygoodtech.co	BSD-3-Clause	2022-07-30T14:47:33.000Z
1400	fluid_dialog	A dialog that  can switch between multiple contents and animates size and alignment dynamically.	1.1.0	73.0370691523954	30	2	0	0	RoundedInfinity	clevertasks.de	MIT	2022-11-17T14:25:26.000Z
1401	sealed_flutter_bloc	flutter_bloc state management extension that integrates sealed_unions.	8.0.0	72.99804899197919	60	70	13	1	felangel	bloclibrary.dev	MIT	2021-11-18T17:10:37.000Z
1402	agconnect_applinking	AGC App Linking Kit plugin for Flutter.This Kit allows you to create cross-platform links that can work as defined regardless of whether your app has been installed by a user.	1.5.0+300	72.96769997832213	2	9	1	3	AppGalleryConnect		Apache-2.0	2022-12-07T01:06:33.000Z
1403	flex_with_main_child	A Flex (i.e. Column or Row) that sizes itself to its main child in the cross axis direction.	0.2.1	72.96336440494255	6	4	1	1	chomosuke		BSD-3-Clause	2022-08-31T09:33:51.000Z
1404	mono_kit	A collection of convenient widgets and utils made by mono. Under construction now.	0.32.0	72.9330153912855	7	65	5	0	mono0926	mono0926.com	MIT	2022-11-17T08:36:05.000Z
1405	shared_preferences_settings	Settings Screen with Shared Preferences	1.2.0	72.91567309776717	32	66	31	18	barnabasbartha		MIT	2021-10-21T12:05:19.000Z
1406	telegram_client	Telegram Client Lightweight, blazing and Highly customizable for make application telegram based tdlib, mtproto, or bot api and support server side.	0.3.83	72.8896596574897	54	68	9	5	azkadev		NOASSERTION	2022-12-14T00:56:31.000Z
1407	flutter_play_asset_delivery	A new flutter plugin project.	0.0.2	72.83329720355518	4	0	2	0	yucon-digital		MIT	2021-11-03T16:21:06.000Z
1408	dropdown_selection	frok from dropdown_search , fix dialog option size not dynamic issue	2.0.3	72.78127032300021	3	239	219	11	salim-lachdhaf		MIT	2022-12-05T08:46:47.000Z
1409	tinkoff_acquiring_flutter	Flutter Tinkoff Acquiring SDK is a simple way to integrate payments into your mobile application.	3.0.7	72.76826360286148	2	41	6	4	MadBrains	madbrains.ru	MIT	2022-12-17T12:59:14.000Z
1410	at_client	The at_client library is the non-platform specific Client SDK which provides the essential methods for building an app using the atProtocol.	3.0.49	72.75092130934317	12	1582	30	122	atsign-foundation	atsign.org	BSD-3-Clause	2022-12-16T12:36:09.000Z
1411	quill_html_editor	HTML rich text editor for Android, iOS and Web, using the QuilJS library.	0.1.5	72.73791458920442	18	2	2	0	the-airbender		MIT	2022-12-17T13:04:27.000Z
1412	serverpod_auth_client	Serverpod authentication client.	0.9.21	72.72924344244527	4	970	71	75	serverpod	serverpod.dev	BSD-3-Clause	2022-12-16T18:27:39.000Z
1413	google_vision	Allows you to add Google Visions image labeling, face, logo, and landmark detection, OCR, and detection of explicit content, into applications.	1.0.5+3	72.71623672230653	8	5	2	0	faithoflifedev	muayid.com	MIT	2022-12-01T14:38:15.000Z
1414	fftea	Fast Fourier Transform (FFT) library that can handle inputs of any size. Includes related tools such as STFT and convolution.
	1.2.0+1	72.67288098851074	20	29	0	8	liamappelbe		Apache-2.0	2022-12-11T08:22:10.000Z
1415	double_tap_player_view	a widget to handle fast forward/rewind behavior by double tap and horizontal drag like a video player.	2.0.2	72.659874268372	33	6	2	0	HiroyukiTamura		Apache-2.0	2022-02-03T11:49:21.000Z
1416	multiple_random_choice	A function library to choose multiple items randomly. This library supports weighted randomly choosing too. Typical examples of usage are lottery and gacha.	0.1.3+1	72.6165185345762	3	0	0	1	MenEnger	hrimfaxi-lab.com	BSD-3-Clause	2021-12-18T02:18:43.000Z
1417	easy_onvif	A pure Dart library designed primarily for command line automation of Onvif compatible devices, but can be used anywhere Dart is used.	2.0.13+17	72.59050509429872	10	13	6	2	faithoflifedev	muayid.com	MIT	2022-12-14T20:44:29.000Z
1418	vin_decoder	Dart library for working with Vehicle Identification Numbers (VINs) based on ISO 3779:2009 and World Manufacturer Identifiers (WMIs) based on ISO 3780:2009, enriched by NHTSA data.	0.1.4+1	72.58183394753956	13	23	9	3	adaptant-labs	adaptant.io	Apache-2.0	2022-12-07T19:49:44.000Z
1419	monarch	Code generator for Monarch. Monarch is a tool for building Flutter widgets in isolation. It makes it easy to build, test and debug complex UIs.	3.0.0	72.57749837415999	59	334	10	8	Dropsource	monarchapp.io	MIT	2022-12-14T20:57:36.000Z
1420	coast	PageView wrapper that supports Hero-like animations	2.0.2	72.56015608064168	72	18	9	6	spkersten	spkersten.nl	MIT	2022-05-27T10:38:17.000Z
1421	okhi_flutter	The OkHi Flutter library will enable you to start collecting and verifying your user's addresses.	1.0.7	72.52113592022546	2	0	0	0	OkHi	okhi.co	MIT	2022-11-16T17:36:07.000Z
1422	cloudinary_dart	Cloudinary is a cloud service that offers a solution to a web application's entire image management pipeline	0.0.10	72.49945805332754	1	4	0	0	cloudinary	cloudinary.com	MIT	2022-12-01T09:45:02.000Z
1423	all_lint_rules_community	Automatically updated all lint rules file !	0.0.20	72.48211575980925	14	21	1	0	gaetschwartz		MIT	2022-12-13T12:27:33.000Z
1424	universe	The easy & flexible way to use interactive maps in Flutter. Inspired by Leaflet.js.	1.1.3-nullsafety	72.47344461305008	81	27	7	6	salkuadrat		BSD-2-Clause	2022-03-26T19:21:06.000Z
1425	geoclue	GeoClue: The Geolocation Service	0.1.1	72.46043789291133	2	7	4	1	canonical	canonical.com	MPL-2.0	2022-11-22T06:14:47.000Z
1426	rest_api_client	Abstraction for communicating with REST API in flutter projects. Incorporates exception handling and jwt with refresh token authorization.	2.1.5	72.37806199869932	21	9	3	3	salihagic		MIT	2022-10-08T14:34:12.000Z
1427	fluid_kit	Responsive helper for fluid layout. Allows you to control the layout of children based on minimum width and grid.	2.1.0	72.33470626490353	48	6	1	0	andyduke	amazingsoftworks.com	BSD-3-Clause	2022-03-24T12:21:57.000Z
1428	bolt11_decoder	A decoder for Bitcoins Lightning Network BOLT11 invoices for use in wallet apps.	1.0.1	72.33037069152395	2	4	4	1	fusion44	sendmany.app	MIT	2022-05-01T07:51:46.000Z
1429	flutter_code_editor	A customizable code field supporting syntax highlighting and code folding.	0.2.1	72.29568610448732	12	12	0	24	akvelon	akvelon.com	Apache-2.0	2022-12-09T03:59:08.000Z
1430	flutter_custom_calendar	A calendar control of flutter that supports three selection modes。	1.0.5	72.278343810969	9	9	20	0	ifgyong		BSD-2-Clause	2020-10-23T02:06:29.000Z
1431	flutter_prince_of_versions	Library for easier versioning of your applications. You can check for updates from a remote server, Google Play or App Store.	2.2.1	72.26533709083026	7	5	0	0	infinum	infinum.com	MIT	2022-11-07T09:48:07.000Z
1432	dart_periphery	dart_periphery is a Dart port of the native c-periphery library for Linux Peripheral I/O (GPIO, LED, PWM, SPI, I2C, MMIO and Serial peripheral I/O).	0.9.3	72.26100151745068	33	25	4	3	pezi	flutterdev.at	BSD-3-Clause	2022-12-15T15:59:21.000Z
1433	plist_parser	A Flutter Plugin for Plist parser supporting XML and Binary formats.	0.0.9	72.24799479731195	4	4	3	0	dirablue		MIT	2022-05-11T15:05:20.000Z
1434	fading_images_slider	An images slider widget. Supports infinite scroll. It's easy to use and edit.	0.0.4	72.22631693041404	7	0	1	0	eademir		BSD-3-Clause	2021-09-26T20:46:58.000Z
1435	flutster	Record your Flutter UI tests using this Widget on Android. Save the UI tests to play them again automatically.	1.0.1	72.22198135703447	6	0	0	0	jod-li	jod.li	MIT	2022-08-05T07:12:57.000Z
1436	custom_signin_buttons	A package designed to create sign in buttons in an easier and more customizable way.	1.0.2	72.21331021027531	3	0	0	0	DarkHachi		MIT	2022-04-29T16:33:06.000Z
1437	reactive_color_picker	Wrapper around `flutter_colorpicker` to use with `reactive_forms`.	0.4.0	72.20030349013658	1	47	23	2	artflutter		MIT	2022-12-15T16:51:57.000Z
1438	storage_repository	Abstraction for reading and persisting data to platform specific storage.	1.1.9	72.17862562323867	5	1	1	0	salihagic		MIT	2022-06-22T11:42:21.000Z
1439	stash_dio	Dio extension for the stash API. Provides an interceptor that uses stash as a caching layer for Dio	4.5.0	72.15694775634077	7	72	10	0	ivoleitao	ivoleitao.dev	MIT	2022-12-05T23:19:18.000Z
1440	reactive_raw_autocomplete	Wrapper around RawAutocomplete to use with reactive_forms	0.5.0	72.14827660958161	3	47	23	2	artflutter		MIT	2022-12-15T16:51:57.000Z
1441	weight_slider	Customisable slider widget for retrieving a person's weight/mass.	1.2.2	72.10058530240624	26	4	4	0	coval-solutions	covalsolutions.com	MIT	2021-06-07T12:01:13.000Z
1442	state_set	Collects State Objects by type into a Map object for realiable access across the app.	3.6.0+06	72.07457186212876	3	4	0	0	AndriousSolutions	andrioussolutions.com	NOASSERTION	2022-09-24T17:45:13.000Z
1443	firebase_auth_dart	Pure Dart implementation of FlutterFire Auth API	1.0.1	72.05289399523087	19	284	35	18	invertase	invertase.io	NOASSERTION	2022-11-05T03:27:18.000Z
1444	debug_logger	A liteweight utility used for logging values to debug console.	0.0.23	72.03988727509213	7	0	0	0	savannahghi	savannahghi.org	MIT	2022-10-27T07:27:15.000Z
1445	rulers	A Flutter Widget to show Ruler with selected values.Rulers like UI to show measurement or selection within some range.	1.0.7	71.98786039453718	14	16	4	1	theshivamlko	navoki.com	NOASSERTION	2022-02-06T14:26:43.000Z
1446	dartz_test	Provides matchers to help unit-testing your apps when using functional programming types defined in the dartz package.	0.1.1	71.94450466074139	0	0	1	0	SuperMuel	supermuel.fr	BSD-3-Clause	2022-11-17T09:30:50.000Z
1447	theme_tailor	Code generator for Flutter's 3.0 ThemeExtension classes.  The generator can create themes and extensions on BuildContext  or ThemeData based on the lists of the theme properties
	1.0.8	71.90982007370475	63	33	7	5	Iteo	iteo.com	MIT	2022-12-13T13:45:39.000Z
1448	umbra_flutter	An accompanying Flutter library for generated Umbra shaders.	0.1.0-dev.4	71.87513548666811	13	189	9	5	wolfenrain	wolfenra.in	MIT	2022-10-31T13:27:47.000Z
1449	flutter_chatgpt_api	Flutter/Dart API around ChatGPT for the unofficial ChatGPT API.	1.1.0	71.86212876652938	12	66	11	3	coskuncay	justec.dev	MIT	2022-12-12T16:31:08.000Z
1450	epson_epos	This plugin allows Flutter apps to discover printers and send data to EPSON ePOS.	0.0.2	71.8361153262519	6	11	8	6	mrtungdev	mrtung.dev	MIT	2022-08-10T20:17:33.000Z
1451	animated_onboarding	Animated onboarding process for your Flutter app. This library contains a pre-build animation for your app.	0.0.2	71.83177975287232	29	5	5	0	HenrikThien		NOASSERTION	2020-07-27T16:01:07.000Z
1452	multi_trigger_autocomplete	A flutter widget to add trigger based autocomplete functionality to your app.	0.1.1	71.77975287231736	40	77	9	3	xsahil03x		MIT	2022-11-15T15:08:34.000Z
1453	hive_local_storage	A cache helper which uses hive and flutter_secure_storage to make ease to store session and encrypted data	1.0.1	71.77541729893778	4	2	1	0	kishor98100	kishormainali.com	MIT	2022-12-05T13:17:41.000Z
1454	via_cep	Uma biblioteca para consulta de CEP para desenvolvedores Dart (Console, Web e Flutter).	1.0.6	71.7710817255582	11	16	13	5	mateuspenha		BSD-3-Clause	2021-10-05T14:29:36.000Z
1455	class_to_map	This package provides two extesions, for converting a class to Map<String, dynamic> and vice versa.	0.0.1	71.74506828528074	3	2	0	1	EddieKamau		MIT	2021-06-24T17:48:57.000Z
1456	flutter_image_map	Image map, create areas with customizable colors on an image and response to clicking/touching. Just like what we have in html.	0.9.3	71.74073271190115	16	6	1	0	itzMeerkat		BSD-3-Clause	2022-05-09T21:17:37.000Z
1457	dyn_mouse_scroll	A wrapper for scrollable widgets that enables smooth scrolling with a mouse on all platforms.	1.0.7	71.69737697810535	15	3	1	3	Bluebar1	nickblaauboer.com	MIT	2022-11-19T19:55:07.000Z
1458	dart_markdown	A portable Markdown library written in Dart that can parse Markdown into AST and HTML.	3.1.4	71.67136353782789	7	2	2	5	tagnote-app	tagnote.app	BSD-3-Clause	2022-11-24T18:30:17.000Z
1459	payjp_flutter	A Flutter plugin for PAY.JP Mobile SDK.	0.5.0	71.6670279644483	2	7	4	5	payjp		MIT	2022-11-04T02:50:32.000Z
1460	biometricx	The easy way to use biometric authentication in your Flutter app.	0.0.2	71.66269239106872	25	13	3	3	salkuadrat		MIT	2021-08-17T04:42:41.000Z
1461	flutter_datawedge	A Flutter package to communicate with Zebra DataWedge scanners using the DataWedge Intent API	1.0.1	71.65402124430956	10	1	0	0	circus-kitchens	circuskitchens.com	MIT	2022-12-16T22:26:39.000Z
1462	flutter_next	A flutter package for faster UI developement and provide responsiveness for flutter web applications and has multiple extensions.	0.1.1	71.56730977671796	33	9	3	0	shashiben	shashiben.me	MIT	2022-09-19T07:22:10.000Z
1463	maps_places_autocomplete	A simple package to places autocomplete address.	0.0.2	71.55430305657923	4	0	1	1	leandro-zanardi	superopa.com	Apache-2.0	2022-04-08T19:01:26.000Z
1464	localregex	Collection of regex patterns commonly used in Zimbabwe. Regex patterns include mobile numbers, passports, vehicle license plates, driver's license, email addresses and passwords	4.0.1+4	71.54563190982007	18	4	3	0	iamngoni	iamngoni.co.zw	MIT	2022-11-17T14:04:54.000Z
1465	spider_chart	Spider Chart is a simple spider/radar charting library for Flutter	0.2.0	71.53262518968133	24	11	5	2	cnsumner		MIT	2022-10-31T03:25:56.000Z
1466	docking	Flutter layout for placing widgets in docking areas and arrange them into split and tabbed views.	1.5.0	71.52395404292218	24	21	5	2	caduandrade	caduandrade.net	MIT	2022-11-20T14:38:31.000Z
1467	firebaseapis	Auto-generated client libraries for accessing Firebase APIs described through the API discovery service.	0.1.2	71.51528289616301	7	19	5	2	invertase	invertase.io	Apache-2.0	2022-05-12T11:40:36.000Z
1468	at_contact	A Dart library for managing contact data that developers can use for their applications.	3.0.7	71.49360502926511	10	35	10	15	atsign-foundation	atsign.org	BSD-3-Clause	2022-12-16T04:23:20.000Z
1469	my_logger	MyLogger provides quick &amp; simple logging solution. All logs are saved to the DB which can be exported into files.	1.0.0	71.48493388250597	3	2	0	0	mjablecnik		MIT	2022-03-23T11:32:00.000Z
1470	uploadcare_flutter	A flutter/dart library for working with Uploadcare REST API. File uploads, media processing, and adaptive delivery for web and mobile.	4.2.1	71.45024929546932	12	19	7	0	KonstantinKai	konstantinkai.dev	BSD-3-Clause	2022-11-11T10:33:13.000Z
1471	bluetooth_connector	A new flutter plugin project.	0.0.3	71.41990028181226	6	0	0	1	jayjay21redball		MIT	2021-12-15T07:46:32.000Z
1472	fff	Dart package for convenient work with color. It will allow you to convert colors between rgb, rgba and hex formats.	2.0.0	71.37220897463689	2	9	3	2	vdakalov	dev.vihtor.ru	NOASSERTION	2021-03-12T04:25:08.000Z
1473	keep_keyboard_popup_menu	A popup menu that will keep keyboard open.	2.0.5	71.350531107739	19	3	9	5	PegasisForever		WTFPL	2021-09-13T15:23:59.000Z
1474	adaptive_layout	A flutter package that facilitates implementing layouts that adapt to different screen widths.	0.1.7	71.32018209408194	11	5	0	0	toureholder	toureholder.com	MIT	2022-02-12T21:34:16.000Z
1475	network_handler	Notifies your app whenever your device's network connection status changes	1.0.1	71.29416865380446	4	1	0	0	diego-cc		MIT	2021-05-27T08:01:30.000Z
1476	combine	A Flutter package which allows you to work with MethodChannels in Isolate and provides simplified Isolate and Thread Pool API.	0.4.0	71.2898330804249	20	17	1	0	Maksimka101		MIT	2022-12-11T21:55:07.000Z
1477	alphabet_list_view	A ListView with sticky headers and an iOS-like clickable sidebar.	0.1.4	71.28116193366573	11	2	4	0	cosee	cosee.biz	BSD-3-Clause	2022-06-13T10:24:34.000Z
1478	selectable_list	A widget displaying a list of selectable items.
When one of the items is selected, the other elements  of the list are animated out, leaving the selected value. 
	0.1.1	71.27682636028615	35	5	2	0	SylvainLosey	sylvainlosey.com	MIT	2022-06-21T10:07:02.000Z
1479	flutter_custom_theme	Make your own custom theme for custom components. Easily share it between projects and customize.	0.2.1	71.24647734662909	11	2	0	1	Innim	innim.ru	BSD-3-Clause	2021-05-04T11:47:27.000Z
1480	floating_overlay	A widget wrapper that allows a floating widget be dragged and rescaled.	1.2.1	71.23780619986994	16	2	0	4	FMorschel		MIT	2022-06-23T14:03:36.000Z
1481	emoji_selector	An Emoji picker component for Flutter with the latest set of emojis. The current version supports Emoji version 13.	0.0.5	71.22046390635161	14	1	3	1	Alfaizkhan		MIT	2022-12-11T07:11:04.000Z
1482	event_listener	A dart package implements NodeJS style event listening functionality	0.2.0	71.19445046607413	0	1	1	0	behemehal	behemehal.net	MIT	2021-11-30T14:20:57.000Z
1483	tilt	Easy access to the current tilt on `x` and `y` axis.	0.0.2	71.15976587903751	2	0	0	1	mia-recki		MIT	2022-02-26T18:58:35.000Z
1484	forex_conversion	A Flutter Package for real-time forex prices and conversions.	0.0.3	71.15543030565792	5	1	0	0	hamzakhurshid12		NOASSERTION	2021-09-20T20:41:52.000Z
1485	xxh3	A Dart implementation (port) of the XXH3 hashing algorithm from xxHash.	1.0.1	71.13375243876003	3	1	0	0	SamJakob	samjakob.com	MIT	2022-04-21T00:17:44.000Z
1486	pluto_layout	PlutoLayout is a Flutter UI package that can configure a menu or tab screen on each side.	0.3.0	71.1207457186213	33	33	4	1	bosskmk	weblaze.dev	MIT	2022-11-14T21:29:33.000Z
1487	daydart	With the same Day. JS API time processing library, convenient to do DateTime operation.	0.0.5	71.08172555820508	2	7	1	1	csjiabin		MIT	2022-01-24T06:53:42.000Z
1488	global_snack_bar	Provides a convenient way to summon a SnackBar Widget on any open page, without much extra code.	0.0.12	71.02969867765012	3	0	3	3	0x07dc		MIT	2022-04-01T15:20:45.000Z
1489	xdg_icons	XDG theme icons for Flutter.	0.0.1	70.99501409061348	2	10	1	0	ubuntu-flutter-community		MPL-2.0	2022-07-20T21:13:31.000Z
1490	ai_barcode_web	scan barcode and create barcode 's plugin interface from 'ai_barcode' plugin.	3.0.1	70.96900065033601	0	108	69	32	pdliuw		BSD-3-Clause	2022-10-12T16:42:15.000Z
1491	model	Manage database easier. Use models to represent rows of database. Create database structure using object-oriented dart and leave all SQL strings hidden.	0.1.3	70.93431606329938	0	2	0	1	romanstrazanec		BSD-3-Clause	2021-02-17T15:20:19.000Z
1492	cupertino_text_button	Buttons that look like cupertino ones.	0.0.5	70.92130934316063	0	0	0	2	nivisi		MIT	2021-11-17T17:46:25.000Z
1493	playbook	Playbook package.	0.0.4	70.89096032950357	1	42	5	5	playbook-ui		BSD-3-Clause	2022-10-24T02:17:33.000Z
1494	playbook_ui	Playbook UI package.	0.0.5	70.886624756124	0	42	5	5	playbook-ui		BSD-3-Clause	2022-10-24T02:17:33.000Z
1495	dart_hydrologis_utils	Common dart utilities lib for our projects.	0.6.1	70.88228918274442	1	3	4	0	moovida	hydrologis.com	BSD-3-Clause	2022-09-09T09:30:34.000Z
1496	tiktok_login_flutter	TikTok login for flutter.	0.0.3	70.86928246260568	5	1	1	0	Raiinmaker		BSD-3-Clause	2022-06-02T17:11:13.000Z
1497	password_hash_plus	PBKDF2 password hashing utility. This plugin is a null-safety version of password_hash, you can use it if you need Flutter 2.x and above.	4.0.0	70.85627574246695	0	0	0	0	LiWenHui96		Apache-2.0	2022-05-16T02:48:19.000Z
1498	flutter_layouts	Useful & production ready flutter layouts. not as examples, but as package. based on real-world apps	0.0.2+1	70.84760459570778	2	10	2	0	softmarshmallow	softmarshmallow.com	MIT	2021-05-26T20:08:48.000Z
1499	dart_mssql	High Performance Microsoft SQL Server Driver for Dart (32 & 64bits)	1.0.1	70.82592672880989	28	26	6	7	MoacirSchmidt		BSD-2-Clause	2019-09-23T22:26:13.000Z
1500	meta_seo	Meta SEO is package for adding meta data for html document in head tag which meta tags or meta data make search engine optimization for web apps.	1.0.4	70.82159115543031	23	1	0	0	Eng-Mouaz-M-AlShahmeh		MIT	2022-12-15T10:05:18.000Z
1501	time_span	a dart library that calculates the time span in hours or minutes for two given time strings of format HH:MM.	2.0.2	70.81292000867114	5	1	0	0	AndreeWille		BSD-3-Clause	2021-05-27T08:49:58.000Z
1502	free_place_search	Free Place Search using Photon API	1.0.4	70.80424886191199	3	1	0	3	gauravmehta13		MIT	2022-09-30T09:51:37.000Z
1503	supabase_auth_ui	UI library to implement auth forms using Supabase and Flutter	0.0.1	70.76956427487535	24	20	9	4	supabase-community	supabase.io	MIT	2022-11-03T02:36:35.000Z
1504	type_plus	Give your types superpowers and spice up your generics. Make types great again.	0.6.3	70.75655755473662	11	7	2	0	schultek	schultek.de	GPL-3.0	2022-03-15T11:13:52.000Z
1505	reactive_cupertino_switch	Wrapper around CupertinoSwitch to use with reactive_forms.	0.4.0	70.72620854107956	2	47	23	2	artflutter		MIT	2022-12-15T16:51:57.000Z
1506	simple_json_form	A simple form builder that lets you create a complete form from a simple JSON data.	0.0.3	70.63949707348797	6	4	3	2	CodesFirst	codesfirst.com	BSD-3-Clause	2022-10-16T06:14:14.000Z
1507	cnpj_cpf_formatter	This library gives you a formatter to CNPJ or CPF documents. Enjoy it!	1.0.8	70.58313461955343	4	0	1	1	evandrofuhr		NOASSERTION	2020-07-06T17:15:59.000Z
1508	side_effect_bloc	Extended bloc with second stream of side effect value.	1.0.0	70.57879904617386	2	2	1	1	AnnaVadimovna	georgeci.com	MIT	2022-07-28T14:35:58.000Z
1509	dart_phonetics	A collection of phonetic algorithms. These algorithms help find words or names that sound similar by generating an encoding that can be compared or indexed for fuzzy searching.	1.0.1	70.56579232603511	14	9	3	0	raycardillo	cardilloonline.com	Apache-2.0	2021-09-05T05:13:51.000Z
1510	mvvm	A Flutter MVVM. It uses property-based data binding to establish a connection between the ViewModel and the View, and drives the View changes through the ViewModel.	0.5.2	70.53110773899847	31	126	22	1	unicreators		MIT	2022-02-28T11:39:54.000Z
1511	flutter_bbcode	A package to display BBCode text in Flutter apps. Manage your own tags or use those of others.	1.2.0	70.52243659223933	3	3	2	1	MartenM	mstruijk.nl	BSD-3-Clause	2022-10-14T18:03:57.000Z
1512	flutter_marquee	A new Flutter package.	2.0.1	70.50942987210058	1	0	0	0	openusen		MIT	2021-07-02T05:04:49.000Z
1513	color_convert	A color conversion library for Dart. It converts all ways between rgb, hsl, hsv, hwb, cmyk, ansi, ansi16, hex strings, and CSS keywords (will round to closest).	1.0.2	70.505094298721	8	2	4	4	crystalboxes		MIT	2021-11-12T15:42:12.000Z
1514	plugin_screeb	A Flutter plugin to integrate Screeb mobile sdk for Android and/or iOS.	0.1.1	70.49642315196185	5	2	1	0	ScreebApp		MIT	2022-11-02T18:21:04.000Z
1515	serverpod_chat_server	Serverpod chat server module.	0.9.21	70.48775200520268	0	970	71	75	serverpod		BSD-3-Clause	2022-12-16T18:27:39.000Z
1516	domain_verification_manager	Use the DomainVerificationManager API for Android from Flutter.	1.0.0	70.43572512464773	3	3	0	0	vixez	glennruysschaert.com	MIT	2022-08-02T09:39:11.000Z
1517	text_selection_controls	Create a custom text selection controls on top of the current copy, cut, paste and select all options to use them in your SelectableText or TextField widgets.	0.0.2	70.43138955126815	9	9	12	6	moneyeSir		BSD-3-Clause	2022-09-28T01:18:44.000Z
1518	luhn_algorithm	Luhn algorithm is an implementation of the famous Luhn algorithm in Dart. Generate, checksum and validate.	1.0.0+1	70.39670496423152	2	0	0	0	matejhocevar	matox.si	MIT	2022-09-09T08:25:50.000Z
1519	google_maps_webservice_ex	A Simple package to consume the google maps web service. This library is a null compliant version of google_maps_webservice.	0.0.1+2	70.39236939085194	2	143	143	35	lejard-h		BSD-3-Clause	2021-09-28T05:50:29.000Z
1520	tabular	Dart library for displaying tabular data in a visually appealing ASCII table format.	0.6.3+1	70.3620203771949	8	5	1	0	rtmigo	revercode.com	MIT	2021-11-23T09:46:51.000Z
1521	auto_validate	Auto Validate Package. This package will help you to auto validate used regular expressions.	1.0.8	70.35334923043573	43	5	3	0	Mahmoud-ElShenawy		MIT	2021-12-28T15:37:27.000Z
1522	cc_avenue	cc_avenue payment gateway non-seamless method. you can use this package to call the native code in android to load payment gatway in the webview	1.0.3	70.34467808367657	9	0	3	1	avinash-gotluru	avinashgotluru.me	MIT	2022-08-03T09:51:59.000Z
1523	binance_spot	Unofficial Dart wrapper for Binance SPOT API (REST endpoints + Websockets).	0.0.2	70.34034251029698	12	9	6	2	AmauryBuguet		MIT	2022-06-22T11:09:35.000Z
1524	flutter_brand_palettes	A collection of elegant, declarative classes for the color palettes of popular brands and companies.	0.5.0	70.31866464339909	34	8	2	3	dartoos-dev	dartoos.dev	MIT	2022-11-30T23:18:21.000Z
1525	moyasar_payment	Flutter library for Moyasar. Supports Apple Pay, STC Pay and Credit Card.	0.1.4	70.30565792326036	8	12	4	1	mahmmd	mohammed-dev.com	MIT	2022-11-21T17:14:53.000Z
1526	amplify_api_android	The method channel implementation for amplify_api on Android	0.6.10	70.29265120312161	0	1128	176	192	aws-amplify	aws-amplify.com	Apache-2.0	2022-12-17T00:16:28.000Z
1527	iterable_flutter	Flutter implementation for iterable.com Cross Channel Marketing Platform	0.5.7	70.26663776284413	8	5	10	7	la-haus		MIT	2022-08-24T14:55:58.000Z
1528	reactive_file_picker	Wrapper around file_picker to use with reactive_forms.	0.11.0	70.25796661608497	4	47	23	2	artflutter		MIT	2022-12-15T16:51:57.000Z
1529	cli_completion	Completion functionality for Dart Command-Line Interfaces built using CommandRunner. Built by Very Good Ventures.	0.1.0+1	70.2536310427054	8	17	0	5	VeryGoodOpenSource	verygood.ventures	MIT	2022-12-16T11:36:29.000Z
1530	nyxx_lavalink	Nyxx Lavalink Module	3.1.0	70.21461088228918	5	264	40	4	nyxx-discord	l7ssha.xyz	Apache-2.0	2022-12-12T17:07:06.000Z
1531	blackfoot_flutter_lint	Recommended lints for Blackfoot's Flutter apps to encourage good coding practices.	1.0.6	70.19726858877087	4	1	0	0	blackfoot-makers	blackfoot.io	BSD-3-Clause	2022-07-06T16:22:11.000Z
1532	dynamsoft_capture_vision_flutter	Dynamsoft Capture Vision Flutter SDK provides the ability to decode barcodes, recognize labels, detect and normalize documents.	1.2.0	70.12356384131802	29	2	1	0	Dynamsoft	dynamsoft.com	NOASSERTION	2022-12-15T09:57:35.000Z
1533	lorem_gen	A simple and lite `Dart` package to generate Lorem (Ipsum) and populate your app with random generated text.	2.0.1	70.11922826793844	3	1	0	0	belachkar		MIT	2022-07-12T03:33:04.000Z
1534	amplify_api_ios	The method channel implementation for amplify_api on iOS	0.6.10	70.10622154779969	0	1128	176	192	aws-amplify	aws-amplify.com	Apache-2.0	2022-12-17T00:16:28.000Z
1535	murmurhash	MurmurHash v3 Implementation in Dart.	1.0.1	70.10188597442011	1	4	2	0	HosseinYousefi	identi.app	MIT	2021-11-10T12:25:38.000Z
1536	big_dart	A small, fast, easy-to-use library for arbitrary-precision decimal arithmetic.	1.0.1	70.09755040104054	3	3	1	0	serdimoa		MIT	2021-12-17T17:24:31.000Z
1537	masamune	Package that supports Flutter states and their transitions using the Model Notifier package and the Katana Routing package.	0.15.3+11	70.08887925428138	2	1	2	0	mathrunet	mathru.net	BSD-3-Clause	2022-12-17T02:07:04.000Z
1538	automap	An auto mapper for Dart. It allows mapping objects of different classes automatically and manually using JSON serialization.	0.0.3	70.0845436809018	11	7	0	0	leynier		MIT	2021-04-24T16:53:02.000Z
1539	evil_icons_flutter	Icon evil pack with the code to support flutter, easy use, beautifully.	0.5.0	70.07153696076305	6	3	2	0	tvc12	4pet.social	MIT	2021-03-27T14:46:38.000Z
1540	books_finder	A library to help on the search for books on google books api	4.3.0	70.04985909386517	20	18	11	6	bdlukaa	bdlukaa.dev	BSD-3-Clause	2022-10-26T09:20:23.000Z
1541	flutter_geopackage	A module to support OGC geopackage with sqlite.	0.6.0	70.04552352048559	2	8	2	0	moovida	hydrologis.com	Apache-2.0	2022-09-16T08:41:21.000Z
1542	cafebazaar_flutter	CafeBazaar In-App Billing package for flutter upgrade to poolakey this package is just for android applications	1.0.2	70.03251680034684	32	27	7	7	javad-zobeidi	flutterfarsi.ir	BSD-3-Clause	2020-09-08T08:26:30.000Z
1543	easy_scroll_to_index	A new Flutter package support scroll to index for Listview, Gridview and NestedScrollView	1.0.2+1	70.01951008020811	11	4	0	1	dinhhung1999		MIT	2021-10-11T10:41:51.000Z
1544	format_indonesia	Library for Indonesian formatting	0.1.0	69.96748319965316	13	2	0	0	mynameismail		BSD-3-Clause	2020-06-20T15:32:35.000Z
1545	memory_cache	Memory Cache is simple, fast and global in-memory cache with CRUD features.	1.1.0	69.96314762627357	15	5	0	0	gokberkbar	gokberk.dev	MIT	2022-08-10T10:58:15.000Z
1546	auto_animated_list	ListView Widget that supports automatic animations  when list items are changed.	1.0.3	69.95881205289399	20	0	0	0	eterkit	eterkit.com	BSD-3-Clause	2022-12-16T15:08:13.000Z
1547	pin_lock	A full solution to local authentication: it contains authentication logic and tracks authentication-relevant data, while providing an interface for app-specific UI implementatin.	0.0.2	69.95447647951441	11	3	6	2	DutchCodingCompany	dutchcodingcompany.com	MIT	2022-11-07T12:18:17.000Z
1548	text_to_speech_platform_interface	A common platform interface for text_to_speech plugin	0.1.3	69.9371341859961	0	0	0	0	ixsans		BSD-3-Clause	2021-07-26T03:20:19.000Z
1549	tuple_dart	A library providing a tuple data structure for Dart and a convenient way to use it	1.4.2	69.92412746585735	2	1	0	0	avdosev		MIT	2022-04-05T11:08:17.000Z
1550	style_cron_job	Style Cron Job is periodic operations executor and definator with basic syntax. You can define a period and run your process with your own executor or through the controller.	1.0.4+2	69.90678517233904	43	6	0	0	Mehmetyaz	styledart.dev	AGPL-3.0	2022-06-23T14:54:45.000Z
1551	image_collapse	A flutter package which display the library collapse according to the number of images associated with hero animation ...	1.0.1	69.8721005853024	2	6	2	8	ThuyenPV		BSD-3-Clause	2022-05-17T08:26:15.000Z
1552	map_fields	Get fields from a map, simply, performing error handling errors.	0.0.5	69.8504227184045	5	0	0	0	isaukywhite		MIT	2022-10-13T17:54:58.000Z
1553	text_parser	A Dart package for parsing text flexibly according to preset or custom regular expression patterns.	0.4.1	69.82007370474746	4	2	0	0	kaboc	kaboc.cc	MIT	2022-11-21T10:26:23.000Z
1554	easy_cron	Parse cron string to schedule and generate previous or next schedule item.	0.9.2	69.78105354433124	6	2	1	0	karbunkul		MIT	2022-11-27T20:49:18.000Z
1555	telematics_sdk	A Flutter plugin for integration Telematics SDK in Android and iOS applications.	0.1.1	69.74203338391503	3	12	7	2	Mobile-Telematics	telematicssdk.com	NOASSERTION	2022-08-14T14:17:18.000Z
1556	reaction_askany	Package help show popup reaction like Facebook and wrapper for widget (Show anyone who reaction this message).	0.1.0	69.73336223715586	35	5	1	0	Iambiengcode	lambiengcode.ml	MIT	2022-10-28T02:44:01.000Z
1557	ai_barcode_platform_interface	scan barcode and create barcode 's plugin interface from 'ai_barcode' plugin.	3.0.1	69.71168437025797	1	108	69	32	pdliuw		BSD-3-Clause	2022-10-12T16:42:15.000Z
1558	height_slider	Customisable slider widget for retrieving a person's height.	1.3.2	69.70734879687839	21	15	9	1	coval-solutions	covalsolutions.com	MIT	2021-06-07T12:06:18.000Z
1559	async_call_queue	AsyncCallQueue is a Dart class which provides a queuing mechanism to prevent concurrent access to asynchronous code.	1.0.1	69.69867765011922	2	2	0	0	ronjb	ronbooth.com	MIT	2021-11-14T14:34:18.000Z
1560	custom_cupertino_picker	The default cupertino picker does not allow customization to the border color and scroll physics. So I've copied the class and added some properties to it.	1.0.1	69.63797962280512	3	1	1	0	sybrands-place		MIT	2021-02-23T09:57:08.000Z
1561	flutter_svg_image	Svg ImageProvider for Flutter. Use jovial_svg to parse svg and use flutter_cache_manager to cache svg files.	1.0.0	69.62497290266639	2	1	0	0	xuelongqy		MIT	2022-11-08T09:30:38.000Z
1562	simple_cluster	Simple density-based clustering library implemented in Dart. Mainly used for point-based (vector) data.	0.3.0	69.61196618252764	4	4	3	0	MSVCode	msvcode.com	NOASSERTION	2021-03-21T11:06:22.000Z
1563	surf_util	A flutter library with list of helpful classes and utilities for everyday usage.	1.0.3	69.60763060914806	23	7	1	0	surfstudio	surf.ru	Apache-2.0	2022-05-12T10:59:47.000Z
1564	enum_flag	Package to create enums for flags using bitmask in Dart using a mixin and extensions.	1.0.1	69.58595274225017	4	7	0	0	leynier		MIT	2022-12-08T06:29:58.000Z
1565	atomic_transact_flutter	A Flutter plugin that provides a native implementation for the Atomic Transact SDK.	2.6.17	69.55560372859311	3	4	4	0	atomicfi	atomicfi.com	MIT	2022-10-07T18:58:01.000Z
1566	dart_shp	An shapefile reader/writer for dart.	1.0.0	69.52959028831563	7	5	4	2	moovida	hydrologis.com	BSD-3-Clause	2022-05-12T06:32:02.000Z
1567	simple_3d_renderer	Sp3dObj renderer. Includes cameras, lights, worlds and more.	7.0.0	69.51224799479732	12	5	2	1	MasahideMori-SimpleAppli		MIT	2022-09-20T15:09:56.000Z
1568	gtk_application	Listen to remote GtkApplication instances' command-line arguments and file
open requests.
	0.0.3	69.49924127465857	3	0	0	0	jpnurmi		MPL-2.0	2022-11-17T11:59:58.000Z
1569	flutter_svg_icons	A package to show svg asset files in icon widgets, supporting responsive svg icons.	0.0.1+3	69.48623455451983	6	0	0	0	MohammedAsaadAsaad	quds.cc	MIT	2021-11-09T17:14:59.000Z
1570	fading_image_button	A Flutter image button widget, that fades between default and pressed state.	0.10.0+0	69.48189898114026	2	0	0	0	jibbex	michm.de	MIT	2021-05-19T21:28:47.000Z
1571	meiqia_sdk_flutter	Meiqia Flutter SDK	1.0.4	69.47756340776068	0	0	0	0	Meiqia	meiqia.com	MIT	2022-12-08T08:42:36.000Z
1572	dylib	A set of helpers for resolving names and paths of dynamic libraries.	0.3.2+1	69.46889226100151	8	4	0	0	jpnurmi		MIT	2021-09-02T10:58:00.000Z
1573	camerakit	Flutter camera kit uses native android and ios APIs for taking picture and scanning barcode with controlable flash.	0.0.75	69.46455668762194	32	9	7	13	MythiCode		MIT	2021-10-28T15:38:30.000Z
1574	auto_search	A simple Auto Search Text Field to spice up your projects. This package would help incorporate such a feature with ease.	1.0.6	69.44721439410361	41	32	10	1	SudhanshuBhagwat		MIT	2021-09-28T07:44:56.000Z
1575	flutter_native_html_view	A flutter plugin for rendering local HTML string data using web views. Uses WebView on Android and WKWebView on iOS.	1.0.1	69.37784522003035	4	8	1	3	muslimtv	mta.tv	NOASSERTION	2020-05-12T13:34:42.000Z
1576	flutter_avif	Avif support for Flutter.	1.0.1	69.35183177975287	3	12	3	2	yekeskin		MIT	2022-12-14T17:18:50.000Z
1577	stash_file	File storage extension for the stash API. Provides support to store vaults  and caches in the local file system in binary format using the msgpack json format	4.4.1	69.33015391285497	2	72	10	0	ivoleitao	ivoleitao.dev	MIT	2022-12-05T23:19:18.000Z
1578	ioc_container	A Dart Ioc Container. Store and manage dependencies in one place keyed by type. It simplifies creating instances of your classes.	1.0.8	69.3258183394754	20	19	1	1	MelbourneDeveloper	christianfindlay.com	BSD-3-Clause	2022-12-14T21:28:17.000Z
1579	reactive_forms_generator	Generator for reactive_forms. Generates form classes based on model.	0.23.0-beta	69.26945588554086	25	36	9	1	artflutter		NOASSERTION	2022-11-18T09:26:50.000Z
1580	h264_profile_level_id	Dart utility to process H264 profile-level-id values based on Google's libwebrtc C++ code.	0.2.0	69.24344244526338	3	2	0	0	Blancduman		MIT	2021-09-06T17:06:21.000Z
1581	memoized	Decorators to cache returned values, it helps in reducing the execution time of the function by using LRU Caching.	1.5.0	69.2391068718838	2	0	0	0	sylfreee	sylfree.com	MIT	2022-05-18T02:48:14.000Z
1582	custom_state	Custom state is a flutter widget can access ui with custom state	0.0.3	69.23477129850423	0	0	0	0	sonnts996		AGPL-3.0	2022-05-30T13:50:02.000Z
1583	xl	Implement accelerometer and pointer or touch fueled parallax animations with a bespoke XL layering paradigm. Gyroscope supported.
	0.9.1	69.23043572512465	18	3	2	0	Zabadam	zaba.app	NOASSERTION	2021-10-09T08:34:56.000Z
1584	flui_nullsafety	FLUI is a powerful UI framework for Google Flutter. Including widgets kit and useful modules.	3.3.4	69.20875785822676	2	1380	137	12	Rannie	itbug.shop	MIT	2022-10-15T08:41:39.000Z
1585	hdkey	Dart library for Bitcoin hierarchical deterministic keys (BIP32)	0.0.1	69.20442228484717	0	1	2	0	mahsumurebe	mahsumurebe.com	MIT	2021-10-07T14:22:06.000Z
1586	sberbank_acquiring	Flutter Sberbank Acquiring SDK is a simple way to integrate payments into your mobile application.	2.0.1	69.20008671146759	17	10	5	4	MadBrains	madbrains.ru	MIT	2022-06-27T13:05:50.000Z
1587	stdlibc	C Standard Library - FFI bindings to the GNU C Library on Linux, and the BSD
C Library on macOS.
	0.1.0	69.19575113808801	7	39	3	0	ubuntu-flutter-community		MPL-2.0	2022-10-07T21:48:13.000Z
1588	assistive_touch	A widget just like iPhone Assistive Touch.	0.2.0	69.17840884456969	7	0	0	1	iendeavor		MIT	2022-12-03T05:26:59.000Z
1589	wave_linear_progress_indicator	A linear progress indicator with wave animation in Flutter.	0.1.0	69.16973769781055	3	1	0	1	dev-zhang		MIT	2022-06-07T04:38:02.000Z
1590	flutter_folding_card	A Flutter package to create a Romantic Expandable Card with folding effect. It will be useful for your awesome app.	1.1.0	69.13071753739432	18	0	0	0	minhhung2556	romanticdeveloper.com	Apache-2.0	2022-05-25T06:09:35.000Z
1591	disks_desktop	A Flutter desktop library able to retrieve the installed devices information	1.0.1	69.10903967049641	3	1	0	2	AngeloAvv	angelocassano.it	MIT	2022-09-16T21:19:28.000Z
1592	flutter_carplay	Flutter Apps are now on Apple CarPlay. This package aims to make it safe to use iPhone apps made with Flutter in the car by integrating with CarPlay.	1.0.3	69.10470409711684	102	153	24	18	oguzhnatly	oguzhanatalay.com	MIT	2022-12-01T18:59:51.000Z
1593	awesome_widgets	Custom flutter widgets for awesome projects and apps.	0.0.6	69.09603295035768	27	6	3	0	abhishh1		MIT	2022-05-23T14:03:56.000Z
1594	storage_client	Dart client library to interact with Supabase Storage.	1.2.0	69.07869065683937	11	22	17	0	supabase	supabase.io	MIT	2022-12-13T06:40:34.000Z
1595	debounce_builder	Debounce builder, debounce timer.	0.9.0	69.05267721656189	3	1	0	0	karbunkul		MIT	2022-04-18T06:19:23.000Z
1596	list_picker	A flutter package to pick an item from a list of given items using a dialog box with search functionality.	1.0.0	69.04834164318231	1	0	0	0	OutdatedGuy	outdatedguy.rocks	BSD-3-Clause	2022-08-18T18:42:08.000Z
1597	tencent_cloud_chat_uikit	UI components library and basic chat business logic for Tencent Cloud Chat service, helping you build In-APP Chat module easily.	1.0.1	69.01365705614568	8	19	4	0	TencentCloud	comm.qq.com	Apache-2.0	2022-12-07T09:13:26.000Z
1598	observer	Basic dart only observer pattern.	0.0.1	69.00065033600694	1	0	0	0	antonkesy	antonkesy.de	MIT	2022-01-03T21:18:24.000Z
1599	flutter_core_spotlight	Flutter plugin used for indexing items in Spotlight search on iOS.	1.0.4	68.96163017559073	9	6	4	4	mattcianna	ciannapps.com	MIT	2022-04-29T12:32:54.000Z
1600	piano	Utilities and widgets for working with piano sheet music learning.	1.0.3+1	68.9442878820724	20	31	10	2	craigomac	handform.net	BSD-3-Clause	2022-06-23T07:36:19.000Z
1601	bugsee_flutter	Bugsee is a mobile SDK that adds crucial information to your bug and crash reports incuding video, network traffic, console logs and many other important traces from your app.	5.0.2	68.92694558855409	0	6	3	3	bugsee	bugsee.com	NOASSERTION	2022-05-16T05:18:21.000Z
1602	ota_string	Update string over the air	0.0.4	68.9226100151745	2	0	1	0	aldychris		GPL-3.0	2022-11-16T14:26:36.000Z
1603	line_animator	A Line Animator for Flutter	1.0.0+3	68.87491870799913	6	12	5	6	ibrierley		GPL-3.0	2022-07-29T11:51:22.000Z
1604	inkwell_splash	Flutter package which starts the splash effect of InkWell instantly if onDoubleTap is used.	0.1.0	68.8619119878604	10	5	0	2	ManuelRohrauer		MIT	2020-04-21T09:12:42.000Z
1605	stagexl	A fast and universal 2D rendering engine for HTML5 and Dart.	2.1.2	68.85757641448082	32	871	87	52	bp74		NOASSERTION	2022-12-05T20:24:00.000Z
1606	password_strength_checker	Generate secure passwords, check for exposed passwords, get visual feedback for strength or get form validation with a minimum password strength required.	1.2.1	68.83156297420334	11	6	1	0	dariowskii		MIT	2022-12-05T17:20:44.000Z
1607	flutter_radio_slider	A Stepped Slider with Radio Buttons for Flutter	0.1.0	68.80121396054628	8	2	4	0	adaptant-labs	adaptant.io	Apache-2.0	2021-10-25T19:50:06.000Z
1608	firebase_admob_config	Control google admob by firebase remote config. This package help you can config AdMob ads with Firebase Remote Config and A/B testing on them.	1.2.0	68.77520052026881	6	1	0	0	hautvfami		Apache-2.0	2022-10-03T20:03:37.000Z
1609	autoscale_tabbarview	A simple package which extends default TabbarView to have childreb with dynamic height.	1.0.2	68.76652937350964	6	6	3	3	shubhamhackz		MIT	2022-07-03T14:06:16.000Z
1610	address	Addresses internationalization library. Format various physical addresses in various languages and build localized address forms.	0.1.0	68.76219380013006	14	6	0	4	leancodepl	leancode.co	Apache-2.0	2021-11-29T15:39:40.000Z
1611	pick_or_save	A Flutter file picking and saving package that enables you to pick or save a single file and multiple files.	2.2.4	68.72750921309343	3	3	0	0	chaudharydeepanshu	deepanshuchaudhary.com	BSD-3-Clause	2022-11-24T22:12:51.000Z
1612	ieee754	A library for parsing and encoding IEEE-754 binary floating point numbers.	1.0.3	68.72317363971385	1	0	0	0	nicbn	nicbn.com	MIT	2021-12-24T20:57:53.000Z
1613	apptentive_flutter	Apptentive SDK for Flutter	6.0.3	68.7145024929547	0	1	4	1	apptentive		BSD-3-Clause	2022-09-29T16:59:24.000Z
1614	dart_hydrologis_db	Dart based db utilities.	1.0.0+1	68.68415347929763	0	1	0	0	moovida	hydrologis.com	MIT	2022-09-16T09:27:36.000Z
1615	icapps_architecture	icapps architecture components for flutter projects. Contains commonly used code for logging, extensions, ...	0.8.0	68.67548233253848	3	6	1	0	icapps	icapps.com	MIT	2022-10-22T13:39:28.000Z
1616	markdown_editor_plus	A TextField Widget that allow you to convert easily what's in the TextField to Markdown with custom toolbar support.	0.2.13	68.6711467591589	16	5	1	0	OmkarDabade		BSD-3-Clause	2022-09-18T08:04:24.000Z
1617	zoomer	Zoomer Widget To Create Zoomable Child Widget. You Can Optionaly Translate or Rotate It. Zoomer Can Controlled By ZoomerController. Can Get/Set Properties of scale,offset,rotation. can Give Callbacks to start,update,end Zoom event.	0.0.4	68.62779102536311	11	3	6	2	RutvikRana		MIT	2022-04-14T09:41:53.000Z
1618	rounded_button	Easy to use Pre-made Rounded Buttons with advanced features for Flutter.	1.0.3	68.61478430522436	3	1	0	0	FTKhanFT	rrad.dev	MIT	2021-02-02T12:45:03.000Z
1619	rf_expand_collapse_text	the text widget which can be expanded or folded	0.0.2	68.59744201170605	0	1	0	0	riceFun		BSD-3-Clause	2022-06-15T08:06:05.000Z
1620	dartzmq	A simple dart zeromq implementation/wrapper around the libzmq C++ library	1.0.0-dev.11	68.52807283763278	7	17	8	4	enwi	wirmo.de	MIT	2022-10-20T09:53:51.000Z
1621	pricing_cards	Awesome flexible pricing cards with custom style options for you Flutter project	0.0.7	68.5020593973553	26	0	0	1	f2acode		MIT	2021-05-04T16:59:24.000Z
1622	turn_page_transition	This package provide simple Page-Turning Transition to your app.	0.2.0	68.48471710383699	20	6	1	0	Shoryu-Y	shoryu.dev	BSD-3-Clause	2022-09-12T06:13:42.000Z
1623	flutter_waya	The Flutter UI library contains multiple custom components,compatible with android,web,ios and MAC.	3.5.1	68.45003251680035	3	31	6	0	Wayaer		MIT	2022-11-28T07:24:35.000Z
1624	iirjdart	An IIR filter library written in Dart. Highpass, lowpass, bandpass and bandstop as Butterworth, Bessel and Chebyshev Type I/II.	0.1.0	68.42401907652287	10	1	6	0	Supercaly		Apache-2.0	2022-10-28T14:54:58.000Z
1625	upnp2	Universal Plugin and Play Host/Client. This package can be used to discover upnp devices, invoke actions as well as spin up an upnp server.	3.0.10	68.41968350314329	3	5	0	3	Butzlabben	naegele.dev	MIT	2022-10-23T09:51:02.000Z
1626	bishop	Bishop is a chess logic package with flexible variant support	0.6.2	68.40667678300456	17	9	3	7	alexobviously		NOASSERTION	2022-12-12T16:38:18.000Z
1627	httpp	flutter lib for parallel http req	0.0.7	68.36765662258834	0	0	0	2	tiki-bar	mytiki.com	MIT	2022-07-18T09:38:43.000Z
1628	poly_collisions	Polygon collision detection algorithms for Convex Polygons (using S.A.T.) and also for concave polygons using a simple algorithm.	1.4.0	68.33730760893128	6	4	0	1	RD211		MIT	2021-07-25T10:07:05.000Z
1629	pine	A lightweight architecture helper for your Flutter projects.	1.0.1	68.32863646217213	15	35	2	0	MyLittleSuite	mylittlesuite.com	MIT	2022-10-06T21:20:30.000Z
1630	cocoicons	The COCO icon pack with - +600 icons available for your flutter project.	0.1.0	68.29828744851507	13	5	1	0	Mastersam07	mastersam.tech	MIT	2022-09-02T03:27:07.000Z
1631	elastic_app_search	Dart/Flutter package for using Elastic App Search through a simple API returning easy to handle objects	0.4.0	68.28094515499676	9	5	1	0	julienlebren	julienlebren.dev	MIT	2022-11-16T10:26:51.000Z
1632	noripple_overscroll	A package that helps developers cancel ripples caused by excessive Listview scrolling.	0.0.2	68.2505961413397	4	3	0	0	CNMathon	boxchat.cn	MIT	2020-11-12T12:35:19.000Z
1633	authing_sdk	Authing SDK for Flutter. It provides basic authentication APIs, user profile APIs, social connection APIs, Multi-factor Authentication APIs	1.1.10	68.24626056796012	5	4	2	0	Authing	flutter.authing.cn	MIT	2022-10-23T05:43:45.000Z
1634	easy_localization_ext	Unofficial extensions to easy_localization package for advanced asset loading	0.1.1	68.23325384782137	3	0	0	0	alexeyinkin	ainkin.com	MIT-0	2022-09-13T04:56:38.000Z
1635	blip_ds	Blip Design System for Flutter.	0.0.24	68.22024712768263	2	0	0	1	takenet	blip.ai	BSD-3-Clause	2022-12-16T18:59:43.000Z
1636	serverpod_auth_email_flutter	Sign in with email for the Serverpod auth module.	0.9.21	68.21591155430305	3	970	71	75	serverpod	serverpod.dev	BSD-3-Clause	2022-12-16T18:27:39.000Z
1637	simple_vcard_parser	A simple and easy to use parser to extract information from a standard vCard string. Major vCard properties from versions 2.1, 3.0, 4.0 are supported.	0.1.6	68.18989811402558	5	1	6	0	AmirElkess		MIT	2022-08-23T19:07:43.000Z
1638	flutter_video_view	A view for video based on video_player and provides many basic functions.	1.1.7	68.17255582050727	3	3	0	0	LiWenHui96		Apache-2.0	2022-11-07T07:47:15.000Z
1639	floating_text	A light weight flutter package that provides beautiful floating text animations.	0.2.0	68.1638846737481	29	6	0	1	pktintali	studentmitra.in	MIT	2022-09-01T04:54:46.000Z
1640	play	a library dart simple for play audio or video any format on cross platform.	0.0.15	68.12486451333189	3	13	1	2	azkadev		MIT	2022-12-07T21:41:37.000Z
1641	system_resources	Provides easy access to system resources (CPU load, memory usage).	1.6.0	68.11185779319315	8	4	2	1	jonasroussel	jroussel.fr	MIT	2022-09-02T11:00:44.000Z
1642	flutter_dash_nullsafety	A  Flutter project for draw dashes	1.0.0	68.10318664643398	1	0	0	0	rezam92	runwidget.com	MIT	2022-02-17T09:33:47.000Z
1643	inject_js	Import and use javascript libraries or code in your dart2js or flutter web projects	2.0.0	68.0988510730544	1	0	0	1	EPNW	epnw.eu	Apache-2.0	2021-05-28T13:44:07.000Z
1644	resource_network_fetcher	Uses the NetworkBoundResources to control the offline-first or only to centralize the errors from fetching from the network or any other function.	1.1.1	68.09451549967484	8	2	1	1	LucazzP		BSD-3-Clause	2022-05-27T15:07:25.000Z
1645	dart_bech32	A BIP173 / BIP350 compatible Bech32/Bech32m encoding/decoding library.	2.0.0	68.08584435291567	0	1	0	0	dart-bitcoin-lib	mahsumurebe.com	MIT	2021-11-16T12:38:01.000Z
1646	hydrated_bloc_integration	An extension to the bloc state management library which automatically persists and restores bloc states. Supports integration testing.	0.0.1-rc5	68.05983091263819	2	1	0	0	PROGrand	mtbo.org	MIT	2022-03-08T09:17:03.000Z
1647	bumble_scrollbar	Bumble like scrollbar for Flutter, minimal scrollbar widget.	0.0.2	68.02948189898113	15	9	3	0	Lavkushwaha		BSD-3-Clause	2021-12-26T07:34:16.000Z
1648	flutter_map_floating_marker_titles	Floating Map Marker Titles for flutter_map	0.4.0	68.02081075222198	1	10	4	0	androidseb	mapmarker.app	BSD-3-Clause	2022-11-11T14:10:41.000Z
1649	whiteboard_sdk_flutter	A Flutter plugin that support Agora Interactive Whiteboard on Android and iOS.	0.5.3	68.01647517884241	3	5	3	1	netless-io		MIT	2022-06-23T01:52:34.000Z
1650	device_unlock	A Flutter plugin to request the device unlock screen. This plugin offers a simple way to check the user identity using the default device security.	1.1.2	67.99046173856492	14	19	10	4	cingulo		MIT	2020-07-20T15:55:50.000Z
1651	riverpod_navigator	Simple but powerfull Flutter navigation with riverpod and Navigator 2.0	1.0.10	67.98179059180576	20	20	1	4	PavelPZ		MIT	2022-10-03T22:35:49.000Z
1652	super_annotations	Write your code generation functions naturally alongside your normal code. Define and use custom annotations in the same file or project.	0.7.1	67.93843485800998	18	21	2	0	schultek	schultek.de	MIT	2022-10-19T07:16:54.000Z
1653	stormberry	Access your postgres database effortlessly from dart code.	0.9.2	67.92976371125081	49	28	4	9	schultek	schultek.de	GPL-3.0	2022-12-12T21:23:57.000Z
1654	source_gen_test	Test support for the source_gen package. Includes helpers to make it easy to validate both success and failure cases.	1.0.4	67.91242141773249	9	18	7	4	kevmoo	j832.com	MIT	2022-10-30T01:07:16.000Z
1655	gooey_carousel	Package to implements a gooey carousel created by gskinner team	0.1.2	67.89507912421418	73	19	6	3	davidsdearaujo		NOASSERTION	2022-09-06T18:08:59.000Z
1656	radial_button	The purpose of Radial Button is facilitating the creation for FloatingActionButton and for the purpose that you need, using complete circle, semi-circle.	1.0.0+1	67.88640797745502	36	8	11	0	Bwolfs2	flutterando.com.br	NOASSERTION	2021-03-17T14:48:40.000Z
1657	afya_moja_core	A shared library for `ProHealth360` and `ProHealth360 Daktari` that is responsible for rendering and exposing shared components	0.3.2	67.85605896379796	6	1	0	0	savannahghi	savannahghi.org	MIT	2022-11-29T07:04:12.000Z
1658	flutter_provider_utilities	A set of utilities for provider package.	1.0.6	67.84305224365922	3	11	6	0	ftognetto	quantos.it	MIT	2022-06-29T13:02:26.000Z
1659	button_picker	Customizable Flutter number picker using buttons instead of scroll.	0.1.6	67.8083676566226	6	5	0	0	callmenoodles		MIT	2021-10-05T21:36:43.000Z
1660	map_controller_plus	A map controller for Flutter map. Manage markers, lines and polygons.	2.0.0	67.78235421634511	2	3	1	0	TesteurManiak	rouxguillau.me	MIT	2022-10-07T09:27:37.000Z
1661	connect_to_sql_server_directly	A flutter plugin to connect to a sql server database directly.	0.0.1	67.75200520268805	11	1	0	0	ElhamM7518		MIT	2022-06-22T09:37:16.000Z
1662	date_time_field	DateTimeField wraps a TextField and integrates it with the enclosing Form. This provides additional functionality, such as validation and integration with other FormField widgets.	0.0.2	67.70864946889226	1	0	0	0	kody-liou		BSD-3-Clause	2022-01-09T07:48:21.000Z
1663	sdui	*SDUI* make it easy to implement Server Driven UI pattern on flutter.
- The server decides what to render by describing in a JSON the widgets to render.
- The Flutter screen parse the JSON and build the widgets
Kind like HTML... but not really.
	0.1.180	67.69130717537394	25	45	9	4	wutsi	wutsi.com	MIT	2022-12-14T18:04:16.000Z
1664	ai_notification_enable	A new flutter plugin project about check notification and open settings.	1.6.1	67.66529373509647	2	6	0	1	pdliuw		BSD-3-Clause	2021-02-08T08:00:22.000Z
1665	draw_on	A flutter plugin to draw the coordinates on the widget and as well as to find the given point is inside a list of coordinates or not.	0.0.1+2	67.65228701495772	11	4	0	1	sivaram16		MIT	2021-09-30T15:50:35.000Z
1666	cool_nav	A collection of really awesome, easy to use Bottom Navigation Bars.	0.1.0	67.64361586819857	46	8	4	2	masterashu	masterashu.codes	BSD-3-Clause	2021-11-16T11:35:15.000Z
1667	flutter_sheet	Easily change the definition (such as theme, configuration,...) for the application	1.0.0+5	67.6176024279211	0	0	0	0	sonnts996		GPL-3.0	2022-08-02T02:52:44.000Z
1668	non_linear_slider	A Non Linear Slider for Flutter.	0.0.1	67.58725341426404	8	0	0	0	enolcasielles		MIT	2021-08-26T18:57:23.000Z
1669	flutter_gpiod	Dart package for accessing GPIO using the GPIO character device interface on linux / Android (root required). Supports signal edge listening, active state, open source/drain and (if supported by platform) bias.	0.5.0	67.56991112074572	23	20	4	8	ardera	ardera.dev	MIT	2022-08-08T10:06:27.000Z
1670	thread	A simple Isolated Thread wrapped with a type-safe Event Emitter for easier asynchronous communication. Setup events for the thread to reply to, or compute tasks individually.	0.2.1	67.56123997398656	7	1	0	0	DrafaKiller	drafakiller.com	MIT	2022-08-26T13:00:18.000Z
1671	pro_validator	The validator package comes with several common validations and removes the boiler plate code from your project.	1.1.1	67.52655538694992	0	1	1	0	pro100andrey	pro100.dev	MIT	2022-12-05T17:11:14.000Z
1672	ini_file	get, set, create, delete sections, keys, values from ini file, without loosing its format, blank lines, comments, etc.	1.0.0	67.52221981357035	3	2	0	0	GnRSlash		BSD-3-Clause	2022-04-05T01:52:30.000Z
1673	state_notifier_test	A testing library which makes it easy to test StateNotifier. Built to be used with the state_notifier, riverpod or flutter_riverpod packages.	0.0.9	67.50487752005203	19	7	1	2	danijel-tolj	that-dev.me	BSD-3-Clause	2022-10-28T20:26:47.000Z
1674	hydrated_riverpod	An extension to the riverpod state management library which automatically persists and restores riverpod states.	0.0.3	67.49187079991329	10	4	8	3	hydrz	hydrz.cn	MIT	2022-07-31T22:24:48.000Z
1675	music	The easy way to play music in Flutter. Compatible with media notification Android 11 (R).	1.0.3	67.4701929330154	4	1	1	1	salkuadrat		MIT	2021-06-07T21:34:46.000Z
1676	sign_in_with_apple_js	A Dart wrapper for the 'Sign in with Apple JS' framework with helper methods to simplify usage.	2.0.1	67.46152178625623	9	3	1	3	mhrst	qrl.app	MIT	2021-04-17T16:27:56.000Z
1677	flutter_web_auth_2_platform_interface	A common platform interface for the flutter_web_auth_2 plugin.	2.0.1	67.43117277259918	1	17	12	9	ThexXTURBOXx	femtopedia.de	MIT	2022-12-13T11:34:44.000Z
1678	atlas	An extensible map abstraction for Flutter with support for multiple map providers	1.0.8	67.42250162584001	22	109	22	5	bmw-tech	bmwtech.dev	MIT	2022-12-14T11:36:25.000Z
1679	at_server_status	A Dart library that provides a means to check on the status of the @‎root server as well as the secondary server for any particular @‎sign.	1.0.3	67.41383047908086	8	35	10	15	atsign-foundation	atsign.org	BSD-3-Clause	2022-12-16T04:23:20.000Z
1680	js_bindings	Complete JS bindings interop with autocomplete and documentation.	0.0.7	67.39215261218297	16	36	4	8	jodinathan		Apache-2.0	2022-10-06T13:45:06.000Z
1681	flutter_requery	Flutter library for fetching, caching and invalidating asynchronous data.	0.1.16	67.36180359852591	47	31	1	2	CoreLine-agency	coreline.agency	MIT	2022-08-22T14:54:30.000Z
1682	drive_helper	Easy to use library for using Google Drive and Google sign in	1.3.1	67.35746802514633	8	7	1	0	theRookieCoder		BSD-3-Clause	2022-06-14T11:29:01.000Z
1683	circular_color_picker	Simple, optimized and usefull package to add HSV color picker to your project.	1.0.0	67.34879687838716	1	0	0	1	Korpyc		MIT	2021-11-09T14:21:06.000Z
1684	omxplayer_video_player	A package that implements video_player_platform_interface using omxplayer and platform views.	2.1.0	67.33579015824843	10	20	4	8	ardera	ardera.dev	MIT	2022-08-08T10:06:27.000Z
1685	simple_audio_player	A simple audio player for Flutter.	0.1.4	67.3227834381097	6	1	0	0	WangYng		BSD-3-Clause	2022-08-23T10:25:58.000Z
1686	quadtree_dart	A lightweight, extensive implementation of Quadtrees in Dart.	1.1.1	67.31844786473012	2	3	0	0	rlch	rjmath.com	MIT	2021-06-11T13:56:17.000Z
1687	pdf_manipulator	A flutter plugin for doing various manipulations such as merge, split, compress and many more on PDF easily.	0.5.7	67.27509213093431	2	2	0	0	chaudharydeepanshu	deepanshuchaudhary.com	AGPL-3.0	2022-11-18T16:41:21.000Z
1688	reactive_flutter_rating_bar	Wrapper around flutter_rating_bar to use with reactive_forms	0.4.0	67.24907869065684	2	47	23	2	artflutter		MIT	2022-12-15T16:51:57.000Z
1689	frino_icons	The Frino Icon pack available as Flutter Icons. Provides 300+ additional icons to use in your apps.	2.0.0	67.24474311727727	19	5	2	0	clean		MIT	2022-11-15T17:02:52.000Z
1690	xor_cipher	The XOR Encryption algorithm is a effective and easy to implement method of symmetric encryption.
	1.0.0+1	67.21005853024063	5	7	0	0	PlugFox	plugfox.dev	MIT	2022-04-17T13:12:21.000Z
1691	crc32_checksum	A new Flutter package that calculate crc32 checksum value for given string.	0.0.2	67.19705181010188	6	1	0	0	kuranja-89		MIT	2022-08-11T14:37:36.000Z
1692	size	A simple plugin that can display disk size on desktop.	1.0.5+1	67.1927162367223	3	1	1	0	Clashkid155		MIT	2022-03-08T00:26:19.000Z
1693	duration_iso_parser	Package to parse a duration from ISO 8601 string (like P1M, PT15M, P2Y3W4DT5H).	0.1.0+1	67.16236722306526	2	1	0	0	Innim	innim.ru	BSD-3-Clause	2022-01-21T08:35:33.000Z
1694	map4d_map	A Flutter plugin for integrating Map4D in iOS and Android applications.	2.4.3	67.15803164968567	14	0	3	1	map4d		Apache-2.0	2022-11-01T03:12:06.000Z
1695	huawei_in_app_update	Unofficial flutter plugin for accessing Huawei App Update Official API.	1.1.0+1	67.12768263602862	3	0	0	0	darkang3lz92	domago.dev	MIT	2022-07-25T04:07:24.000Z
1696	proximity_screen_lock	A plugin that can be used to bind screen activation to proximity sensor	1.1.0	67.11901148926945	3	1	0	0	amantoux	mantoux.org	BSD-3-Clause	2022-08-11T09:31:00.000Z
1697	widget_visibility_detector	A new Flutter package can detect when the widget appears or disappears.	1.0.1	67.1103403425103	5	0	0	0	tbm98	tbm98.dev	BSD-3-Clause	2022-06-26T15:21:49.000Z
1698	mcumgr	Dart client for the mcumgr embedded device management protocol.	0.0.3	67.09733362237156	6	6	1	2	jkdhn	jkdhn.me	BSD-3-Clause	2022-07-07T11:57:08.000Z
1699	starsview	AnimatedStarsView for Flutter. The widget provides a view with an animated starry night sky effect.	0.0.2	67.08432690223282	7	0	0	1	flyingV805		BSD-3-Clause	2022-09-26T09:15:58.000Z
1700	wallet	Crypto wallet package for Bitcoin, Ethereum and Tron written in pure Dart.	0.0.7	67.01495772815956	3	9	2	0	xclud		MIT	2022-12-05T11:52:52.000Z
1701	dart_dot_reporter	Dot test reporter for Dart & Flutter & Human. Makes test results clear from the high-level view.	1.0.4	67.01062215477998	5	4	5	3	apastuhov		MIT	2021-11-12T08:19:30.000Z
1702	rikulo_commons	Common reusable Dart classes and utilities.	5.2.1	66.99761543464123	1	13	6	0	rikulo	quire.io	Apache-2.0	2022-10-18T03:55:59.000Z
1703	app_utils	Application  plugin which provides utility functions for Android and iOS.	0.0.5	66.97593756774334	6	0	0	1	vishesh005	techbyvishesh.in	MIT	2022-09-18T11:23:35.000Z
1704	animated_box_decoration	Lets you smoothly animate between two BoxDecoration.	0.0.5	66.97160199436375	6	1	0	0	KevinVan720	wenkaifan.com	MIT	2022-03-23T00:48:30.000Z
1705	fsm2	FSM2 provides an implementation of the core design aspects of the UML state diagrams allowing both declarative transitions and dynamic transitions along with Guard Conditions.	2.0.7	66.9195751138088	14	46	2	3	onepub-dev	onepub.dev	BSD-2-Clause	2021-10-31T11:02:34.000Z
1706	connectivity_wall	Connectivity wall redirect user to a widget when offline and another if online	1.0.8	66.86321265987428	8	2	0	1	lauro-cesar	sharedway.app	BSD-3-Clause	2022-11-02T21:37:09.000Z
1707	flt_telephony_info	A new Flutter plugin , get telephony info ,based on TelephonyManager in Android and based on CoreTelephony in iOS	0.1.3	66.84587036635595	10	13	24	4	RandyWei		MIT	2022-03-20T23:48:28.000Z
1708	flutter_auth0_client	Auth0 Client for iOS, Android, and Web.	0.2.1	66.83719921959678	7	3	2	2	jfacoustic		MIT	2022-10-04T14:47:26.000Z
1709	serverpod_cloud_storage_s3	Serverpod integration for S3 cloud storage	0.9.21	66.81118577931932	0	970	71	75	serverpod		BSD-3-Clause	2022-12-16T18:27:39.000Z
1710	minimal_html_editor	Minimal html wysiwyg editor with only context menu formatting options, support flexible height, customize appearance, various text callbacks and methods.	1.1.2+1	66.74181660524604	6	0	1	1	Haquoctien		BSD-3-Clause	2021-08-23T10:07:35.000Z
1711	listentocontacts	Listen to changes to the user's contacts. This uses a ContentObserver on Android and a NotificationCenter observer on iOS.	0.0.2+6	66.72447431172772	10	3	1	1	Ben-Baert		BSD-3-Clause	2021-07-24T01:06:23.000Z
1712	string_utils	A set of string utility functions to facilitate dart interoperability with MS-SQL server. Please take a look at [dart_mssql] package for a usage example	0.2.3	66.72013873834814	0	26	6	7	MoacirSchmidt		BSD-2-Clause	2019-09-23T22:26:13.000Z
1713	auth0_flutter_web	Wrapper of Auth0 SPA SDK for Flutter Web	0.0.1-alpha.20210224	66.71146759158898	4	8	10	3	anthonychwong		BSD-3-Clause	2022-05-11T11:28:49.000Z
1714	easy_image_editor	Easy Image Editor is usefull for add any widget and move, resize and set over the main image or color	1.0.3	66.69412529807067	11	2	5	3	rajeshbdabhi	rajesh.webgat.in	MIT	2022-11-04T17:03:47.000Z
1715	flutter_bouncy	Scrolling with bouncy and natural item movement	1.0.1	66.6897897246911	35	23	4	2	pstromberg98		MIT	2022-11-07T03:48:51.000Z
1716	quds_ui_kit	Flutter UI kit [(animating icons, buttons, texts, counter, digital clock) - page transitions - toasts - dialogs-  pagination - splash screen ...etc ]	0.0.7+8	66.67244743117277	68	18	11	2	MohammedAsaadAsaad	quds.cc	MIT	2022-05-03T07:57:51.000Z
1717	voice_wave_widget	A new Flutter package.	0.0.3	66.64643399089529	1	0	0	0	Code-Yeong		BSD-3-Clause	2021-10-12T03:40:00.000Z
1718	awaitable_button	A button that displays an indicator during asynchronous processing and allows callbacks to be executed after completion or exception catch.
	1.3.0	66.61174940385865	13	5	1	0	altive	altive.co.jp	MIT	2022-11-28T04:24:35.000Z
1719	logo_n_spinner	Flutter loader widget with logo and spinning arc. Use your image assets to create loader animation.	0.1.2+1	66.57706481682203	3	1	0	0	pmatatias	pmatatias.dev	MIT	2022-10-03T02:16:26.000Z
1720	bangla_utilities	Plugin for English to Bangla date-time and number conversion.	1.0.0	66.56405809668328	21	4	1	1	ProhelikaX	prohelika.org	NOASSERTION	2021-03-25T15:54:47.000Z
1721	file_picker_fork	A package that allows you to use a native file explorer to pick single or multiple absolute file paths, with extension filtering support.	4.6.4	66.5597225233037	1	0	0	0	xuqiqiang		MIT	2022-11-09T08:34:41.000Z
1722	gt4_flutter_plugin	A new Flutter plugin for GeeTest Captcha v4.	0.0.5	66.55105137654455	2	5	2	1	GeeTeam	geetest.com	MIT	2022-09-21T07:57:48.000Z
1723	udev	API for enumerating and introspecting local devices	0.0.2	66.52937350964665	1	7	3	2	canonical	canonical.com	MPL-2.0	2022-10-07T08:19:39.000Z
1724	flutter_sequencer	A Flutter plugin for sequencing audio. Use it to build sequences of notes and play them back using SFZ or SF2 sound fonts.	0.4.4	66.48601777585085	48	62	32	23	mikeperri		NOASSERTION	2022-04-23T22:44:38.000Z
1725	open_weather_api_client	A comprehensive dart library for interfacing with the Open Weather API, providing wrappers for every endpoint served by OpenWeather.	3.1.1	66.48168220247128	6	4	4	2	tanzilzubair	tanzilzubair.tech	NOASSERTION	2022-12-02T10:00:59.000Z
1726	flutter_heat_map	Customizable heat map interface library. From a base image, it is necessary to pass the coordinates of the events and the library returns the image with the heat map	1.2.1	66.45133318881422	7	2	2	1	apps-auth	appsauth.com	MIT	2021-10-28T02:55:48.000Z
1727	nmea	An extensible NMEA0183 parser, which also supports validating the checksum. Useful for reading data from GPS devices and other sensors.	2.1.0	66.44699761543464	3	2	1	1	ricardoboss	ricardoboss.de	MIT	2022-10-18T10:54:01.000Z
1728	flutter_android_developer_mode	Check if Android device is in Developer Mode.	1.0.0	66.42531974853675	2	0	0	0	jonatanbortolon	jonatanbortolon.dev	MIT	2022-06-08T23:19:48.000Z
1729	firebase_cloud_messaging_interop	A dart plugin to use the Firebase Cloud Messaging Api (JS). You can retrieve the user's FCM token, delete it, access the notification data, ...	3.0.0	66.39497073487969	15	3	3	2	GaspardMerten	gaspardmerten.dev	NOASSERTION	2021-03-11T21:01:31.000Z
1730	websok	A high level websocket library. Use it when working with websockets to avoid a few boilerplate and make your code look cleaner.	2.1.2	66.37329286798179	9	7	6	4	ConsoleTVs	erik.cat	MIT	2022-08-22T05:41:13.000Z
1731	excel_table	A data table scrollable and expanding sub row	0.0.5	66.36028614784306	2	0	1	0	a313		MIT	2022-01-05T11:29:12.000Z
1732	curved_splash_screen	A Splash screen with curved custom bottom sheet and dots indicator within it. You can add your custom splash screens & change any color of the items of the bottomSheet.	1.0.0+1	66.34294385432473	58	16	7	0	hosain-mohamed		MIT	2022-08-22T16:36:57.000Z
1733	jose2	Javascript Object Signing and Encryption (JOSE) library supporting JWE, JWS, JWK and JWT	0.3.4	66.33860828094515	1	1	1	3	heacare	hea.care	BSD-3-Clause	2022-08-31T04:48:49.000Z
1734	http_api	A simple yet powerful wrapper around http package with interceptors/middleware support, along with response caching.	0.9.0	66.32560156080642	8	8	1	0	gonuit	klyta.it	MIT	2022-11-23T19:34:40.000Z
1735	c	C-md, Library of Defining & parsing for Dart CLI Commands & Arguments	0.0.2	66.26923910687188	0	0	0	0	DevPackUP		BSD-3-Clause	2022-08-21T17:39:20.000Z
1736	camera_camera_2	The easy plugin camera for your project, platforms Android and iOS.	2.0.1-dev0.2	66.24322566659441	4	2	1	0	yassinedevop		MIT	2021-11-29T20:05:06.000Z
1737	overlapping_time	A package for finding overlappings between given time ranges.	0.1.0	66.23889009321483	6	4	0	1	MasahiroLittleforest		BSD-3-Clause	2021-06-26T10:16:51.000Z
1738	tiny_charts	Render sparkline charts for fast data visualization on Flutter apps.	0.1.0	66.21287665293735	28	15	3	0	rows	rows.com	BSD-3-Clause	2022-04-08T11:53:03.000Z
1739	freestyle_speed_dial	A lightweight yet powerful speed dial widget for Flutter, offering full control over the appearance, layout and animations of the speed dial.	1.0.1+2	66.2042055061782	5	1	0	0	Robbendebiene	robin.earth	MIT	2022-12-01T21:00:02.000Z
1740	flutter_scandit_plugin	Flutter Plugin for Scandit Barcode Scanning on Android and iOS	3.0.0	66.19986993279862	6	7	7	0	fryette	mobilepeople.dev	MIT	2022-09-15T08:20:18.000Z
1741	functions_client	A dart client library for the Supabase functions.	1.0.0	66.17819206590072	4	6	4	0	supabase	supabase.io	MIT	2022-10-18T09:43:24.000Z
1742	arp_scanner	A new flutter plugin project.	1.2.7	66.15651419900281	4	3	2	4	myfreax		MIT	2022-08-19T05:46:46.000Z
1743	easy_colors	A Flutter package to manage custom colors used in the project	0.0.2	66.10882289182744	3	0	0	1	Supercaly		MIT	2021-03-04T11:04:52.000Z
1744	dice_icons	A package project contains dice icons from zero to six.	0.1.4	66.09148059830913	3	0	1	0	leventkantaroglu	leventkantaroglu.com	BSD-3-Clause	2022-03-04T18:21:15.000Z
1745	playify	Playify is a Flutter plugin for playing music and fetching music metadata. Currently supports only iOS.	2.2.1	66.06113158465206	20	32	12	4	iberatkaya		MIT	2022-12-11T20:59:03.000Z
1746	upgrade_util	A plugin for app upgrades. It can jump to the application store, and implement the function of downloading and installing APK on Android.	2.3.4+1	66.0567960112725	6	5	1	0	LiWenHui96		Apache-2.0	2022-11-06T05:31:40.000Z
1747	zflutter	A round, flat and designer-friendly pseudo-3D engine for Flutter	0.0.1+2	66.03078257099502	65	235	60	11	jamesblasco	z.flutter.gallery	MIT	2022-10-06T12:59:31.000Z
1748	flutter_map_picker	This package allows you to pick a point, a circle or a custom area in Google Maps	0.1.2	66.02644699761544	18	3	10	7	Luis-Barba		NOASSERTION	2021-01-20T04:54:23.000Z
1749	nyxx_pagination	Pagination utility for nyxx library	2.3.0	66.00910470409713	1	2	1	0	nyxx-discord	l7ssha.xyz	GPL-2.0	2022-10-23T11:28:18.000Z
1750	flutter_yookassa_sdk	This library allows implementing payment acceptance into mobile apps on iOS and works as an extension to the YooMoney API.	0.1.2	65.97875569044007	13	12	2	6	wwwhttpru		MIT	2022-07-02T08:23:27.000Z
1751	xiaomi_scale	A Flutter plugin for taking measurements from Bluetooth Xiaomi weight scales	2.2.1	65.96574897030132	11	12	7	0	BeMacized		MIT	2021-12-08T20:02:43.000Z
1752	flutter_translate_gen	Statically-typed localization keys generator for flutter_translate.	2.2.0	65.93973553002385	4	17	22	0	Jesway	jesway.com	NOASSERTION	2022-05-03T19:04:55.000Z
1753	bootpay_webview_flutter	bootpay_webview_flutter 를 국내 결제환경에 맞게 fork 떠서 관리하는 프로젝트 입니다.	3.2.44	65.93539995664428	1	0	1	0	bootpay		MIT	2022-08-25T08:35:50.000Z
1754	material_snackbar	A flutter plugin for displaying snackbars with the newest material design on desktop and mobile.	1.3.0	65.90938651636678	16	1	0	0	RoundedInfinity	clevertasks.de	MIT	2022-10-08T21:10:16.000Z
1755	uploadcare_client	A dart library for working with Uploadcare REST API. File uploads, media processing, and adaptive delivery for web and mobile.	6.2.1	65.87470192933016	13	19	7	0	KonstantinKai	konstantinkai.dev	BSD-3-Clause	2022-11-11T10:33:13.000Z
1756	flutter_graphql_client	Client to POST to GraphQL server	0.2.2	65.86603078257099	7	3	1	0	savannahghi	savannahghi.org	MIT	2022-10-18T11:51:52.000Z
1757	loading_elevated_button	An ElevatedButton with an "isLoading" option to change Child Widget and/or disable the button when isLoading is enabled.	1.0.0+2	65.86169520919142	6	1	0	0	Eliathoran		MIT	2022-03-07T01:37:41.000Z
1758	the_splash	Provide SplashScreen widget that looks exactly like flutter_native_splash, and utils to build your own splash	0.3.1	65.85735963581185	5	0	0	0	massa-org		MIT	2022-11-03T00:07:15.000Z
1759	processing_camera_image	A Plutter plugin with C native for processing camera image from package camera	0.0.9	65.84868848905268	4	1	1	0	thuanpham98		MIT	2022-09-08T03:29:11.000Z
1760	known_extents_list_view_builder	A modification of Flutter's ListView and ReorderableListView that fixes performance problem for long lists with variable but known item extents.	1.1.0	65.83568176891393	12	17	5	5	bendelonlee		NOASSERTION	2021-12-08T16:31:34.000Z
1761	reliable_interval_timer	A timer that produces ticks within a given interval, accurate to the millisecond.	1.0.0	65.82701062215477	2	2	0	0	inf0rmatix		BSD-3-Clause	2022-04-01T09:05:57.000Z
1762	wave_loading_indicator	Reincarnation of deprecated library. With more customizations and tuned logic. Try now!	1.0.7	65.79232603511814	11	1	1	0	SergeyShustikov		BSD-3-Clause	2021-06-08T20:15:38.000Z
1763	faded_widget	A Flutter package that allows to fade a widget with a gradient of colors in any direction you prefer	2.0.0	65.783654888359	6	1	2	0	dariof28		MIT	2021-05-22T11:08:25.000Z
1764	usb_id	A repository of all known ID's used in USB devices: ID's of vendors, devices, subsystems and device classes. This package can be utilized to display human-readable names instead of cryptic numeric codes.	0.1.0	65.72295686104486	1	0	0	0	jpnurmi		BSD-3-Clause	2021-05-14T20:24:26.000Z
1765	tencent_wechat_camera_picker	A camera picker based on WeChat's UI which is a separate runnable extension to wechat_assets_picker.	3.6.2+5	65.67960112724907	3	2	0	0	RoleWong	comm.qq.com	Apache-2.0	2022-12-06T03:33:26.000Z
1766	animated_counter	A package containing awesome animated counters to enhance your application with custom counter widgets.	1.0.0	65.6752655538695	44	11	1	0	DrunkOnBytes		Apache-2.0	2021-04-14T19:08:49.000Z
1767	media_storage	Flutter plugin that provides internal, external storage path and external public storage path and get all or specific Directory files list with all file informations.	0.0.1	65.6319098200737	1	0	0	1	Khuntarpit		MIT	2022-08-14T13:53:04.000Z
1768	image_gallery	Flutter plugin to showing all the images from the storage in Android and iOS .	1.2.0	65.61023195317581	19	38	25	11	flutter-devs		NOASSERTION	2020-09-13T07:12:35.000Z
1769	angel3_validate	Cross-platform request body validation library based on `matcher`.	7.0.1	65.60156080641664	1	0	0	0	dukefirehawk	dukefirehawk.com	MIT	2019-10-17T02:07:23.000Z
1770	flutter_advanced_progress	An advanced progress widget, that can be fully customized with bunch of properties, just try it and enjoy!	1.0.0+1	65.5495339258617	30	7	3	0	alex-melnyk	alexmelnyk.io	BSD-3-Clause	2021-04-10T11:02:18.000Z
1771	flutter_guitar_tabs	A widget to display guitar tabs. Renders open strings, muted strings, and bars.	0.0.8	65.49317147192716	12	20	6	3	joranmulderij		BSD-3-Clause	2022-01-15T15:06:48.000Z
1772	dart_postgis	A module to support postgis.	0.3.0+2	65.48883589854758	1	0	0	0	moovida		LGPL-2.1	2022-09-16T09:42:57.000Z
1773	stock	Dart package for Async Data Loading and Caching. Combine local (DB, cache) and network data simply and safely.	1.0.1	65.46715803164969	70	57	5	0	xmartlabs	xmartlabs.com	Apache-2.0	2022-11-18T13:41:04.000Z
1774	video_player_control_panel	A control panel laid on top of VideoPlayer. User can do play / pause / seekTo / set volume on it. Support closed captions / subtitle. Support fullscreen.	1.0.8	65.43247344461305	3	0	0	0	jakky1		BSD-3-Clause	2022-12-05T08:33:05.000Z
1775	responsive_layout_grid	The ResponsiveLayoutGrid provides a convenient responsive layout structure for elements within the body region.	1.1.1	65.4238022978539	5	3	1	3	domain-centric		NOASSERTION	2022-07-25T18:30:43.000Z
1776	animated_overflow	A simple widget for animating overflowing content horizontally or vertically with fade.	2.0.0	65.402124430956	23	20	1	0	aliyigitbireroglu	cosmossoftware.coffee	MIT	2021-05-04T11:01:14.000Z
1777	stripe_native	Create chargeable stripe tokens using Apple and Google Pay. Display native Apple and Google Pay sheets, then collect one-time source tokens.	1.2.3	65.37177541729893	26	10	8	8	rbii-incorporated		MIT	2020-05-13T17:59:50.000Z
1778	flutter_native_select	A flutter plugin which can open a native select box.	1.0.0	65.36310427053978	3	3	0	1	Mietz-GmbH	mietz.app	BSD-3-Clause	2021-07-02T15:55:34.000Z
1779	flat_list	FlatList widget for Flutter which has similar spec as in React Native's FlatList.	0.1.11	65.32408411012356	3	4	1	0	hyochan		MIT	2022-12-01T05:38:04.000Z
1780	modular_customizable_dropdown	A modular and customizable dropdown that can be attached to ANY widget.	2.0.1	65.31541296336441	4	1	0	0	Khongchai	khong.xyz	MIT	2022-11-26T13:28:28.000Z
1781	cross_fade	A widget to apply a crossfade animation between different states and/or widgets.	0.3.1	65.29807066984608	9	0	0	0	SplashByte	splashbyte.dev	BSD-3-Clause	2022-02-26T23:18:15.000Z
1782	mobile_web_view	Wanted to show your awesome mobile app to other without letting them into the hassle of installing it? Thanks to flutter web (currently in beta) we have covered you.	0.1.2	65.22003034901365	18	3	2	2	SirusCodes	darshanrander.com	MIT	2020-11-23T09:11:51.000Z
1783	flutter_local_authentication	A flutter plugin that allows access to Local Authentication / Biometrics on iOS, macOS, Linux and Android.	0.0.3	65.2113592022545	5	0	2	0	eaceto	eaceto.dev	GPL-3.0	2021-03-07T19:49:13.000Z
1784	pixelarticons	Pixel Art Icons made simple for Flutter, powered by pixelarticons and fontify	0.4.0	65.20268805549534	9	16	0	0	alexrintt	alexrintt.io	MIT	2022-10-19T11:15:59.000Z
1785	acronym	A simple, lightweight and easy to use package to generate acronyms.	0.4.0	65.15499674831996	17	4	2	0	jxstxn1	jxstxn.dev	Apache-2.0	2022-02-15T12:50:29.000Z
1786	winmd	A Dart library for working with Windows Metadata (winmd) formats.	2.4.5	65.12898330804249	3	20	5	0	timsneath	sneath.org	BSD-3-Clause	2022-11-07T01:39:53.000Z
1787	anyline_plugin	Flutter Plugin for Anyline OCR, which allows you to scan all kinds of numbers, characters, text and codes.	42.2.0	65.11164101452417	6	1	3	0	Anyline	anyline.com	NOASSERTION	2022-11-25T08:54:16.000Z
1788	spine_flutter	The official Spine Flutter Runtime to load, display and interact with Spine animations.	4.2.11	65.10730544114459	6	3566	2721	61	EsotericSoftware		NOASSERTION	2022-12-16T11:58:33.000Z
1789	convenient_test_dev	Write and debug tests easily, with full action history, time travel, screenshots, rapid re-execution, video records, interactivity, isolation and more	1.2.1	65.08996314762628	1	323	18	11	fzyzcjy	cjycode.com	MIT	2022-12-17T13:46:13.000Z
1790	todo	🚧 Offers a TODO() method to indicate that code has not been implemented yet.	2.0.1	65.0856275742467	7	4	0	0	MarcelGarus		MIT	2021-03-04T14:10:31.000Z
1791	fleasy	Useful and easy to use extensions, helper classes and widgets to create Flutter apps easier.	0.14.1	65.0639497073488	57	19	5	4	devj3ns	jensbecker.dev	BSD-3-Clause	2022-12-12T11:06:19.000Z
1792	flutter_iot_wifi	Connect to an IoT access point using Android or iOS	0.0.3	65.05527856058964	13	0	2	1	MousyBusiness	mousybusiness.com	MIT	2022-03-23T05:19:16.000Z
1793	animated_neumorphic	A Flutter package that contains Neumorphismic theme Container that animates implicity by change values. Easy to use, just like Flutter's built-in Animated widget.	0.2.0	65.02926512031216	14	3	0	1	Kurogoma4D	krgm4d.dev	MIT	2021-03-04T13:19:48.000Z
1794	interval_tree	A non-overlapping interval tree with support for calculating unions, intersections, and differences between individual intervals and entire trees.	0.3.0	65.01192282679385	7	1	3	0	jpnurmi		MIT	2021-09-02T10:57:23.000Z
1795	conditional_wrapper	A widget that allows you to conditionally wrap a child	1.0.1	64.97290266637764	12	9	1	0	ThinkDigitalSoftware		MIT	2022-07-24T13:07:59.000Z
1796	intrinsic_size_overflow_box	IntrinsicSizeOverflowBox widget, similar to `OverflowBox` except that the unconstrained width or height is sized to the intrinsic size of the child.	0.1.1	64.95989594623889	5	3	1	0	ronjb	ronbooth.com	MIT	2021-11-14T14:45:55.000Z
1797	flutter_donation_buttons	A collection of your most used donation/support buttons to support your development.	0.0.6	64.95556037285931	10	6	3	1	Flajt		BSD-2-Clause	2022-12-10T23:49:25.000Z
1798	squares	A flexible chessboard widget for Flutter. Visually customisable, with support for many chess variants.	1.1.0	64.95122479947973	14	22	8	1	alexobviously		NOASSERTION	2022-12-12T14:22:15.000Z
1799	gate	Annotations for gate_generator	1.0.1	64.93388250596142	3	18	1	1	Apparence-io	apparence.io	MIT	2022-11-16T17:03:42.000Z
1800	range_slider_dialog	A dialog with a range slider inside. You can customize the header and button text, and it just returns the RangeValue selected.	0.0.3	64.92521135920225	14	0	1	0	DannyStrelok		MIT	2021-05-09T12:36:45.000Z
1801	wavenet	A simple wrapper for accessing Google's Text-To-Spech API and converting the results to MP3 files.	2.0.5	64.90786906568393	2	1	1	2	jonafeucht		MIT	2022-12-16T16:59:34.000Z
1802	wordpress_client	A library written purely in dart to interact with Wordpress REST API in a fluent manner. Supports Authorization as well.	6.3.4	64.89052677216563	11	16	4	0	ArunPrakashG	arunprakashg.com	MIT	2022-09-15T20:00:50.000Z
1803	onmessage	A stream wrapping JavaScript's `window.onmessage` that is safe to import even on platforms other than web.	0.2.0	64.8731844786473	6	1	0	0	alexeyinkin	ainkin.com	MIT-0	2022-07-20T16:55:41.000Z
1804	pangle_flutter	A Flutter plugin that supports ByteDance Pangle SDK on Android and iOS. Such as Splash Ads, Rewarded Video Ads, etc.	1.9.7	64.86017775850857	27	121	35	7	nullptrx	coool.dev	MIT	2022-11-03T16:21:33.000Z
1805	contained_tab_bar_view_with_custom_page_navigator	Encapsulates TabController, TabBar and TabBarView into a single customizable Widget.	0.1.3	64.84717103836982	3	0	0	0	rgplvr		MIT	2021-09-18T15:04:20.000Z
1806	whiteboardkit	An awesome Flutter whiteboard implementation with drawing toolbox.	0.2.2	64.79947973119445	50	27	22	15	abdulaziz-mohammed		MIT	2022-02-12T13:41:56.000Z
1807	odoo	odoo api using endpoint /web/dataset/call_kw	0.0.2	64.76479514415782	4	2	7	0	aikosiadotcom	aikosia.com	NOASSERTION	2022-01-15T13:25:18.000Z
1808	dart_snmp	A dart library for communicating with simple network management protocol (snmp) enabled devices	3.0.0	64.7257749837416	13	7	6	4	point-source		BSD-3-Clause	2022-11-02T20:41:45.000Z
1809	dartros	A Dart implementation of a ROS 1 Client Library	0.1.5+1	64.71710383698243	7	16	9	16	TimWhiting	timwhiting.dev	Apache-2.0	2022-12-14T07:19:13.000Z
1810	elliptic_text	Includes the EllipticText widget that lets you draw curved text. It comes with all the bells and whistles and is very easy to use.	1.0.1+9	64.71276826360285	16	0	1	0	robmllze		NOASSERTION	2021-07-27T09:43:47.000Z
1811	amplify_storage_s3_ios	The method channel implementation for amplify_storage_s3 on iOS	0.6.10	64.68675482332539	0	1128	176	192	aws-amplify	aws-amplify.com	Apache-2.0	2022-12-17T00:16:28.000Z
1812	mdcharts	march.dev charts library. Provides highly customizable and configurable charts.	4.0.4	64.65640580966833	1	3	1	0	marchdev-tk	marchdev.tk	BSD-3-Clause	2022-11-07T08:42:19.000Z
1813	faiadashu	Faiadashu FHIRDash - Build beautiful healthcare apps fast — use the Flutter™ SDK and follow the HL7® FHIR® standard.	0.8.0	64.64773466290917	13	22	8	0	tiloc		MIT	2022-09-17T17:08:55.000Z
1814	auth_nav	Library support navgiation for authorization flow on flutter.	2.0.2	64.58703663559506	3	0	0	0	dangngocduc	dangngocduc.dev	MIT	2022-01-05T03:32:38.000Z
1815	alfreed	split your business logic easily / handle your page state / handle animation state within your business logic	0.4.1	64.58270106221548	12	5	3	0	Apparence-io	apparence.io	MIT	2022-09-30T19:22:42.000Z
1816	reactive_awesome_select	Wrapper around flutter_awesome_select to work with reactive_forms	0.6.0	64.56535876869715	2	47	23	2	artflutter		MIT	2022-12-15T16:51:57.000Z
1817	image_overlay_map	A package using web or local image to build a map with customizable markers like leaflet image overlay.	0.0.3	64.55235204855842	6	0	2	4	mingfudu		BSD-3-Clause	2022-06-10T08:27:05.000Z
1818	solana_web3	The Solana Dart API built on Solana's JSON RPC API, with support for common Native Programs.	0.0.2+6	64.53500975504011	4	1	0	0	merigo-labs	merigolabs.com	MIT	2022-12-07T20:34:48.000Z
1819	bip340	BIP340 (Schnorr) signature and verification.	0.0.4	64.50899631476263	4	5	5	1	nbd-wtf		MIT	2022-10-08T01:53:52.000Z
1820	imgur	A high-level Imgur API Client Library that uses Imgur's v3 API.	1.1.1	64.44829828744851	7	7	4	3	shellbear	shellbear.me	MIT	2020-03-18T19:38:23.000Z
1821	flutter_images_picker	A Flutter plugin for iOS and Android for picking images from the image library and taking new pictures with the camera.	0.1.0	64.44396271406893	3	0	0	0	honvidan		GPL-3.0	2022-01-26T03:27:40.000Z
1822	floating_chat_button	A floating button which can be dragged around the screen and can display messages to the user	1.0.1	64.4092781270323	23	4	0	0	cu-apps		BSD-3-Clause	2022-02-05T22:15:40.000Z
1823	print_map	Simple package to print Map & Json objects with some colors and better read.	1.1.0+0	64.39193583351398	5	0	0	0	dewetbaumann		MIT	2022-07-24T18:35:40.000Z
1824	pretty_logger	A flutter package that developers have pretty logs instead just printing everything like a newbie.	1.0.0	64.38326468675483	5	2	0	1	Baronsindo	morocoder.com	MIT	2021-11-28T03:24:49.000Z
1825	startapp	Flutter plugin for StartApp SDK - Currently only support Android platform	0.5.1	64.37459353999566	29	12	9	15	vdung7		Apache-2.0	2020-12-19T04:01:46.000Z
1826	dictionaryx	English dictionary with about 120.000 entries, based on Wordnet.	0.3.5	64.37025796661608	6	1	0	0	xErik	novelplotter.com	MIT	2022-09-02T18:52:49.000Z
1827	amplify_storage_s3_android	The method channel implementation for amplify_storage_s3 on Android	0.6.10	64.34858009971819	0	1128	176	192	aws-amplify	aws-amplify.com	Apache-2.0	2022-12-17T00:16:28.000Z
1828	ferry_cache	A normalized, strongly typed, optimistic cache for GraphQL Operations and Fragments	0.7.0	64.34424452633861	3	476	90	52	gql-dart	gql-dart.dev	MIT	2022-12-11T21:44:13.000Z
1829	model_factory	Generate model boiler plate	1.4.6	64.33123780619987	2	0	0	0	ekasetiawans	maseka.dev	NOASSERTION	2022-10-20T06:58:44.000Z
1830	optimizely_dart	Flutter plugin for Optimizely native SDKs. Check feature flags and feature variables from your Optimizely project.	0.1.8	64.3052243659224	3	0	2	4	HomeX-It	homex.com	MIT	2022-02-10T15:09:45.000Z
1831	draft_view	A draft js renderer written in Dart! You can easily render your draft js object in Flutter!	0.8.34+1	64.29221764578365	3	2	5	3	sirily11		MIT	2022-07-14T08:22:33.000Z
1832	automata	A dart package to create finite state machines and state charts.	0.2.0	64.2835464990245	13	31	3	1	rows	rows.com	BSD-3-Clause	2022-06-29T12:58:56.000Z
1833	better_aliyun_oss	A Simple Aliyun OSS Upload for Flutter.	0.0.8	64.23585519184913	1	2	1	0	WangYng		BSD-2-Clause	2022-06-24T02:26:40.000Z
1834	num_remap	An implementation for the “Arduino map” function in Dart, which allows numbers to be remapped from one range to another.	1.0.1	64.22284847171038	2	1	0	0	Adrian-Samoticha		BSD-3-Clause	2022-07-23T18:59:13.000Z
1835	snowball_stemmer	A starting point for Dart libraries or applications.	0.1.0	64.17515716453501	0	1	0	0	Klabauterman		MIT	2021-10-11T01:09:42.000Z
1836	grouped_expansion_tile	Expansion Tile for grouped data	1.1.0	64.17082159115543	4	1	0	0	yuto-yuto	technicalfeeder.com	MIT	2021-12-14T10:20:51.000Z
1837	password_policy	Dart package that help restrict password to a strong policy.	1.2.0	64.14914372425753	6	0	0	0	Milvintsiss	milvintsiss.com	BSD-3-Clause	2022-05-27T06:50:15.000Z
1838	payfort_plugin	PAYFORT integration became easy with flutter ,this plugin allows you to use payfort for both android and ios.	0.3.1	64.12313028398006	9	0	5	7	Magints		BSD-2-Clause	2022-07-25T10:56:56.000Z
1839	riverpod_messages	A message notification listener for riverpod architecture	1.0.2	64.09711684370258	6	4	2	0	ftognetto	quantos.it	MIT	2022-10-01T14:02:40.000Z
1840	fest	A simple snapshot testing utility for flutter inspired by jest. Compare and test snapshots ranging from Screenshots, Render Tree and Layer Tree.	0.1.3+1	64.08844569694342	4	4	1	0	dopecoder	nithinrao.dev	MIT	2021-07-01T20:17:32.000Z
1841	simplify	A high-performance dart 2D/3D polyline simplification library	1.0.2	64.00606980273142	3	3	2	0	bjartebore		BSD-2-Clause	2021-06-25T10:10:30.000Z
1842	pexels_null_safety	Unofficial wrapper of Pexels REST API for the Dart Language.	0.1.2	63.98005636245393	5	3	1	0	xenoken		BSD-3-Clause	2019-06-29T01:25:01.000Z
1843	zendesk_helper	A Flutter plugin for the Zendesk Chat SDK v2. Provides embed chat functionality in your apps to give your mobile users access to your support team	1.0.1	63.97572078907435	9	0	7	2	Muljin	moodio.co.uk	MIT	2022-07-19T18:41:13.000Z
1844	smart_reply	Generate relevant replies to messages using MLKit's Smart Reply API.	0.1.0	63.880338174723605	11	8	2	2	Kirpal	kirp.al	MIT	2022-10-31T23:43:08.000Z
1845	flappy_translator	A tool which automatically generates Flutter localization resources from CSV and Excel files.	1.5.0	63.84998916106655	27	55	18	4	smartnsoft		MIT	2022-10-29T11:46:12.000Z
1846	aws_polly	A simple, unofficial AWS Polly client in dart. Supports generating a URL given an input text and voice identifier.	2.1.1	63.832646867548235	4	4	4	3	robrichardson13	robrichardson.io	MIT	2022-03-19T19:07:17.000Z
1847	flutter_p2p_plus	A WiFi Direct Plugin for Flutter. This Plugin uses the native WiFi P2P API of Android.	1.0.2	63.82831129416865	3	1	1	0	JAICHANGPARK		Apache-2.0	2022-03-08T00:26:24.000Z
1848	simple_localization	Package to make it easy to implement localizations in your packages and applications.	2.0.0	63.81096900065033	0	2	0	0	ricardocrescenti		BSD-3-Clause	2022-07-18T12:19:52.000Z
1849	peanut	Update your GitHub gh-pages branch with the compiled output of your Dart web app. Supports 'pub build' and the new 'pub run build_runner'.	4.3.0	63.802297853891176	72	181	23	10	kevmoo	j832.com	BSD-3-Clause	2022-11-09T23:21:51.000Z
1850	leak_tracker	A framework for memory leak tracking for Dart and Flutter applications.	1.0.0-dev.1.4	63.789291133752435	2	8	3	2	dart-lang	tools.dart.dev	BSD-3-Clause	2022-12-16T14:43:20.000Z
1851	f	A simple shortcut, command line interface (CLI) for Flutter to increase productivity and happiness.	0.1.7	63.758942120095384	13	27	5	0	salkuadrat		MIT	2021-11-29T08:24:36.000Z
1852	logdna	A simple logdna client for Flutter. Push logs directly to your LogDNA dashboard in a few lines of code.	1.1.2	63.728593106438325	8	11	5	1	aligorithm	aligorithm.i.ng	MIT	2021-12-30T18:34:53.000Z
1853	isolator	Isolator is a package, which offer to you a simple way for creating two-component states with isolated part and frontend part of any kind - BLoC, MobX, ChangeNotifier and others	2.0.3	63.71125081292001	59	53	6	3	alphamikle	alphamikle.dev	MIT	2022-08-07T22:06:36.000Z
1854	number_ticker	Number_ticker provides a simple number ticker for displaying a changing number. You can use it to display the number that updates in real time for better user experience.	0.0.2+1	63.70257966616085	10	13	2	0	Livinglist		MIT	2022-01-12T22:31:57.000Z
1855	sharer	Share data from other apps to Flutter	1.0.1	63.67223065250379	2	1	0	0	kidsonfilms-python-rules		MIT	2020-11-13T00:36:30.000Z
1856	custom_selectable_text	A widget like selectable text but with additional custom functions like share. It can do Copy, select all, cut and paste as well.	0.4.0	63.66355950574464	6	1	0	0	radikz		MIT	2022-12-13T06:09:23.000Z
1857	mapsforge_flutter	A port of mapsforge for pure flutter. Show maps while the device is offline.	2.0.2	63.64621721222632	12	30	13	5	mikes222		LGPL-3.0	2022-10-26T11:26:20.000Z
1858	mounted_state	Easily check if a widget is mounted before calling setState.	1.0.1	63.628874918708	0	0	0	0	vixez	glennruysschaert.com	MIT	2022-06-02T14:40:12.000Z
1859	video_controls	A wrapper around video_player to show customizable controls for Flutter videos.	0.1.0	63.62453934532842	5	1	1	0	Levi-Lesches		BSD-3-Clause	2021-07-30T05:04:22.000Z
1860	navbar_router	A flutter package to build advanced bottomnavbar with minimal code and hassle	0.3.2	63.607197051810104	19	9	2	4	maheshmnj	maheshjamdade.com	MIT	2022-10-01T01:27:56.000Z
1861	validation_chain	ValidationChain, SanitizationChain, MapValidator, MapSanitizer, Sanitizable interface.	0.0.11	63.52048558421851	8	5	1	0	Pr47h4m		MIT	2022-11-12T19:02:30.000Z
1862	owlbot_dart	A clean and simple interface to interact with owlbot.info, dictionary API. Returns response in nice formatted dart objects	2.0.0	63.51181443745936	8	4	0	0	lohanidamodar	dlohani.com.np	NOASSERTION	2021-08-13T14:34:15.000Z
1863	html_parser_plus	Use custom rule to parse html document.	0.0.1	63.47712985042272	0	0	0	0	CalsRanna	cals.xyz	MIT	2022-10-20T08:07:11.000Z
1864	lorem_ipsum	Lorem Ipsum, a random Lipsum generator.	0.0.1	63.46845870366356	10	4	2	0	DamianRincon	damianrc.com	MIT	2022-07-30T07:12:39.000Z
1865	better_cupertino_slider	Better cupertino slider.	1.0.0	63.44678083676566	5	2	0	1	WangYng		BSD-3-Clause	2021-05-14T07:19:29.000Z
1866	simple_3d	This package was created for the convenience of 3D non-experts, including scientists.	7.1.0	63.39908952959029	10	7	0	0	MasahideMori-SimpleAppli		MIT	2022-12-12T12:08:36.000Z
1867	akvelon_flutter_issue_106664_workaround	Fixes the Flutter issue of automatically scrolling to a focused iframe when clicking outside of such iframe	0.1.2	63.38608280945155	2	0	0	0	akvelon	akvelon.com	Apache-2.0	2022-07-12T07:28:39.000Z
1868	amplify_analytics_pinpoint_ios	The method channel implementation for amplify_analytics_pinpoint on iOS	0.6.10	63.36006936917408	0	1128	176	192	aws-amplify	aws-amplify.com	Apache-2.0	2022-12-17T00:16:28.000Z
1869	json_converter_helper	JSON converters for package:json_serializable.	0.1.2	63.34272707565576	4	6	1	0	mono0926	mono0926.com	MIT	2022-10-21T05:38:43.000Z
1870	scrumlab_colored_progress_indicators	An alternate animated progress indicator widget for flutter's CircularProgressIndicator and LinearProgressIndicator with Google color accents.	1.2.0-nullsafety.0	63.32972035551702	3	0	0	0	giulianojordao		MIT	2021-05-24T17:21:15.000Z
1871	app_wrapper	A wrapper that is responsible for initializing various services and utilities needed to run apps safely.	0.2.2	63.32538478213744	2	0	0	0	savannahghi	savannahghi.org	MIT	2022-10-18T12:15:42.000Z
1872	dargon2	Provides bindings for hashing and verifying with Argon2, the winner of the Password Hashing Competition.	3.2.1	63.29937134185995	6	11	5	1	tmthecoder	tmthecoder.dev	MIT	2022-10-09T01:03:43.000Z
1873	serverpod_chat_client	Serverpod chat module client.	0.9.21	63.277693474962064	0	970	71	75	serverpod		BSD-3-Clause	2022-12-16T18:27:39.000Z
1874	pal_widgets	A set of amazing onboarding widgets for your flutter applications.	0.2.0	63.26468675482333	43	25	0	2	Apparence-io		MIT	2021-12-29T17:30:01.000Z
1875	reactive_advanced_switch	Wrapper around advanced_switch to use with reactive_forms.	0.5.0	63.26035118144374	3	47	23	2	artflutter		MIT	2022-12-15T16:51:57.000Z
1876	cupertino_calendar	A calendar widget special design for Cupertino UI in Flutter	1.0.0	63.25168003468459	2	2	0	0	rk0cc	rk0cc.xyz	LGPL-3.0	2022-01-06T12:47:43.000Z
1877	roslibdart	Roslib for dart	0.0.1-dev+4	63.2083243008888	3	3	1	0	tmtong		Apache-2.0	2022-02-25T03:05:57.000Z
1878	last_state	Simple and robust state saver which allows restoring state after the app process is killed while in the background.	0.1.1	63.19531758075006	14	8	1	0	salim-lachdhaf	salimdev.ovh	MIT	2020-12-14T13:19:37.000Z
1879	easy_card_scanner	Easy Credit Card Scanner	1.1.0	63.19098200737048	3	1	0	1	hammadparveez		GPL-3.0	2022-05-13T12:41:46.000Z
1880	modjs_video_player	Fork of Youtube Player Iframe using Flutter port of the official YouTube iFrame player API. Supports web & mobile platforms.	1.0.0+fix	63.18231086061131	2	0	2	0	jsml		BSD-2-Clause	2021-12-13T13:16:41.000Z
1881	button_navigation_bar	A lightweight, customizable navigation bar widget for flutter which can be used as a FAB as well as a fixed Widget.	0.1.3	63.151961846954265	11	0	0	1	underwhelmingToaster		BSD-3-Clause	2021-11-30T14:49:32.000Z
1882	parsed_readmore	A Flutter text widget which is expandable and can automatically parse urls present in the text it into clickable links.	0.0.3	63.13028398005637	10	0	3	0	aashish2604		MIT	2022-08-24T13:10:09.000Z
1883	amap_flutter_search	高德官方没有提供search相关的Flutter插件，本插件针对高德地图搜索功能官方原生插件进行封装	0.0.4	63.11727725991763	0	0	3	2	dingjianjaja		NOASSERTION	2022-09-07T10:10:00.000Z
1884	list_controller	Tools for creating list controllers. Supports infinite scroll, pagination, lazy loading, sorting, filtering, synchronization, huge lists, etc. Independent of architecture and widgets used.	0.0.3	63.11294168653805	5	0	1	0	astoniocom		MIT	2022-09-25T20:22:26.000Z
1885	flutter_face_pile	A group of overlapping round avatars are called face piles, a face pile is a series of overlapping avatar images that come and go as users join and leave a given group.	0.0.3	63.060914805983096	5	3	0	0	cmedamine		BSD-3-Clause	2022-09-12T19:26:52.000Z
1886	fake_firebase_remote_config	Fake Firebase Remote Config for use during Flutter unit & widget tests.	1.0.3	63.05657923260352	1	1	2	0	ciriousjoker		BSD-2-Clause	2022-11-30T02:28:13.000Z
1887	catalyst_builder	A lightweight and easy to use dependency injection provider builder for dart.	3.1.0	63.04790808584435	6	1	0	0	mintware-de	mintware.de	MIT	2022-09-21T16:24:38.000Z
1888	loggerx	Tiny but powerful logger with default root logger and ability to create custom loggers with runtime level filtering.	1.3.5	62.97853891177109	1	1	0	0	abobija	abobija.com	MIT	2022-08-03T19:30:55.000Z
1889	crdt	Dart implementation of Conflict-free Replicated Data Types (CRDTs).	4.0.2	62.96553219163235	28	85	13	1	cachapa	cachapa.net	Apache-2.0	2022-01-25T18:36:53.000Z
1890	shared_themes	A shared library for `BeWell-Consumer` and `SladeAdvantage` that is responsible for defining and providing theme/style guidelines	0.2.0	62.96119661825277	3	0	0	0	savannahghi	savannahghi.org	MIT	2022-11-24T10:13:00.000Z
1891	baseconvert	Convert any rational number from any (positive integer) base to any (positive integer) base. Output numbers as List or String.	1.0.2	62.94385432473445	7	0	3	1	randomdude583	hiddenquarter.com	MIT	2020-05-15T04:34:51.000Z
1892	sidekick_vault	Reads project secrets stored encrypted on the local filesystem	0.6.0	62.92217645783656	4	34	2	24	phntmxyz	phntm.xyz	Apache-2.0	2022-12-17T11:31:36.000Z
1893	sized_icon_button	Create different size of Icon Buttons.	0.0.2	62.81812269672664	1	1	0	0	crawlinknetworks	crawlink.com	MIT	2021-06-17T09:21:04.000Z
1894	flutter_package_manager	An android plugin supporting `PakcageManager`. You can get all of the installed apps and their app icon.	0.2.0	62.8051159765879	14	5	9	3	Dart-for-Apps	gihwan.com	NOASSERTION	2020-12-20T13:30:52.000Z
1895	deta	A Dart package to interact with the HTTP API of the free services of the Deta plataform.	0.0.3+1	62.796444829828744	4	6	2	6	yeikel16		MIT	2022-11-27T20:16:31.000Z
1896	lit_firebase_auth	Pre-lit Firebase Authentication. Drop in and add Firebase Auth in just minutes.	0.3.0	62.76176024279211	166	77	19	28	funwithflutter	funwith.app	MIT	2021-12-08T22:31:18.000Z
1897	purple_lints	List of strict linter rules that can be used both in Dart and Flutter projects to enforce a highly maintainable style.	0.4.0	62.74875352265337	3	3	0	0	purplenoodlesoop		MIT	2022-10-10T14:58:50.000Z
1898	magnifier	A Flutter Package that adds a Magnifying Glass to your App.	0.0.5	62.71406893561674	6	5	9	5	preetjdp	preetjdp.dev	MIT	2022-07-08T09:04:14.000Z
1899	error_handler	error handler for all http client in dart like dio, chopper http and more	1.1.0	62.70973336223715	12	14	1	2	masreplay	matheer.com	MIT	2022-09-25T20:34:00.000Z
1900	util_simple_3d	Utility for Sp3dObj. Includes 3D geometry generation utility and more.	4.0.0	62.688055495339256	10	2	0	0	MasahideMori-SimpleAppli		MIT	2022-08-16T12:02:55.000Z
1901	rx_future	introducing a new type in getx called RxFuture to listen to future state.	1.0.3	62.6793843485801	25	5	0	0	tareq-alsayed		MIT	2022-10-04T10:19:19.000Z
1902	blueshift_plugin	Fltter plugin for integrating Blueshift's native Android/iOS SDK to your Flutter app.	0.0.2-beta	62.640364188163886	1	0	1	0	blueshift-labs	blueshift.com	MIT	2022-11-24T09:52:37.000Z
1903	flutter_fps	A Flutter library to catch fps.	0.1.1	62.61868632126599	2	7	2	1	chenenyu		NOASSERTION	2020-11-18T08:43:28.000Z
1904	gen_expects	Code generator that walks the widget tree of the test app and outputs expect statements for widget tests.	0.1.5	62.60134402774767	1	3	0	1	buttonsrtoys	richardcoutts.com	MIT	2022-09-20T18:44:52.000Z
1905	cobrowseio_flutter	A Flutter plugin to make use of cobrowse.io. View your app running remotely on customer devices. Guide the user, or take remote control.	1.0.5	62.59267288098851	1	4	1	2	robodigital	robodigital.nl	MIT	2022-11-24T15:24:18.000Z
1906	folding_menu	A fancy easy to use Folding Menu for Flutter Applications	1.0.0	62.58833730760893	21	12	2	0	retroportalstudio	retroportalstudio.com	MIT	2021-06-06T07:14:06.000Z
1907	native_auth	this package is to implement faceID, touchID and fingerprint authentication	1.0.4	62.57533058747019	21	7	1	0	welitonsousa		NOASSERTION	2021-08-30T14:21:21.000Z
1908	contrast_checker	This library try to help you about checking the contrast of your text color and your background color.	0.0.2	62.51463256015608	5	1	0	0	to-on-kikaku	illukinati.com	BSD-3-Clause	2021-06-28T00:42:11.000Z
1909	expanded_bottom_sheet	A scrollable bottom sheet with ability to be expanded and scroll more	0.0.4	62.462605679601126	7	2	0	0	Mohammad-Hosein88		MIT	2021-09-07T05:26:11.000Z
1910	jsaver	Just An Amazing File Saver Plugin That Save Files To User Choice Directory On Android , Web & Windows.	1.2.0	62.41924994580533	3	0	1	0	AymanYassinn	jucodes.com	MIT	2022-11-08T20:03:30.000Z
1911	analysis_options	The set of rules that encourage good coding practices for applications, packages, and plugins.	2.0.1	62.37589421200954	1	1	0	0	G1J0SHI	g1joshi.dev	BSD-3-Clause	2022-11-11T10:15:03.000Z
1912	list_english_words	This package contains a list of english words for use in other tools. From spell checkers, to ngram analysis.	0.2.0	62.371558638629956	5	0	2	0	ALMDart	almaclaine.com	MIT	2022-06-03T04:37:15.000Z
1913	flutter_gromore_ads	一款优质的 Flutter 广告插件（Gromore、穿山甲）	1.3.0	62.3628874918708	5	40	5	3	FlutterAds		MIT	2022-10-21T03:34:12.000Z
1914	openai_client	An unofficial, platform independent, client for accessing different AI models developed by OpenAI.	0.0.3	62.34554519835248	10	9	3	0	Azzeccagarbugli	francescocoppola.me	BSD-3-Clause	2022-12-11T23:21:51.000Z
1915	state_extended	The State Class is extended with State object controllers and lifecycle events.	1.1.0	62.30652503793627	1	0	0	0	AndriousSolutions	andrioussolutions.com	NOASSERTION	2022-09-16T18:47:36.000Z
1916	animated_path	A Flutter package that is used to create trim path animation.	0.0.2	62.28484717103837	55	57	0	0	himanshugarg08		BSD-3-Clause	2022-11-14T06:03:17.000Z
1917	sec	Implementation of Standards for Efficient Cryptography (SEC) including SECP256K1 and SECP256R1.	1.0.1	62.267504877520054	1	0	0	0	xclud		MIT	2022-11-24T12:56:36.000Z
1918	pusher_beams_android	The Android implementation from Pusher Beams for Flutter, intended to be a platform-specific package.	1.1.1	62.25449815738131	0	8	11	7	pusher	pusher.com	MIT	2022-09-19T13:11:43.000Z
1919	flutter_anywhere_menus	Menus Anywhere!  Now create floating menus that automatically position themselves by the parent widget or by touch/click location.	0.1.2	62.21981357034467	34	10	3	4	knyghtryda		MIT	2021-06-27T19:10:38.000Z
1920	jsontool	Low-level tools for working with JSON without creating intermediate objects.	1.1.2	62.189464556687625	5	27	4	3	lrhn	infimum.dk	Apache-2.0	2022-09-16T14:13:30.000Z
1921	deepl_dart	Dart library for the DeepL language translation API.	1.2.0	62.17212226316931	9	5	0	0	komape	kpelz.eu	MIT	2022-12-01T12:46:24.000Z
1922	dual_scroll	A Flutter plugin to provide platform independent/dependent scrolling and panning functionality.	0.0.9	62.0897463689573	3	1	0	0	nbrgdevelopers41		BSD-3-Clause	2022-06-17T10:37:04.000Z
1923	screen_adaptation	A flutter plugin for adapting screen and font size.Rotation automatically updates the UI.	0.2.1	62.01604162150445	4	5	1	0	ShanRaw		MIT	2021-09-30T08:48:47.000Z
1924	flamingo	This is Firebase Firestore Model Framework Library. Can be manage document reference and collection reference. And provide Firestore and Cloud Storage interface.	2.18.0	62.01170604812486	74	117	19	5	hukusuke1007	neverjp.com	MIT	2022-08-09T03:16:55.000Z
1925	crypto_simple	A library for encrypt and decrypt string , very light & simple and fast.	1.1.1	61.99436375460655	4	0	0	0	esmaeil-ahmadipour	ea2.ir	MIT	2022-02-11T17:59:22.000Z
1926	es_drawer_controller	A Flutter package to create awsome navigation drawer controller quickly.	1.0.9	61.98135703446781	8	1	0	0	ajumalp	developers.erratums.com	Apache-2.0	2022-03-22T18:32:44.000Z
1927	blinc_ui_flutter	A new Flutter package for UI.	0.0.2	61.95967916756992	12	0	0	1	flutterslayer		BSD-3-Clause	2022-12-16T12:03:35.000Z
1928	background_stt	A flutter plugin for Speech-to-Text & Text-To-Speech service always active in background mode.	1.0.6	61.9206590071537	30	9	6	8	umair13adil	umairadil.com	Apache-2.0	2022-01-16T07:49:38.000Z
1929	screenshot_modes	easy automatics way for take screenshot for your app , screenshot mode  work as plugin for device_preview package	1.0.1	61.91198786039453	15	7	1	1	Ali1Ammar	iraqify.com	MIT	2022-08-09T19:20:24.000Z
1930	metamask	sing in with metamask, connect to ethereum network	0.0.2	61.885974420117066	9	5	1	0	Abdusin		MIT	2022-03-29T10:31:45.000Z
1931	cached_network	A package use to fetch data from web and write as string into cache directory and provide a widget use to view caches.	0.0.3	61.803598525905045	0	0	0	0	CalsRanna	cals.xyz	MIT	2022-10-20T15:42:29.000Z
1932	twitter_api_core	This package provides core reusable and useful functionality for wrapping Twitter API with Dart.	1.8.3	61.79492737914589	0	3	0	0	twitter-dart	shinyakato.dev	BSD-3-Clause	2022-11-24T14:38:56.000Z
1933	stash_sembast_web	Sembast Web storage extension for the stash API. Provides support to store vaults  and caches in a IndexedDB in binary format using the msgpack json format	4.4.1	61.77324951224799	1	72	10	0	ivoleitao	ivoleitao.dev	MIT	2022-12-05T23:19:18.000Z
1934	flicked_cards	A gesture driven customizable and extensible card widget	0.0.3	61.76457836548883	55	10	0	0	DanielCardonaRojas		MIT	2021-11-08T12:05:19.000Z
1935	dart_levenshtein	Levenshtein distance implementation in Dart. The levenshtein distance can be invoked as a function or as a String extension.	1.0.1	61.76024279210925	3	2	1	2	Makepad-fr	makepad.fr	Apache-2.0	2022-10-17T01:45:27.000Z
1936	fargon2	A plugin for generating a hash based on Argon2 algorithm in Android / iOS platform.	1.0.0	61.755907218729675	3	4	1	0	iktakahiro	iktakahiro.dev	MIT	2022-08-19T13:18:10.000Z
1937	flog	A feature based logging library that helps filter logs and keep the console clean.	0.2.1	61.7515716453501	5	3	0	0	mrgnhnt96	mrgnhnt.com	MIT	2021-06-16T17:02:38.000Z
1938	moneys	A set of classes useful for managing money, for save in a database and retrieve from it.	2.4.1	61.73856492521136	8	1	0	0	Marco87Developer		BSD-3-Clause	2021-12-14T15:27:31.000Z
1939	snappable_thanos	Package for Thanos's Snap Effect. Use it to turn your Widgets into dust. For fun only!	0.0.4	61.7082159115543	20	4	0	0	stefo231		MIT	2022-10-14T12:21:52.000Z
1940	video_player_win	Video player for Windows, lightweight, using Windows built-in Media Foundation API. Windows implementation of the video_player plugin.	1.1.2	61.677866897897246	2	0	3	0	jakky1		BSD-3-Clause	2022-12-05T08:08:05.000Z
1941	xor	xor IntList's together and return a new List<int>; useful for cryptographic functions.	0.2.2	61.65618903099935	0	1	1	2	tpscrpt		GPL-2.0	2022-05-16T10:42:45.000Z
1942	crea_radio_button	A simple radio button group with any amount of options. Allows rectangular and round buttons, vertical and horizontal.	0.6.0	61.64751788424019	4	0	0	0	dutkaD		BSD-3-Clause	2022-09-21T08:45:26.000Z
1943	extended_platform_view	Adds the ExtendedPlatformView widget to simplify PlatformView initialization & communication	0.0.2	61.634511164101454	0	0	0	0	SKKbySSK		MIT	2022-08-26T17:30:34.000Z
1944	thai	Thai language helper	1.0.0+2	61.59549100368523	0	0	0	0	tanapoj		MIT	2022-09-05T07:27:33.000Z
1945	midpay	An unofficial midtrans payment plugin for flutter, Midtrans is one of the biggest payment gateway provider in indonesia	1.1.7	61.55647084326902	21	0	2	1	kakzaki	kakzaki.dev	MIT	2022-08-25T08:32:16.000Z
1946	opentok_flutter	A basic OpenTok plugin for Flutter.	0.0.1	61.5391285497507	1	4	1	1	AyonAB		MIT	2022-11-07T07:52:06.000Z
1947	typeweight	Flutter plugin to help you to use more readable/clear font weight definitions.	2.0.1	61.517450682852804	4	1	0	0	frencojobs	frenco.dev	MIT	2021-06-14T09:17:08.000Z
1948	serverpod_chat_flutter	Flutter widgets for the Serverpod chat module.	0.9.21	61.500108389334486	0	970	71	75	serverpod		BSD-3-Clause	2022-12-16T18:27:39.000Z
1949	flutter_vonage_video	Flutter Vonage Video (Tokbox / Opentok) API for publishing and subscribing to video and audio streams.	0.0.3	61.49143724257533	3	1	4	2	presencelearning		NOASSERTION	2021-04-13T18:55:15.000Z
1950	firebase_user_stream	This package aims to provide a functionality missing from firebase_auth, which is to be able to reload user data from the server and get Stream updates with the new data.
	1.1.0	61.469759375677434	20	4	2	0	feinstein	feinstein.com.br	BSD-3-Clause	2020-09-07T20:01:27.000Z
1951	monarch_utils	Utilities for the monarch package. Monarch is a tool for building Flutter widgets in isolation. It makes it easy to build, test and debug complex UIs.	1.0.4	61.4350747886408	2	334	10	8	Dropsource	monarchapp.io	MIT	2022-12-14T20:57:36.000Z
1952	password_input	A new Flutter package which helps developers to get input of password in best UI.	0.1.0	61.43073921526122	10	2	1	0	shekharAggarwal	shekhar.live	Apache-2.0	2022-02-17T10:50:04.000Z
1953	flutter_p2p	A WiFi Direct Plugin for Flutter. This Plugin uses the native WiFi P2P API of Android.	0.1.1	61.38738348146542	60	76	41	16	mintware-de	mintware.de	MIT	2021-07-06T17:54:56.000Z
1954	overlay_builder	Overlay Builder is used to build overlays using declarative programming	1.1.0	61.34402774766963	5	2	1	0	JonathanVegasP	vegasdevelopments.com	MIT	2021-08-21T00:31:45.000Z
1955	flutter_web3_provider	Flutter web web3 provider.	1.0.6	61.331021027530895	21	66	29	4	gochain		NOASSERTION	2022-01-04T21:59:57.000Z
1956	flutter_color_picker_wheel	A Wheel Shapde Color Picker written fully in dart	0.0.1	61.305007587253414	28	35	3	1	KexinLu		MIT	2022-03-10T04:06:39.000Z
1957	number_system	A package to extend the functionality to convert between number systems	0.0.5+7	61.300672013873836	0	0	0	0	LiveUser		NOASSERTION	2022-07-28T23:32:05.000Z
1958	animated_progress_button	Are you looking for a solution to make your button become professional? This package can help you with all animation inspiration from Pinterest.	1.0.2+1	61.28332972035552	27	4	2	4	nghiashiyi		NOASSERTION	2021-06-05T12:27:21.000Z
1959	cbl_sentry	Sentry integration for Couchbase Lite with support for recording breadcrumbs and performance tracing.	1.0.2	61.27465857359636	2	72	10	29	cbl-dart	gabriel.terwesten.net	Apache-2.0	2022-12-16T21:42:23.000Z
1960	blip_sdk	A simple SDK built for BLiP using Flutter/Dart	0.0.19	61.239973986559725	1	0	1	1	takenet	blip.ai	BSD-3-Clause	2022-12-05T14:04:40.000Z
1961	lrc	A Dart-only package that creates, parses, and handles LRC, which is a format that stores song lyrics.	1.0.1	61.15759809234771	7	8	1	2	Yivan000	yivan.rf.gd	BSD-3-Clause	2022-09-13T11:20:48.000Z
1962	obs_websocket	obs_websocket allows dart-based connections to the OBS (Open Broadcaster Software) plugin obs-websocket	5.0.0+14	61.148926945588556	21	11	7	0	faithoflifedev	muayid.com	MIT	2022-12-01T19:35:56.000Z
1963	mk_drop_down_menu	Tap a widget wrapped with MKDropDownMenu to show a drop down menu. The header and menu are completely customizable.	1.1.0	61.10990678517234	6	4	4	0	malikwang	malikwang.com	MIT	2020-10-26T08:13:35.000Z
1964	webview_win_floating	WebView for Windows. A Flutter plugin that implements the interface of package webview_flutter.	1.0.4	61.07955777151528	0	0	0	0	jakky1		BSD-3-Clause	2022-12-10T09:49:00.000Z
1965	interactive_box	A Flutter widget that has pre-defined design for scaling, rotating, moving interaction.	0.3.2	61.05354433123781	7	2	0	1	Vong3432		MIT	2022-12-15T09:37:12.000Z
1966	flutter_linkedin	Flutter Package to login and get Profile Details from linkedin	1.0.2	61.04487318447865	15	1	8	3	SmarttersStudio	smarttersstudio.com	MIT	2021-10-11T10:16:52.000Z
1967	rps	Define and run scripts from pubspec.yaml.	0.6.4	61.03186646433991	17	12	4	2	gonuit	klyta.it	MIT	2022-10-18T11:29:11.000Z
1968	expect_error	A testing utility for checking compilation errors	1.0.4	61.02753089096032	5	32	3	1	rrousselGit	dash-overflow.net	MIT	2022-12-05T11:57:02.000Z
1969	flutter_scandit	Flutter Plugin for Scandit Barcode Scanning on Android and iOS	0.1.0+2	60.98851073054411	5	6	4	3	PalotaCompany	palota.co.za	MIT	2021-04-27T09:58:27.000Z
1970	hcaptcha	Integrate hCaptcha into your Flutter App without any dependency.	0.0.2	60.96683286364622	6	0	0	2	hsbijarniya	ensorta.com	MIT	2022-03-03T22:44:39.000Z
1971	serverpod_serialization	Serialization package for Serverpod.	0.9.21	60.90613483633211	1	970	71	75	serverpod	serverpod.dev	BSD-3-Clause	2022-12-16T18:27:39.000Z
1972	firebase_device_id	Helper to get the firebase device ID to use for remote config testing.	0.0.3	60.86711467591589	0	0	1	0	ddikman		BSD-3-Clause	2021-08-19T10:53:33.000Z
1973	infobip_mobilemessaging	Infobip Mobile Messaging Flutter Plugin.	0.8.5	60.862779102536315	4	6	2	0	infobip		NOASSERTION	2022-11-25T11:47:55.000Z
1974	google_map_iframe	A minimal google map embedder	0.0.2	60.76306091480599	1	2	1	0	aadarshadhakalg	aadarshadhakal.com.np	BSD-3-Clause	2022-02-27T08:58:18.000Z
1975	sugar	Forus Labs' Core Dart library. Provides sweet syntax sugar for common patterns related to the collections, core sand time.	2.4.1	60.75005419466725	2	6	0	1	forus-labs	foruslabs.com	MIT	2022-12-16T08:20:00.000Z
1976	bar_calendar	A package that allows the creation of event-based project calendars.	0.0.9	60.74571862128767	13	1	0	0	karimafas		BSD-3-Clause	2022-04-25T13:58:16.000Z
1977	drag_and_drop_windows	A Flutter plugin that adds drag-and-drop functionality for windows.	0.0.2	60.74138304790808	7	2	2	2	arasan01	arasan01.dev	MIT	2022-02-15T14:39:49.000Z
1978	getter	By using this plugin you can get images, videos, or audios from the local storage.	0.0.3	60.711034034251036	26	3	0	0	nesyou01		GPL-3.0	2021-08-30T13:10:22.000Z
1979	serverpod_auth_firebase_flutter	Sign in with Firebase for the Serverpod auth module.	0.9.21	60.68068502059397	1	970	71	75	serverpod	serverpod.dev	BSD-3-Clause	2022-12-16T18:27:39.000Z
1980	fleather_mention	Mentions for the Fleather rich text editor	0.0.2	60.66334272707565	1	4	1	0	Amir-P		MIT	2022-09-21T18:54:56.000Z
1981	sliver_list_separator	This is a custom widget.	1.0.3	60.65900715369607	1	0	0	0	Flerma98		MIT	2022-10-19T22:24:29.000Z
1982	flutter_to_debian	A command application to help you easily bundle your flutter app build into a debian package ready for production.	1.0.4	60.62432256665944	10	14	4	2	jeffrey0606	hooreo.com	MIT	2022-11-13T19:54:14.000Z
1983	flutter_chord	Lyrics Chord parser and renderer for Flutter. It also comes with transpose and auto-scroll features.	0.1.2	60.6113158465207	28	14	7	5	paurakhsharma		MIT	2022-10-19T08:32:57.000Z
1984	qr_scanner_plus	Qr scanner plus	0.0.5+6	60.57229568610448	1	3	0	0	fast-flutter		NOASSERTION	2022-08-05T07:30:08.000Z
1985	rollbar_dart	Connect your Dart applications to Rollbar for error reporting.	1.1.0	60.55495339258618	2	10	7	7	rollbar	rollbar.com	MIT	2022-12-16T01:59:47.000Z
1986	bluetoothadapter	A Flutter plugin to expose the features of Bluetooth Adapter for **Android only**.	1.1.3	60.53761109906786	20	11	10	9	GeekyAnts	geekyants.com	MIT	2022-06-22T11:07:14.000Z
1987	amplify_analytics_pinpoint_android	The method channel implementation for amplify_analytics_pinpoint on Android	0.6.10	60.51159765879037	0	1128	176	192	aws-amplify	aws-amplify.com	Apache-2.0	2022-12-17T00:16:28.000Z
1988	flutter_hooks_test	Simple and complete Flutter hooks testing utilities that encourage good testing practices..	0.0.2	60.476913071753735	5	24	2	3	wasabeef	wasabeef.jp	MIT	2022-11-20T10:28:57.000Z
1989	maxminddb	A library for querying MaxMind databases. (.mmdb)	1.2.0	60.45089963147626	2	4	0	0	fischerscode		GPL-3.0	2022-03-26T11:27:17.000Z
1990	native_ios_dialog	A Flutter plugin which makes it straightforward to show the native equivalent of a CupertinoAlertDialog or CupertinoActionSheet.	0.1.0	60.41187947106005	6	9	0	2	Gebes		MIT	2022-11-20T08:49:22.000Z
1991	disposer	It's a simple interface to manage all instances that needs to been disposed. Pagacke can generate feature module with `Disposable`	0.0.8	60.40754389768047	4	0	0	0	damienissa		MIT	2022-02-08T10:39:56.000Z
1992	firebase_functions_desktop	Desktop implementation of cloud_functions	0.2.0+3	60.403208324300884	5	284	35	18	invertase		NOASSERTION	2022-11-05T03:27:18.000Z
1993	iyzico	This package provides some Iyzico requests these are payment, threed payment, bin etc.	0.1.1+3	60.38153045740299	14	8	5	0	yusufgngor		BSD-3-Clause	2021-09-24T17:17:31.000Z
1994	reactive_month_picker_dialog	Wrapper around month_picker_dialog to use with reactive_forms.	0.5.0	60.37285931064383	3	47	23	2	artflutter		MIT	2022-12-15T16:51:57.000Z
1995	bulletin	A flutter package to show fully customizable multiple animating flash cards	0.0.1	60.32950357684804	13	5	0	0	DevsOnFlutter	hackthedeveloper.com	BSD-3-Clause	2022-04-01T04:30:19.000Z
1996	ensure_initialized	Allows to await for an object's initialization before using it.	0.1.0	60.31216128332972	8	1	0	5	nivisi		MIT	2022-11-18T12:15:50.000Z
1997	flow_graph	DAG graph on flutter.	0.0.9	60.30782570995014	14	15	6	5	youngchan1988	dev.apptoy.cc	BSD-3-Clause	2022-03-09T11:05:22.000Z
1998	view_model_provider	ViewModelProvider is a flutter MVVM framework. and Widget lifecycle listener.	1.0.2	60.28614784305224	1	27	6	0	wittyneko		MIT	2022-10-27T06:37:00.000Z
1999	controllable_widgets	Show a popup widget, an animated widget, etc... anywhere on screen. Control the position, animation, and properties of these widgets with a controller.	0.0.1+3	60.277476696293085	14	2	0	0	Haidar0096		Apache-2.0	2022-05-04T09:42:29.000Z
2000	webthree	WebThree - a web3 library for dart for interaction with ethereum nodes using HTTP or WebSocket. Supports custom credentials providers like WalletConnect and Metamask.	2.5.5+4	60.22978538911771	1	0	0	1	devopsdao	devopsdao.com	MIT	2022-11-12T16:55:11.000Z
2001	animated_onboarding_ns	Animated onboarding process for your Flutter app, now with null safety. This library contains a pre-build animation for your app.	0.0.2	60.20810752221981	5	0	0	0	dev-Roshan-lab		NOASSERTION	2022-01-03T16:32:21.000Z
2002	simple_markdown_editor_plus	A TextField Widget that allow you to convert easily what's in the TextField to Markdown with custom toolbar support.	0.2.7	60.19510080208108	3	1	1	0	fossfreaks	fossfreaks.com	BSD-3-Clause	2022-12-02T22:34:17.000Z
2003	serverpod_auth_google_flutter	Sign in with Google for the Serverpod auth module.	0.9.21	60.190765228701494	4	970	71	75	serverpod	serverpod.dev	BSD-3-Clause	2022-12-16T18:27:39.000Z
2004	supabase_client	Database supabase.	0.0.14	60.1690873618036	1	68	9	5	azkadev		NOASSERTION	2022-12-14T00:56:31.000Z
2005	glowstone	A simple widget-wrapper to impressively highlight something with glowing animation.	0.0.2	60.16041621504444	10	0	1	0	thematver	anomatver.xyz	MIT	2022-01-15T16:14:19.000Z
2006	color_picker_field	Color Picker field for Material and Cupertino, including a Radial Color picker(Hue based)	1.1.2	60.138738348146546	14	3	3	0	talamaska		MIT	2022-10-27T14:35:13.000Z
2007	jhijri_picker	Just An Amazing Hijri Date Picker Widget With Many Customizable Options, Easy To Use, Customise & Implement.	0.0.4	60.130067201387384	2	0	1	1	AymanYassinn	jucodes.com	MIT	2022-09-12T22:37:11.000Z
2008	flutter_opendroneid	A flutter plugin for reading Wi-Fi and Bluetooth Remote ID advertisements using native Android and iOS platform-specific implementation.	0.9.7	60.07370474745285	1	4	0	1	dronetag	dronetag.cz	NOASSERTION	2022-12-16T14:34:09.000Z
2009	stroke_order_animator	Stroke order animations and quizzes for Chinese characters for use in Flutter apps	2.0.0	60.06936917407327	13	53	12	2	Mr-Pepe		BSD-3-Clause	2022-01-02T18:07:39.000Z
2010	rut_utils	Chilean RUT validation and formatting package. It includes methods to validate a RUT and a RutFormatter class to use on a Form.	0.1.2	60.021677866897896	1	2	0	0	smanriquez96		MIT	2022-07-11T14:49:00.000Z
2011	concurrent_queue	Priority queue with concurrency control	1.4.0	60.01734229351832	7	3	0	0	bjartebore		MIT	2021-09-16T10:56:40.000Z
2012	well_formed	A form fields package designed to relieve developers of much of the burden of form-related coding. It provides field masking, validation, smart trimming, and more.	0.4.3	60.0	19	7	5	1	dartoos-dev	dartoos.dev	MIT	2022-08-31T14:07:33.000Z
2013	should_review	A flutter package to determine if you should prompt users to rate your app based on some set metrics.	0.2.5	59.98265770648168	8	4	0	0	francis94c	francisilechukwu.com	MIT	2021-11-23T19:35:07.000Z
2014	localizable_annotation	An annotation for localizable, so Localization can be created automatically.	0.0.3	59.96531541296336	1	0	0	0	mbaguszulmi		BSD-3-Clause	2021-12-20T03:29:12.000Z
2015	simple_timetable	Simple timetable	1.0.3	59.94363754606547	15	6	3	1	hadukin		MIT	2021-04-29T08:38:24.000Z
2016	cupertino_stackview	A very easy-to-use navigation tool/widget for having iOS 13 style stacks.	2.0.0	59.93496639930631	42	49	10	4	aliyigitbireroglu	cosmossoftware.coffee	MIT	2022-07-07T02:22:05.000Z
2017	fluido	A simple and lightweight package to efficiently create reactive and responsive user interfaces in Flutter.	0.2.4	59.92195967916757	12	2	0	0	Bewond	bewond.com	MIT	2022-10-12T21:40:35.000Z
2018	device_manager	Manager for hardware devices(USB, Serial. etc...) for Flutter Windows Desktop applications.	0.0.2	59.913288532408416	3	0	0	0	bojidartonchev	fondleapp.com	MIT	2022-06-15T20:26:33.000Z
2019	reactive_signature	Wrapper around signature to use with reactive_forms	0.9.0	59.8959462388901	1	47	23	2	artflutter		MIT	2022-12-15T16:51:57.000Z
2020	go_router_plus	Building blocks screens, access control and refresh notifiers base on Go Router.	2.0.0	59.891610665510505	15	12	1	0	vuongxuongminh		MIT	2022-09-27T00:22:54.000Z
2021	odoo_repository	Dart package helps to implement data communication between Odoo and dart client with persistance and offline mode	0.5.4	59.887275092130935	8	8	7	2	ERP-Ukraine	erp.co.ua	MIT	2022-08-09T14:44:17.000Z
2022	reactive_sleek_circular_slider	Wrapper around sleek_circular_slider to use with reactive_forms	0.4.0	59.84825493171472	3	47	23	2	artflutter		MIT	2022-12-15T16:51:57.000Z
2023	steppers	A Flutter steppers package.	0.0.1	59.84391935833514	2	2	0	0	zeucxb		MIT	2019-08-13T04:22:37.000Z
2024	time_slider	package to get a vertical slider of an time picker (or any type of text) where you can only choose one and set properties of selected and non selected items	0.1.0	59.77021461088229	5	2	0	1	guglia001		NOASSERTION	2020-05-09T17:33:16.000Z
2025	rdflib	A pure Dart package for working with RDF (resource description framework).	0.2.2	59.752872317363966	2	5	0	5	anusii		GPL-3.0	2022-12-16T05:52:54.000Z
2026	grouped_scroll_view	Provide a List, a grouper, and let it display it as a ListView, a GridView or anything else. Supports checkbox or radio in a scrollView.	0.0.9	59.73553002384565	13	4	1	1	meetleev		Apache-2.0	2022-12-06T11:58:36.000Z
2027	surrealdb	SurrealDB client written in pure dart. Auto reconnect, Typed functions	0.6.0	59.65315412963365	13	9	1	0	duhanbalci	duhanbalci.tech	MIT	2022-11-05T17:20:58.000Z
2028	pocketpy	A lightweight Python interpreter for game engines.	0.5.0+6	59.63147626273575	2	6	1	0	blueloveTH	pocketpy.dev	LGPL-3.0	2022-12-13T21:55:02.000Z
2029	dbutils	Database utilities class library for SQLite and any number of other DBMS implemented in the future.	5.1.0	59.609798395837856	7	44	17	0	AndriousSolutions	andrioussolutions.com	Apache-2.0	2022-12-14T05:45:45.000Z
2030	pixel_color_image	Pick the pixel color of a image. onHover, onTap, and the Preview widget.
	1.2.2	59.57077823542164	5	1	0	0	rbdog	flut.rbdog.biz	MIT	2022-09-09T09:11:07.000Z
2031	flutter_easyhub	easy for hub, When you do a lot of calculation, you need this animation. When you make a network error or finish downloading files, you also need this animation。	1.0.2+1	59.56210708866247	6	87	12	2	ifgyong		MIT	2021-09-27T09:31:18.000Z
2032	flusmic_ui	A collection of widgets, utilities and extensions to integrate Flusmic more easy in Flutter.	3.2.0	59.553435941903324	2	22	9	1	PixelaGt	pixela.tech	MIT	2022-08-23T23:24:50.000Z
2033	yt	Native Dart interface to multiple YouTube REST APIs including the Data API, Live Streaming API and Cloud Vision API.	2.0.6+8	59.51441578148711	21	7	3	0	faithoflifedev	muayid.com	MIT	2022-11-28T20:23:53.000Z
2034	moony_nav_bar	Moony navigation bar. Simple and easy to use. Supports Android, IOS, Web.	1.3.3	59.51008020810752	3	3	1	1	doctor-blue		MIT	2022-07-02T08:04:16.000Z
2035	fl_webview	Based on webView_flutter plugin implemented by flutter supports Android and IOS	0.6.1	59.50140906134836	1	0	0	0	Wayaer		MIT	2022-12-06T08:17:50.000Z
2036	reflex	Flutter plugin to read notifications and auto reply with custom messages.	0.0.2	59.48406676783004	33	13	3	2	DevsOnFlutter	hackthedeveloper.com	BSD-3-Clause	2022-02-13T02:39:39.000Z
2037	storagebox	Easily store configuration keys and values for your CLI and web apps.	0.1.0+3	59.466724474311725	3	14	5	1	invertase	invertase.io	Apache-2.0	2022-09-26T10:03:06.000Z
2038	flutter_class_parser	A package for serialize and deserialize common UI data classes in Flutter.	0.2.4	59.46238890093215	4	4	0	0	KevinVan720	wenkaifan.com	MIT	2021-05-09T18:57:26.000Z
2039	firefuel	A Firebase Cloud Firestore library to fuel your application's growth!	0.2.2	59.375677433340556	12	7	1	8	SupposedlySam	firefuel.dev	MIT	2022-09-19T22:05:08.000Z
2040	hive_crdt	Dart implementation of Conflict-free Replicated Data Types (CRDTs), backed by a Hive store.	2.0.2	59.37134185996098	3	9	4	1	cachapa		Apache-2.0	2021-05-13T08:30:12.000Z
2041	categorized_dropdown	Categorised droptown created using base dropdown widget of the Flutter.	1.0.0	59.3236505527856	6	2	0	0	buraktabn		MIT	2021-05-26T07:22:44.000Z
2042	flutter_dialpad_plus	A phone dialer widget that can be added to Flutter App to enable ability to dial a number. This could be combined with a voip app or with any API e.g WhatsApp API.	0.2.1	59.30630825926729	4	4	0	6	RaiAnsar	flutterer.dev	BSD-3-Clause	2020-09-10T11:00:05.000Z
2043	gps_connectivity	A Flutter plugin that checks whether GPS is ON or OFF, it can listen for GPS change.	0.0.4	59.301972685887705	7	3	0	0	khamidjon		MIT	2022-03-02T11:08:04.000Z
2044	eva_color	Simple Eva Design System color and swatches for Flutter, with dart generator command from eva theme json file.	2.0.0	59.28463039236939	6	0	0	1	glovory	glovory.dev	BSD-2-Clause	2022-03-06T18:00:21.000Z
2045	charge_wallet_sdk	SDK for Charge Wallet API	0.0.2+5	59.26728809885107	1	1	0	0	fuseio	fuse.io	MIT	2022-11-22T10:30:57.000Z
2046	at_follows_flutter	A Flutter plugin project that provides a basic social "follows" functionality for atSigns. Provides a list of followers and following for atSigns with the option to unfollow them.	3.0.9	59.23693908519402	7	47	34	41	atsign-foundation	atsign.org	BSD-3-Clause	2022-12-16T11:39:13.000Z
2047	build_context_provider	A package that allows you to run functions that require BuildContext outside of Flutter widgets.	1.1.0	59.23260351181444	7	0	0	0	Undeadlol1		BSD-3-Clause	2022-10-03T12:41:03.000Z
2048	dynamic_routes	A super easy-to-use routing library for Flutter that allows you to determine routes and the order of those routes all in one place.	1.1.1	59.228267938434854	1	1	0	0	Khongchai	khong.xyz	MIT	2022-10-09T13:55:24.000Z
2049	watt	Flutter prebuilt widgets and utils to make development faster	0.5.1	59.223932365055276	0	0	0	0	weaze-id		GPL-3.0	2022-11-29T14:07:13.000Z
2050	mediaquery_sizer	It helps you to use the screen sizes through mediaquery, without having to make instances to shorten its size or use it completely.	1.0.3	59.21526121829612	2	0	0	0	titoworlddev		MIT	2022-08-16T20:43:55.000Z
2051	nowplaying	A plugin to reveal metadata for the currently playing audio track	2.0.6	59.21092564491654	10	1	8	4	shinyford		NOASSERTION	2022-01-24T03:15:38.000Z
2052	flutter_feathersjs	Communicate with your feathers js  server from flutter app with unbelieved ease and make happy your customers.	4.0.5+1	59.193583351398225	13	19	6	2	Dahkenangnon	dah-kenangnon.com	MIT	2022-12-07T07:20:43.000Z
2053	swayze	A set of widgets and controllers to display very large tables on flutter apps.	1.1.0	59.18491220463906	53	73	13	5	rows	rows.com	BSD-3-Clause	2022-11-03T00:28:16.000Z
2054	sweet_cookie	A sweet way to manage cookies in dart :cookie:. You can easily manage cookies in your application.	0.0.5	59.167569911120744	8	0	0	0	teixeirazeus	thiagoteixeira.dev	MIT	2022-10-26T20:38:20.000Z
2055	simple_widget_markup	This is an option that allows you to statically create layouts.	11.2.0	59.163234337741166	3	4	0	1	MasahideMori-SimpleAppli		MIT	2022-12-17T04:42:56.000Z
2056	serverpod_auth_apple_flutter	Sign in with Apple for the Serverpod auth module.	0.9.21	59.12854975070453	0	970	71	75	serverpod	serverpod.dev	BSD-3-Clause	2022-12-16T18:27:39.000Z
2057	flutter_sms_listener	An extracted package from sms to listen to received sms. Currently only works for android.	0.1.3	59.04617385649252	3	1	0	1	danjodanjo		MIT	2021-08-07T03:57:44.000Z
2058	easy_refresh_flutter3	A flutter widget that provides pull-down refresh and pull-up load.	3.0.0	59.015824842835464	1	3346	581	35	xuelongqy	itbug.shop	MIT	2022-12-14T07:12:42.000Z
2059	discord_api	A pure dart package wrapping the discord API, including transformers for all its objects.	0.1.1	59.011489269455886	10	6	2	1	MeixDev	meix.dev	GPL-3.0	2022-08-07T15:46:37.000Z
2060	ferry_store	Default Store for Ferry GraphQL client	0.5.0	58.99414697593757	0	476	90	52	gql-dart	gql-dart.dev	MIT	2022-12-11T21:44:13.000Z
2061	icon_animated	Awesome flutter icons. Animated icons! using it very easily.	0.1.0+1	58.937784522003035	5	5	1	0	GiYeongUM		MIT	2022-10-01T16:49:27.000Z
2062	nominatim_geocoding	A library to forward and reverse geocoding using OSM nominatim API.	0.0.6	58.91177108172556	5	0	1	0	dronemindeu		NOASSERTION	2022-05-07T10:53:04.000Z
2063	document_analysis	A collection of document-analysis processing. Includes tokenization, distance, similarity, etc.	0.2.0	58.89876436158682	8	1	2	0	MSVCode	msvcode.com	NOASSERTION	2021-03-21T11:30:52.000Z
2064	word_search_safety	A word search puzzle generator built with dart.This library allows you to create a puzzle from a list of input words that can be arranged in many orientations.	0.1.2-nullsafety.1	58.88575764144808	1	0	0	0	rbndigital		BSD-3-Clause	2022-09-18T17:11:23.000Z
2065	reactive_cupertino_text_field	Wrapper around flutter CupertinoTextField to use with reactive_forms	0.4.0	58.8814220680685	2	47	23	2	artflutter		MIT	2022-12-15T16:51:57.000Z
2066	flutter_reach_five	This package allows you to use the methods from the reachFive android and ios native sdks in Flutter	0.1.7	58.85974420117061	3	0	0	0	bamlab	bam.tech	MIT	2022-11-30T10:51:14.000Z
2067	multibase	An implementation of multibase in Dart	1.0.0	58.85540862779103	1	0	0	0	heacare	hea.care	MIT	2022-08-03T11:53:38.000Z
2068	aeyrium_sensor	A Flutter sensor plugin which provide easy access to the Pitch and Roll on Android and iOS devices.	1.0.7	58.85107305441145	15	58	29	11	aeyrium	aeyrium.com	MIT	2022-04-20T00:22:43.000Z
2069	iso_calendar	Dart package for calculating the year and week number based on ISO-8601.	1.0.0	58.846737481031866	5	1	0	1	iktakahiro	iktakahiro.dev	BSD-3-Clause	2021-03-19T03:40:38.000Z
2070	instamojo	Instamojo SDK from Instamojo ported to flutter as plugin with all necessary features and with Null Safety which is implementation by EvilRATT	1.0.0+2	58.82939518751355	4	0	0	0	evilrat	evilrattechnologies.com	BSD-3-Clause	2022-03-21T19:33:18.000Z
2071	stacked_chart	A simple package which provide easy way to generate stacked bar chart.	0.0.6	58.80771732061565	10	1	0	0	Bikram-Shrestha	bikram.dev	MIT	2022-02-11T03:42:34.000Z
2072	rustic	Various constructs inspired by the Rust programming language.	0.4.0	58.76002601344028	6	4	0	0	skreborn		BSD-3-Clause	2022-03-11T00:10:25.000Z
2073	chargebee_flutter	This is the official Software Development Kit (SDK) for Chargebee Flutter.	0.0.6	58.75135486668112	0	3	1	2	chargebee	chargebee.com	MIT	2022-12-16T12:37:01.000Z
2074	flutter_json_schema_form	Create beautiful and low-effort forms that output valid data. Based on Flutter / Material Design Widgets / JSON Schema.	0.0.10	58.74701929330154	0	2	1	1	Instituto-Iracema	lapada.ifce.edu.br	MIT	2022-06-18T06:07:41.000Z
2075	dart_ecpair	The Elliptic Curve Key Pair (ECPair) module for dart_bitcoin	1.0.2	58.716670279644475	0	0	0	0	dart-bitcoin-lib	mahsumurebe.com	MIT	2021-11-22T10:09:15.000Z
2076	string_translate	A Dart Package which helps you translate Strings. This is avaible for android, IOS, macOS, Windows, Linux and on the Web.	1.4.4	58.70799913288533	2	4	0	0	Jules-Media		Apache-2.0	2022-09-19T19:40:03.000Z
2077	gr_zoom	A Flutter plugin for the Zoom Client SDK.	0.0.2+3	58.70366355950575	2	0	0	0	25LucasAnselmo		Apache-2.0	2022-11-22T01:51:21.000Z
2078	whatsapp_bot_flutter	Whatsapp bot using puppeteer and whatsapp web scraping with flutter desktop/web and dart projects support	0.0.9	58.67331454584869	24	16	3	0	rohitsangwan01	rohitsangwan.site	MIT	2022-11-13T10:26:50.000Z
2079	autotrie	A auto-completion engine for Dart/Flutter, based around an optimized Trie implementation.	2.0.0	58.51723390418383	37	49	2	4	AKushWarrior	kishoredev.live	MPL-2.0	2021-05-28T21:27:00.000Z
2080	oauth2_dio	A new Flutter package support oauth2 for refresh token.	2.0.3	58.48254931714719	3	2	2	0	dangngocduc	dangngocduc.dev	MIT	2021-08-19T08:52:33.000Z
2081	lo_form	Low-code and lightweight Flutter library for forms' state management.	0.5.0	58.44786473011055	23	75	7	2	YoussefRaafatNasry		NOASSERTION	2022-09-02T16:43:47.000Z
2082	multipart	A dart package for decoding multipart/form-data	0.1.2	58.439193583351404	4	6	0	0	guo40020		MIT	2021-08-21T16:22:33.000Z
2083	conditional_wrap	A Flutter widget that allows you to conditionally wrap a child subtree with a parent widget	2.0.0	58.426186863212656	2	0	0	0	rasitayaz		MIT	2022-08-30T09:07:05.000Z
2084	better_sound_effect	A Sound Effect Player for Flutter.	0.0.3	58.40884456969434	1	2	0	1	WangYng		BSD-3-Clause	2021-06-25T10:03:58.000Z
2085	zaincash	Zaincash integration.	0.0.3	58.40450899631476	5	1	3	0	karrarkazuya		BSD-2-Clause	2021-12-11T09:02:02.000Z
2086	gameanalytics_sdk	Official Flutter SDK for GameAnalytics. GameAnalytics is a free analytics platform that helps game developers understand their players' behaviour by delivering relevant insights.	1.2.7	58.38283112941687	1	0	1	0	GameAnalytics	gameanalytics.com	MIT	2022-05-04T14:55:23.000Z
2087	infinite_scroll_list_view	Provides an infinite lasy loaded list view with animations.	1.0.0	58.378495556037294	3	0	0	0	Oualitsen		NOASSERTION	2022-08-10T16:28:51.000Z
2088	local_captcha	A fake captcha widget that helps speed up the development of prototype/demo app.	1.0.1	58.369824409278124	1	0	0	0	kleong153		BSD-3-Clause	2022-06-24T03:09:17.000Z
2089	tab_switcher	Build your complex app around tabs just like Chrome for Android	1.0.1	58.339475395621065	23	15	2	2	nuc134r	nuc134r.io	MIT	2022-09-18T04:55:08.000Z
2090	skadi	Flutter utilities packages for custom widgets and utilities function.	2.0.4	58.33080424886191	4	0	0	0	lynical-software	lynical.com	MIT	2022-12-13T04:39:27.000Z
2091	canton_ui	UI Package for developing UI faster and more efficiently in Flutter	1.0.9	58.291784088445695	28	11	1	0	31Carlton7		MIT	2022-08-12T17:08:18.000Z
2092	sghi_core	Collection of shared utility methods, functions and widgets	0.2.4	-1.0	0	0	0	2	savannahghi		MIT	2022-12-15T07:41:34.000Z
2093	nordic_nrf_mesh	A Flutter plugin to enable mesh network management and communication using Nordic Semiconductor's SDKs.	0.13.0	58.27444179492738	9	13	8	4	OZEO-DOOZ		BSD-3-Clause	2022-10-16T20:31:47.000Z
2094	firebase_crashlytics_legacy	Flutter plugin for Firebase Crashlytics. It reports uncaught errors to the Firebase console. Legacy version with fix for 'Flutter/Flutter.h' file not found	0.4.0+3	58.25709950140906	2	1	1	0	davejlin		BSD-3-Clause	2021-09-24T18:46:49.000Z
2095	future_button	Customizable Material and Cupertino buttons with progress bars. Useful if you want to show a loading indicator when user presses some action, and show the result afterwards.	0.1.2	58.170388033817474	40	33	8	6	kekland		MIT	2022-07-20T03:25:21.000Z
2096	mwwm	Software architecture pattern for teams with different sizes. Add possibility to work separately. Separate UI, presentation logic and business logic.
	2.0.0	58.140039020160415	44	39	1	0	surfstudio	surf.ru	Apache-2.0	2020-11-27T13:50:32.000Z
2097	ksuid	KSUID Generator and Parser for Dart	1.0.0	58.05766312594841	6	1	0	0	Fluttering-Health		Apache-2.0	2021-11-19T22:00:22.000Z
2098	geiger_api	A Communication API for the GEIGER ecosystem. It provides a unified interface for all plugins to communicate and transfer control between the components of the ecosystem.	0.8.2	57.99262952525471	6	0	0	5	cyber-geiger	cyber-geiger.eu	Apache-2.0	2022-11-25T16:00:22.000Z
2099	reactive_sliding_segmented	Wrapper around CupertinoSlidingSegmentedControl to use with reactive_forms	0.4.0	57.95794493821808	2	47	23	2	artflutter		MIT	2022-12-15T16:51:57.000Z
2100	stackdriver_dart	logging stackdriver report	1.0.8	57.94060264469976	0	1	0	0	ueki-tomohiro	playon.jp	MIT	2022-04-30T15:03:06.000Z
2101	super_form	Quick, familiar and extensible forms in Flutter. No magical configuration required. Comes with form widgets, error text and many validation rules.	1.0.1	57.9319314979406	30	11	1	1	pr0gramista	pr0gramista.pl	BSD-3-Clause	2022-02-27T17:55:28.000Z
2102	dynamic_url_image_cache	A image provider that caches the image with an ID, useful for images with dynamic urls, like S3 images.	1.0.0	57.927595924561025	4	10	1	0	Gabanelli		MIT	2022-02-10T02:47:54.000Z
2103	info_kit	Provides all basic info about your application. App flavor, Version, Device size, Flavor specific environment variables, and more.	1.0.1	57.92326035118145	3	0	0	0	zvikarp	zektec.com	MIT	2022-08-21T13:14:35.000Z
2104	capped_progress_indicator	A linear and circular progress indicator with a customisable corner radius or stroke cap.	0.0.2	57.91025363104271	4	0	0	0	JakesMD		MIT	2022-11-02T15:46:30.000Z
2105	sio_core_light	Simplio wallet core library for building blockchain transactions, developed in Dart, can be used in Flutter framework.	1.1.8	57.866897897246915	0	0	1	0	SimplioOfficial		BSD-3-Clause	2022-11-03T10:14:41.000Z
2106	flutter_barcode_keyboard_listener	Demonstrates how to use the flutter_barcode_keyboard_listener plugin.	0.0.2	57.853891177108174	1	2	0	0	FrenkyDema		BSD-3-Clause	2022-11-23T00:45:07.000Z
2107	dadata	DaData.ru Suggestions API implementation (address suggestions, reverse geocoding)	0.3.3	57.84522003034901	1	0	1	1	darkxanter		MIT	2022-12-09T19:10:24.000Z
2108	kt_drawer_menu	KTDrawer is a library for flutter to create a beautiful drawer menu with with deep customization capabilities.	0.0.6	57.82787773683069	16	1	2	1	tuankhaiit	tuankhaiit.com	MIT	2022-08-10T09:05:30.000Z
2109	facebook_messenger_share	facebook messenger share for Flutter	0.0.3	57.81487101669196	2	3	2	1	apieceofcode1801		MIT	2022-08-25T08:52:20.000Z
2110	mvvm_plus	MVVM+ is a lightweight Flutter implementation of MVVM, plus a locator for sharing states via a global registry (like GetIt) or inherited widgets (like Provider).	1.0.6	57.79752872317364	20	7	0	1	buttonsrtoys	richardcoutts.com	MIT	2022-12-01T18:10:40.000Z
2111	geodata	A geospatial client to read GeoJSON and OGC API Features data sources.	0.11.0	57.793193149794064	3	20	3	31	navibyte	navibyte.com	NOASSERTION	2022-12-02T20:19:03.000Z
2112	foo	Restart your app.	0.0.1	57.75417298937785	1	0	0	0	dotlenter		NOASSERTION	2020-08-01T00:52:36.000Z
2113	http_client_deta_api	Implementation of the client_deta_api package using the http package.	0.0.1+1	57.74116626923911	0	6	2	6	yeikel16		MIT	2022-11-27T20:16:31.000Z
2114	mineral	Mineral is a Discord framework for designing discord bots in Dart.	2.3.1	57.73683069585953	12	13	2	0	mineral-dart	mineral-foundation.org	MIT	2022-12-10T23:02:49.000Z
2115	menu_inline_filter	A new Flutter package project.	0.0.1	57.732495122479946	7	0	0	0	kevinrmendez		BSD-2-Clause	2021-02-25T12:29:36.000Z
2116	easy_downloader	Easy Downloader is a simple and easy to use plugin to download files from the internet.	0.0.13	57.702146108822895	2	1	0	0	linkkader		MIT	2022-11-01T19:02:44.000Z
2117	full_picker	A Flutter package that helps you select files in different modes	1.1.5	57.684803815304576	5	1	1	0	mbfakourii	mbfakouri.ir	MIT	2022-12-16T05:25:46.000Z
2118	sdl2	A Dart library for accessing common SDL 2.24.0 (stable) APIs using, FFI.	1.4.0	57.680468241925	6	6	2	1	sansuido		BSD-3-Clause	2022-11-30T08:38:07.000Z
2119	dynamic_overflow_menu_bar	A widget that creates an overflow menu based on available space	0.1.2	57.66312594840668	14	3	0	0	ThinkDigitalSoftware	thinkdigital.software	BSD-2-Clause	2019-11-11T00:50:00.000Z
2120	zego_uikit_prebuilt_live_audio_room	PrebuiltLiveAudioRoom is a Live Audio Room kit that provides a ready-made group voice chat that supports up to 8 hosts and co-hosts to connect with millions of users downstage.	1.0.6	57.6587903750271	3	0	0	0	ZEGOCLOUD	zegocloud.com	MIT	2022-12-12T09:58:02.000Z
2121	flutterando_analysis	Lint rules for Flutter and Dart, created for the open source projects of the Flutterando Community.	0.0.2	57.641448081508784	4	5	1	0	Flutterando	flutterando.com.br	MIT	2022-12-02T22:30:20.000Z
2122	flutter_horizontal_divider	An horizontal divider for Flutter based on VerticalDivider.	1.0.0	57.6154346412313	0	0	0	0	adbonnin		MIT	2021-01-01T16:40:09.000Z
2123	tencent_im_plugin	This plug-in integrates Tencent cloud 'imsdk', realizes cross platform im access, and is compatible with Android and IOS devices.	2.0.5	57.611099067851725	17	211	57	5	JiangJuHong	huic.top	Apache-2.0	2022-06-18T07:19:29.000Z
2124	community_charts_common	A common library for charting packages. Forked from google/charts.	1.0.0	57.59375677433341	3	3	0	0	juliansteenbakker	steenbakker.dev	Apache-2.0	2022-11-16T09:17:20.000Z
2125	firebase_functions_dart	Pure Dart implementation of FlutterFire CloudFunctions API.	0.1.1+2	57.58942120095383	2	284	35	18	invertase		NOASSERTION	2022-11-05T03:27:18.000Z
2126	flutter_authorize_net_client	A Simple Flutter plugin to use Authorize.net using it's API.	0.1.0+2	57.58075005419466	3	2	5	3	GAM3RG33K		MIT	2021-05-05T16:34:43.000Z
2127	fexr	fexr-flutter is a lite wallet for Rubix Blockchain Protocol that helps to Connect your on-chain connectors to authenticate or sign third party accounts which are integrated with Rubix Blockchain Platform and uses Fexr APIs. Strict permission requirements built in Fexr apps will protect the access to your data also while allowing seamless integration.	0.8.6	57.50704530674182	0	1	1	0	getfexr	getfexr.com	BSD-3-Clause	2022-12-08T09:11:25.000Z
2128	twilio_dart_api	A Package that helps with twilio API. Supports to send twilio programmable SMS and retrive all messages data from twilio.	0.0.1	57.472360719705186	2	2	0	0	NazarenoCavazzon	mibus-app.com.ar	MIT	2022-08-22T21:40:51.000Z
2129	android_sms_consent	Flutter plugin to perform one-tap SMS verification with the SMS User Consent API in Android.	1.0.1	57.42900498590938	2	0	0	0	khalti	khalti.com	BSD-3-Clause	2021-12-20T11:12:36.000Z
2130	seatsio	Seatsio SDK for Flutter.	0.3.0	57.42033383915023	5	4	3	0	SongJiaqiang		MIT	2022-11-23T07:32:44.000Z
2131	flutter_gehry	A Flutter package that provides a way to easily do a responsive layout, using breakpoints.	1.4.0	57.41166269239106	2	2	1	0	Jtplouffe		MIT	2022-05-31T01:31:14.000Z
2132	google_maps_flutter_floating_marker_titles	Floating Map Marker Titles for google_maps_flutter	0.3.0	57.407327119011484	0	10	4	0	androidseb	mapmarker.app	BSD-3-Clause	2022-11-11T14:10:41.000Z
2133	andesgroup_common	A common packages use by AndesGroup.	1.0.18	57.36830695859527	2	0	0	0	AndesGroup	tbm98.dev	BSD-3-Clause	2022-09-12T01:34:09.000Z
2134	leto_schema	An implementation of GraphQL's type system in Dart. Basis of leto.	0.0.1-dev.1	57.36397138521569	0	29	2	3	juancastillo0		MIT	2022-12-15T01:15:56.000Z
2135	better_wifi_manager	A simple Wifi manager for Flutter.	0.0.5	57.337957944938225	0	0	0	0	WangYng		BSD-3-Clause	2021-08-11T06:51:19.000Z
2136	is_pirated	Check and handle if your app is installed from an unauthorized source. Provides tolling to auto terminate app & open store listing	0.3.0	57.316280078040315	13	5	3	2	SethuSenthil	sethusenthil.com	MIT	2022-05-23T06:22:01.000Z
2137	trip_advisor_api	A dart package to communicate with trip advisor api. this package lets you do all of the api's functions	1.0.8	57.27292434424452	2	0	0	1	Gypsy-IL		GPL-3.0	2022-12-10T20:06:42.000Z
2138	stx_bloc_base	The package provides various generic implementations of blocs.	0.1.3	57.22089746368957	0	0	0	0	VolodymyrSydorko		MIT	2022-10-24T11:51:20.000Z
2139	storage_capacity	A package facilitates the use of storage capacity. Taking free space, occupied space, total space and device capacity.	0.0.7	57.1081725558205	2	0	1	0	davi19	komus.io	NOASSERTION	2020-12-14T17:32:34.000Z
2140	openmensa	A library which provides simple access to OpenMensa's API services for Dart.	2.1.0	57.09083026230219	1	0	0	0	ThexXTURBOXx	femtopedia.de	MIT	2022-05-18T21:11:22.000Z
2141	easy_anim	Declarative description uses Flutter animation. Develop complex animations in a simpler way	3.1.1	57.086494688922606	4	50	3	1	fengerwoo	woo91.com	BSD-2-Clause	2022-10-28T12:44:07.000Z
2142	flutter_app_checker	A new flutter plugin project.	0.0.1	57.08215911554303	0	0	0	0	Taym95		MIT	2022-02-08T10:11:15.000Z
2143	zebra_rfid	Zebra RFC2000-TC20/RFD8500 RFID模块插件 .	0.0.4	57.04747452850639	12	4	7	4	jiang6641		NOASSERTION	2021-07-05T01:12:45.000Z
2144	trust_wallet_core_lib	A Flutter plugin for trust wallet core.	0.0.6+2.9.6	57.0041187947106	1	3	1	0	ciripel		MIT	2022-07-07T11:58:38.000Z
2145	thememode_selector	A widget to select between light and dark ThemeMode (in development, but working fine)	0.1.0	56.98677650119228	47	10	5	3	BlueCowGroup	bluecowgroup.com	MIT	2021-09-06T14:04:49.000Z
2146	enum_annotation	Annotations for the enum_generator code generator package.	0.0.2	56.97376978105354	0	0	0	0	cogivn		Apache-2.0	2022-11-24T13:06:22.000Z
2147	socket_io_client_flutter	Flutter port of socket.io-client for web, flutter, dartvm to use	1.2.0+1	56.94775634077607	0	0	0	0	DanielWHoward		MIT	2022-12-13T19:45:59.000Z
2148	comparer	A Dart package that helps to implement value based equality without needing to explicitly override == and hashCode.	2.0.1	56.90873618035985	1	1	0	0	mit-73		MIT	2021-04-30T07:08:05.000Z
2149	webauthn	A plugin implementing the WebAuthn authenticator model for generating Public Key Credentials	0.0.5	56.88705831346196	3	2	0	0	flutter-institute	flutter.institute	BSD-3-Clause	2022-12-01T16:10:21.000Z
2150	breadcrumbs	Breadcrumbs with automatic overflow handling and high customisability.	0.0.3	56.8567092998049	2	1	1	0	DevNico	devnico.me	BSD-3-Clause	2022-10-17T22:03:11.000Z
2151	otp_listener	A new Flutter project.	0.0.5	56.85237372642532	1	0	0	0	haduyphuong	ngovang.com	NOASSERTION	2022-04-18T09:41:53.000Z
2152	flippable_box	A double-sided Container, that flips over, revealing content on both sides.	1.0.6	56.830695859527424	27	21	4	2	gskinnerTeam		MIT	2020-02-12T23:03:27.000Z
2153	mono_repo	CLI tools to make it easier to manage a single source repository containing multiple Dart packages.	6.4.2	56.81768913938868	47	135	31	34	google	google.dev	BSD-3-Clause	2022-10-17T17:19:05.000Z
2154	win32_suspend_process	Suspend and resume processes on the Windows platform from native dart code.	1.0.0	56.80901799262953	1	0	0	0	Merrit	merritt.codes	BSD-3-Clause	2021-03-29T22:41:30.000Z
2155	witt	Simple state management powered by ValueNotifier with service locator.	0.7.0	56.76566225883373	1	1	1	0	weaze-id		MIT	2022-11-29T14:01:32.000Z
2156	smooth_highlight	Emphasize a specific widget by highlight animation.	0.0.7	56.726642098417514	7	3	0	0	HTsuruo	htsuruo.com	MIT	2022-10-09T08:32:06.000Z
2157	easy_debouncer	An easy-to-use method call debouncer package for Dart/Flutter.	0.0.2	56.722306525037936	1	0	0	0	Alfaizkhan		MIT	2022-08-11T12:30:20.000Z
2158	material_color_picker_wns	Material color picker with some possible customizations for Flutter apps	1.0.8	56.70496423151962	1	0	1	0	ajumalp	developers.erratums.com	MIT	2021-04-24T00:48:51.000Z
2159	flutter_responsive_tools	Responsive tools for flutter.	0.0.1	56.69195751138088	0	0	0	0	Oualitsen		NOASSERTION	2021-05-26T14:53:19.000Z
2160	video_trim	Trims video via code	0.0.2	56.6876219380013	3	1	1	1	BradenBagby		BSD-3-Clause	2021-10-01T17:13:31.000Z
2161	leto	Base package for implementing GraphQL servers. You might prefer `package:leto_shelf`
for building GraphQL web server with leto and shelf.
	0.0.1-dev.1	56.67027964448298	8	29	2	3	juancastillo0		MIT	2022-12-15T01:15:56.000Z
2162	dart_proffix_rest	A Dart wrapper for Proffix Rest API with automatic login and logout and many useful helper functions	0.1.2	56.63125948406677	2	0	0	0	pitwch	pitw.ch	MIT	2022-12-16T19:05:14.000Z
2163	arrow_pad	A circular pad with 4 arrows which has a functionality of 4 buttons.	0.1.4	56.62692391068719	7	0	0	0	immadisairaj	immadisairaj.dev	BSD-3-Clause	2022-07-13T03:15:15.000Z
2164	carousel_slider_indicator	A new Flutter package project.	0.1.0	56.62258833730761	1	1	0	0	purushottam67250		NOASSERTION	2020-08-21T09:44:58.000Z
2165	mncapps	SDK to help you discover, and manage all MNC Apps to display it on your application	2.7.0	56.60958161716887	4	0	0	3	mncinnovation	mobile.mncinnovation.id	BSD-3-Clause	2021-04-15T03:55:20.000Z
2166	transition_x	Transition animation for Flutter Navigatior. Use it with the existing Flutter Navigator.of.	1.2.2	56.600910470409715	4	1	0	0	FTKhanFT	rrad.dev	MIT	2021-02-01T19:48:42.000Z
2167	flutter_login_template	A Flutter package to create set of pages are used for sign in/up workflow. It will be useful for your awesome app.	1.1.0	56.59223932365055	21	0	0	0	minhhung2556	romanticdeveloper.com	Apache-2.0	2022-05-25T05:55:06.000Z
2168	spline_chart	Spline chart library for Flutter. Spline chart is a line chart that uses curves instead of straight lines.	0.0.2	56.57056145675266	6	2	0	0	medicaljoyworks	medicaljoyworks.com	MIT	2022-10-11T08:03:58.000Z
2169	nfelib	A helper library for the brazilian Nota Fiscal Eletrônica (NFe).	0.1.1	56.54454801647518	7	0	0	0	rednaxelbr		BSD-3-Clause	2021-04-30T21:01:43.000Z
2170	driven	Easily copy files and folders to and from Google Drive from your Flutter app.	0.1.4	56.45783654888359	3	1	0	0	flutterfromscratch	lewiscianci.com.au	MIT	2022-07-21T01:53:52.000Z
2171	cloudinary_flutter	Cloudinary is a cloud service that offers a solution to a web application's entire image management pipeline	0.0.3	56.453500975504014	1	2	0	1	cloudinary	cloudinary.com	MIT	2022-12-06T11:59:26.000Z
2172	sql_data_helper	A dart package to organize our sql data and make tables, querys more efficiently	1.0.9	56.444829828744844	0	0	0	0	Flerma98		MIT	2022-10-20T15:59:07.000Z
2173	properties	A simple library to manage properties file (and something more) in Dart	1.0.0	56.40580966832863	2	0	0	0	vaind	intinio.com	BSD-3-Clause	2022-01-30T19:27:26.000Z
2174	fire_line_diff	A dart line diff tool. Objects are converted into strings and these strings are then compared line by line.	1.5.5	56.40147409494906	0	2	1	0	SedlarDavid	sedlardavid.cz	NOASSERTION	2022-04-19T14:00:05.000Z
2175	random_name_generator	Dart package for the generation of Random Names, based on most common names	1.1.0	56.366789507912415	2	1	1	0	poqueque	poquesoft.net	BSD-3-Clause	2022-09-12T18:29:54.000Z
2176	flutter_theoaks_paystack	A Flutter plugin for making payments via Paystack Payment Gateway. Completely supports Android and iOS. Forked from https://github.com/wilburt/flutter_paystack	1.0.6	56.35378278777369	4	1	1	0	theoaks		Apache-2.0	2022-07-05T10:58:03.000Z
2177	glass_card	Plugin flutter with glass cards.	0.0.1	56.3494472143941	0	0	0	0	iranjunior		MIT	2021-06-20T16:29:07.000Z
2178	catalog_grid	Catalog Grid. Provides a Catalog template of a grid of items.	1.0.2	56.345111641014526	0	1	0	0	LCostaN		BSD-3-Clause	2020-04-21T23:10:01.000Z
2179	interval_ticker_provider	interval ticker provider	0.0.3	56.314762627357474	1	0	0	0	HaoShuo-App	haoshuo.com	MIT	2022-06-21T03:24:34.000Z
2180	pencil_kit	A Flutter plugin that provides a iOS PencilKit widget on iOS.	1.0.4	56.284413613700416	13	20	0	1	mj-studio-library		MIT	2022-10-23T09:11:18.000Z
2181	sql_result	A composable class for MS-SQL query result set. Please take a look at [dart_mssql] package for details.	0.2.6	56.23672230652503	2	26	6	7	MoacirSchmidt		BSD-2-Clause	2019-09-23T22:26:13.000Z
2182	flutter_glass	A flutter package that adds the possibility of making glass containers to your app.	0.0.8	56.215044439627135	5	1	0	0	esmaeil-ahmadipour	ea2.ir	MIT	2022-07-14T09:52:22.000Z
2183	dynamic_value	The easy way to work with JSON data, safe access to nested data in the Map and safe type conversion.	2.5.0	56.20637329286799	6	4	1	0	andyduke	amazingsoftworks.com	BSD-3-Clause	2021-04-21T13:10:27.000Z
2184	stash_sqlite	storage extension for the stash API. Provides support to store vaults and  caches in a sqlite database in binary format using the msgpack json format	4.4.1	56.19770214610882	2	72	10	0	ivoleitao	ivoleitao.dev	MIT	2022-12-05T23:19:18.000Z
2185	cryptlib_2_0	An Encrypt and Decrypt Text.	0.0.1	56.18903099934967	4	0	0	0	hiteshsarsava		MIT	2022-07-27T08:12:06.000Z
2186	json_data_explorer	A highly customizable widget to render and interact with JSON objects.	0.1.0	56.17602427921092	18	13	5	0	rows	rows.com	BSD-3-Clause	2022-06-27T18:10:02.000Z
2187	isolated_download_manager	File download manager based on reusable isolates with progress, cancellation, pause and resume	1.0.1	56.17168870583134	7	2	0	0	starkdmi		BSD-3-Clause	2022-10-04T14:46:12.000Z
2188	bitlabs	BitLabs offers the opportunity to monetize your app with rewarded surveys easily.	2.0.1	56.150010838933454	1	0	0	0	BitBurst-GmbH	bitlabs.ai	MIT	2022-12-16T19:47:00.000Z
2189	flutter_simple_customize_calendar	This package allows users to implement a customizable calendar.	2.0.0	56.145675265553876	1	0	0	0	openusen		MIT	2021-07-02T07:17:29.000Z
2190	replay_riverpod	An extension to the flutter_riverpod library which adds support for undo and redo.	0.0.1-dev.3	56.141339692174284	2	0	0	0	gaganyadav80		MIT	2022-09-18T09:37:38.000Z
2191	yahoo_finance_data_reader	Data reader for yahoo finance to get daily stocks prices. It can be used to develop backtests and it can get all the historic daily data on yahoo finance	0.0.7	56.076306091480596	8	2	1	1	ivofernandes	incaview.com	Apache-2.0	2022-12-13T02:13:50.000Z
2192	style_random	Random string generator with easy syntax and many complex options. Specify random string by many options like length, ends etc.	0.0.1+1	56.071970518101026	18	0	1	0	styledart	styledart.dev	GPL-3.0	2022-01-08T10:41:36.000Z
2193	reactive_fancy_password_field	Wrapper around fancy_password_field to use with reactive_forms.	0.4.0	56.06763494472143	0	47	23	2	artflutter		MIT	2022-12-15T16:51:57.000Z
2194	basf_flutter_components	A collection of BASF Style components such as Buttons, Theming, etc...	2.1.9	56.063299371341856	9	7	0	1	BASF-Mobile-Solutions		BSD-3-Clause	2022-12-07T08:12:59.000Z
2195	color_logger	Simple way to output timestamped logs messages with color in stdout.	1.0.2	56.05896379796228	7	1	0	0	andrelec1	sensmon.pet	Apache-2.0	2022-05-06T14:44:56.000Z
2196	geography	A library of geographical entities, their metadata, and relationships. Provides a basic, and an earth, library with methods for finding the nearest entity and measuring distances.	1.1.5	56.05029265120313	4	3	0	0	GioCirque	dicatania.me	BSD-3-Clause	2022-11-04T15:36:08.000Z
2197	flutter_photon	An API client for the Komoot Photon API (photon.komoot.io) for Dart and Flutter.	1.1.0	56.00693691740732	1	4	5	0	vollkorntomate	vollkorntomate.de	Apache-2.0	2022-10-07T09:26:17.000Z
2198	cinch	cinch is powerful http client for dart, support native and js, http client using dio.	2.2.1	56.002601344027745	2	1	0	1	tatsuyuki25	tatsuyuki25.com	MIT	2022-10-18T08:52:02.000Z
2199	sweph	Cross-platform bindings of Swiss Ephemeris APIs for Flutter/Dart.	2.10.03+6	55.95924561023195	6	6	1	1	vm75	vm75.duckdns.org	AGPL-3.0	2022-12-15T05:46:27.000Z
2200	hue_rotation	Change the color of any widget that has a color. Like SwiftUI's Hue Rotation.	1.3.7	55.95057446347279	18	3	1	0	nohli	achim.io	BSD-3-Clause	2022-11-29T08:21:55.000Z
2201	background_downloader	A background file downloader for iOS and Android. Define where to get your file from, where to store it, enqueue your task and monitor it	1.4.0	55.93756774333406	4	1	0	1	781flyingdutchman	bbflight.com	BSD-3-Clause	2022-11-26T00:05:40.000Z
2202	tiki_sdk_dart	The core implementation (pure dart) of TIKI's decentralized infrastructure plus abstractions to simplify the tokenization and application of data ownership, consent, and rewards. For new projects, we recommend one of our platform-specific SDKs. Same features. Much easier to implement.	0.0.16	55.881205289399524	0	1	1	2	tiki	mytiki.com	MIT	2022-12-15T14:10:09.000Z
2203	soar_quest	An app development framework built on Flutter and Firebase.	0.6.1	55.850856275742466	0	1	0	0	ElBatanony		BSD-3-Clause	2022-12-14T19:21:05.000Z
2204	either_type	The library for Error Handling. Armed with Either, you can write code that returns either an exception or a legitimate result (but never both) while retaining type safety. The common functional convention is that the left of an Either class contains an exception (if any), and the right contains the result.	0.1.2	55.84652070236289	2	4	0	0	baihu92		MIT	2019-07-04T09:21:38.000Z
2205	mnid_dart	Multi Network Identifier - spec and reference implementation	0.1.2	55.83351398222415	0	1	0	0	fuseio	fuse.io	MIT	2021-11-21T18:04:29.000Z
2206	forgerock_authenticator	ForgeRock Authenticator plugin allows you to build the power of the official ForgeRock Authenticator application into your own Flutter app.	1.1.1	55.82484283546499	6	3	0	1	ForgeRock	forgerock.com	MIT	2022-11-22T23:29:18.000Z
2207	tag_ui	Componentes de interface de usuário do TAG (Tecnologia de apoio a gestão).	0.26.0	55.81617168870583	1	1	1	5	ipti		GPL-2.0	2022-10-27T20:12:25.000Z
2208	list_french_words	This package contains a list of french words for use in other tools. From spell checkers, to ngram analysis.	0.1.0+2	55.81183611532625	5	0	0	0	ALMDart	almaclaine.com	MIT	2021-12-28T00:10:03.000Z
2209	teads_sdk_flutter	Teads allows you to integrate a single SDK into your app, and serve premium branded ads from Teads SSP.	1.0.5	55.803164968567096	5	1	0	0	teads	teads.com	Apache-2.0	2022-12-16T16:06:18.000Z
2210	textfield_manager	This package makes it easier to manage the state of textfields.	1.0.0	55.78582267504878	0	0	0	0	MasahideMori-SimpleAppli		MIT	2022-11-15T09:15:05.000Z
2211	shelf_test_handler	A Shelf handler that makes it easy to test HTTP interactions.	2.0.1	55.73379579449382	2	5	4	3	dart-archive	tools.dart.dev	BSD-3-Clause	2022-05-09T21:21:44.000Z
2212	dart_mappable_builder	Improved json serialization and data classes with full support for generics, inheritance, customization and more.	1.2.1	55.703446780836764	2	26	3	5	schultek	schultek.de	MIT	2022-12-15T12:03:21.000Z
2213	innim_lint	The Dart analyzer settings and linter rules used at Innim for Dart and Flutter projects. Stricter than pedantic.	0.3.0	55.699111207457186	4	1	0	0	Innim	innim.ru	BSD-3-Clause	2022-02-02T15:32:35.000Z
2214	enum_map	A Map with compile-time check that every enum constant has an entry in it.	0.2.1	55.638413180143075	5	1	0	0	alexeyinkin	ainkin.com	MIT-0	2022-12-06T07:44:52.000Z
2215	fire	Hot restart for Dart console application with fast incremental compilation.	1.2.2	55.612399739865594	3	1	2	1	ykmnkmi		MIT	2022-12-05T09:08:44.000Z
2216	mpv_dart	MPV player's JSON IPC binding for Dart (Flutter)	0.0.1	55.5907218729677	7	11	2	1	KRTirtho		MIT	2022-01-04T07:53:52.000Z
2217	flutter_floating_map_marker_titles_core	Flutter Floating Map Marker Titles Core library	0.3.0	55.5690440060698	0	10	4	0	androidseb	mapmarker.app	BSD-3-Clause	2022-11-11T14:10:41.000Z
2218	responsive_spacing	Make your app responsive & adaptive with dynamic margins, paddings, gutters, body-size & columns.	0.2.1	55.564708432690225	12	3	0	0	AlexanderThiele	thiele.dev	MIT	2022-09-16T12:51:24.000Z
2219	jeodezi	Jeodezi is Dart version of Jeodezi Kotlin which is based of Chris Veness's amazing work Geodesy Functions. Geodesy Functions is written in JavaScript and contains dozens of functions to make calculations about:
  Geodesic calculations (distances, bearings, etc) covering both spherical earth and ellipsoidal earth models, and both trigonometry-based and vector-based approaches.
  Ellipsoidal-earth coordinate systems covering both historical datums and modern terrestrial reference frames (TRFs).
	1.0.3	55.55603728593106	5	2	0	0	bahadirarslan	bahadirarslan.com	MIT	2022-07-21T18:49:38.000Z
2220	decorated_text	Decorates your text. You can add gradients inside and color in the outline. You can also use GoogleFonts.	0.1.0	55.52568827227401	6	3	0	0	agajo		MIT	2020-11-11T04:38:26.000Z
2221	slide_indexed_stack	A IndexedStack with slide in and out animation	0.0.1	55.50834597875569	0	0	0	0	blklmn345	blacklemon.dev	MIT	2022-07-15T05:54:02.000Z
2222	iran	List of provinces and cities, PAN and National Number validators and more.	0.0.6	55.504010405376114	2	0	0	0	xclud		MIT	2021-08-24T14:15:59.000Z
2223	auth0_web_auth	This package provides a Dart wrapper around the auth0-spa-js library, making the Auth0 authentication available on Flutter Web.	1.0.1	55.491003685237374	0	0	0	0	tricastdev		BSD-3-Clause	2022-08-01T08:22:28.000Z
2224	unfocus_widget	Useful widget for unfocusing the TextField when touching outside	0.0.4	55.4649902449599	3	0	0	0	tungpham6195		MIT	2021-07-28T12:43:09.000Z
2225	material_scrollbar	This package provides customizable scrollbar for your widget and easy to implement with the few lines of code.	0.0.1	55.43897680468242	12	3	1	0	hamiranisahil		MIT	2022-07-14T13:50:19.000Z
2226	intl_phone_field_plus	A Forked customized Flutter TextFormField to input international phone number along with country code; Forked from intl_phone_field.	2.1.2	55.4216345111641	0	0	0	0	francis94c		MIT	2021-11-29T19:51:30.000Z
2227	libcrypto	Cryptography utility library for AES encryption and Pbkdf2 hashing algorithms.	0.2.2	55.38694992412747	2	2	0	0	MedzikUser		MIT	2022-11-12T11:38:24.000Z
2228	color_scale	Color scale widget that tries to resemble what we have on google sheets	0.0.3	55.36527205722956	4	1	1	1	ivofernandes	incaview.com	Apache-2.0	2022-09-11T16:01:14.000Z
2229	monarch_io_utils	Monarch utilities for dart io and other dart sdk packages.	1.2.0	55.33058747019294	0	334	10	8	Dropsource	monarchapp.io	MIT	2022-12-14T20:57:36.000Z
2230	flutter_stable_geo_fence	A flutter project to provide Geo Fence functionality in Android and IOS	1.0.0	55.3175807500542	2	8	1	0	tarique-khan	whizfy.ai	BSD-3-Clause	2022-04-13T04:29:45.000Z
2231	flutter_islamic_icons	Add color to your projects with dozens of beautiful Islamic icons.	1.0.2	55.30023845653588	28	5	0	0	erbasaran	erbasaran.com	BSD-2-Clause	2022-11-27T09:52:54.000Z
2232	password_generator	A package to generate strong passwords. Also comes with an extension for checking the strength of a password.	1.0.0	55.2959028831563	2	0	0	0	Bakri-Alkhateeb	verify.pharmart.sy	NOASSERTION	2022-02-20T17:33:47.000Z
2233	universal_mqtt_client	A MQTT client for Dart, compatible with desktop, mobile and web targets	0.1.1	55.28723173639713	10	6	2	6	soft2tec	soft2tec.com	MIT	2020-10-05T16:50:09.000Z
2234	mangadex_library	A mangadex library for dart to facilitate easier access to the Mangadex API (https://api.mangadex.org)	1.4.5	55.274225016258406	2	4	1	0	Riktam-Santra		BSD-3-Clause	2022-09-30T06:07:26.000Z
2235	flutter_native_ad	Flutter Native Ads Plugin is Allow Show All Types of Ads in One Package.	0.0.1	55.269889442878814	3	1	1	0	Khuntarpit		MIT	2022-07-09T17:28:45.000Z
2236	user_profile	A shared library that is responsible for the user profile displayed on both apps.	0.2.3	55.26555386949924	2	0	0	0	savannahghi	savannahghi.org	MIT	2022-09-29T08:43:20.000Z
2237	libedax4dart	Dart wrapper for libedax. With using libedax4dart, you can execute functions equivalent to edax.	5.9.2	55.25688272274009	3	3	0	2	sensuikan1973	done-sensuikan1973.com	GPL-3.0	2022-12-16T21:10:11.000Z
2238	jsontree	Statically typed JSON tree. This type-safe tree can contain JSON-compatible objects and nothing else.	0.3.0	55.24821157598092	0	1	0	0	rtmigo	revercode.com	MIT	2022-07-07T15:51:22.000Z
2239	snackbar_extension	A flutter package to provide functions as extension for snackbar	0.0.1	55.21786256232387	2	2	0	0	DevsOnFlutter	hackthedeveloper.com	BSD-3-Clause	2022-04-03T11:00:45.000Z
2240	stateless	A stateless stateful state management package that is not stateless.	0.1.1	55.191849122046385	22	39	2	0	wolfenrain	wolfenra.in	MIT	2022-09-23T11:07:39.000Z
2241	dart_frog_web_socket	WebSocket support for Dart Frog. Built by Very Good Ventures.	0.1.0-dev.1	55.16150010838934	15	1022	64	18	VeryGoodOpenSource	verygood.ventures	MIT	2022-12-16T19:12:34.000Z
2242	studip	A simple-to-use wrapper for Stud.IP's RestAPI service in Dart.	2.1.1	55.14415781487102	1	0	0	0	ThexXTURBOXx	femtopedia.de	GPL-3.0	2022-04-24T16:53:11.000Z
2243	ssr	Generate Flutter Widgets from server generated json code without any dependency.	0.0.9	55.109473227834386	5	1	0	1	hsbijarniya	ensorta.com	MIT	2022-03-03T22:54:26.000Z
2244	flutter_mqchat	MqChat client, this package enables you to use MQTT protocol as a chatting protocol, the broker should implement the HiveMq-Chat-Extension specifications.	0.1.2	55.09213093431606	10	133	28	3	WahidNasri		GPL-3.0	2022-03-20T12:58:39.000Z
2245	arb_generator	A dart tool which generates ARB files from CSV files.	0.0.2	55.08345978755691	7	4	5	1	defuncart	defuncart.com	MIT	2022-10-29T11:37:21.000Z
2246	device_info_null_safety	Get Android Device Info like battery,abi,config & other info	0.0.2	55.07478864079774	13	0	1	0	Divit-vaghani		BSD-2-Clause	2022-09-10T09:17:01.000Z
2247	translations_loader	Flutter library for reading translations files and transforming them into Map to be by some framework like GetX	1.0.2	55.053110773899846	1	0	0	0	anCRONIK	ancronik.site	MIT	2021-10-20T20:27:23.000Z
2248	font_awesome_pro_flutter	Simple, opinionated, code generator for FontAwesome pro icons.
	0.0.3	55.02709733362238	1	0	0	0	heftapp	heft.app	MIT	2022-06-22T06:03:31.000Z
2249	image_painter_extended	This is a Flutter package that allows user to draw over images. This is an extension of the painter2 package with option to zoom and draw.	0.0.3	54.99674831996531	4	1	1	1	pratheeshrussell		MIT	2021-07-18T06:44:52.000Z
2250	circular_indicator	A new Flutter project.	1.0.6	54.99241274658574	8	0	1	0	quangkhuongduy0195		MIT	2021-11-20T09:19:40.000Z
2251	body_part_selector	A beautiful selector for different body parts	0.0.3	54.98374159982657	9	10	6	0	fyzo-dev		MIT	2022-10-17T12:12:22.000Z
2252	speed_test_port	Internet speed tester (ping, upload, download) using speedtest.net	1.0.4	54.96206373292868	1	1	5	2	oiuldashov		MIT	2022-04-23T13:36:47.000Z
2253	google_ui	Google UI is an open-source UI library for developing cross-platform apps using Flutter with "Material Design 2.0"	3.0.0	54.9577281595491	29	24	3	0	fronio		MIT	2022-11-24T15:43:06.000Z
2254	pluto_filtered_list	A List where filters can be applied to the List and elements can be accessed or modified in that state.	0.2.0	54.918707999132884	10	11	0	0	bosskmk	weblaze.dev	MIT	2021-03-05T14:01:30.000Z
2255	cosmosdb	API client to interact with the CosmosDB SQL-API by its REST API in Dart	0.0.4	54.89703013223499	4	9	2	3	jonasfranz	jonasfranz.de	Apache-2.0	2022-04-24T17:34:16.000Z
2256	stilo	Stilo is a utility-first Flutter library that gives you all of the building constants you need to build designs without defining common styles	2.0.0	54.86668111857793	16	53	0	0	mirkorap		MIT	2021-05-30T14:40:22.000Z
2257	agora_fpa_service	Flutter plugin to integrate Agora FPA service into your app with just a few lines of code.	1.0.0	54.85367439843919	0	1	0	0	AgoraIO-Community		MIT	2022-02-11T02:52:53.000Z
2258	state_machine_bloc	state_machine_bloc is an extension to the bloc state management library which provide a convenient way to create finite state machines based blocs.	0.0.1	54.840667678300456	27	25	1	0	Pierre2tm		MIT	2022-04-24T14:49:05.000Z
2259	twitter_oembed_api	This library provides the easiest way to use the Twitter oEmbed API in Dart and Flutter apps.	0.1.0	54.77996965098634	10	1	0	1	twitter-dart		BSD-3-Clause	2022-12-17T03:08:50.000Z
2260	mnemonic_phrase	Displays a mnemonic phrase / Allows users to provide a mnemonic phrase.	0.1.1	54.749620637329286	0	0	0	0	augmity		GPL-3.0	2022-01-08T00:54:26.000Z
2261	twitch_api	A wrapper in pure Dart to connect to Twitch.tv using OAuth implicit authentication.	0.6.1	54.736613917190546	20	16	7	1	TesteurManiak	rouxguillau.me	MIT	2022-12-12T11:11:05.000Z
2262	reactive_direct_select	Wrapper around direct_select to work with reactive_forms	0.3.0	54.72360719705181	1	47	23	2	artflutter		MIT	2022-12-15T16:51:57.000Z
2263	future_manager	ValueNotifier and ValueListenableBuilder but for asynchronous value.	1.1.0	54.71493605029265	0	0	0	0	lynical-software	lynical.com	MIT	2022-11-15T14:28:04.000Z
2264	awesome_flutter_extensions	A Flutter Extension to remove boilerplate when accessing ancestor context properties
	0.0.1+2	54.688922610015176	8	3	0	0	nank1ro		MIT	2021-09-01T08:40:16.000Z
2265	overapped_avatars	Overapped Avatars for Flutter	0.0.1	54.68458703663559	2	0	0	0	ChangJoo-Park		MIT	2021-07-16T08:37:28.000Z
2266	flutterw_sidekick_plugin	Sidekick plugin that installs flutter_wrapper in the repository and links it to the flutter and dart commands	0.1.3	54.65423802297854	0	2	0	0	passsy	pascalwelsch.com	Apache-2.0	2022-12-10T18:57:31.000Z
2267	astro_refresh_indicator	A Flutter package that implements a RefreshIndicator. This package is meant to be used along with pull_to_refresh package.	1.0.3	54.62822458270106	4	0	0	0	Ilya-Korolev		MIT	2022-10-06T20:10:11.000Z
2268	named_routes	Add names to routes without a declarative pattern and without build_runner	0.8.0	54.61088228918275	2	0	0	1	Tienisto	tienisto.com	MIT	2022-11-15T02:34:03.000Z
2269	receita_ws	Uma biblioteca para consulta de CNPJ para desenvolvedores Dart (Console, Web e Flutter).	1.0.0	54.59787556904401	6	2	2	2	mateuspenha		BSD-3-Clause	2020-06-26T11:47:32.000Z
2270	pageview_widget_indicator	A builder widget that will allow you to create custom indicators for your flutter pageViews	0.0.4	54.53284196835031	1	1	0	0	andersonfds		MIT	2021-12-11T12:19:54.000Z
2271	byte_size_formatter	A TextInputFormatter that limits input based on byte-size	1.0.0	54.515499674832	1	0	0	0	mhrst	qrl.app	MIT	2021-04-04T17:07:10.000Z
2272	fluttery_framework	An extensive framework for Flutter apps. It keeps it Flutter. It keeps it easy.	1.6.3+01	54.511164101452415	1	0	0	0	AndriousSolutions	andrioussolutions.com	NOASSERTION	2022-11-27T20:33:16.000Z
2273	sqflite_entities	ORM approach to work with sqflite packages that would allow you to get some ORM practices out of the box for working with classes in the code	0.0.2+6	54.49815738131368	8	0	1	0	guid-empty		MIT	2022-10-17T07:13:21.000Z
2274	monarch_grpc	gRPC interfaces for Monarch. Monarch is a tool for building Flutter widgets in isolation. It makes it easy to build, test and debug complex UIs.	1.0.0	54.4938218079341	0	334	10	8	Dropsource	monarchapp.io	MIT	2022-12-14T20:57:36.000Z
2275	simple_chips_input	Flutter package containing 2 libraries for creating chips (as in Gmail app) and selecting chips.	1.0.0	54.48515066117494	12	6	1	1	danger-ahead	shourya.floatingpoint.co.in	MIT	2022-12-14T10:05:26.000Z
2276	flutter_support_chat	Flutter package to implement a firestore chat between customer and product support	1.2.1	54.47647951441578	7	1	1	0	cedtegApps	cedtegapps.de	MIT	2022-12-07T20:05:03.000Z
2277	flutter_share_content	Flutter plugin to share content to a generic app Picture, message and title are allowed Android supported iOS not supported	0.2.1+1	54.46780836765662	4	4	1	1	NGhebreial		BSD-3-Clause	2019-06-21T14:30:45.000Z
2278	layoutr	Succinct utilities to help doing responsive layouts with less verbosity	1.0.0	54.463472794277045	7	9	0	1	olmps		MIT	2021-03-12T15:28:43.000Z
2279	flutter_twilio	Provides an interface to Twilio's Programmable Voice SDK to allow adding voice-over-IP (VoIP) calling into your Flutter applications.	0.0.18	54.450466074138305	4	1	7	5	fedeamura		MIT	2022-07-13T20:09:54.000Z
2280	ai_load_status	A new Flutter package about load status.	1.0.1	54.42445263386083	1	1	0	0	pdliuw		BSD-3-Clause	2020-12-02T10:30:13.000Z
2281	bart	A bottom navigation bar using navigator 2 for switching tabs	1.0.0	54.36375460654671	36	22	0	0	Apparence-io	apparence.io	MIT	2022-09-06T15:35:39.000Z
2282	random_x	A Dart Library for all of your random needs you'll ever require in your projects.	0.3.1	54.35074788640798	23	1	1	0	josephyaduvanshi	codegasmicguy.me	Apache-2.0	2022-10-30T19:42:57.000Z
2283	jhijri	Just An Amazing Hijri Date Converter That Converts Date From Gregorian to Hijri and From Hijri to Gregorian.	0.0.4	54.33774116626924	2	0	1	0	AymanYassinn	jucodes.com	MIT	2022-09-12T22:23:40.000Z
2284	benchmarking	Tools to run (sync and async) benchmarks with ease and control.	0.6.1	54.3247344461305	8	5	2	2	vaind	intinio.com	MIT	2021-09-01T14:27:21.000Z
2285	flutter_fader	A flutter widget that allows you to fade a child widget in and out. When faded out the child widget is removed from the tree (it can't be interacted with)	2.0.1	54.31606329937134	8	2	0	1	TNorbury	tylernorbury.com	MIT	2022-08-24T00:18:00.000Z
2286	qrolo	QR code scanning plugin with web compatibility! Nullsafe web QR scanner for Flutter web projects. Scan QR codes and capture images all from the comfort of your own desktop or mobile browser.	0.1.0-nullsafety.01.2.12.0-259.9.beta	54.3030565792326	4	2	1	6	QRolo		NOASSERTION	2021-02-28T04:30:06.000Z
2287	x_message	Show Toast, Message and Loading in Flutter.	0.1.0	54.28137871233471	0	0	0	0	TaipaXu		MIT	2022-02-24T08:34:15.000Z
2288	update_checker	Flutter plugin to check updates for android and ios, just pass the app store and play store URL's	0.0.1	54.268371992195966	5	0	0	1	ItachiUchiha0		MIT	2021-08-06T16:05:40.000Z
2289	simulate	Simulate application or add device mock on your app or your flutter project suppoer cross platform android ios , linux , macos, windows.	0.0.14	54.26403641881639	4	9	1	0	azkadev		NOASSERTION	2022-11-28T13:28:49.000Z
2290	web_hover_menu	A flutter package that will provide a fancy website menu with animation. It allows customization for design like menu and submenu and alignment.	0.0.3	54.22935183177975	14	8	0	0	Mindinventory	mindinventory.com	MIT	2022-08-08T07:13:03.000Z
2291	countrycodes_field	Choose Country Codes Efficiently	0.1.0	54.207673964881856	2	0	2	0	HeySreelal		BSD-3-Clause	2022-04-06T18:47:12.000Z
2292	flutter_image_preview	Modal image previewer	0.1.1	54.20333839150228	1	0	0	0	pedrofneves		MIT	2022-08-06T15:15:10.000Z
2293	cnpj_cpf_helper	This library helps with CNPJ and CPF validations. Both of them are a brazilian documentation where CNPJ is a business document and CPF is a person document.	1.0.8	54.164318231086064	2	0	1	0	evandrofuhr		NOASSERTION	2020-07-06T17:30:56.000Z
2294	riverpod_navigator_core	Simple but powerfull Flutter navigation with riverpod and Navigator 2.0.	1.0.10	54.12963364404943	4	20	1	4	PavelPZ		MIT	2022-10-03T22:35:49.000Z
2295	fullscreen_window	A Flutter plugin makes your window fullscreen.	1.0.4	54.12529807066985	1	0	0	0	jakky1		Apache-2.0	2022-12-05T08:15:33.000Z
2296	mburger	MBurger Dart client. You can use this package to interact with the MBurger headless CMS (https://www.mburger.cloud).	2.0.10	54.10362020377195	10	0	0	0	Mumble-SRL	mburger.cloud	MIT	2022-11-29T15:23:07.000Z
2297	cron_parser	A cron parser. Spits out next cron dates starting from now or a specific date.	0.5.0	54.086277910253635	5	4	3	4	rbubke		BSD-3-Clause	2022-05-04T19:55:20.000Z
2298	package_manager	Get the list of installed installation packages, get the name, version, icon, first installation time, and last update time corresponding to the installed package name, install other applications, and uninstall other applications	1.8.0	54.06460004335574	4	3	2	1	fengerwoo		BSD-2-Clause	2021-12-03T04:11:51.000Z
2299	yeet	A dank and easy way to navigate using Router API of Navigator 2.0 - No boilerplate. No code generation. No classes. Just yeet!	0.4.10	54.04725774983742	82	42	4	9	HosseinYousefi	identi.app	MIT	2022-04-21T07:11:58.000Z
2300	vies	This dart lib is basically calling web service provided by VIES for check VAT validity	1.0.2	54.04292217645784	1	0	0	0	raphrmx	restomax.com	MIT	2022-09-21T13:29:57.000Z
2301	signed_spacing_flex	A Flex widget that can space its children with positive or negative spacing.	1.0.0	54.003902016041614	1	0	0	0	JakesMD		BSD-3-Clause	2022-12-13T07:55:46.000Z
2302	swatcher	A simple utility to convert a Flutter Color to a MaterialColor for a theme.	0.1.0	53.9648818556254	0	0	0	0	emiliodallatorre		BSD-3-Clause	2021-05-06T09:21:23.000Z
2303	device_session_id	This is a package that uses the Openpay iOS and Openpay Android libraries to get the Device Session ID for the anti-fraud system.	1.0.6	53.95621070886625	11	1	0	0	FMarcelFC		MIT	2022-09-14T03:48:13.000Z
2304	sliver_stream_builder	Package to transform data stream to sliver list or sliver grid	0.3.5	53.934532841968355	2	0	0	2	massa-org		MIT	2022-12-07T13:28:13.000Z
2305	yodo1mas	This Plugins enables to integrate Yodo1 MAS (Managed Ad Service) into your  Flutter Project.	0.1.1	53.90851940169087	4	0	0	1	rafaykhan99		MIT	2022-04-22T11:31:58.000Z
2306	countries_list	ISO-3166 Country and Dependent Territories Lists with UN Regional Codes. Country object contains phone code, flag emoji, alpha1, alpha2 etc.	0.1.7	53.89551268155214	0	1	0	0	torindev		Apache-2.0	2020-08-12T10:54:25.000Z
2307	ulid4d	Universally Unique Lexicographically Sortable Identifier for Dart	2.0.0	53.89117710817256	4	2	0	0	Aallam	aallam.com	BSD-3-Clause	2022-09-02T09:45:53.000Z
2308	duffer	A pure dart library offering support for netty-like byte buffer manipulation and binary serialization via a pickle inspired system	1.2.5	53.85649252113593	3	3	1	0	helightdev	helight.dev	Apache-2.0	2022-08-19T10:18:08.000Z
2309	jsettings	JSON settings	0.1.1	53.804465640580965	1	0	0	0	jpnurmi		MPL-2.0	2022-11-22T17:25:06.000Z
2310	icons_animate	Use this package to animate between two static Icons and get an Animated Icon.	0.0.2	53.791458920442224	17	1	0	0	luca-colazzo		CC0-1.0	2022-05-26T15:37:02.000Z
2311	youtube_caption_scraper	Parse subtitles/captions from YouTube without authorization.	0.1.3	53.7784522003035	10	13	1	0	f-person	fperson.dev	MIT	2022-03-06T08:44:25.000Z
2312	lexicographical_order	A string generator that helps to implement real-time editing of an ordered sequence. this makes reordering transactions faster and simpler.	1.3.5	53.743767613266854	4	3	0	0	sylfreee	sylfree.com	MIT	2022-05-01T03:28:24.000Z
2313	cooee_plugin	Hyperpersonalised Mobile App Re-Engagement via Machine Learning for Flutter apps.	1.4.1	53.68740515933232	11	2	0	0	letscooee	letscooee.com	BSD-3-Clause	2022-10-07T09:30:46.000Z
2314	hydrated_notifier	An extension to the state_notifier library which automatically persists and restores states.	1.0.1	53.68306958595275	3	1	0	0	herveGuigoz	herve-guigoz.com	MIT	2022-05-05T06:18:56.000Z
2315	flutter_image_filters	Image filters based on OpenGL(SPIR-V) fragment shaders with useful preview widgets	0.0.3	53.66139171905484	12	8	1	0	nikolaydymura		MIT	2022-12-12T03:35:28.000Z
2316	flutter_daydart	具备 Moment.js 一样 API 的时间处理库.	0.0.3	53.639713852156945	5	22	3	5	lightningminers		MIT	2019-03-19T13:31:33.000Z
2317	torrent_streamer	A flutter plugin to stream videos directly from torrent&#x2F;magnet links.	0.0.2	53.63104270539779	8	3	0	1	Infinical		NOASSERTION	2021-12-07T17:51:59.000Z
2318	draw_on_image_plugin	Flutter plugin for drawing text on images.	1.0.0	53.61370041187947	2	0	0	0	Nikolaiko		WTFPL	2022-10-04T02:40:20.000Z
2319	pdf_bitmaps	A flutter PDF pages images genrator which also helps with few other common pdf related things.	1.0.1	53.566009104704094	2	1	0	0	chaudharydeepanshu	deepanshuchaudhary.com	BSD-3-Clause	2022-12-08T20:18:24.000Z
2320	cbl_dart	Couchbase Lite for pure Dart apps: An embedded, NoSQL JSON Document Style database, supporting Blobs, Encryption, N1QL Queries, Live Queries, Full-Text Search and Data Sync.	2.1.5	53.50531107738998	4	72	10	29	cbl-dart	gabriel.terwesten.net	Apache-2.0	2022-12-16T21:42:23.000Z
2321	cancelable_retry	Utility for wrapping an asynchronous function in automatic retry logic with ability to cancel it.	0.1.0+1	53.47496206373293	3	1	0	0	Innim	innim.ru	BSD-3-Clause	2022-07-27T14:05:58.000Z
2322	smart_page_navigation	This package will provide a full navigation through tabs at the bottom of the application screen.	1.1.2	53.46629091697377	17	3	0	0	claudiooliveira		MIT	2021-10-09T17:10:49.000Z
2323	boot_completed	Flutter plugin to execute dart code on boot completed. Currently only lightly tested with Android (Kotlin). iOS will probably not be supported.	1.1.0	53.46195534359419	5	9	10	2	michael-cheung-thebus		NOASSERTION	2020-07-15T19:50:34.000Z
2324	adb	Simple Dart wrapper around Android Debug Bridge.	0.2.4	53.45761977021461	3	250	22	83	leancodepl	leancode.co	Apache-2.0	2022-12-17T13:23:58.000Z
2325	flutter_avataaar	Flutter wrapper widget for Avataaars API allowing to generate and display avatar images.	0.1.14	53.45328419683503	17	8	4	0	frananleo	fj-anleo.es	BSD-3-Clause	2022-07-14T09:42:11.000Z
2326	cnpj_cpf_helper_nullsafety	This library helps with CNPJ and CPF validations. Both of them are a brazilian documentation where CNPJ is a business document and CPF is a person document.	1.1.1	53.34489486234555	0	0	0	0	kaiquecruz		NOASSERTION	2021-09-14T13:45:19.000Z
2327	starfruit	A mathematical library extending and bettering provided dart and dart:math functions.	2.0.0	53.31888142206807	8	8	1	0	AKushWarrior	kishoredev.live	MPL-2.0	2021-09-02T05:51:26.000Z
2328	fast_rich_text	A package that let you write beautiful texts easily with simple tags, e.g *bold* will be bold, etc.	0.0.1	53.30153912854975	13	3	0	0	intellect4all		MIT	2022-07-27T13:55:17.000Z
2329	easy_layout	A set of widgets that make it easy to create a layout system with a specified spacing between child widgets. Spacings can be inherited by nested widgets.	3.0.0	53.288532408411015	2	3	2	0	andyduke	amazingsoftworks.com	BSD-3-Clause	2022-07-21T07:54:12.000Z
2330	multi_state_bloc	multi_state_bloc allows you to easily use different states in one bloc.	0.0.3	53.27986126165185	3	0	0	0	LazyTaz		BSD-3-Clause	2022-09-07T11:34:04.000Z
2331	single_option_picker	SingleOptionPicker is a widget to easily manage especially forms that have a single choice picker. Things like locale, configs are great examples.	1.0.1+2	53.262518968133534	3	1	0	0	rodrigobastosv	rodrigobastos.dev	MIT	2021-11-24T20:24:54.000Z
2332	message_handler	This package aims to facilitate the use of alert messages for customers, as well as the execution of middlewares if necessary.	1.1.0	53.184478647301106	2	0	0	0	netogdn999		BSD-3-Clause	2022-08-04T22:03:54.000Z
2333	altogic_dart	Dart client for Altogic. Altogic is a backend application development and execution platform, enabling people and businesses to design, deploy and manage scalable applications.	1.0.0	53.136787340125736	13	56	3	0	altogic	altogic.com	MIT	2022-11-17T12:37:43.000Z
2334	console_flutter	Plugin to show API logs for Flutter.	1.0.0+1	53.11944504660742	0	0	0	0	kinhvodoi92		MIT	2022-06-24T17:05:15.000Z
2335	gredu_unleash	A simple tools for feature toggle. This is a simple helper for using Unleash Feature Flag	0.0.2	53.11510947322784	2	0	0	0	greduasia		MIT	2022-05-25T08:45:01.000Z
2336	flutter_mrmilu	Mr Milú's official shared package for Flutter projects	0.7.0	53.110773899848255	3	1	0	0	mrmilu		MIT	2022-12-15T12:11:55.000Z
2337	bootpay_api	Bootpay Flutter plugin. This plugin supports both Android and iOS.	3.1.33	53.09776717970952	15	0	0	0	bootpay		NOASSERTION	2022-04-18T00:38:38.000Z
2338	stx_flutter_form_bloc	Easy Form State Management using BLoC pattern. Separate the Form State and Business Logic from the User Interface.	1.0.0	53.06741816605246	0	0	0	0	VolodymyrSydorko		MIT	2022-09-27T10:22:43.000Z
2339	signals_slots	An implementation of a managed signals and slots system based on the boost signals2 C++ library.	1.0.1	53.02839800563625	1	1	0	0	voidari	voidari.com	MIT	2022-12-17T00:27:51.000Z
2340	reactive_code_text_field	Wrapper around code_text_field to work with reactive_forms	0.4.0	53.01105571211793	1	47	23	2	artflutter		MIT	2022-12-15T16:51:57.000Z
2341	connectme	WebSocket connection management library to handle client-server communication in event-based manner or await-query style (using PackMe messages).	2.1.0	53.00672013873835	9	5	0	1	sourcecaster	minimagic.games	MIT	2022-07-10T19:33:52.000Z
2342	shared_prefs_manager	A Dart package for easily using SharedPreferences. Provides access to the majority of SharedPreference's API.	0.0.1	52.99371341859961	0	0	0	0	aidanlok	lok.ninja	BSD-3-Clause	2022-09-29T00:12:22.000Z
2343	dji	A Flutter plugin for DJI Mobile SDK - easily integrate your Flutter App with the DJI SDK for Drones on iOS and Android.	1.0.10	52.96769997832214	14	21	4	5	DragonX-cloud	dragonx.cloud	BSD-3-Clause	2022-11-19T00:10:17.000Z
2344	surround_sound	A package to create surround sound effects with a frequency generator using Web Audio API	0.3.2	52.94602211142424	5	6	4	5	fcodelabs	fcodelabs.com	MIT	2021-10-10T14:45:42.000Z
2345	ackee_dart	Analytics tracker for Ackee (Self-hosted, Node.js based analytics tool for those who care about privacy) implemented in Dart	0.0.2	52.90700195100803	2	1	0	0	marchellodev	mark.vin	MIT	2021-06-18T08:09:39.000Z
2346	anchor_tabs	Anchor tabs panel. To have buttons to scroll to a specific section of your column	0.0.5	52.8679817905918	3	1	0	1	ivofernandes	incaview.com	Apache-2.0	2022-10-14T11:59:39.000Z
2347	crypto_x	A Dart library for encryption and decryption. Advanced RSA, AES based on pointycastle.	0.0.3+1	52.86364621721222	0	0	0	0	meetleev		Apache-2.0	2022-10-12T13:09:35.000Z
2348	modern_themes	A Package to implement, change and use Themes. This Package uses the most modern Material Design to create beautiful Themes	1.5.2	52.841968350314325	1	2	0	1	Jules-Media		Apache-2.0	2022-11-05T08:34:23.000Z
2349	mediaindex_dart	mp4 and webm media files sidx segment and ebml box parser for dart	0.0.2	52.78560589637979	0	0	0	0	suconghou		BSD-3-Clause	2022-06-05T11:11:36.000Z
2350	simple_mysql_orm	A simple ORM wrapper for mysql with Transaction support.	3.0.5	52.768263602861474	1	7	0	1	onepub-dev	onepub.dev	MIT	2022-06-09T01:33:16.000Z
2351	flutter_jsettings	JSON settings	0.1.0	52.75525688272275	1	9	1	0	ubuntu-flutter-community		MPL-2.0	2022-11-25T08:06:11.000Z
2352	isbndb	Dart service for isbndb.com API. Returns book details from an ISBN, or a list of books from an author name, etc.	0.3.0	52.74658573596358	6	1	0	0	julienlebren	julienlebren.dev	MIT	2022-03-23T11:08:47.000Z
2353	multi_snackbar	A set of commands that allows you to display more than one snackbar at the same time.	2.0.0	52.71623672230652	5	1	0	0	armin1440		BSD-3-Clause	2021-12-23T12:07:25.000Z
2354	multiscreen	Support multiscreen(different resolution and size of display) for mobile application.	3.1.0	52.659874268371986	3	3	3	2	studio-b-co-kr		BSD-3-Clause	2022-09-30T00:10:17.000Z
2355	loadmore_listview	Provide an easy-to-use Listview with load more items and refresh function	1.0.6	52.64686754823325	4	1	0	0	stevenBang		MIT	2022-12-02T03:50:55.000Z
2356	paymongo_sdk	Unofficial PayMongo SDK written in Dart for flutter.	1.6.1	52.62518968133536	8	6	2	1	vinceramcesoliveros		MIT	2022-09-08T03:30:28.000Z
2357	suntime	Simple sunrise and sunset time calculation for a given location.	0.1.0	52.62085410795577	0	0	0	0	diego-garro		LGPL-3.0	2022-06-07T06:04:28.000Z
2358	flutter_good_ads	A package help you use google_mobile_ads with safety and easy..	0.0.1	52.60351181443747	3	0	1	0	tbm98	tbm98.dev	MIT	2022-07-31T10:43:56.000Z
2359	scalable_data_table	Data Table package that uses builder property to only build the active rows at the moment. Similar to ListView.builder, it improves the performance in tables with many rows.	0.0.2	52.58616952091914	2	1	1	0	LucaDillenburg		MIT	2022-02-06T04:28:37.000Z
2360	pusher_beams_platform_interface	A common platform interface from Pusher Beams for Flutter, intended to be the platform interface package.	1.1.1	52.538478213743765	0	8	11	7	pusher	pusher.com	MIT	2022-09-19T13:11:43.000Z
2361	logging_flutter	An extension of the Logging package for Flutter.	2.0.1	52.52980706698461	1	0	0	0	levin-riegner		MIT	2022-06-30T19:34:17.000Z
2362	sql_utils	A set of utility functions to facilitate dart interoperability with MS-SQL server. Please take a look at [dart_mssql] package for a usage example	0.2.1	52.490786906568395	0	26	6	7	MoacirSchmidt		BSD-2-Clause	2019-09-23T22:26:13.000Z
2363	web3_browser	Support for using web3 dart with browser clients such as MetaMask.	0.0.1	52.48211575980923	1	0	0	0	xclud		MIT	2022-05-02T15:06:58.000Z
2364	intel_hex_encoder	A intel hex encoder for your flutter project.	0.0.6	52.47344461305008	1	0	0	1	mfriedlvaricon		MIT	2022-02-09T14:19:43.000Z
2365	flutter_form_field_validator	The flutter-form-field-validator package comes with several common validations and removes the boiler plate code from your project.	1.0.0	52.43442445263386	4	4	0	0	srikanthmadasu		BSD-3-Clause	2020-06-12T23:34:26.000Z
2366	public_address_wallet	A package to get verified public address from wallet using WalletConnect protocol v1.	0.0.6	52.42141773249512	3	0	4	2	phanvantai		MIT	2022-02-21T11:27:28.000Z
2367	bisection	Searching in sorted lists. Adding items while maintaining the sort order. Port of the Python bisect library.	0.4.3+1	52.417082159115544	2	1	0	0	rtmigo	revercode.com	MIT	2021-11-29T22:55:54.000Z
2368	autostarter	A Flutter Plugin for bringing up the autostart permission of a phone.	0.0.1	52.399739865597226	4	2	1	0	yetunnaing18121996		NOASSERTION	2022-05-26T09:35:17.000Z
2369	multi_screen_layout	A collection of Widgets that make multi screen user experiences easy to build	3.1.0	52.37806199869933	18	75	9	1	MisterJimson	jasonrai.ca	MIT	2021-12-21T18:39:01.000Z
2370	draggable_container	A Very Smooth Draggable Widget Container. Each children is Draggable, Deletable and Fixable. Support SliverGridDelegate!	1.0.7+2	52.373726425319745	19	25	5	0	fluttercandies		MIT	2021-04-03T20:23:15.000Z
2371	xayn_swipe_it	A performant, animated swipe widget with left and right customizable options provided by Xayn.	1.0.4	52.35638413180143	12	5	0	0	xaynetwork		Apache-2.0	2022-03-23T15:35:19.000Z
2372	porter_2_stemmer	Reduce a word to its root form using the Porter English stemming algorithm.	3.0.2	52.30435725124648	0	0	0	0	GM-Consult-Pty-Ltd	gmconsult.dev	NOASSERTION	2022-11-02T01:52:31.000Z
2373	balanced_text	A Flutter widget that simply balances the lines of two-line text	0.0.3	52.2566659440711	5	3	0	0	rasitayaz		MIT	2022-11-10T16:28:32.000Z
2374	flutter_process_text	Flutter plugin to listen the process text stream to get continuous process text intent data.	1.1.2	52.24799479731195	20	14	3	3	DevsOnFlutter	hackthedeveloper.com	BSD-3-Clause	2021-07-02T01:59:21.000Z
2375	wave_image	With flutter Wave image you can have a simple circular image with wave and some customization.	0.0.6	52.24365922393237	1	0	0	0	mahdibagjani		MIT	2021-10-19T13:21:00.000Z
2376	rx_permissions	This package provides a reactive cross-platform (iOS, Android) API to request and check permissions for the permission_handler package.	1.0.3	52.23065250379363	2	1	0	0	mi-sch-ka		Apache-2.0	2022-07-09T22:33:48.000Z
2377	flutter_weather_forecast	A custom weather forecast widget for Turkey.Weather data provided by the General Directorate of Meteorology.	1.2.0	52.221981357034466	7	7	5	0	coskuncay	justec.dev	MIT	2022-09-23T08:07:35.000Z
2378	awesome_flutter_widgets	Awesome flutter widget is a customized package with easy-to-use, animated widgets from Flutter.	0.5.1	52.21331021027531	2	3	1	0	GiYeongUM		MIT	2022-12-14T11:16:12.000Z
2379	one_logger	Easy to use logger for single line logging. [date level service:module msg]	1.0.4	52.20463906351615	0	0	0	0	buraktabn		MIT	2022-12-14T21:36:51.000Z
2380	reactive_validator	Type safe validation controller with base validators. Allows to manage validation state manually or validate when reactive value changes.	2.0.3	52.19596791675699	6	11	1	0	TatsuUkraine		BSD-3-Clause	2021-08-11T10:54:48.000Z
2381	round_spot	Customizable, easy to use heat map interface analysis library	0.5.0	52.17862562323867	70	31	6	6	stasgora	sgora.dev	MIT	2021-09-11T18:00:20.000Z
2382	alquran_cloud	un-official dart client wrapper for the quran.cloud api consume the holy book of quran	0.0.1	52.12226316930414	25	1	0	0	maxzod		MIT	2021-09-26T18:53:57.000Z
2383	livechat_inc	A flutter livechat plugin for embedding mobile chat window into your mobile application.	0.0.2	52.05289399523087	3	0	1	1	jiankeong		MIT	2020-06-20T13:46:32.000Z
2384	bc_image_editor	Do you need quick image editing? You can do it with this package. It is very useful and quick tool.	0.0.2	52.022544981573816	29	9	0	0	berkayceylan	berkayceylan.com	MIT	2022-08-11T15:37:55.000Z
2385	master_detail_flow	A package that provides a simple master-detail-flow with material 3	2.3.0	52.0052026880555	4	5	3	0	2-5-perceivers		MIT	2022-11-17T11:09:21.000Z
2386	hequest	Simple and hackable request for dart. Built on top of the http package.	0.0.3	52.00086711467592	1	2	0	0	teixeirazeus	thiagoteixeira.dev	MIT	2022-10-20T14:40:14.000Z
2387	freedesktop_desktop_entry	A Dart package for parsing freedesktop (XDG) desktop entries on Linux.	0.4.0	51.996531541296335	0	2	0	0	roscale		MIT	2022-11-07T14:00:51.000Z
2388	lifx_http_api	A dart implementation of the LIFX HTTP API for smart LED bulbs.	0.0.13	51.97485367439844	2	1	0	1	nathanielgreen		MIT	2022-09-20T18:09:14.000Z
2389	flutter_hashtags	A new Flutter package project.	0.0.1	51.95751138088012	0	0	0	0	mateushvenancio		MIT	2022-01-05T15:36:52.000Z
2390	camera_macos	macOS camera package implementation	0.0.5	51.95317580750054	1	0	0	2	riccardo-lomazzi		MIT	2022-11-19T21:11:15.000Z
2391	popup_button	A widget( can be a button) trigger a popup.	0.0.1	51.935833513982224	1	0	0	0	duhongwei		MIT	2022-06-15T07:31:16.000Z
2392	animated_popup_dialog	An animated dialog to display a child, text or textfield in a modern look.	0.0.3	51.93149794060265	2	0	0	0	C4s4r	roundbased.de	BSD-3-Clause	2021-04-23T14:01:44.000Z
2393	screenshot_detector	Flutter plugin that allows you to detect mobile screenshot and execute callback functions on iOS and Android.	2.0.2	51.90982007370475	12	0	0	0	iehsanamiri		MIT	2022-06-26T06:25:53.000Z
2394	pot	An easy and safe DI (Dependency Injection) solution for Dart with support for scoping.	0.4.2	51.90548450032517	2	1	0	0	kaboc	kaboc.cc	MIT	2022-12-14T03:09:34.000Z
2395	heroicons_flutter	Heroicons from Tailwind Labs as Flutter icons set. Includes all solid, outline and mini Heroicons.	0.2.3	51.89247778018643	4	0	0	1	TunNandaAung		MIT	2022-11-10T11:48:32.000Z
2396	graceful	Handle exit signals gracefully and pipe console output to log files.	1.2.0	51.86646433990896	2	1	0	0	doodlezucc		MIT	2022-09-07T23:18:20.000Z
2397	whatsapp_camera	This is a package to open a camera along with a photo gallery, to simplify the steps of the end user	1.0.0	51.85345761977022	14	1	0	0	welitonsousa		MIT	2022-10-23T21:05:36.000Z
2398	flexible_expansion_list	A Flutter widget provide expansion lists in a flexible way.	0.0.2	51.8361153262519	3	0	0	0	horam		MIT	2022-01-22T18:54:22.000Z
2399	check_network	Checking Internet and Testing Server availability with just few line.	0.0.1	51.810101885974426	1	2	1	4	Vedsaga		BSD-3-Clause	2022-09-03T16:30:19.000Z
2400	ngtest	Testing runner and library for AngularDart. This package is necessary to write component tests for AngularDart components.
	4.1.1	51.805766312594834	3	40	4	5	angulardart-community	angulardart.xyz	MIT	2022-12-03T19:31:43.000Z
2401	dart_pubspec_licenses	A library to make it easy to extract OSS license information from Dart packages using pubspec.yaml	2.0.2	51.77108172555821	1	30	9	3	espresso3389	espresso3389.jp	MIT	2022-10-22T13:07:06.000Z
2402	glados	A simple testing framework that tries to break your properties.	1.1.6	51.75807500541947	22	34	9	3	MarcelGarus		MIT	2022-10-18T21:26:48.000Z
2403	nested_navigator_tabs	Tabs with nested navigators and multiple backstack handling stategy. Also includes correct visibility detection for the inner pages.	0.2.3	51.71905484500326	9	4	1	2	Kodam-zz		MIT	2020-11-26T09:50:35.000Z
2404	reactable	a reactive state management library that automatically updates the UI when values of an reactable objects change .It is easy, light, fast and well tested.	0.1.4	51.71471927162368	6	0	0	0	SchabanBo	qlevar.de	MIT	2022-09-26T06:45:10.000Z
2405	koala	A poor man's version of a pandas Dataframe. Collect, access & manipulate related data.	0.1.1	51.70604812486451	8	3	0	0	w2sv		BSD-3-Clause	2022-09-15T20:10:37.000Z
2406	gsm_info	A GSM info plugin.	0.0.1	51.68870583134619	2	1	0	0	danijel-tolj	that-dev.me	MIT	2022-04-06T07:50:09.000Z
2407	screen_observer	Similar to RouteObserver, but watch for screen transitions instead of route	1.0.0	51.662692391068724	0	0	0	0	Danopie		MIT	2021-11-04T02:41:13.000Z
2408	swayze_math	Classes for math operations in the context of a spreadsheet UI	1.1.0	51.64101452417083	5	73	13	5	rows	rows.com	BSD-3-Clause	2022-11-03T00:28:16.000Z
2409	hlc	Dart port of a hybrid logical clock (HLC).	1.0.3	51.62367223065251	1	0	0	0	misha		MIT	2021-12-31T05:30:49.000Z
2410	cosmic_frontmatter	Parse frontmatter from a YAML file. Use this along-side a markdown plugin such as flutter_markdown.	1.0.2	51.59765879037502	2	9	1	1	cosmic-horse		MIT	2021-10-26T08:37:51.000Z
2411	flutter_horizontal_date_picker	A Flutter package to create a Horizontal Date Picker. It will be useful for your awesome app.	1.1.0	51.584652070236295	14	0	1	0	minhhung2556	romanticdeveloper.com	Apache-2.0	2022-05-25T05:47:32.000Z
2412	mangopay_card	A new Flutter package.	0.0.2	51.56730977671798	4	1	3	0	spiritinlife		MIT	2021-10-18T12:38:36.000Z
2413	retrieval	A trie data structure Dart implementation — useful for autocomplete.	1.0.1	51.5629742033384	3	3	2	0	rohanchandra	rohanchandra.dev	BSD-3-Clause	2021-08-01T06:05:58.000Z
2414	bluejay	A curated collection of useful Flutter and Dart widgets, classes, and extensions	1.5.0	51.55430305657923	0	3	0	0	GroovinChip	groovinchip.dev	MIT	2022-06-11T23:31:31.000Z
2415	adonis_websok	Adonis (adonisjs) high level web sockets. Implements the websocket protocol specified by adonisjs.	1.0.3	51.54563190982008	7	6	4	2	ConsoleTVs	erik.cat	MIT	2020-10-02T10:29:46.000Z
2416	simple_block_markup_language	A simple markup language that describes block elements in an easy-to-see format.	1.0.0	51.53696076306091	0	0	0	0	MasahideMori-SimpleAppli		MIT	2022-11-25T11:49:52.000Z
2417	customizable_multiselect_field	A Flutter package that provides a highly customizable multiselect field.	1.0.1	51.52395404292217	11	12	1	4	thoffart		BSD-3-Clause	2021-03-10T19:18:33.000Z
2418	wp_notify	Send push notification from WordPress using Firebase Cloud Messaging. This package automatically pushes your FCM token to WordPress to start sending notifications. Features include the ability to assign a WordPress user with an FCM token and send push notifications to IOS/Android devices using our API in WordPress.	1.0.0	51.51961846954259	21	4	1	0	woosignal	woosignal.com	NOASSERTION	2021-04-13T19:43:41.000Z
2419	mbmessages	MBMessages plugin for MBurger, that lets you manage push notifications and in-app messages.	2.0.4	51.46325601560806	6	0	0	0	Mumble-SRL	mburger.cloud	MIT	2022-11-29T15:33:00.000Z
2420	rabbitx_converter	Rabbit converter with null safety	0.0.1	51.450249295469334	0	4	0	0	saturngod		NOASSERTION	2021-03-27T03:28:49.000Z
2421	mouse_event	Mouse event plugin for Flutter Desktop(Windows)	0.1.1	51.43290700195101	0	0	1	0	rtugeek		MIT	2022-09-13T00:42:33.000Z
2422	bip_topl	SDK for the cryptography components for building Topl blockchain mobile apps using Flutter	0.0.2	51.41122913505312	2	0	1	0	Topl		MPL-2.0	2021-09-10T18:03:29.000Z
2423	selector	Multi type supported platform selector to write functional programming.	3.0.0	51.40255798829395	20	2	2	0	ssk-flutter		MIT	2022-09-25T22:55:40.000Z
2424	stack_canvas	A simple customizable canvas for placing widgets in a free style canvas-like manner by wrapping the widget in a Canvas Object and specifying its offset and size.	0.2.0+2	51.38521569477563	9	1	1	0	Ali-Elganzory	alielganzory.me	MIT	2021-05-14T23:29:40.000Z
2425	blockies_ethereum	Generate metamask kind of blockies with ethereum address.	0.0.2	51.35486668111858	1	0	0	0	Imdavyking		NOASSERTION	2022-10-03T10:10:16.000Z
2426	alphabet_search_view	A scrollable ListView which you can search by dragging, normal scrolling, letter scrolling or letter clicking.	1.0.1	51.34185996097984	4	0	0	0	ericferreira1992		MIT	2022-09-28T18:44:04.000Z
2427	productbarcode	Flutter package for fast search country of product by barcode	1.1.0+5	51.3288532408411	9	1	0	0	BruSD		MIT	2021-05-20T17:35:39.000Z
2428	bluetooth_identifiers	Codification of Bluetooth specificiers for manufacturer & service data.	1.0.5	51.3071753739432	5	4	0	0	LEMUSADR000		MIT	2022-12-01T17:17:48.000Z
2429	seeip_client	A library that makes it easy to fetch data from SeeIP - A simple IP address API.	0.1.2	51.23347062649035	1	1	1	1	madaboutbrighton	madaboutbrighton.net	BSD-3-Clause	2021-06-09T14:05:04.000Z
2430	multi_validator	A starting point for Dart libraries or applications.	1.0.1	51.09906785172339	0	0	0	0	alfredoUcar		BSD-3-Clause	2021-12-25T09:44:43.000Z
2431	objd	objd is an Object Oriented framework for Building Minecraft Datapacks with ease	0.4.4	51.08606113158465	3	37	5	4	Stevertus	stevertus.com	BSD-2-Clause	2022-04-15T20:21:48.000Z
2432	dynamic_tabs	A Flutter plugin for letting the user edit the bottom tabs like the Cupertino iTunes App.	1.1.2	51.08172555820507	9	4	2	1	rodydavis	rodydavis.com	MIT	2021-09-27T18:05:53.000Z
2433	sbt_auth_dart	SBTAuth flutter sdk	0.4.6	51.02536310427054	2	4	0	1	ABMatrix		MIT	2022-12-14T07:36:01.000Z
2434	ficcanaso	The Dart analyzer settings and best practices used. forked from pedantic	4.0.0	51.00368523737264	4	9	2	0	dbbd59	davidebolzoni.com	MIT	2022-05-16T08:12:33.000Z
2435	list_wheel_scroll_view_nls	A flutter project which add scroll direction to ListWheelScrollView allowing you to have horizontal ListWheelScroolView.	0.0.3	50.999349663993065	1	0	0	1	JoDeveloper		MIT	2022-03-09T09:21:56.000Z
2436	scope	A Dependency injection (Inversion of Control) library. Supports nested Scopes and multiple values of the same type.	3.0.0	50.96032950357685	8	2	1	2	onepub-dev	onepub.dev	MIT	2022-10-16T04:01:19.000Z
2437	framy_annotation	Annotations for framy_generator. This package does nothing without framy_generator.
	0.1.5+1	50.95165835681769	29	146	15	31	Fidev-io	fidev.io	LGPL-3.0	2021-08-13T06:41:43.000Z
2438	flutter_native_alert	flutter_native_alert offers the ability to display Android and iOS native dialog and toast	1.2.1	50.925644916540215	4	3	3	0	fengerwoo		BSD-2-Clause	2021-05-02T14:33:20.000Z
2439	docker2	Simple library for viewing and controlling docker images and containers.	2.2.8	50.92130934316064	6	4	4	0	onepub-dev	onepub.dev	MIT	2022-07-20T00:07:40.000Z
2440	lamsz_quran_api	A mixed of offline and cloud Al Quran API for flutter. Basic Al Quran is provided offline	0.0.3	50.851940169087364	6	0	1	0	lamsz	lamsz.id	MIT	2022-09-06T07:06:27.000Z
2441	wearable_communicator	Communication layer between a Flutter project for Android and IOS.	0.0.1	50.83893344894862	21	33	10	4	gardyna		MIT	2022-12-09T18:27:21.000Z
2442	monarch_definitions	Types and channel definitions for Monarch. Monarch is a tool for building Flutter widgets in isolation. It makes it easy to build, test and debug complex UIs.	1.2.0	50.80858443529157	0	334	10	8	Dropsource	monarchapp.io	MIT	2022-12-14T20:57:36.000Z
2443	history_state_notifier	Extends state_notifier to add a history feature that allows for undo/redo operations.	0.0.5	50.80424886191198	15	5	1	0	timcreatedit	timcreated.it	MIT	2022-02-15T09:19:59.000Z
2444	pop_network	The plug-in built to simplify internet requests, validate the internet and help the developer to make good use of the API's.	0.0.13	50.77823542163451	2	1	0	1	PopcodeMobile	popcode.com.br	NOASSERTION	2022-09-09T18:15:31.000Z
2445	sql_recase	A set of functions used to transform map keys in camelCase or snake_case. Please take a look at dart_mssql package for a usage example	0.2.2	50.75655755473662	0	26	6	7	MoacirSchmidt		BSD-2-Clause	2019-09-23T22:26:13.000Z
2446	handy_extensions	Handy Extension is just a simple library with extensions to the core libraries to make them more handy and quicker to use.	0.0.8+1	50.74788640797746	3	3	1	0	iamngoni	iamngoni.co.zw	NOASSERTION	2022-11-25T12:28:44.000Z
2447	rotation_stage	A four-sided stage for representing 3D objects with four widgets	0.1.0	50.73487968783872	3	0	0	0	fyzo-dev		MIT	2022-10-17T12:10:53.000Z
2448	cached_value	A simple way to cache values that result from rather expensive operations.	0.2.0	50.73054411445914	13	27	2	1	bluefireteam	blue-fire.xyz	MIT	2022-08-16T11:05:33.000Z
2449	toor	Compile-time safe and easy to manage service locators.	1.2.1	50.69152395404293	5	5	1	0	f-person	fperson.dev	MIT	2022-12-03T17:21:39.000Z
2450	list_picker_dialog_plus	List Dialog Picker with search and keyboard navigation.	0.0.2	50.682852807283766	4	1	0	0	crawlinknetworks	crawlink.com	MIT	2021-06-10T05:14:48.000Z
2451	button3d	Simple 3D button for Flutter	0.1.1	50.67851723390419	8	5	4	2	nguyenvanduocit		MIT	2021-07-14T12:52:29.000Z
2452	snap	An extensive snap tool/widget for Flutter that allows very flexible snap management and snapping between your widgets.	2.0.0	50.66551051376544	19	101	6	2	aliyigitbireroglu	cosmossoftware.coffee	MIT	2021-05-04T11:32:59.000Z
2453	flutter_tailwindcss_defaults	This library provides Tailwind CSS default colors and theme for Flutter	0.2.0	50.65683936700629	2	0	0	0	fabianMendez	fabianmendez.dev	BSD-3-Clause	2021-04-04T04:19:45.000Z
2454	reorderable_carousel	A carousel in that allows one to reorder the contents of it via drag and drop	0.4.0+1	50.622154779969655	12	4	4	0	TNorbury	tylernorbury.com	MIT	2022-08-24T17:44:28.000Z
2455	firebase_notification_scheduler	Package to schedule firebase notifications in cloud	0.0.2	50.58747019293301	2	0	0	0	magnolabs	magnolabs.in	MIT	2022-04-09T12:16:35.000Z
2456	dart_minecraft	Utilities for Minecraft and Mojang Web-APIs, authentication, and using NBT Files.	0.5.2	50.55712117927595	13	10	2	0	spnda		MIT	2022-11-16T13:30:56.000Z
2457	riverpod_persistent_state	Persistent store for riverpod package based on hive	2.0.0	50.50942987210058	2	0	0	0	massa-org		MIT	2022-11-02T21:22:53.000Z
2458	renderer	A Falcon micro-framework package to manage UI states reactively based on custom BLoC and reactive extenstions	0.0.19	50.487752005202694	0	0	0	2	AKWAD-Dragons		BSD-3-Clause	2022-02-02T14:23:20.000Z
2459	google_ml_face_detection	A standalone face recognition extracted from google_ml_kit_plugin.	0.0.3	50.483416431823116	1	0	1	1	danjodanjo		MIT	2021-11-08T07:58:36.000Z
2460	extensions_pack	Collection of dart extensions.	1.1.1	50.461738564925206	0	1	0	0	jorgelrj		MIT	2022-03-23T12:00:21.000Z
2461	stx_data_search	General search package for dart collections.	1.0.2	50.45306741816605	0	0	0	0	VolodymyrSydorko		MIT	2022-03-01T19:31:02.000Z
2462	stx_easy_localization_generator	Easy localization generator.	1.0.1	50.44873184478648	0	0	0	0	VolodymyrSydorko		MIT	2022-05-26T16:22:40.000Z
2463	volc_engine_rtc	This Flutter plugin provides rtc sdk native APIs for you to implement real-time audio & video communication functions in your application.	3.46.1	50.43572512464773	3	1	0	1	volcengine	volcengine.com	MIT	2022-11-14T13:28:45.000Z
2464	pagseguro_flutter	Facilitando os métodos de pagamento com o PagSeguro, implemetamos o PlugPag, agora Flutter e as maquininhas ficam perfeitas.	0.0.6	50.40537611099067	11	9	5	2	gabuldev	gabul.dev	NOASSERTION	2020-06-01T14:13:55.000Z
2465	dimens	Android-like dimens generator	0.0.6	50.39670496423152	2	1	1	1	vasyafromrussia		MIT	2021-07-08T12:39:41.000Z
2466	date_form_field	DateFormField wraps a TextField and integrates it with the enclosing Form. This provides additional functionality, such as validation and integration with other FormField widgets.	0.0.2	50.36202037719488	4	2	1	0	sanpyaelin	sanpyaelin.dev	BSD-3-Clause	2020-09-07T12:18:14.000Z
2467	dart_discord_rpc	Discord Rich Presence for Flutter & Dart apps & games.	0.0.2	50.3576848038153	10	22	3	2	alexmercerind		MIT	2022-08-15T12:41:46.000Z
2468	widget_tree_depth_counter	Widget to count the amount of nested widget tree, useful in the dynamic construction of the interface when it is important to know the depth of widget.	1.0.1	50.34901365705614	10	4	1	0	rickypid	rcprogrammer.net	BSD-3-Clause	2022-01-25T13:43:59.000Z
2469	vk_login	Service for authorization via VK. Authorization takes place via webview. You do not need to have a registered VK standalone application	1.0.1	50.30132234988077	1	2	1	1	kuthort		BSD-3-Clause	2021-08-13T12:54:09.000Z
2470	klutter	The Klutter Pub Plugin makes it possible to write a Flutter plugin for both Android and iOS using Kotlin only.	0.2.4	50.29698677650119	32	31	0	1	buijs-dev	buijs.dev	MIT	2022-09-10T14:41:44.000Z
2471	video_compressor	A flutter plugin used to compress the videos with customized configurations	0.0.5	50.29265120312161	0	0	1	0	DSTKCA		MIT	2022-07-02T02:27:29.000Z
2472	ristek_material_component	Material Design Component for future Ristek Universitas Indonesia project	0.0.15	50.266637762844134	15	1	0	0	fauziridwan1709		MIT	2022-09-21T03:32:02.000Z
2473	base_api_client	Base API Client to handle API calling and errors easily with loading.	0.0.3	50.24062432256666	3	1	0	0	swarupbhc		MIT	2021-08-20T17:40:44.000Z
2474	flutter_batteries	A set of typical classes, extensions and utilities for dart and flutter that help in development.
	0.0.6-dev	50.20593973553002	1	10	1	7	PlugFox	plugfox.dev	MIT	2022-07-17T13:50:37.000Z
2475	responsive_navigation	A HOLISTIC approach to get your Bleeding Edge flutter app to work on all devices.	1.0.1	50.14090613483633	0	0	0	0	OutdatedGuy	outdatedguy.rocks	BSD-3-Clause	2022-08-18T19:23:57.000Z
2476	eartho_one	Login and authentication of all sources with 1 line of code ! Google, Twitter, Github, Facebook, Apple, Microsoft, Twitch, SMS, Metamask, VK	1.2.3	50.12356384131802	43	8	0	1	eartho-group	eartho.world	Apache-2.0	2022-08-16T14:42:12.000Z
2477	binance_futures	Unofficial Dart wrapper for Binance SPOT API (REST endpoints + Websockets).	0.0.1	50.114892694558854	4	3	0	0	AmauryBuguet		MIT	2022-03-16T18:37:36.000Z
2478	remedi_permission	A new Flutter package.	0.3.0	50.097550401040536	0	1	0	0	studio-b-co-kr		BSD-3-Clause	2022-10-31T01:57:16.000Z
2479	nagraj_utils	Just first package.	0.0.2	50.08887925428138	0	0	0	0	nagraj0308		Apache-2.0	2022-11-17T10:35:51.000Z
2480	flutter_direct	Design System for Home Credit Indonesia Tippers App.	0.1.0	50.01083893344895	2	3	3	0	oss-homecredit-id	teknokarma.com	MIT	2021-07-08T05:06:09.000Z
2481	realm_generator	Generates RealmObject classes from Realm data model classes. This package is part of the official Realm Flutter and Realm Dart SDKs.	0.8.0+rc	49.99783221331021	1	525	44	123	realm	realm.io	Apache-2.0	2022-12-17T13:07:01.000Z
2482	route_animation_helper	RouteAnimationHelper class, assists you to animate your route transitions.	2.0.0+7	49.98482549317147	9	0	0	0	gerominoapps	geromino-apps.com	MIT	2021-06-13T20:31:20.000Z
2483	context	Set of utility functions for flutter android.	0.0.2	49.963147626273575	1	0	0	0	xclud		MIT	2021-01-25T15:56:17.000Z
2484	dump_widget_tree	Flutter helper function that print Widget/Element/RenderObject/Layer trees, side-by-side.	0.1.3	49.93713418599609	5	7	2	0	Ticore		MIT	2020-04-27T23:21:28.000Z
2485	step_tracker	A Flutter Step Tracker plugin for collect information from user and display progress through a sequence of steps.	0.0.4	49.92412746585736	2	5	1	0	Roshannahak		MIT	2022-10-27T07:06:49.000Z
2486	stager	A Flutter productivity tool that allows developers to isolate pieces of UI.	0.1.0	49.90678517233904	1	0	1	11	bryanoltman		MIT	2022-09-15T21:05:07.000Z
2487	social_share_plus	A plugin supports variety of sharing contents and sharing platforms.	0.0.3	49.86342943854325	4	0	0	0	chejdj		MIT	2022-09-19T12:20:15.000Z
2488	etch	A simplified, declarative way to use CustomPainter in Flutter	0.2.2	49.84175157164535	80	57	1	1	deven98	joshi.dev	BSD-2-Clause	2022-04-23T20:05:52.000Z
2489	eo_color	An elegant, object-oriented implementation of the color palettes and swatches of the Material Design standard; an alternative to Flutter's built-in colors.	2.2.0	49.7463689572946	17	8	2	1	dartoos-dev	dartoos.dev	MIT	2022-09-16T22:05:21.000Z
2490	json_ld_processor	JSON-LD Processor according to JSON-LD Processing API 1.1 with support for URDNA2015 normalization.	1.0.0	49.71168437025797	0	1	0	0	b2cm		BSD-3-Clause	2022-09-23T08:14:56.000Z
2491	easy_form_kit	A set of widgets for processing form field data in one common handler. Convenient for saving data to a database, sending via API, etc.	4.1.0	49.69434207673965	6	5	2	0	andyduke	amazingsoftworks.com	BSD-3-Clause	2022-05-15T17:33:03.000Z
2492	instagram_share_plus	Plugin allowing to share images or videos to Instagram	0.0.3	49.67699978322133	4	1	1	3	milan-ciganovic		MIT	2021-07-12T13:08:09.000Z
2493	agconnect_appmessaging	You can use App Messaging of AppGallery Connect to send relevant messages to target users.	1.5.0+300	49.616301755907216	1	9	1	3	AppGalleryConnect		Apache-2.0	2022-12-07T01:06:33.000Z
2494	reactives	A new way to extract/group/reuse common logic of StatefulWidget. Think of them like React hooks but for and of flutter.	0.2.0	49.61196618252764	35	28	5	4	ripemango	ripemango.us	BSD-3-Clause	2022-05-02T20:41:59.000Z
2495	blockies	A tiny library for generating blocky identicons. Port of JS library @download/blockies.	0.1.2	49.60329503576848	0	0	0	0	nextchapterstudio	thenextchapter.studio	MIT	2022-07-07T04:14:23.000Z
2496	sigepweb	Utilize serviços dos Correios no seu App como buscar CEP ou calcular preços e prazos de encomendas	1.0.8	49.59462388900932	16	5	1	3	marcobraghim		MIT	2021-03-12T20:33:04.000Z
2497	simple_date	A simple date model for Dart.	1.0.0	49.58161716887059	9	4	0	0	jeroen-meijer	jfk.dev	MIT	2021-08-14T01:44:20.000Z
2498	better_audio_picker_plugin	Audio picker for Flutter.	0.0.6	49.555603728593105	0	0	0	0	WangYng		BSD-2-Clause	2022-01-15T02:37:55.000Z
2499	thirds	SHA-3, BLAKE3, and EdDSA/Ed448 implementations in Dart, with EdDSA/Ed448 JWT support	0.2.0-alpha.1	49.46022111424236	0	0	0	0	mnito	mike.nitow.ski	BSD-3-Clause	2022-04-10T20:11:01.000Z
2500	reactive_cupertino_slider	Wrapper around CupertinoSlider to use with reactive_forms.	0.4.0	49.421200953826144	1	47	23	2	artflutter		MIT	2022-12-15T16:51:57.000Z
2501	dateable	A Dart package to help you with managing dates easily. Can be used to store, format, convert, construct, parse and serialise dates.	3.0.0+3	49.38651636678951	17	6	0	0	SugaR256	jakubkrapiec.dev	MIT	2021-12-02T21:14:00.000Z
2502	table_plus	The plugin supports the table search and export option to export CSV files.	1.0.8	49.33882505961413	10	0	1	0	ITPLMobilePlugins		MIT	2022-01-24T06:39:31.000Z
2503	interactive_i18n	Package for translation and let user choose the language	0.0.3	49.256449165402124	1	0	0	0	ivofernandes	incaview.com	MIT	2022-12-07T00:41:58.000Z
2504	widget_crop	Crop for Flutter. Crop any widget/image in Android, iOS, Web and Desktop with fancy and customizable UI, in 100% pure Dart code.	0.0.1	49.239106871883806	0	1	0	0	kitimark		MIT	2021-09-17T03:20:48.000Z
2505	dragdropwindows	A Flutter plugin modify windows style to accept Drag&Drop text or files.	0.0.3	49.23043572512465	2	2	1	0	xuqiqiang		BSD-3-Clause	2022-10-18T09:48:20.000Z
2506	platform_widgets	A Flutter plugin for Platform widgets. This package simplifies the usage of specific widgets for both Android and iOS.	0.1.1	49.165402124430955	6	3	1	4	Flutterista	flutterista.dev	BSD-3-Clause	2021-03-19T09:51:09.000Z
2507	moye	A lightweight Flutter package that aims to reduce the amount of code needed to build beautiful UI.	0.0.6	49.152395404292214	0	0	0	4	mohyghb	mohyaghoub.com	NOASSERTION	2022-05-23T17:34:36.000Z
2508	butter	A thin application framework for flutter making use of async_redux	1.6.2	49.06568393670063	6	8	0	0	kbaylosis	zoogtech.com	MIT	2022-06-21T04:40:17.000Z
2509	weather_animation	The package contains beautiful weather animations. Easy setup with the weather configurator!	0.0.1	48.98330804248862	8	1	0	6	PackRuble		Apache-2.0	2022-11-28T13:16:05.000Z
2510	bottom_sheet_scroll_physics	A custom ScrollPhysics for bottom sheets with nested scroll views.	1.0.0	48.95295902883156	2	1	1	0	weakvar		BSD-3-Clause	2022-11-07T21:18:35.000Z
2511	pubspec_lock_parse	Simple package for parsing pubspec.lock files with a type-safe API and rich error reporting.	2.2.0	48.91827444179493	1	3	1	0	matthewnitschke		NOASSERTION	2022-10-15T18:45:34.000Z
2512	flutter_lints_plus	Recommended lints for Flutter apps, packages, and plugins to encourage good coding practices.	2.0.1	48.91393886841534	2	1	0	0	ronjb	ronbooth.com	MIT	2022-06-06T12:11:25.000Z
2513	remedi_vimeo_player	This package provide 2 fucntions. First is getting vimeo resource data, Seconds play vod or live streaming in BetterPlayer.	0.2.1	48.90960329503577	3	3	3	2	studio-b-co-kr		BSD-3-Clause	2022-09-30T00:10:17.000Z
2514	appmetrica_push	The AppMetrica Push SDK is a set of libraries for working with push notifications.	1.0.0	48.90526772165619	7	6	0	4	MadBrains	madbrains.ru	MIT	2022-09-09T11:32:46.000Z
2515	r_crypto	Rust backend support crypto flutter library, much faster than Dart-implementation library, light-weight library. Some crypto support hardware accelerate.	0.5.0	48.87491870799913	7	27	6	1	TinoGuo	tinocheng.app	MIT	2022-08-07T07:03:36.000Z
2516	sunrise_sunset	Dart API that provides sunset and sunrise times for a given latitude and longitude	1.0.4	48.78387166702797	10	8	0	1	aeyrium	aeyrium.com	GPL-3.0	2020-04-13T06:33:20.000Z
2517	convenient_test_common_dart	Write and debug tests easily, with full action history, time travel, screenshots, rapid re-execution, video records, interactivity, isolation and more	1.2.1	48.76219380013006	1	323	18	11	fzyzcjy	cjycode.com	MIT	2022-12-17T13:46:13.000Z
2518	l10n_translator	Allows you to easily provide translations of your local text to other supported languages.	4.1.1	48.75352265337091	0	4	0	0	AndriousSolutions	andrioussolutions.com	NOASSERTION	2021-12-20T03:50:22.000Z
2519	journey	This package helps you run one-time migrations in your app incrementally, while trying to reduce impact on app start-up time as much as possible.	1.1.1	48.74051593323217	4	2	0	0	JordyLangen	jordylangen.com	MIT	2022-02-19T13:40:09.000Z
2520	dial_picker	A simple widget to pick Duration values. Forked with updated dependencies from https://github.com/juliansteenbakker/duration_picker.	1.0.1+1	48.727509213093434	1	0	1	1	rilpires		MIT	2022-09-14T17:51:48.000Z
2521	angular_sentry	Helper to implements sentry with Angular	0.1.0	48.72317363971385	1	9	1	0	leftyio		MIT	2021-10-23T13:31:42.000Z
2522	meta_validator	A tidy utility to handle validation of strings like a pro. It provides support for both iOS, Android, Web, Linux platforms (offcourse).	0.0.2	48.67548233253848	23	8	1	0	abhishh1		MIT	2022-04-23T06:52:46.000Z
2523	xml_crypto	Xml digital signature library for Dart. For signing and verifying XML documents.
	2.1.4	48.65814003902016	2	1	1	2	rikulo	quire.io	MIT	2022-10-05T10:49:37.000Z
2524	graphql_cache_inspector	A Flutter Plugin that helps to inspect the graphql cache on device.	0.0.2+1	48.649468892261	1	1	0	0	sodality-tech		BSD-3-Clause	2022-08-30T08:56:24.000Z
2525	m_login_sdk	Flutter-native SDK to simply access the M-Login identity- and user-data system.	0.7.0	48.61478430522437	2	2	0	1	SWM-IT		BSD-3-Clause	2022-12-07T16:16:17.000Z
2526	bouncy_widget	A simple bouncing widget.	2.0.1	48.610448731844784	4	1	0	0	sshipman		MIT	2022-05-27T23:49:04.000Z
2527	colorful_print	R-Dap is a young team from Taiwan, this package can print colored message on the terminal at the place you want to print conspicuously.	0.1.2	48.593106438326465	4	0	0	0	Ryan45758	r-dap.com	BSD-3-Clause	2021-06-14T11:37:55.000Z
2528	fresh_grpc	An grpc link for token refresh. Built on top of package:grpc and manages authentication tokens transparently.	0.3.0	48.58443529156731	0	0	1	0	amondnet		MIT	2021-06-16T04:56:13.000Z
2529	apple_health_clinical_records	Fetch clinical records from apple health in form of FHIR json.	0.0.3	48.55408627791025	1	0	0	0	mayank042		MIT	2022-07-08T12:29:01.000Z
2530	dooz_color_picker	A Flutter package that provides widgets to enable a user to select a color and some other params of a RGB light using circular sliders.	0.1.0	48.52807283763278	1	3	0	0	OZEO-DOOZ		BSD-3-Clause	2022-03-05T18:13:05.000Z
2531	dart_bip21	A BIP21 compatible URL encoding package developed for DartLang.	1.0.0	48.51506611749404	0	0	0	0	dart-bitcoin-lib	mahsumurebe.com	MIT	2021-12-21T23:24:07.000Z
2532	tezart	A Dart library to connect to Tezos clients. Send transactions and interact with smart contracts!	2.0.5	48.51073054411446	11	21	10	10	moneytrackio	moneytrack.io	MIT	2022-10-27T18:55:16.000Z
2533	persistent_context	A Flutter widget that provides a simple and synchronous interface to store persistent variables, relying on shared preferences under the hood	0.0.2	48.49338825059614	2	0	0	0	alesdi		BSD-3-Clause	2021-08-13T20:56:18.000Z
2534	voltron_ffi	voltron ffi module	0.0.1	48.4803815304574	0	7221	855	25	Tencent	openhippy.com	Apache-2.0	2022-12-16T12:17:56.000Z
2535	bonsoir_linux_dbus	Linux platform interface for bonsoir package. This package is useful for Linux desktop systems where Avahi is a commonly installed mDNS daemon.	0.2.0	48.46737481031867	2	5	3	0	Piero512		MIT	2022-08-03T13:29:00.000Z
2536	enhanced_meteorify	Carefully extended meteorify package to interact with the Meteor framework.
Connect your web or flutter apps, written in Dart, with the Meteor framework.
	3.2.0	48.44569694342077	7	3	3	2	wendellrocha		BSD-2-Clause	2022-07-04T20:00:26.000Z
2537	hooks_state_notifier	Flutter hooks for StateNotifier.	1.0.0	48.441361370041186	9	0	0	0	TarekkMA		MIT	2021-10-09T19:01:54.000Z
2538	rating_summary	Create a summary statistic Widget to display the rating and average rating of a product.	1.0.1+1	48.398005636245394	17	0	0	0	floodoo	flo-dev.me	MIT	2022-11-02T19:47:17.000Z
2539	text_analysis	Tokenize text, compute readibility scores for a document and evaluate similarity of terms.	1.0.0+2	48.337307608931276	0	5	0	0	GM-Consult-Pty-Ltd	gmconsult.dev	NOASSERTION	2022-11-25T06:15:57.000Z
2540	dqoi	A Dart implementation of the "Quite OK Image Format", with a command line interface for console use and a library for use in applications.	1.2.0	48.332972035551705	2	4	0	0	JaffaKetchup	jaffaketchup.dev	AGPL-3.0	2022-09-18T17:05:27.000Z
2541	cross_file_picker	A package that allows you to use the native file explorer to pick single or multiple files/image/video, with extensions filtering support.	0.1.0	48.29395187513549	3	2	1	1	BreX900		MIT	2022-10-06T09:32:52.000Z
2542	single_value_cubit	Simple single value cubit. Works as a simple state manager for inputs, scrolls, flags etc. Works best as injected and observed by other blocs/cubits.	1.0.0	48.23758942120095	1	0	0	0	thecodebrothers	thecodebrothers.pl	Apache-2.0	2022-07-08T23:09:14.000Z
2543	eventstore_client	A community developed gRPC client library for EventStoreDB. EventStoreDB is an open-source, functional database with Complex Event Processing capabilities.	0.7.1	48.23325384782137	3	3	0	0	DISCOOS	discoos.org	BSD-2-Clause	2022-11-05T17:13:27.000Z
2544	simple_chess_board	A simple chess board widget which do not handle game state, but with several options for board orientation, adding arrows, and others.	0.6.2	48.228918274441796	3	2	0	0	loloof64		MIT	2022-12-12T10:54:55.000Z
2545	nasa_apis	A wrapper for the NASA Open APIs with caching and helpful utilities for seamless integration.	0.0.4	48.19856926078474	0	0	0	0	voidari	voidari.com	MIT	2022-12-04T22:08:27.000Z
2546	rrule_generator	RRuleGenerator is a widget for generating recurrence rules, such as described in the iCalendar RFC	0.2.0	48.19423368740516	8	2	1	0	tkortekaas	jelter.net	ISC	2022-12-15T18:43:00.000Z
2547	multi_crop_picker	instagrammable multi crop picker. this package do multiple image select, with ratio, length, grid(crossAxisCount), etc args. (crop featrue based on xclud/flutter_crop, gallery feture based on CaiJingLong/flutter_photo_manager)	0.0.5	48.17255582050726	5	1	1	0	ukkoon		MIT	2022-04-05T02:19:34.000Z
2548	kraken_webview	Kraken `<iframe />` tags support.	2.5.0	48.1638846737481	1	11	8	3	openkraken	openkraken.com	Apache-2.0	2022-06-24T11:25:14.000Z
2549	flutter_settings_screen_ex	A Simple plugin to implement settings UI screens for your flutter apps. Customize what you want, From UI elements, behaviour or underlying storage library. This library is a null compliant version of flutter_settings_screens.	0.0.1+5	48.142206806850204	0	142	59	26	GAM3RG33K		MIT	2022-11-22T14:25:42.000Z
2550	cloudimage_360_view	A simple, interactive resource that can be used to provide a virtual tour of your product.	1.0.3	48.13787123347063	40	7	0	2	abdelrahmanmostafa21		MIT	2022-05-08T21:37:42.000Z
2551	flutter_nakama	Nakama is an open-source scalable game server that lets you focus on building games.	0.2.0	48.124864513331886	1	0	0	0	aminalaee		MIT	2022-09-09T09:44:06.000Z
2552	anni_mpris_service	D-Bus MPRIS controls for Linux.	0.1.0	48.11185779319315	2	0	0	0	ProjectAnni	anni.rs	Apache-2.0	2022-09-06T15:27:58.000Z
2553	kraken_video_player	Kraken video player plugin.	2.5.0	48.09885107305441	1	11	8	3	openkraken	openkraken.com	Apache-2.0	2022-06-24T11:25:14.000Z
2554	collection_providers	A group of pre-built providers the wrap the basic dart collections - list, set, map	0.2.0+1	48.064166486017776	3	1	1	0	flutter-institute	flutter.institute	BSD-3-Clause	2022-09-27T20:54:56.000Z
2555	auto_animated_icon	A Flutter package to simplify the process of creating an AnimatedIcon	1.1.4	48.0598309126382	2	3	0	0	Arjunraj-k		MIT	2021-07-15T15:54:01.000Z
2556	mindful_minutes	A Flutter plugin for saving mindful minutes to Apple Health.	1.0.2+2	48.04248861911988	4	2	0	0	nohli	achim.io	BSD-3-Clause	2022-11-29T07:09:53.000Z
2557	path_animator	A flutter package to draw path with animation on the canvas	0.0.1	48.02948189898114	11	27	1	0	DevsOnFlutter	hackthedeveloper.com	BSD-3-Clause	2022-04-10T05:47:55.000Z
2558	starxpand	A flutter wrapper around the Star Micronics StarXpand API.	0.0.2	48.02514632560156	0	2	1	0	ovatu		MIT	2022-09-13T06:48:21.000Z
2559	pos	Dart Implementation of the ISO-8583 banking protocol for Point of Sale (POS) Devices.	0.3.1	48.00780403208324	3	11	2	0	xclud	pwa.ir	MIT	2022-05-03T09:53:32.000Z
2560	ir_datetime_picker	Iranian (Persian - Farsi - Shamsi - Jalali) DateTime picker with cupertino style and responsive UI.	3.0.1	47.9947973119445	4	5	0	0	alikhajavi74		MIT	2022-09-30T04:29:34.000Z
2561	voltron	A flutter plugin project to render hippy page.	0.0.7	47.98179059180577	0	7221	855	25	Tencent	openhippy.com	Apache-2.0	2022-12-16T12:17:56.000Z
2562	jars	JARS is a super-effective and lightweight solution for Flutter.	0.0.5	47.96878387166703	8	1	1	0	rahulsharmadev-community		MIT	2022-11-14T18:59:20.000Z
2563	bitalino	A Flutter plugin that integrates the communication with BITalino devices.	2.0.1	47.95577715152829	3	1	2	0	afonsocraposo	scientisst.com	GPL-3.0	2022-05-05T17:17:35.000Z
2564	dotenv_gen	Generate environment variable dart files from an `.env` file.	0.0.2	47.95144157814871	1	0	0	0	North101		MIT	2022-06-23T09:43:55.000Z
2565	mastodon_oauth2	Provides the optimized and easiest way to integrate OAuth 2.0 with Mastodon API in Flutter.	0.1.1	47.94710600476913	8	6	1	2	mastodon-dart	shinyakato.dev	BSD-3-Clause	2022-12-14T05:43:13.000Z
2566	grab	A flutter package providing BuildContext extension methods to trigger a rebuild on change in Listenable (ChangeNotifier, ValueNotifier, etc).	0.3.0+1	47.942770431389555	10	5	0	0	kaboc	kaboc.cc	MIT	2022-12-03T14:15:58.000Z
2567	dchisel	A simple dart web framework for create REST API. DChisel support Custom Middleware and Mysql & PostgreSQL ORM.	1.1.0+13	47.929763711250814	46	22	3	2	alalawy	alphacsoft.com	BSD-3-Clause	2022-12-01T12:22:30.000Z
2568	vite	A dart library for the Vite blockchain. Send transactions and interact with smart contracts!	0.3.1	47.899414697593755	0	1	1	0	viterium	viterium.io	MIT	2022-09-30T11:30:04.000Z
2569	fit_curve	Dart implementation of Philip J. Schneider's \"Algorithm for Automatically Fitting Digitized Curves\" from the book \"Graphics Gems\"	1.0.4	47.88207240407544	1	3	0	0	bjartebore		MIT	2021-08-04T11:11:20.000Z
2570	secure_control_protocol	Dart client library for secure-control-protocol devices (see https://github.com/HouseOS/secure-control-protocol)	0.0.11	47.87773683069586	1	2	1	2	houseos		GPL-3.0	2022-03-18T10:49:37.000Z
2571	face_detection	A flutter plugin for detecting face and detecting landmark on face, it use Go language for native	0.0.6	47.84738781703881	3	2	0	1	thuanpham98		MIT	2022-08-23T12:03:41.000Z
2572	flutter_screen_capture	A plugin to capture the entire screen or part of it on desktop platforms.	1.0.2	47.82137437676133	12	9	0	3	albemala	albemala.me	MIT	2022-09-09T16:59:10.000Z
2573	bd_l10n	Tools that help manage localization for a dart/flutter application.	1.2.0	47.75200520268806	7	1	1	2	bitsydarel		BSD-3-Clause-Clear	2022-09-06T08:05:36.000Z
2574	asset_fill	A package to generate assets in pubspec.yaml. Goes throw all the subdirectories in assets folder.	1.0.1	47.747669629308476	9	3	2	0	L3odr0id		MIT	2022-12-01T12:53:07.000Z
2575	shelf_helmet	A port of the NodeJS helmet package to Dart. Helmet helps you secure your Dart Shelf/Frog apps by setting various HTTP headers.	1.1.0	47.73032733579016	6	2	0	0	jxstxn1	jxstxn.dev	Apache-2.0	2022-12-05T18:13:45.000Z
2576	data_format	Flutter library to format data into readable form.	0.0.3	47.721656189030995	1	0	0	0	hsbijarniya	ensorta.com	MIT	2022-03-02T12:13:26.000Z
2577	shared_preferences_debugger	Debugger for `shared_preferences` plugin	0.0.6	47.717320615651424	0	0	0	0	HTsuruo	htsuruo.com	MIT	2022-10-09T08:28:31.000Z
2578	flutter_versio_frigidus	A tool for easily selecting Flutter version on project basis	1.1.0	47.6999783221331	1	3	0	0	stelynx		GPL-3.0	2021-10-05T11:48:47.000Z
2579	fancy_cursor	Make your web site look unique with simple yet powerful custom cursor package for you app.	0.1.2	47.69130717537394	25	8	2	0	ZeshanGIT		MIT	2022-08-13T21:38:11.000Z
2580	runtime_lints	Recommended linting/analysis rules for OpenRuntime Github Organization	0.4.0	47.673964881855625	2	0	0	0	open-runtime	runtime.dev	MIT	2022-06-15T22:17:39.000Z
2581	skeletor	It provides an elegant way to show skeleton animation.	0.0.3	47.660958161716884	2	0	0	0	markgravity		MIT	2021-05-14T09:52:12.000Z
2582	pano_rtc	Flutter plugin for PanoRtc SDK.	1.0.7	47.65662258833731	0	2	0	0	PanoVideo	pano.video	BSD-3-Clause	2022-03-25T06:58:50.000Z
2583	sunmi_printer_service	商米打印服务	0.1.3	47.64795144157815	2	0	2	0	laiiihz	laihz.tech	MIT	2021-10-20T01:23:06.000Z
2584	uni_payments	A Flutter plugin for making payments via razorpay, paystack, paytm and flutterwave Payment Gateway for accepting online payments in Flutter app.	0.0.2	47.58725341426403	13	5	2	4	NehilKoshiya		MIT	2022-05-25T09:44:25.000Z
2585	maths	Advanced Math library for Dart with support for Complex, FFT and Convolutions.	0.0.2	47.56123997398656	1	0	0	0	xclud		MIT	2022-11-07T10:32:44.000Z
2586	json_at	Dart implementation of RFC 6901 JSON pointer specification .
	2.1.0	47.48319965315413	2	5	0	0	Softmotions	softmotions.com	MIT	2021-06-22T03:45:15.000Z
2587	i10n_translator	Allows you to easily provide translations of your local text to other supported languages.	2.2.1	47.46585735963581	5	4	0	0	AndriousSolutions	andrioussolutions.com	NOASSERTION	2021-12-20T03:50:22.000Z
2588	dart_base_x	Fast base encoding / decoding of any given alphabet using bitcoin style leading zero compression.	1.0.0	47.461521786256235	0	0	0	0	dart-bitcoin-lib	mahsumurebe.com	MIT	2021-11-22T12:27:17.000Z
2589	progress_value_button	A Flutter package that creates a progress button with smooth animation with the supplied value in percentage.	0.0.1	47.43984391935834	2	1	0	0	shrijanRegmi		BSD-3-Clause	2021-08-01T05:14:48.000Z
2590	flutter_series	Improved row and column widgets to include spacing and interleaved dividers.
	0.1.2	47.4051593323217	2	0	0	0	danjoemybro	danjoemybro.dev	NOASSERTION	2022-01-11T16:27:20.000Z
2591	opensea_dart	dart wrapper for opensea REST API the api for NFT's through OpenSea, made for dart and flutter	0.0.2	47.40082375894212	6	1	3	2	copypasteearth		MIT	2022-11-27T03:26:10.000Z
2592	access_control	Check access control via permissions.	0.9.0	47.39215261218296	0	0	0	0	karbunkul		MIT	2022-05-23T07:56:15.000Z
2593	swipe_plus	Simple way to implement horizontal drag interaction.	0.8.1	47.357468025146325	10	2	0	0	DK070202		MIT	2022-11-06T17:08:39.000Z
2594	itertools	Package for advanced simple and easy work with Dart iterators	0.2.4	47.344461305007584	5	4	0	0	avdosev		MIT	2022-04-05T08:19:11.000Z
2595	datadog_grpc_interceptor	A plugin for use with the DatadogSdk, used to track performance of gRPC and enable Datadog Distributed Tracing.	1.0.0-beta.1	47.34012573162801	1	17	12	7	DataDog	datadoghq.com	Apache-2.0	2022-12-16T21:24:54.000Z
2596	yonomi_platform_sdk	The Yonomi Platform SDK aims to lower the curve to getting an application connected to the Yonomi Platform and working with objects in the IoT domain.	5.2.1	47.32278343810969	3	2	0	1	Yonomi	yonomi.co	Apache-2.0	2022-12-16T18:10:22.000Z
2597	raavailability	Plugin to check if AR is available on android and ios devices.	0.1.6	47.31411229135053	1	1	1	0	gabrielchaves7		NOASSERTION	2020-06-19T13:18:03.000Z
2598	reactive_dropdown_field	Wrapper around DropdownButton to work with reactive_forms	0.4.0	47.30544114459137	1	47	23	2	artflutter		MIT	2022-12-15T16:51:57.000Z
2599	agconnect_cloudfunctions	AppGallery Connect Cloud Functions plugin for Flutter. Cloud Functions enables serverless computing.	1.5.0+300	47.27075655755474	2	9	1	3	AppGalleryConnect		Apache-2.0	2022-12-07T01:06:33.000Z
2600	daktela_connector	Daktela Connector is SDK by Daktela s.r.o. for Dart/Flutter apps that allows you communicate with standard Daktela V6 REST API.	1.0.5	47.24907869065684	3	0	0	0	Daktela	daktela.com	Apache-2.0	2022-09-22T15:04:55.000Z
2601	wav_io	Wave audio files IO for dart	1.0.0	47.24474311727726	1	1	1	0	gnudles		MIT	2022-06-15T12:16:05.000Z
2602	flutter_kinescope_sdk	Flutter plugin for the Kinescope player.	0.1.4	47.240407543897675	5	0	0	0	kinescope	kinescope.io	Apache-2.0	2021-09-28T20:28:15.000Z
2603	ui_tool	With UI Tool you can easily make your app responsive for different screen sizes.	0.2.0	47.205722956861045	6	2	0	0	kasun-u	kazcore.com	BSD-3-Clause	2022-04-03T21:51:43.000Z
2604	debouncer_widget	A Debounce widget that allows a user to perform actions after they are finished making changes.	1.0.0	47.18838066334273	1	0	0	0	methompson	methompson.com	BSD-3-Clause	2022-05-18T17:53:29.000Z
2605	karee	Another way to build Flutter applications for mobile, web and desktop using Karee Architecture.	2.2.3+2	47.162367223065246	2	44	9	1	ChamplainLeCode	flutter.bixterprise.com	MIT	2022-11-27T05:56:59.000Z
2606	voltron_renderer	voltron renderer	0.0.1	47.158031649685675	1	7221	855	25	Tencent	openhippy.com	Apache-2.0	2022-12-16T12:17:56.000Z
2607	voltron_vfs	voltron vfs module	0.0.1	47.15369607630609	0	7221	855	25	Tencent	openhippy.com	Apache-2.0	2022-12-16T12:17:56.000Z
2608	custom_response	Response class for Flutter projects	1.0.0	47.14936050292651	0	0	0	0	iemektar		BSD-2-Clause	2021-02-28T13:55:57.000Z
2609	boleto	A package to handle banking billets (Also known as "Boleto") conversion and validation.	0.0.1	47.132018209408194	2	1	0	0	viniciusamelio		MIT	2022-03-19T18:22:05.000Z
2610	cobi_flutter_settings	An application settings screen for flutter that persists values via the shared_preferences package	2.0.0	47.10600476913071	2	1	0	0	Cobinja		BSD-3-Clause	2022-05-01T10:38:49.000Z
2611	ipfs_http_rpc	Yet another IPFS (HTTP RPC) client implementation for Dart. This package allows easy access to IPFS methods over HTTP with clear documentation.	0.0.4	47.07565575547366	5	1	0	0	tobimd		MIT	2022-10-11T23:48:48.000Z
2612	pdf_platform_view	Flutter plugin for displaying PDF files on IOS and Android platforms using Platform Views.	0.7.0	46.98460871450249	3	4	1	4	HTD-Health	htdhealth.com	MIT	2022-02-16T13:36:24.000Z
2613	poker	A Dart implementation of Texas Hold'em matchup simulator based on Henry Lee's Poker Hand Evaluator.	0.10.0	46.967266420984174	8	10	3	3	axross	kohei.dev	Apache-2.0	2022-08-22T17:43:11.000Z
2614	login_screen	Login Screen Template. Provide template with customizable parameters.	0.6.0	46.954259700845434	0	1	0	0	LCostaN		BSD-3-Clause	2020-07-20T03:14:41.000Z
2615	jopen	JOpen is a Plugin that allows you to open any files in Android, JOpen provides a way to open files by file path.	0.0.2	46.94558855408628	2	0	1	0	AymanYassinn	jucodes.com	MIT	2022-09-05T20:53:44.000Z
2616	snackstack	Flutter package for pretty snackbars	1.0.0	46.919575113808804	0	0	0	0	justjew		MIT	2022-08-07T22:27:53.000Z
2617	shelf_session	The `shelf_session` is the implementation of `cookiesMiddleware` and  `sessionMiddleware` for `shelf`.	0.1.2	46.91523954042922	0	0	0	0	mezoni		BSD-3-Clause	2022-11-25T17:09:58.000Z
2618	convenient_architecture	The collection of useful utils and architecture base classes.	0.1.0+1	46.88489052677217	0	0	0	1	Maksimka101		MIT	2022-12-12T00:33:39.000Z
2619	dart_dev_utils	Package criada para externalizar função uteis que auxiliará no desenvolvimento de Apps dart e flutter para todos as plataformas.	1.1.0	46.88055495339258	1	0	0	0	Suebersson		BSD-3-Clause	2022-12-06T04:54:31.000Z
2620	linked_text_splitter	Convert text containing hyperlinks, etc., into a "TextSpan" list. It supports hyperlinks, @ marks, and hashtags like Twitter.	0.0.3	46.876219380013005	0	0	0	0	HirokiIshimori		BSD-3-Clause	2022-04-21T20:59:30.000Z
2621	time_text	A time text widget. You can use it to show current time.	0.1.0	46.86321265987427	4	0	0	0	MrHeer		BSD-3-Clause	2021-06-22T09:46:08.000Z
2622	lightstreamer_flutter_client	A Flutter plugin for Lightstreamer.	1.0.3	46.85020593973553	3	0	0	0	Lightstreamer	lightstreamer.com	Apache-2.0	2022-09-29T10:12:28.000Z
2623	flutter_cep2	Uma biblioteca para consulta de CEP para desenvolvedores Dart (Console, Web e Flutter).	0.0.13	46.81118577931932	3	0	0	0	vitoramaral10		LGPL-2.1	2022-09-14T13:14:20.000Z
2624	payu_payment	Simple PayU integration using WebView. Flexible and easy to set up.	0.0.3	46.802514632560154	13	4	1	0	lukeurban	lukeurban.tech	MIT	2021-04-22T19:14:07.000Z
2625	super_responsive	Utils and widgets to make your flutter apps and websites fully responsive.	0.1.6	46.74615217862562	22	5	1	1	namzug16		MIT	2022-03-08T13:10:53.000Z
2626	whois	Lightweight and performant WHOIS client supporting hundreds of TLDs.	1.0.0	46.73314545848689	0	0	0	0	xeost	xeost.com	MIT	2022-02-09T03:08:28.000Z
2627	settings_panel_android	Launch Android's Settings.Panel right from your Flutter app. Android-only plugin.	0.1.3	46.71580316496857	8	5	2	1	dartsidedev	dartside.dev	BSD-2-Clause	2019-10-09T14:38:37.000Z
2628	omnimodel	Model complex data and access it in an easy and safe way	1.0.6	46.69846087145025	1	0	0	0	tratteo		BSD-3-Clause	2022-12-13T10:43:23.000Z
2629	sign	Basic state management base for dart. Sign inspired QT framework signal-slot architecture.	0.0.3	46.66811185779319	6	1	0	0	Mehmetyaz	styledart.dev	MIT	2022-09-10T09:06:11.000Z
2630	reactive_pin_input_text_field	Wrapper around pin_input_text_field to use with reactive_forms.	0.4.0	46.62475612399739	1	47	23	2	artflutter		MIT	2022-12-15T16:51:57.000Z
2631	audio_query	Flutter plugin to query data about artists, albums, songs, genres and playlists from device storage.	0.0.2	46.62042055061782	1	0	0	0	Khuntarpit		MIT	2022-07-09T19:55:25.000Z
2632	velocity_bloc	Minimalist and Easy State Management for Bloc Inspired from Dart Generics.	1.1.1	46.61174940385866	4	8	1	0	codersangam	velocitybloc.dev	MIT	2022-12-02T17:33:31.000Z
2633	unleash_proxy	Unleash Flutter Proxy SDK. Unleash is an open-source feature flag service.	0.2.4	46.59874268371993	0	1	1	6	rizentium		MIT	2022-12-13T08:20:53.000Z
2634	curl_generator	A Flutter package to create simple curl (bash) with params, headers and body.	0.0.9	46.57706481682202	2	0	0	0	P-B1101		MIT	2022-12-12T10:25:41.000Z
2635	altogic	Dart client for Altogic. Altogic is a backend application development and execution platform, enabling people and businesses to design, deploy and manage scalable applications.	1.0.0	46.55538694992413	7	46	1	0	altogic	altogic.com	MIT	2022-11-17T12:34:20.000Z
2636	argon2_ffi	Argon2 implementation by using ffi as flutter plugin. use argon2_ffi_base for the actual dart code.	1.0.0	46.52070236288749	1	2	1	0	authpass	codeux.design	MIT	2021-03-07T10:45:07.000Z
2637	text_indexing	Dart library for creating an inverted index on a collection of text documents.	1.0.0	46.486017775850854	0	0	0	0	GM-Consult-Pty-Ltd	gmconsult.dev	NOASSERTION	2022-11-25T06:31:21.000Z
2638	carapacik_lints	The most necessary lints for Flutter to encourage good coding practices.	1.2.2	46.46000433557338	6	0	0	0	Carapacik	carapacik.dev	BSD-3-Clause	2022-09-05T13:04:26.000Z
2639	json_locale_generator	A generation tool that builds a class to get your json locale paths from dart code	0.2.4	46.45133318881422	1	2	0	0	ronw98	reblochor.dev	MIT	2022-08-22T07:44:01.000Z
2640	api_utils	Convenient api utilities to make working with REST APIs easier	4.0.0	46.44266204205506	4	6	0	1	HomeXLabs	homex.com	MIT	2021-05-06T19:17:29.000Z
2641	lint_factory	Dart / Flutter lint rules and dart_code_metrics configuration used internally by innFactory GmbH.	1.2.2	46.4339908952959	1	0	0	0	innFactory	innfactory.de	MIT	2022-06-15T20:59:23.000Z
2642	pub_version_plus	Easily increment version numbers in pubspec.yaml files with a single command.	1.0.2	46.41664860177758	9	0	0	1	mrgnhnt96	mrgnhnt.com	MIT	2021-09-11T14:25:33.000Z
2643	curve	A simple command-line application.	1.2.0	46.407977455018425	1	0	0	0	bjartebore		MIT	2021-08-05T05:48:32.000Z
2644	web_view_tts	A flutter plugin to add Text-To-Speech Support in Flutter WebView Android	0.0.1	46.394970734879685	1	0	0	0	rohitsangwan01	rohitsangwan.site	MIT	2022-08-26T10:41:24.000Z
2645	gammal_tech	A companion package to the Gammal Tech courses.	0.0.1	46.36895729460221	1	1	2	0	Gammal-Tech		BSD-3-Clause	2022-08-09T07:49:13.000Z
2646	pulsing_button	A fully customizable pulsing button for Flutter. Works the same way RawMaterialButton works.	0.0.6	46.34294385432474	4	0	0	0	nubcake94		BSD-2-Clause	2021-03-14T12:04:49.000Z
2647	kinetic	The official Kinetic Dart SDK brought to you by the Kin Foundation.	1.0.0-rc.8	46.29958812052894	0	3	0	2	kin-labs	kin.org	MIT	2022-11-21T21:39:03.000Z
2648	convenient_test_common	Write and debug tests easily, with full action history, time travel, screenshots, rapid re-execution, video records, interactivity, isolation and more	1.2.1	46.2649035334923	0	323	18	11	fzyzcjy	cjycode.com	MIT	2022-12-17T13:46:13.000Z
2649	to_string_pretty	to pretty string.	1.1.7	46.25189681335357	1	0	0	0	sylfreee	sylfree.com	MIT	2022-04-18T13:07:59.000Z
2650	stash_sembast	Sembast storage extension for the stash API. Provides support to store vaults and  caches in the local file system in binary format using the msgpack json format	4.4.1	46.23021894645567	2	72	10	0	ivoleitao	ivoleitao.dev	MIT	2022-12-05T23:19:18.000Z
2651	auth0_spa_dart	A dart wrapper for auth0-spa-js	1.0.2	46.22154779969651	3	1	2	1	jfacoustic		MIT	2022-02-16T16:11:45.000Z
2652	cached_query	A simple library for dealing with server state in dart and flutter.	0.4.0	46.20420550617819	13	19	1	0	D-James-GH	cachedquery.dev	MIT	2022-12-17T11:30:57.000Z
2653	package_file_loader	Simple utility functions for loading a file from packages	0.2.0	46.19986993279861	0	0	1	0	oliatienza		MIT	2022-11-16T06:36:14.000Z
2654	pexels	Unofficial wrapper of Pexels REST API for the Dart Language.	0.1.1	46.18686321265987	0	3	1	0	xenoken		BSD-3-Clause	2019-06-29T01:25:01.000Z
2655	cupertino_controllers	A Flutter plugin with Cupertino Controller Examples. This includes a Table View Controller, Master Detail Controller, Cupertino Cell with Xcode Storyboard templates (basic detail, subtitle...), and detail examples	1.1.0	46.169520919141554	2	7	3	0	rodydavis	rodydavis.com	MIT	2021-09-27T16:50:57.000Z
2656	convenience_types	A package to ensamble convenience types commonly used through flutter projects developed by Capyba.	0.1.2	46.091480598309126	4	4	0	0	CapybaHub	capyba.com	MIT	2022-11-07T22:25:14.000Z
2657	dehancer_slider	Flutter package that provides configurable and easy to use slider UI value picker.	1.0.4	46.08714502492955	4	0	0	0	dehancer	dehancer.com	Apache-2.0	2022-08-03T06:27:10.000Z
2658	fetch_tray	A set of flutter_hooks to make fetching and working with data from apis easier.	0.2.3	46.05679601127249	1	0	2	1	marqably	marqably.digital	MIT	2022-12-04T20:36:28.000Z
2659	time_of_day_widget	A widget that changes state over TimeOfDay.	1.0.0	46.030782570995015	1	0	0	0	rocaforarnelo		BSD-3-Clause	2021-06-23T11:17:19.000Z
2660	mbaudience	MBAudience is a plugin libary for MBurger, that lets you track user data and behavior inside your and to target messages only to specific users or groups of users.	2.0.4	46.02211142423586	6	0	0	0	Mumble-SRL	mburger.cloud	MIT	2022-11-29T15:26:48.000Z
2661	caldav_client	A CalDAV client for dart. It allows to make CalDAV requests to a server easily and quickly.	1.1.0	45.9917624105788	3	3	2	1	julisanchez		MIT	2021-07-27T17:34:31.000Z
2662	flutter_loading_button	A package wrapper around material buttons to display a loading widget while waiting for the onPressed method to finish	0.0.2	45.97875569044006	3	2	0	0	jksevend		MIT	2021-07-25T17:15:22.000Z
2663	mpesa_sdk_dart	A Dart package for M-Pesa API (Mozambique). This package can be used in every dart frameworks as it's written in plain dart.	2.0.1	45.96141339692174	10	15	12	1	realrgt		MIT	2022-05-12T08:16:19.000Z
2664	flutter_bouncing_widgets	Flutter Bouncing Widgets | Bounceable Flutter Widget Kit | by APPISM	1.0.3	45.94407110340343	5	3	0	0	kerimbr	appism.dev	MIT	2022-09-19T12:37:52.000Z
2665	future_builder_ex	An improved version of FutureBuilder	2.1.1	45.939735530023846	1	1	0	0	onepub-dev	onepub.dev	MIT	2022-11-10T02:00:00.000Z
2666	ffr_hex_color	A hex color string converter which can be used in flutter and dart by the ffr-devteam.	0.0.2	45.93539995664427	0	0	0	0	ffr-devteam		BSD-3-Clause	2021-06-21T07:50:00.000Z
2667	graph_collection	Provides numerous graph theory based Graph Collections: Graph[LinkGraph[UndirectedGraph, DirectedGraph], UndirectedValueGraph, DirectedValueGraph]	2.1.0	45.8443529156731	13	9	3	3	MeowType		MIT	2021-11-07T05:27:42.000Z
2668	flutter_bargraph	Bar Graph Indicator for Flutter. It graphically displays the current value on a bar graph with animation when the value changes. orientation/direction of the bar is castumizable.	1.1.1	45.82701062215478	8	3	0	0	rickypid	rcprogrammer.net	BSD-3-Clause	2022-01-25T12:27:57.000Z
2669	dfapi_auth	DfApi Authetication based on flutter_appauth package and identity server.	2.0.0	45.787990461738566	0	0	0	0	iemektar		BSD-2-Clause	2021-05-15T20:50:20.000Z
2670	api_helper	Api Helper based on Dio	1.0.0	45.77064816822025	0	0	0	0	iemektar		BSD-2-Clause	2021-07-18T18:55:26.000Z
2671	ruler_picker_bn	Flutter package for ruler type value picker. You can get horizontal and vertical ruler view with the package.	0.0.6	45.76631259484067	7	3	0	0	BoredNerdy	borednerdy.com	MIT	2022-10-12T18:30:28.000Z
2672	ipapi	Geolocation plugin for Flutter based on ip-api.com. Supports both free and pro access.	1.0.1	45.74897030132235	0	0	0	0	mk-dev-1		MIT	2022-09-17T12:43:46.000Z
2673	ai_chart	A new chart widget Flutter package.	0.0.2	45.74029915456319	1	1	0	0	pdliuw		BSD-3-Clause	2020-04-24T07:59:31.000Z
2674	code_coverage	A CLI tool and package useful for reporting code coverage of a given dart package	1.4.0	45.72295686104487	4	1	0	0	gustavo-hillesheim	gustavohill.dev	BSD-3-Clause	2022-01-07T12:19:28.000Z
2675	flutter_desktop_audio_recorder	Flutter Desktop Audio Recorder	0.0.1	45.70561456752655	3	0	1	1	karostudio		BSD-3-Clause	2022-05-14T13:53:45.000Z
2676	secure_app_switcher	Apply a safe masking effect to the app screen on the app switcher or task list.	0.1.0+1	45.69260784738782	7	0	0	0	arkwycr		MIT	2022-09-27T02:51:51.000Z
2677	fabler_icons	set of Tabler icons for flutter platforms	1.2.3	45.67092998048992	4	3	1	0	miladimos		MIT	2022-12-16T18:46:50.000Z
2678	date_only_field	A Date only flutter field (Pure dart). It helps with splitting the datetime object to date and time fields to be picked easily and saved to database separated for easy queries.	0.0.13	45.627574246694124	4	0	0	0	a7mdragab		MIT	2022-11-16T11:27:24.000Z
2679	neo4driver	Dart driver to manipulate the Neo4J database with the Neo4J HTTP API.	1.0.6	45.60156080641665	6	3	1	1	ClementG63		NOASSERTION	2022-11-07T12:32:46.000Z
2680	clip_shadowx	Adds shadows to `Widget` which is clipped by a `Path`. Applies a `CustomClipper` and a list of `BoxShadows` to a `Widget`.	0.0.1	45.56687621938001	0	0	0	0	xErik	novelplotter.com	MIT	2022-09-28T13:41:30.000Z
2681	color_chooser	Provides a Color Chooser Screen for Flutter. Available for Mobile and Desktop OS.	0.4.11	45.549533925861695	0	1	0	0	Jules-Media		Apache-2.0	2022-09-10T11:58:26.000Z
2682	behaviour	This package adds support for behaviours. Behaviours are classes of which the instances are used as functions.	1.0.0	45.48883589854758	1	0	0	0	wim07101993		MIT	2022-12-05T15:08:39.000Z
2683	persistent_bottom_nav_bar_custom	A do all, highly customizable persistent/static bottom navigation bar for flutter. Includes up-to 20 styles. Based on persistent_bottom_nav_bar which currently is not continued.	6.0.0	45.475829178408844	0	26	21	32	jb3rndt		BSD-3-Clause	2022-11-28T23:06:20.000Z
2684	end_credits	Show a simple and cinematic end credits screen in your Flutter app.	2.0.0	45.44114459137221	4	3	1	0	pblinux	pixela.tech	MIT	2022-03-20T04:17:32.000Z
2685	motor_flutter	The Official Implementation of the Sonr Motor Node in Flutter. This package provides methods for Authentication, Data Management, and Wallet interactions for the Sonr Network.	0.9.2	45.35009755040104	5	64	4	18	sonr-io	sonr.io	GPL-3.0	2022-11-30T17:57:44.000Z
2686	ff_bloc	FF bloc for creating awesome apps easy	1.0.2	45.34576197702146	1	0	0	0	Gorniv		MIT	2022-12-05T09:03:16.000Z
2687	cities	A dataset containing 2.6 million cities that can be used by benchmarks or demos. Zero third party dependencies and completely self-contained.	1.0.0	45.34142640364188	4	1	0	4	modulovalue		MIT	2022-09-24T21:19:19.000Z
2688	dumble	A Mumble transport client framework supporting multiple Mumble features such as fully encrypted udp transport or user management	0.8.9	45.33275525688272	3	16	6	4	EPNW	epnw.eu	BSD-2-Clause	2022-04-30T01:00:38.000Z
2689	bicolor_icon	Flutter library for creating two tone icon, you can customize color/ratio/direction etc...	0.0.2	45.31974853674399	3	0	0	0	linnefromice		MIT	2021-03-03T05:15:15.000Z
2690	perks	Perks is a simple-to-use persistent data storage.	1.0.0	45.311077389984824	0	0	0	0	zyrouge		MIT	2022-07-17T09:25:15.000Z
2691	random_nickname	a Dart package that provides random nickname with various languages.	0.0.2	45.28939952308693	2	2	0	1	Holder-inc	dev.holder.team	GPL-3.0	2022-10-14T03:53:43.000Z
2692	isolate_agents	Agents are state that lives on a background isolate.	0.2.0	45.233037069152395	33	46	2	0	gaaclarke		BSD-3-Clause	2022-12-07T19:05:32.000Z
2693	kubernetes	A feature-rich and fully-fledged Kubernetes client for Dart/Flutter.	0.1.4	45.18534576197702	15	8	4	2	xclud	pwa.ir	MIT	2022-07-18T08:33:35.000Z
2694	flutter_spinbox_fork	SpinBox is a numeric input widget with an input field for entering a specific value, and spin buttons for quick, convenient, and accurate value adjustments.	0.4.1	45.18101018859744	0	0	2	0	DinhNam99		MIT	2021-04-24T04:39:01.000Z
2695	base_map_osm_google	Permite crear un mapa base de OpenStreetMap o Google, además poder insertar capas adicionales y otras configuraciones adicionales.	0.0.6	45.15499674831997	5	0	0	0	danielquisbert		MIT	2022-10-25T19:16:42.000Z
2696	advanced_navigator	Flutter's Navigator 2.0 as one easy-to-use widget with full page history manipulation operations, simplified pop event delegation and powerful nesting.	1.0.1	45.13765445480165	11	10	0	0	LucasAschenbach		MIT	2022-10-09T15:58:30.000Z
2697	pubspec2	A library for manipulating pubspec.yaml files. This is a place holder until the pubspec library is updated with PR	2.4.1	45.12031216128333	1	1	0	0	onepub-dev	onepub.dev	BSD-3-Clause	2022-07-17T01:12:55.000Z
2698	yamltools	Some tools for making your yaml life easier.	1.1.1	45.111641014524174	0	0	0	0	fischerscode		BSD-3-Clause	2022-03-26T10:50:07.000Z
2699	words	A curated collection of lints for use by Dart packages to ensure higher program safety and to promote best practices, selected and maintained by WordCollector.	0.1.1	45.098634294385434	0	0	0	0	WordCollector	wordcollector.co.uk	AGPL-3.0	2022-07-06T21:25:12.000Z
2700	equalizer_flutter	A Flutter plugin to open device equalizer. You can also create a custom equalizer for Android.	0.0.1	45.07695642748754	1	0	0	0	Khuntarpit		MIT	2022-08-09T16:42:06.000Z
2701	belatuk_http_server	A collection of useful utility classes for building HTTP server.	3.0.0	45.01192282679384	2	1	0	0	dart-backend	dukefirehawk.com	BSD-3-Clause	2022-07-07T00:25:40.000Z
2702	integer	Dart's native integers in custom bit-width format like i2, i4, i8, i16, i32, ix and u1, u2, u4, u8, u16, u32, ux...	2.0.1	44.99891610665511	2	2	1	0	AldrinMathew	aldrinsartfactory.com	NOASSERTION	2022-03-05T10:22:40.000Z
2703	share_plus_dialog	A package that improves sharing on desktop and web from the share_plus plugin with a sharing dialog	1.1.1	44.977238239757206	3	0	0	0	2-5-perceivers		NOASSERTION	2022-09-28T14:31:07.000Z
2704	intel_hex	A Dart library that can read and write Intel HEX files. The Intel HEX format is a file format that contains binary information as ASCII text.	1.2.1	44.946889226100154	0	0	0	0	domohuhn		BSD-3-Clause	2022-10-29T20:00:30.000Z
2705	download_network_images_for_offline	A simple flutter package that saves network images for whenever the user is offline	0.0.5	44.93821807934099	5	0	0	0	Mart100	martvenck.com	BSD-3-Clause	2021-09-09T00:20:53.000Z
2706	flutter_up	Horizech Flutter App Engine is a flutter kit with many ready to use components.	0.6.2	44.92087578582267	0	0	0	0	horizech	horizech.com	MIT	2022-12-02T09:35:14.000Z
2707	rc	Dart environment variables for runtime configuration, `Platform.environment` wrapper.	0.2.2	44.855842185128985	1	0	0	1	odroe	odroe.com	BSD-3-Clause	2022-10-16T06:33:23.000Z
2708	dogma	Dogma for Dart.	0.0.1	44.8515066117494	2	3	3	2	dogmatists	dogma.dev	Unlicense	2022-10-06T04:02:41.000Z
2709	data_table_plus	In-place replacement for Flutter's DataTable	0.0.1	44.812486451333186	1	0	0	0	ReniDelonzek		BSD-3-Clause	2021-08-12T03:40:43.000Z
2710	item_picker	Item picker widgets package. Provides a single and a multiple item picker.	2.0.0	44.808150877953615	3	1	0	0	dariof28		MIT	2021-05-22T12:56:40.000Z
2711	android_signature	Android signature provider for Flutter.	0.0.1	44.73011055712118	1	0	0	0	WangYng		BSD-2-Clause	2022-05-12T09:28:00.000Z
2712	packme	Simple and extremely fast binary serialization using classes generated from JSON manifest files.	1.2.1	44.71276826360286	11	6	0	0	sourcecaster	minimagic.games	MIT	2022-07-10T21:45:32.000Z
2713	okito	Your best flutter coding friend. All in one flutter helper with state, route, navigation, localization, dependency injection and local storage management!	1.3.0	44.70843269022328	42	37	6	0	ragokan		MIT	2022-07-10T18:55:52.000Z
2714	window_paint	WindowPaint lets you pan, zoom and paint over any other widget. It uses the new InteractiveViewer together with a CustomPainter, giving you the bare minimum to get you started.	0.6.1	44.6824192499458	10	2	0	1	Allvis-AS	allvis.io	MIT	2021-06-23T13:21:52.000Z
2715	nv_tooling	An assortment of useful classes used for development at NonVanilla.	0.2.2+2	44.67374810318665	2	1	0	0	nonvanilla-shop	nonvanilla.shop	BSD-3-Clause	2021-11-10T11:08:35.000Z
2716	isolated_download_manager_flutter	Flutter ready-to-use widgets to simplify usage of isolated_download_manager package	1.0.1	44.665076956427484	4	0	0	0	starkdmi		BSD-3-Clause	2022-10-04T18:34:12.000Z
2717	socketlabs	An API client for the SocketLabs email service, that allows you to send emails using their REST API.	0.1.0	44.65207023628875	1	0	0	0	enyo		MIT	2022-02-25T10:19:18.000Z
2718	shortuuid	Generate short uuid (shorter version of 32 bit Guid). It will be useful if you need unque id that is in shorter format.	2.1.1	44.617385649252114	8	4	2	3	coolmate		NOASSERTION	2022-04-12T15:03:32.000Z
2719	webview_version	A flutter plugin to get webview version installed on the device.	0.0.2	44.60437892911337	2	0	0	0	madpocket		BSD-3-Clause	2021-07-05T13:58:16.000Z
2720	music_slider	music_slider is used to create beautiful wavy SeekBar. Can also animate with timed wave function.	0.0.1	44.54801647517884	14	6	1	2	RutvikRana		MIT	2020-10-15T20:42:57.000Z
2721	inkblob_navigation_bar	A custom navigation bar with smooth & dynamic ink blob transition effect.	0.1.2	44.513331888142204	15	0	1	0	Jellepepe	byme.dev	BSD-3-Clause	2022-10-08T12:42:26.000Z
2722	web3d	klaytn support for web3d	1.0.2	44.49165402124431	0	0	0	0	somnium-labs		NOASSERTION	2022-07-11T07:53:14.000Z
2723	wx_image_editor	仿微信的图片编辑器 Flutter 插件，iOS 端依赖 longitachi/ZLImageEditor，Android 端依赖 minetsh/Imaging。	0.0.7	44.452633860828094	3	4	2	1	weichengwu	nqbi.cc	MIT	2022-06-20T06:52:24.000Z
2724	google_sign_in_web_redirect	A package helps you login with google by redirect	0.0.1	44.42662042055062	2	2	0	0	kunkaamd		MIT	2022-11-14T04:48:28.000Z
2725	loading_bloc_builder	A special BlocBuilder for displaying the lifecycle of a state with a LoadingStatus.	0.0.1-dev.3	44.39627140689356	3	2	0	0	mtwichel		MIT	2022-01-04T01:25:40.000Z
2726	fb2_parse	Flutter package for parsing fb2 files. Returns html content	1.0.1	44.374593539995665	3	0	1	0	kuthort		BSD-3-Clause	2021-08-24T10:15:57.000Z
2727	rad	A zero-dependency frontend framework for creating high-performant web apps using Dart.
	1.4.0	44.36592239323651	39	70	2	0	erlage	erlage.com	BSD-3-Clause	2022-10-22T15:27:19.000Z
2728	flutter_countries	Query and retrieve country details by property type from a database of 250 countries.	1.0.2	44.35725124647735	2	0	0	0	p4-k4		BSD-3-Clause	2022-06-05T10:36:30.000Z
2729	convex_bottom_app_bar	customisable bottom app bar	1.0.2	44.33557337957945	3	1	0	0	dwikyhardi		MIT	2021-07-30T09:08:52.000Z
2730	get_image_cache_network	Get image from the cache if exist or from network. In case of error show your placeholder, this package use Dio and Hive.	1.0.0	44.326902232820295	7	0	0	0	alcampospalacios		MIT	2022-07-30T03:33:03.000Z
2731	flutter_icons_plus	Customizable Icons for Flutter with over 3K+ icons. It is the null safe version of the flutter_icons package	1.0.3	44.29655321916323	3	0	0	0	Bakri-Alkhateeb	verify.pharmart.sy	Apache-2.0	2022-02-21T16:16:49.000Z
2732	image_slider_button	A slider with images.	0.0.7	44.24886191198786	6	3	0	0	JonatasDPorto		MIT	2020-11-23T01:37:46.000Z
2733	peek_and_pop	Peek & Pop implementation for Flutter based on the iOS functionality of the same name.	1.0.3	44.240190765228704	53	226	18	4	aliyigitbireroglu	cosmossoftware.coffee	MIT	2020-10-16T10:02:25.000Z
2734	dart_dotenv	A simple bridge between dotenv and dartlang.	1.0.1	44.21417732495122	1	3	0	0	BLUE-DEVIL1134		AGPL-3.0	2021-10-15T16:07:24.000Z
2735	dropfiles_window	A flutter plugin project to support Drag&Drop a file	0.0.2	44.20117060481248	16	9	6	2	gregoryyoon		NOASSERTION	2021-05-11T02:38:23.000Z
2736	ibans	Validate and parse IBAN strings and provide useful information about, such as country, bank name, number currency.	0.0.2-alpha	44.179492737914586	3	2	1	1	open-ibans		MIT	2021-02-22T14:56:34.000Z
2737	fire_tv_listener	Provides a `FireTVRemoteListener` Widget to listen to events from a Fire TV Remote Control.	0.0.6	44.14047257749837	2	1	0	0	jeffmikels	jeffmikels.com	MIT	2021-08-20T15:59:53.000Z
2738	obsobject	An observable/computed object can notify value changed to observers that listen on it Built-in validation with support for localize and extends.	1.3.1	44.136137004118794	5	2	1	0	hientrung		MIT	2022-05-20T04:09:39.000Z
2739	custom_marker_icon	A package to use local image, network image and icons as google_maps_flutter's marker icon.	0.2.0	44.12313028398005	8	2	4	0	abhishekduhoon	abhishekduhoon.com	BSD-3-Clause	2021-01-24T20:27:44.000Z
2740	stx_top_snackbar	Top snack bar package was created for nice and convenient way to inform users about what happened.	0.0.2	44.1144591372209	0	0	0	0	VolodymyrSydorko		MIT	2022-03-04T17:33:21.000Z
2741	number_to_word_english	NumberToWord converts numbers(integers) to the English language number representation system and in many different customizable formats.	1.0.2	44.058096683286365	1	0	1	0	ron4fun		NOASSERTION	2021-05-02T03:10:10.000Z
2742	otpauth_migration	A Dart package to encode and decode the otpauth-migration URI format used to import into and export 2FA secrets from the Google Authenticator app.	0.0.7	44.04075438976805	1	1	0	1	johncallahan	quiznoob.app	MIT	2022-02-17T22:26:42.000Z
2743	crypted_preferences	Flutter preferences management with crypto capabilities	0.0.2	44.02341209624973	5	7	3	1	jaumard	jaumard.com	MIT	2020-02-18T16:43:44.000Z
2744	bloc_implementation	A easy and simple Implementation of the BLoC (Buisness Logic Component) Pattern in Flutter / Dart	1.1.3	44.01474094949057	1	3	0	0	Jules-Media		Apache-2.0	2022-06-30T17:51:56.000Z
2745	dio_client_deta_api	Implementation of the `client_deta_api` package using the Dio package.	0.0.1	44.01040537611099	0	6	2	6	yeikel16		MIT	2022-11-27T20:16:31.000Z
2746	sealed_class	Make a sealed class hierarchy	3.0.0	43.997398655972255	9	18	1	2	vrtdev	vrt.be	MIT	2019-12-11T17:57:46.000Z
2747	osumlog	The osum logging library by osumpi	0.1.0	43.984391935833514	2	2	0	0	osumpi		LGPL-2.1	2022-01-01T15:08:14.000Z
2748	phone_number_mask	☎️ Dart package of simple parsing of phone numbers and various masking options.	1.1.0	43.971385215694774	2	0	0	0	ivangalkindeveloper		NOASSERTION	2022-11-21T17:53:50.000Z
2749	autologin_plugin	Library for offering automatic logins with platform methods like smartlock or the keychain.	0.0.3	43.967049642315196	4	0	0	0	romreed	romreed.dev	MIT	2022-04-05T08:36:02.000Z
2750	universal_feed	Universal parser for RSS and Atom feeds with support for some extensions (dc, dcterms, media, itunes, georss, syndication, content)	0.2.0	43.919358335139826	2	1	0	0	kascote	netflux.com.ar	MIT	2022-12-11T00:23:09.000Z
2751	win32_gamepad	A package that provides a friendly Dart API for accessing gamepads connected to a Windows machine.	1.0.2	43.91068718838066	18	13	0	0	timsneath	sneath.org	BSD-3-Clause	2022-02-19T20:51:10.000Z
2752	document_measure	This package lets you measure distances in documents. The main use will probabily be technical documents and floorplans, but you are welcome to experiment with it.	0.0.1+2	43.88467374810319	11	8	4	12	arconsis		MIT	2022-04-27T08:46:00.000Z
2753	stated	A neat set of tools aimed at making the state management easier.	1.2.10	43.82831129416866	8	2	2	0	swipelab	swipelab.co	MIT	2022-12-03T13:32:03.000Z
2754	dgis_flutter	Plugin sdk 2gis	0.0.31	43.7762844136137	5	4	2	3	flyyyxxxy		NOASSERTION	2022-07-14T12:33:35.000Z
2755	flet	Write entire Flutter app in Python or add server-driven UI experience into existing Flutter app.	0.1.65	43.76327769347496	14	2959	120	123	flet-dev	flet.dev	Apache-2.0	2022-12-16T19:35:51.000Z
2756	remote_config	Works with Flutter Remote Config plugin to retrieve an array of values from a typical Firebase project's Remote Config settings.	1.2.0	43.73726425319748	2	1	1	0	AndriousSolutions	andrioussolutions.com	Apache-2.0	2022-03-10T19:22:09.000Z
2757	socks5_proxy	Socks5 server and client with ability to catch packet in both direction, chain proxies and more.	1.0.3+dev.3	43.654888358985474	1	1	0	0	LacticWhale		MIT	2022-10-31T09:59:26.000Z
2758	flutter_privacy_policy	A better UX to present your privacy policy	0.0.6	43.637546065467156	1	3	1	1	ahna92		MIT	2021-12-04T23:44:15.000Z
2759	r	A responsiveness helper to make your life easier.	0.0.1	43.576848038153045	2	2	0	0	edgarfroes		MIT	2021-03-30T18:19:31.000Z
2760	total_lints	A very strict set of lints.	2.18.0	43.55517017125515	9	1	0	0	alexeyinkin	ainkin.com	MIT-0	2022-09-02T03:48:14.000Z
2761	dart_frog_cli	The official command line interface for Dart Frog. Built by Very Good Ventures.	0.3.1	43.485800997181876	27	1022	64	18	VeryGoodOpenSource	verygood.ventures	MIT	2022-12-16T19:12:34.000Z
2762	avataaars	An avatar generator for anyone to make their beautiful personal avatar easily!	0.5.1	43.47712985042272	10	1	0	1	jlnrrg	teavelopment.com	MIT	2022-06-19T18:17:22.000Z
2763	flutter_storyboard	A Flutter package to show a storyboard of all your widgets.	0.1.7	43.46845870366356	134	194	17	6	rodydavis	rodydavis.com	MIT	2021-09-27T18:18:04.000Z
2764	protoc_builder	A build script for compiling Protocol Buffers without needing to manually install protoc or the protoc_plugin.	0.3.0	43.442445263386084	11	10	4	3	pikaju	byte-sapling.io	MIT	2022-10-26T11:00:50.000Z
2765	authorize_net_plugin	A plugin that wraps the andriod and ios AuthorizeNet SDKs. This is not an offical plugin, however I will maintain this and will accept PR's	0.1.2	43.438109690006506	4	3	2	1	jeremiahlukus		NOASSERTION	2022-11-03T16:26:04.000Z
2766	table	Display tabular data with ease. Perform paging, sorting and filtering without extra code.
	0.0.1-dev	43.40776067634945	2	2	0	0	PlugFox	archive.plugfox.dev	MIT	2022-04-27T19:50:27.000Z
2767	google_maps_pagination	Pagination with pageView and markers throw google map	0.0.3	43.40342510296987	6	2	2	1	masreplay	matheer.com	NOASSERTION	2022-08-17T06:37:47.000Z
2768	cached_streamable	Simple interface for creating a streamable data source that caches it latest value.	1.1.1	43.39475395621071	1	0	0	0	Luckey-Elijah		MIT	2022-09-06T16:19:43.000Z
2769	sparrow_image_picker	Flutter plugin for selecting images from the Android and iOS image library, and taking new pictures with the camera.	0.0.4	43.39041838283113	0	0	0	0	hanguangbaihuo		Apache-2.0	2021-11-18T03:20:10.000Z
2770	theseus_navigator	Theseus Navigator is based on Navigator 2.0 / Router and offers declarative navigation scheme, easy API, supports deeplinks, nested navigators and more.	0.4.1	43.37307608931281	12	4	1	0	echedev	eche.dev	MIT	2022-11-27T18:56:51.000Z
2771	flagsmith_flutter_core	Core Package of Flutter Client SDK for https://www.flagsmith.com/, Flagsmith is 100% Open Source. Host yourself or let us take care of the hosting.	2.3.1	43.29937134185996	0	0	1	1	Flagsmith	flagsmith.com	MIT	2022-08-31T08:43:27.000Z
2772	pusher_beams_ios	The iOS implementation from Pusher Beams for Flutter, intended to be a platform-specific package.	1.1.1	43.27335790158248	0	8	11	7	pusher	pusher.com	MIT	2022-09-19T13:11:43.000Z
2773	precis	An implementation of the PRECIS Language Rules as defined by RFC 8265	0.0.3	43.22566659440711	0	0	0	0	flutter-institute	flutter.institute	BSD-3-Clause	2022-09-27T21:01:54.000Z
2774	cancelable_compute	Flutter based compute operation, that can be canceled with null or with value.	1.3.0	43.19531758075005	3	8	0	0	ykmnkmi		MIT	2022-06-13T17:19:00.000Z
2775	tafqit	Tafqit a  Dart/Flutter  package  to convert a numbers to Arabic text words.	0.0.3	43.18231086061132	10	1	0	0	kflihan		MIT	2022-06-27T07:56:32.000Z
2776	codenic_logger	A logger extension for providing structured and mutable log messages.	1.0.1+1	43.17797528723173	6	0	0	0	CodenicCoders	codenic.dev	MIT	2022-12-05T22:33:50.000Z
2777	unities_helper	A library to help you convert unities and a few other things	3.0.0	43.169304140472576	5	3	0	0	bdlukaa		BSD-3-Clause	2021-03-05T14:42:26.000Z
2778	uic	A set of high-level Flutter UI components and stand-alone widgets that helps building your app.	0.11.0	43.16063299371341	75	37	3	0	echedev	eche.dev	MIT	2022-08-05T15:12:12.000Z
2779	fnv	FNV hash algorithm for Dart language (see http://isthe.com/chongo/tech/comp/fnv/)	1.0.1	43.151961846954265	1	4	0	1	Midi12		MIT	2021-08-16T07:19:19.000Z
2780	flutter_page_view_nested_utils	Help pageview to scroll nested in another pageview	0.0.1	43.14762627357468	1	0	1	0	AWarmHug		Apache-2.0	2021-12-30T09:07:11.000Z
2781	reactive_checkbox	Wrapper around Checkbox to work with reactive_forms	0.5.0	43.11727725991762	0	47	23	2	artflutter		MIT	2022-12-15T16:51:57.000Z
2782	delayed_tween_animation_builder	Mimics the TweenAnimationBuilder but with an optional delay.	0.5.1	43.09559939301973	1	0	0	0	timcreatedit	timcreated.it	MIT	2022-05-19T14:15:22.000Z
2783	signed_json	An implementation to read signed jsons	0.0.2	43.05657923260351	1	0	0	3	icapps	icapps.com	MIT	2022-03-23T15:49:46.000Z
2784	jsend	Implementation of jsend specification in dart.	1.0.13	43.03056579232604	3	0	0	0	arjunQ21		MIT	2021-10-11T16:12:13.000Z
2785	show_network_interface_info	The support of getting network card information in Windows Android	0.0.1	43.0175590721873	4	1	0	0	au-top	autopc.top	MIT	2021-04-28T02:58:10.000Z
2786	aliyun_log_flutter_sdk	Aliyun Log service producer For flutter.	0.0.4	43.004552352048556	4	1	4	0	zhyc9de		MIT	2021-07-28T06:43:46.000Z
2787	mbautomation	MBAutomation plugin for MBurger that lets you present push and in app messages based on the behavior of the user.	2.0.2	43.00021677866898	6	1	0	0	Mumble-SRL	mburger.cloud	MIT	2022-11-29T15:36:25.000Z
2788	local_file_screenshot_processor	Custom processor for screenshots taken with the Device Preview utility	0.0.2	42.956861044873186	4	1	0	0	AlabasterAxe	thkp.co	Apache-2.0	2021-01-06T19:55:37.000Z
2789	owoify_dart	Turning your worst nightmare into a Dart package. This is a Dart port of mohan-cao's owoify-js, which will help you turn any string into nonsensical babyspeaks.	2.0.1	42.91350531107739	2	1	0	0	deadshot465		MIT	2021-09-05T19:03:31.000Z
2790	fcode_common	Common algorithms and Widgets that are used by fcode labs (pvt) ltd for thier flutter apps production	0.1.2	42.86147843052244	3	16	9	1	fcodelabs	fcodelabs.com	MIT	2021-10-10T14:44:26.000Z
2791	websocket_universal	Convenient websocket handler for all platforms (both IO and web/HTML).
Websocket messages routing, statuses and other features have easy-to-use
interface.
	0.3.6	42.8267938434858	8	7	1	0	dvmatyun	dvmatyun.ru	BSD-3-Clause	2022-11-13T08:30:57.000Z
2792	sprint	A tiny, simple-to-use and fully documented library for printing messages to the web console or to the terminal in a variety of modes.	1.0.4	42.78343810969001	1	1	0	0	WordCollector	wordcollector.co.uk	MIT	2022-08-10T15:25:15.000Z
2793	responsive_notebook_background	A notebook background which is responsive to the system text size settings.	0.1.2	42.779102536310425	2	0	0	0	cosee	cosee.biz	BSD-3-Clause	2022-02-15T16:17:52.000Z
2794	aes_crypt2	(Null safety) Dart encryption library for encrypting/decrypting files, plain text and binary data in AES Crypt file format.	2.0.1	42.77476696293085	2	2	0	0	fsmdeveloper		MIT	2022-06-08T21:23:14.000Z
2795	applocale	A Flutter plugin to enable support for internationalization (i18n) or different language with json files.	2.0.1	42.76176024279211	3	0	0	0	Terran-Source	marganam.com	MIT	2022-01-27T20:19:45.000Z
2796	destiny	An package which generates mock-data using the PCG algorithm.	1.0.0	42.75308909603295	7	11	1	0	AKushWarrior	kishoredev.live	MPL-2.0	2021-05-11T00:02:33.000Z
2797	pl_grid	A grid to display data that has pagination feature and more. Good for mobile and web apps	0.2.1	42.74008237589421	16	2	1	3	playlinesdev		MIT	2020-06-13T20:34:38.000Z
2798	flutter_media_info	Library for use LibMediaInfo in flutter with support for macos, windows, linux.	0.0.2	42.71406893561674	3	0	1	2	pcpl2	pcpl2.ovh	BSD-2-Clause	2022-12-06T22:48:05.000Z
2799	flutter_fcm_wrapper	A Flutter wrapper package for FCM REST API to make it easier to send FCM from Flutter.	0.0.2	42.64903533492304	6	0	0	0	CottonWhiteSheep		MIT	2022-06-29T02:44:54.000Z
2800	flutter_ioc_container	A Flutter extension for the ioc_container package	0.0.3-beta	42.644699761543464	0	3	0	0	MelbourneDeveloper	christianfindlay.com	BSD-3-Clause	2022-12-04T07:37:47.000Z
2801	purchase_paywall	In-app purchase, subscription, purchase paywall page. PurchasePayWall is providing different types of PayWalls to satisfy different purchase types and design needs. Paywall classes does not provide any functionality for purchase operations. You have to implement the purchase and pass the necessary callback functions to the desired PayWall class to make use of it.	0.0.2	42.61868632126598	5	5	1	1	arutkayb		MIT	2021-03-21T17:51:26.000Z
2802	network_utils	A new Flutter package.	0.0.3	42.60567960112725	0	0	1	0	velmie		BSD-3-Clause	2020-06-12T07:57:39.000Z
2803	diffie_hellman	Pure Dart implementation of modular DH groups. Based on PKCS#3.	0.1.0	42.597008454368094	9	1	0	0	mrpurpleknight		BSD-3-Clause	2022-09-07T10:26:20.000Z
2804	desktop_window_utils	A plugin for you to control the windows, their properties and toolbar/titlebars.	0.0.3	42.58833730760893	14	14	0	0	salihgueler	salih.dev	Apache-2.0	2021-03-24T21:54:42.000Z
2805	icon_broken	A package that helps you add more beautiful icons to your next project in flutter	1.1.0	42.58400173422935	1	0	0	0	HanySameh		MIT	2022-09-30T21:06:29.000Z
2806	gcoord_dart	A starting point for Dart libraries or applications.	0.2.3	42.54498157381313	3	1	1	0	TonyStark106		MIT	2020-08-25T04:16:46.000Z
2807	flutter_lyra	This package allows you to use the methods from the lyra android and ios native sdks in Flutter	0.1.1	42.536310427053984	2	0	0	0	bamlab	bam.tech	MIT	2022-11-03T15:19:18.000Z
2808	is_wear	Flutter plugin to check if current device is a wearable.	0.0.1+1	42.50162584001734	1	0	0	0	imrhk		Apache-2.0	2022-11-09T10:01:39.000Z
2809	stx_bottom_nav_bar	Highly customizable bottom navigation bar for flutter.	0.0.1	42.492954693258184	0	0	0	0	VolodymyrSydorko		MIT	2022-03-04T18:14:42.000Z
2810	flutter_ali_cloud_auth	A new flutter plugin project.	0.1.8	42.432256665944074	0	0	0	0	copycatmaster		NOASSERTION	2021-04-16T17:56:03.000Z
2811	convert_extensions	Common convert methods exposed as static extensions method from the Dart core library and the convert package. Base64, ASCII, UTF8, Latin1, JSON, and more.	1.0.0+2	42.42792109256449	2	1	0	0	dartsidedev	dartside.dev	BSD-3-Clause	2022-04-16T14:52:13.000Z
2812	digital_lcd_number	An automatic sizer digital single-digit number with LCD style widget.	0.1.1	42.414914372425756	6	1	0	1	immadisairaj	immadisairaj.dev	BSD-3-Clause	2022-07-13T03:16:41.000Z
2813	monarch_http	Http utilities for Monarch. Monarch is a tool for building Flutter widgets in isolation. It makes it easy to build, test and debug complex UIs.	1.2.0	42.41057879904617	0	334	10	8	Dropsource	monarchapp.io	MIT	2022-12-14T20:57:36.000Z
2814	sliver_table	A table widget that can be used inside of a [CustomScrollView].	0.0.1	42.401907652287015	13	3	1	1	omarsahl	omarsahl.com	MIT	2021-11-18T11:48:11.000Z
2815	scenekit_plugin	Flutter Plugin rendering 3d Scenes - 3d renderer development platform for iOS and Android mobile devices.	0.0.15	42.39323650552785	7	3	0	0	take2make		MIT	2022-08-25T10:40:26.000Z
2816	split_screen_menu	A split-screen menu navigation system that automatically adapts to the tablet or mobile phone to display the corresponding menu effect	0.0.2	42.3628874918708	5	4	0	0	chansLam	chans.vip	NOASSERTION	2022-01-24T08:03:50.000Z
2817	gsheets_get	Flutter package to obtain data from a public Google sheets spreadsheet. 1-The spreadsheet must be published as a web page. 2-Enter the spreadsheet Id in GSheetsGet	0.0.4	42.341209624972905	3	1	1	0	rovannlinhalis		BSD-3-Clause	2020-07-17T18:01:22.000Z
2818	calculus	The Calculus package lets you calculate one-sided limits, derivatives, integrals, slopes & more.	0.8.0	42.328202904834164	2	147445	24015	11350	flutter		BSD-3-Clause	2022-12-17T12:06:12.000Z
2819	cloudkit_flutter	CloudKit support for Flutter via CloudKit Web Services on Android & iOS	0.1.4	42.310860611315846	3	7	2	0	jacksonjude	jacksonjude.com	BSD-3-Clause	2022-12-15T00:28:45.000Z
2820	hermep	State management library which let developer full access to widget state	0.1.9+2	42.28484717103837	8	1	0	0	istornz	dimitridessus.fr	MIT	2022-11-25T16:35:37.000Z
2821	month_calculator	Calculates the number of days and months in a givin dateTimeRange.	0.1.4	42.263169304140476	1	0	0	0	Keatr0n		NOASSERTION	2021-12-26T23:47:01.000Z
2822	keyboard_info	Provides API for querying information about the system's keyboard.	0.2.0	42.21981357034468	1	1	0	0	jpnurmi		BSD-3-Clause	2021-09-02T10:55:29.000Z
2823	flutter_google_places_ex	A simple package that provides google places autocomplete widgets for flutter.	0.0.1+1	42.20247127682636	0	263	301	28	fluttercommunity		NOASSERTION	2022-11-23T14:20:47.000Z
2824	flame_signals	A lightweight signal system for Flame Games utilizing streams	0.0.3	42.163451116410144	0	0	0	0	pastordougdev	grace4all.tech	MIT	2022-11-15T13:25:00.000Z
2825	flutter_micro_ecc	micro-ecc plugin for Flutter. Allows ECDH Key Generation and Shared Secret Computation.	0.0.2+1	42.15477996965099	2	0	0	0	swanav		MIT	2021-10-25T09:22:24.000Z
2826	torrent_task	BitTorrent download client package written by pure Dart language.	0.3.0	42.14177324951225	18	12	0	6	eclipseglory		BSD-3-Clause	2021-03-24T02:03:20.000Z
2827	z		0.1.0	42.12876652937351	1	0	0	0	Zabadam	zaba.app	BSD-3-Clause	2021-09-19T20:10:14.000Z
2828	easy_api	Best way to handle API connection, Data model parsing and API Exceptions handling.	0.0.1	42.115759809234774	16	6	2	0	abhishh1		MIT	2022-05-22T14:20:11.000Z
2829	dart_brompton	A library for controlling Brompton Tessera systems over a network	2.3.0	42.10275308909603	0	0	0	0	point-source		BSD-3-Clause	2022-12-13T22:52:24.000Z
2830	simple_dark_mode_webview	A simple implementation of dark mode or dark theme webview. The idea is very simple, this webview wraps the whole html text with a dark mode <body> tag.	0.3.1	42.09408194233688	4	2	1	0	Hiro07	hilog07.blogspot.com	BSD-3-Clause	2022-01-16T05:02:51.000Z
2831	google_ml_barcode_scanner	A standalone barcode scanner plugin using Google Ml Kit.	0.0.2	42.059397355300234	1	0	4	2	danjodanjo		MIT	2022-03-22T08:58:19.000Z
2832	mt19937	Dart implementations of the Mersenne Twister pseudo-random number generator.	0.1.0	42.05072620854108	0	0	0	0	jamesderlin		NOASSERTION	2022-05-24T16:27:25.000Z
2833	schema_dart	Generate dart type definitions from PostgreSQL database schema.	0.0.1+4	42.037719488402345	6	8	3	0	osaxma	osaxma.com	MIT	2022-08-19T08:03:01.000Z
2834	bip21	Dart implementation of the BIP-21 Bitcoin URI scheme	1.0.0	41.99869932798613	0	4	2	0	videah		MIT	2019-02-12T22:41:12.000Z
2835	before_publish_cli	Change Application's name, package name, icon and Splash in one shot.	1.0.2	41.994363754606546	51	10	1	1	moohammed-gaber		MIT	2022-02-19T12:53:11.000Z
2836	zxing_scanner	A Barcode scanner Widget that can be embedded inside flutter. It uses zxing-dart for all platforms.	0.1.2	41.98569260784738	1	0	0	0	shirne	shirne.com	Apache-2.0	2022-11-12T09:47:26.000Z
2837	xunil_blue_connect	This plugin is bluetooth connect and management also check location setting and apply location permission.	0.1.1	41.907652287014955	1	1	0	0	mealinux	alikilic.com.tr	MIT	2022-06-23T21:54:58.000Z
2838	appsync_subscription	A plugin abstract subscribe to AppSync subscription topics.	1.0.2	41.90331671363538	0	0	0	1	mhd999		MIT	2021-01-11T10:24:09.000Z
2839	rettulf	Write widgets in reverse! Rettulf provides lots of wrappers for you build widgets with method chaining.	0.0.7	41.7515716453501	1	3	0	0	liplum		BSD-3-Clause	2022-12-17T00:53:35.000Z
2840	flutter_amplify_auth_ui	Flutter plugin that automatically generates authentication widget templates based on your Amplify CLI Authentication configuration.	0.1.6	41.695209191415564	2	2	1	1	finkmoritz		BSD-3-Clause	2022-09-16T04:39:30.000Z
2841	squadron_builder	Dart code generator for Squadron workers. Implement your worker service and let squadron_builder bridge the gap with Web Workers and Isolates!	1.0.2	41.677866897897246	0	2	0	0	d-markey		MIT	2022-10-26T08:20:56.000Z
2842	turf_equality	Comparison of two GeoJSON objects, based on the turf pub-package	0.0.2	41.65185345761977	0	3	0	0	dartclub	dartlang.rocks	MIT	2022-07-11T15:54:04.000Z
2843	in_date_range	Encapsulates a start and end DateTime that represent the range of dates.	1.0.1	41.647517884240195	1	2	0	0	Innim	innim.ru	BSD-3-Clause	2022-01-11T16:02:53.000Z
2844	torrent_model	A Dart library for parsing .torrent file to Torrent model/saving Torrent model to .torrent file.	1.0.3	41.60849772382398	1	5	1	0	eclipseglory		BSD-3-Clause	2021-01-04T19:48:47.000Z
2845	tdk_bouncingwidget	A light-weight flutter package to acheive bouncing animation in flutter widgets while clicking.Three types of bouncing animations are provided.	1.0.4	41.58681985692608	11	0	0	0	ThiruDev50		MIT	2022-10-03T10:23:19.000Z
2846	dart_utils	A collection of useful helpers for Dart providing solutions for different situations.	2.0.0	41.556470843269025	0	5	2	1	Jesway	jesway.com	NOASSERTION	2021-12-11T12:26:05.000Z
2847	dargon2_interface	An interface for all dargon2 hashing functions. Provides the base outline for all implementations.	1.1.0	41.5391285497507	1	11	5	1	tmthecoder	tmthecoder.dev	MIT	2022-10-09T01:03:43.000Z
2848	motion_platform_interface	The platform interface for the Motion plugin.	1.3.3	41.52612182961197	0	14	4	3	mrcendre	cendre.me	GPL-3.0	2022-08-30T13:55:59.000Z
2849	in_app_purchases_intl	Intl Package for common translations in your In App Purchase App. made by www.linkfive.io	0.0.6	41.51745068285281	1	6	5	0	LinkFive	linkfive.io	MIT	2022-09-09T14:14:17.000Z
2850	innim_l10n	Localizations dependency for Innim Team projects.	0.2.1	41.50877953609365	0	1	0	0	Innim	innim.ru	BSD-3-Clause	2022-03-11T09:08:23.000Z
2851	byte_extensions	Extensions for handling common types and converting them to/from byte arrays	0.0.2	41.50444396271407	0	0	0	0	flutter-institute	flutter.institute	BSD-3-Clause	2022-10-21T23:32:53.000Z
2852	formdator	A collection of form field validators that can be selected and grouped into various combinations through composition — Decorator Pattern.	1.1.0	41.495772815954915	22	10	2	3	dartoos-dev	dartoos.dev	MIT	2022-06-20T17:17:03.000Z
2853	my_target_flutter	Implementation MyTarget ads SDK.	0.1.0+3	41.48710166919575	2	3	1	1	Innim	innim.ru	BSD-3-Clause	2022-11-01T06:57:37.000Z
2854	json_rpc_client	Dart library to write JSON RPC v1 and v2 clients	1.0.2	41.452417082159116	0	1	0	0	tejainece		BSD-3-Clause	2021-08-18T00:53:12.000Z
2855	web3dart_builders	Extension of the web3dart package that includes the dart contract generator from abi.	0.0.2	41.44808150877954	1	0	1	0	inveker		MIT	2022-10-02T01:03:30.000Z
2856	fxendit	The easy way to use Xendit Software Development Kit (SDK) in Flutter.	0.0.3	41.43073921526122	10	5	7	8	salkuadrat		MIT	2022-02-03T10:52:36.000Z
2857	json_schema_document	A library for handling JSON Schema Documents.	0.0.4	41.40039020160417	0	0	2	1	Instituto-Iracema	lapada.ifce.edu.br	MIT	2022-06-18T04:47:41.000Z
2858	mineral_ioc	The Container package is one of the core components of the Mineral framework	2.0.0	41.39605462822458	0	2	0	0	mineral-dart	mineral-foundation.org	MIT	2022-11-16T20:15:44.000Z
2859	maybe_as	Optional as. Returns null if type if not match the class type.	0.0.6	41.29633644049426	5	0	0	0	ios-tech	pub.iostech.org	NOASSERTION	2021-06-26T11:24:54.000Z
2860	paddinger_annotations	Annotations for the paddinger Flutter code-generator. This package does nothing without paddinger too.
	0.2.0	41.29200086711467	2	14	2	0	ema987	emanuelepapa.dev	MIT	2022-05-12T13:39:06.000Z
2861	sms_user_consent_manager	Request user's phone number (supports dual sim) and/or consent to read SMS without adding any permissions	1.1.2	41.27899414697594	1	8	16	5	pharshdev		MIT	2022-11-28T17:15:52.000Z
2862	codenic_bloc_use_case	A suite of abstract cubits to reduce boilerplate code and construct app use cases.	2.1.0+4	41.2659874268372	4	0	0	0	CodenicCoders	codenic.dev	MIT	2022-11-18T08:27:26.000Z
2863	sorted_chips_row	Material widget displaying a row of Chip buttons that get sorted, and their position gets animated, according to the given comparison function.	0.1.0+1	41.25731628007804	4	29	5	2	callstackincubator		Apache-2.0	2019-04-29T09:36:06.000Z
2864	shared_ui_components	A shared library for `BeWell-Consumer` and `SladeAdvantage` that is responsible for rendering and exposing dumb widgets and ui components	0.2.4	41.239973986559725	2	1	1	0	savannahghi	savannahghi.org	MIT	2022-09-29T08:20:59.000Z
2865	batteries	A set of typical classes, extensions and utilities for dart and flutter that help in development.
	0.0.4-dev	41.21829611966182	7	10	1	7	PlugFox	plugfox.dev	MIT	2022-07-17T13:50:37.000Z
2866	web3_storage	Port of web3.storage SDK in Dart	0.0.1	41.20962497290267	2	1	0	0	dart-pacotes		MIT	2022-09-13T21:48:52.000Z
2867	simple_bounce_effect	An interactive bouncing animation that can be wrapped to widgets.	1.0.0	41.18794710600477	3	0	0	0	kodoshi		MIT	2021-11-14T21:12:26.000Z
2868	msal_guard	Guard widget for the Msal Flutter library	0.0.2	41.122913505311075	2	0	1	2	Muljin	muljin.com	BSD-3-Clause	2022-11-27T07:19:23.000Z
2869	mollie_flutter	Implement the Mollie checkout process easily into your Flutter app	1.1.4	41.11424235855192	1	0	0	0	gauravmehta13		BSD-2-Clause	2022-11-05T16:54:52.000Z
2870	collapsible_app_bar	A widget that has a collapsible app bar.	0.1.3	41.088228918274446	6	3	0	0	aJIEw	ajiew.me	MIT	2022-08-23T07:01:10.000Z
2871	awesome_spiderchart	A radar charts	0.0.1	41.08389334489486	7	3	2	2	g-apparence		NOASSERTION	2021-04-28T13:25:30.000Z
2872	funcy	Utility classes and functions for comfortable and "safe" functional programming.	3.1.0	41.07088662475613	0	2	0	0	LiLoGandalph		BSD-3-Clause	2021-02-12T09:15:01.000Z
2873	dartorrent_common	A common library for Dart torrent client development. Include some common methods and class.	1.0.3	41.04487318447865	0	2	0	0	eclipseglory		BSD-3-Clause	2021-01-06T04:10:58.000Z
2874	flipper_util	flutter plugin for flipperUtil	1.0.3	40.99284630392369	1	0	0	0	hss01248	hss01248.tech	Apache-2.0	2022-10-17T10:32:42.000Z
2875	reader	Lightweight library that allows to read single strings, ints and doubles from stdin in a simple and straightforward way.	1.0.0	40.984175157164536	1	1	1	1	Diviloper		BSD-3-Clause	2020-12-19T03:26:10.000Z
2876	elastic_autocomplete	ElasticAutocomplete is a widget combines Autocomplete and Localstorage.	0.1.0	40.97550401040538	0	1	0	1	ksw2000		MIT	2022-07-03T08:26:50.000Z
2877	pendulum	A dynamic, Stream-based API for job scheduling in Dart, capable of processing on different triggers.	0.1.3+1	40.96683286364622	8	1	0	0	AKushWarrior	kishoredev.live	MPL-2.0	2020-02-22T01:01:56.000Z
2878	event_bloc	Event Bloc is an event-based implementation of the BLoC pattern, the recommended State Management Pattern for Flutter by Google!	4.2.0	40.96249729026663	5	1	0	0	VHCBlade		MIT	2022-12-03T12:33:51.000Z
2879	weather_kit	A dart library for interfacing with the Apple WeatherKit API.	0.2.0	40.92781270323	8	5	0	4	mafreud	mafreud.dev	BSD-3-Clause	2022-10-09T14:32:06.000Z
2880	responsive_x	A simple Flutter package to handle responsiveness using extensions	0.1.1	40.897463689572945	14	3	1	0	thisisyusub		BSD-2-Clause	2020-08-04T16:46:02.000Z
2881	stx_widgets_extensions	Provides some useful extensions for Widget class.	0.0.1	40.884456969434204	0	0	0	0	VolodymyrSydorko		MIT	2022-08-08T13:19:47.000Z
2882	circular_progress_bar_with_lines	Simple configurable circular progress bar built out of the lines.	0.0.7	40.81075222198135	1	0	0	0	G33kFreak		BSD-3-Clause	2022-10-13T13:15:04.000Z
2883	stx_tree_view	A Flutter package for a fully customisable base tree view. Using this package you can build nested tree view with the possibility of making each child widget a parent.	0.0.5	40.8020810752222	0	0	0	0	VolodymyrSydorko		MIT	2022-06-28T11:15:12.000Z
2884	teleprompter	Flutter package to create a teleprompter from a text, record and save to gallery feature	0.0.4	40.78473878170388	9	2	0	0	ivofernandes	incaview.com	MIT	2022-10-27T23:40:56.000Z
2885	screen_breakpoints	A new flutter layout package.	1.0.5	40.776067634944724	9	3	0	0	JakubWasilczyk		BSD-3-Clause	2022-09-26T13:39:57.000Z
2886	concur	A helper for making multithreaded web applications using Web Workers.  Seamlessly downgrades to async on one thread when asked or when Web Workers are not supported.	0.1.2	40.7370474745285	9	5	0	0	cthonianmessiah		MIT	2021-08-13T22:27:38.000Z
2887	rpmtw_dart_common_library	RPMTW common library for dart.	0.0.4	40.715369607630606	0	0	0	0	RPMTW	rpmtw.com	GPL-3.0	2022-04-11T11:37:41.000Z
2888	signal	Stream-based multiple state management.Multiple state management in one channel. Similar to the bloc structure, but current states are always accessible.	1.1.6	40.672013873834814	1	3	0	0	XPersPective	flutterdersleri.com	MIT	2022-05-24T18:46:36.000Z
2889	gg_value	GgValue allows managing a value in a dart application. It provides a stream, a flag preventing too many updates, and a custom transform and a comparison function.	1.3.6+4	40.654671580316496	0	0	0	0	inlavigo	inlavigo.com	MIT	2022-09-07T04:03:58.000Z
2890	reactive_macos_ui	Wrapper around macos_ui to use with reactive_forms	0.7.0	40.61565141990028	4	47	23	2	artflutter		MIT	2022-12-15T16:51:57.000Z
2891	scrollable_timeline	A scrollable and draggable timeline that can be driven by an external time stream, for example, the current playing time of a YouTube video.	1.0.4	40.60264469976154	14	2	0	0	beyondeye	beyond-eye.com	BSD-3-Clause	2022-10-31T10:23:35.000Z
2892	ai_decimal_accuracy	A new Flutter package about decimal accuracy.	1.1.0	40.55061781920659	1	1	0	0	pdliuw		BSD-3-Clause	2021-02-15T03:15:33.000Z
2893	scrollable	A powerful set of scrollable widgets including haptics, keyboard dismissing, and more.	1.0.3	40.520268805549534	12	1	0	0	mattrltrent	matthewtrent.me	MIT	2022-11-14T10:27:46.000Z
2894	web3lib	Dart library to connect to Ethereum clients. Send transactions and interact with smart contracts! We folk from https://github.com/xclud/web3dart	2.3.5	40.51593323216996	2	0	0	0	thinktodo-dev	thinktodo.net	MIT	2022-04-30T16:26:38.000Z
2895	liveroom	Super simple WebSocket Room kit	1.0.6	40.49859093865164	0	0	0	0	rbdog	flut.rbdog.biz	MIT	2022-12-11T05:43:51.000Z
2896	sahha_flutter	Sahha Flutter Plugin	0.1.2	40.49425536527206	0	1	0	0	sahha-ai		NOASSERTION	2022-08-31T05:14:29.000Z
2897	centered_singlechildscrollview	You can choose distribution of children on scrollDirection by specifying mainAxisAlignment like Column.	0.1.8	40.489919791892476	2	0	0	0	ilham-asgarli		MIT	2022-11-14T10:02:32.000Z
2898	logly	A simple logging tool that uses color coding to indicate severity and offers a clickable link to the printing line.	0.3.1+readme3	40.463906351615	4	0	0	0	krista-koivisto		MIT	2021-08-02T11:19:06.000Z
2899	router_management	A plugin that wraps the Navigator 2.0 with a syntax sugar for Flutter Developers	3.1.0	40.455235204855846	9	3	0	0	JonathanVegasP	vegasdevelopments.com	MIT	2021-11-05T04:00:15.000Z
2900	simple_tiles_map	Crea fondos de mapa de OpenStreetMap, google, Stamen, CartoMap, Esri de forma sencilla.	1.2.0	40.42488619119878	7	0	0	0	danielquisbert		MIT	2022-11-28T18:52:11.000Z
2901	country_state_picker	A Package for Picking Countries and States from a Dropdown Field. Compactible with IOS,ANDROID AND WEB. Feel free to make PR's and suggestions.	0.0.4	40.40320832430089	2	1	0	0	iamevansobeng	acloe.com	BSD-3-Clause	2022-09-08T18:42:27.000Z
2902	rx_state_machine	A library for finite state machine realization in Dart similar to the [Tinder StateMachine library](https://github.com/Tinder/StateMachine).	1.0.2	40.37719488402341	3	2	0	0	mi-sch-ka		Apache-2.0	2022-07-09T23:14:22.000Z
2903	logo	Log for Dart. Simple log package for debug and issue tracking. No extra dependency.	1.2.1	40.36418816388468	0	0	0	0	SudoDotDog		MIT	2022-05-14T18:42:25.000Z
2904	nop	Isolate 通信	0.0.3+1	40.338174723607196	0	0	0	0	sersr		MIT	2022-12-13T02:42:45.000Z
2905	near_flutter	A near-flutter package.	0.0.1	40.32950357684803	1	3	1	0	Yonas-T		NOASSERTION	2022-04-13T21:53:57.000Z
2906	ipfinder	Official Dart client library for IPfinder. - IP address details. - ASN details. - Firewall by supported formats details. - IP Address Ranges by the Organization name details. - service status details. - Get Domain IP. - Get Domain IP history. - Get list Domain By ASN, Country,Ranges.	1.0.1	40.277476696293085	6	7	1	2	ipfinder-io		Apache-2.0	2019-09-20T20:39:18.000Z
2907	omniversify_core	The Foundation of the the Omniversify Project, this package started as a way for the Omniversify design language to be shared across its apps, but it could be used by everyone.	0.0.6	40.23845653587687	1	0	0	0	phaylali	omniversify.com	MIT	2022-11-13T03:30:50.000Z
2908	auth0_flutter2	Cross-platform Auth0 authentication integration, in minutes, for mobile and web.	0.0.8	40.234120962497286	7	0	2	0	apogee23		BSD-3-Clause	2022-12-12T19:23:10.000Z
2909	localdb	JsonDb is a library to make it easier to create local databases and currently only supports json.
I created this library because it was inspired by the library lowdb.	0.0.3	40.19943637546066	3	35	2	0	azkadev		NOASSERTION	2022-11-28T13:28:47.000Z
2910	extension_nullable	extends nullable	1.0.1	40.05636245393453	1	0	0	0	stoneream		MIT	2022-10-24T08:13:31.000Z
2911	flutter_barcode_scan	A new flutter plugin project.	0.0.1	40.0	0	0	0	0	eishon		MIT	2021-10-13T06:24:38.000Z
2912	wheel_spinner	A simple Flutter widget for updating a number using a pitch bender-like spinner	0.7.1	39.978322133102104	5	5	2	0	chenasraf	casraf.dev	BSD-2-Clause	2022-11-02T08:02:12.000Z
2913	custom_numpad	Provide customizable numpad widget.	0.0.1+2	39.96965098634294	0	0	0	0	blklmn345	blacklemon.dev	MIT	2022-07-11T16:42:47.000Z
2914	flutter_kpay_kit	KBZ mobile pay for Flutter.	0.0.3	39.8959462388901	0	0	0	0	WinKoKo91		Apache-2.0	2022-11-14T08:24:46.000Z
2915	test_rail_dart	This package is a thin wrapper around the Test Rail API that will allow for automated test reporting in dart	0.0.4	39.887275092130935	2	2	1	1	GetDutchie		MIT	2022-04-03T22:49:46.000Z
2916	playbook_generator	Playbook Generator Package	0.0.6	39.86126165185346	0	42	5	5	playbook-ui		BSD-3-Clause	2022-10-24T02:17:33.000Z
2917	semantic_announcement_tester	This package provides a set of matchers that make testing semantic announcements made using SemanticsService.announce dead simple.	0.0.6	39.8525905050943	0	0	1	1	abhaysood		MIT	2021-10-02T18:44:36.000Z
2918	paddinger	Code generation for Flutter Padding widgets based on your constants.
	0.2.0	39.8309126381964	18	14	2	0	ema987	emanuelepapa.dev	MIT	2022-05-12T13:39:06.000Z
2919	dflutter_lint_rules	Lint rules for "Dizoft Team" company for Dart and Flutter projects.	1.0.1+1	39.813570344678084	3	0	0	0	DizoftTeam	dizoft.ru	Apache-2.0	2022-10-13T14:39:04.000Z
2920	animated_explode_button	An exploding animation with physics based particles to spice up those boring button clicks.	0.0.4	39.705181010188596	11	0	0	0	SaubhagyaDubey		BSD-3-Clause	2021-04-17T12:17:49.000Z
2921	flutter_animations	easy for animations,When you do a lot of calculation, you need this animation. When you make a network error or finish downloading files, you also need this animation。	0.0.1+10	39.70084543680902	3	7	0	0	ifgyong		MIT	2020-09-27T06:10:09.000Z
2922	fluttium_cli	The CLI for Fluttium, a user flow testing framework for Flutter	0.1.0-dev.15	39.69650986342944	9	176	4	14	wolfenrain	fluttium.dev	MIT	2022-12-15T02:09:45.000Z
2923	yao_odoo_service	odoo api using endpoint /web/dataset/call_kw	0.0.2+8	39.64881855625407	2	2	7	0	aikosiadotcom	aikosia.com	NOASSERTION	2022-01-15T13:25:18.000Z
2924	epitaph_ips	Utilities for indoor navigation purposes	0.0.1	39.64014740949491	2	24	4	8	it-at-m		MIT	2022-05-25T14:53:41.000Z
2925	excel_localization	This excel localization is project that user can use to generate variable values for using localisation. and manage localization without context.	0.1.8	39.62280511597659	16	1	0	0	parmeetmaster		MIT	2022-07-28T10:08:17.000Z
2926	text_field_widget	Makes an interesting Text Field Widget	0.0.2	39.60112724907869	0	6	0	1	j-j-gajjar		MIT	2021-10-01T10:49:37.000Z
2927	python_shell	Python Environment Manager and Executor for dart and flutter	0.0.7	39.59245610231953	4	0	2	4	eseunghwan		MIT	2022-12-06T17:45:43.000Z
2928	bootpay_webview_flutter_platform_interface	webview_flutter_platform_interface 를 국내 결제환경에 맞게 fork 떠서 관리하는 프로젝트 입니다.	1.9.51	39.540429221764576	0	0	0	0	bootpay		BSD-3-Clause	2022-10-18T07:15:40.000Z
2929	motion_web	The web implementation for the Motion plugin.	1.3.3	39.52742250162584	0	14	4	3	mrcendre	cendre.me	GPL-3.0	2022-08-30T13:55:59.000Z
2930	swifty_chat_data	Data package for the swifty_chat package.	0.1.0	39.50574463472794	0	3	0	0	EnesKaraosman		MIT	2022-06-28T15:58:35.000Z
2931	fly_networking	A dart package to handle network requests and response parsing	3.0.2	39.47539562107089	0	2	0	4	AKWAD-Dragons		BSD-3-Clause	2022-01-25T11:06:18.000Z
2932	download_task	Resumable http download request - pause, resume, cancel, realtime progress and error handling	1.0.1	39.466724474311725	2	0	0	0	starkdmi		BSD-3-Clause	2022-10-04T07:13:06.000Z
2933	model_interfaces	Common interfaces for your models that have IDs, titles, etc.	0.3.0	39.393019726858874	8	1	0	0	alexeyinkin	ainkin.com	MIT-0	2022-07-21T04:18:16.000Z
2934	routeborn	A crossplatform routing based on Navigator 2.0 capable of handling nested navigation with ease.	0.4.3	39.36267071320182	8	5	1	0	KristianBalaj		MIT	2022-08-28T10:08:03.000Z
2935	local_biometrics_auth	This package provide a means to authenticate a user with biometrics and securely cache sensitive information like password and tokens	0.0.1	39.34099284630393	1	2	0	0	isiyemijoe		NOASSERTION	2022-09-24T22:15:37.000Z
2936	responsive_units	A Flutter package that provides responsive units that scale with the device's screen size.	0.2.0+1	39.33665727292435	5	1	0	0	peter-sidra		MIT	2021-08-12T03:49:40.000Z
2937	simpleblue	A simple package you can handle bluetooth devices with.	0.1.3	39.32365055278561	1	5	0	1	infiniteloopcloud	infiniteloop.cloud	MIT	2022-08-02T13:39:38.000Z
2938	clickable_pattern_text	Clickable patternable text widget.	0.0.1+2	39.31064383264687	2	0	0	8	idozahavy		NOASSERTION	2021-08-28T20:56:39.000Z
2939	kokoro	State manager module.	1.0.0+1	39.30197268588771	0	0	1	1	soygcm		BSD-3-Clause	2022-06-02T20:58:11.000Z
2940	sync_scroll	SyncScroll allows you to make synchronous scrolling of two or more scrollable widgets, for example, two horizontal ListView.	2.0.0+2	39.29330153912855	3	1	0	0	andyduke	amazingsoftworks.com	BSD-3-Clause	2021-05-19T11:24:55.000Z
2941	simple_mapper	Maps objects of different types to other objects using configured expressions.	1.2.0	39.27162367223065	7	1	0	0	jacobmcgowan		MIT	2021-08-11T05:42:22.000Z
2942	mineral_package	Develop your own packages thanks to this base offering you access to Mineral's core	1.1.0	39.25861695209191	0	0	0	0	mineral-dart	mineral-foundation.org	MIT	2022-11-16T20:28:22.000Z
2943	switcher_xlive	Fork with null-safety update from xlive_switch, Flutter custom switch based Oleg Frolov's animation design	1.0.4+1	39.22393236505528	1	0	0	0	Rileyjrjohns	studiobidibou.fr	BSD-3-Clause	2022-07-18T08:27:54.000Z
2944	stacked_mvvm	MVVM architecture implementation	0.2.0	39.150227617602425	0	1	0	0	studio-b-co-kr		BSD-3-Clause	2022-10-31T01:57:16.000Z
2945	video_meta_info	A flutter plugin can retrieve the meta info of the selected video file.	1.0.1	39.11554303056579	0	0	2	4	DSTKCA		MIT	2022-07-02T02:27:34.000Z
2946	aws_cloudfront_signed_url	Create a signed AWS cloudfront url using a custom policy	0.0.1	39.09386516366789	0	1	0	0	TarekMedhat		MIT	2021-03-05T21:14:56.000Z
2947	scientisst_db	Simple and powerful NoSQL document-based local database.	0.1.2	39.059180576631256	10	0	3	0	scientisst	scientisst.com	MIT	2022-04-14T22:19:31.000Z
2948	flutter_upgrade_version	A Flutter plugin for Android, iOS allowing get informations about package, version info. Support to get Package Information(app name, package name, version, build number), get information of version on store (CH Play and Apple Store).	1.0.1	39.0505094298721	0	0	0	0	TrangLeQuynh		BSD-3-Clause	2022-12-16T08:00:21.000Z
2949	double_linked_list	A Generic Double Linked List data structure. Allows constant time inserting at elements at both ends, before and after any element and constant time element deletion.	2.0.1	39.011489269455886	11	4	0	0	Diviloper		BSD-3-Clause	2021-11-25T00:53:46.000Z
2950	very_commons	Common classes for very libraries	0.1.0	38.96379796228051	0	0	0	0	akurnaz		BSD-3-Clause	2022-11-18T13:59:38.000Z
2951	slide_done_nully	Flutter widget, slide to finish. SlideDone is inspired by sliding unlocking, which can be defined as a slide switch that can be unidirectional or bidirectional. You can customize the parameters of SlideDone to make it look what you want. Ideal para ser usado no seu projeto e proporcionar um visual satisfatório para o usuário.	0.0.2+1	38.95946238890093	3	0	0	0	ulisseshen		MIT	2022-02-17T20:09:45.000Z
2952	bloobit	State management, as simple as it gets. Inspired by BloC, but stripped right back.	1.0.5-beta	38.937784522003035	11	4	0	0	MelbourneDeveloper	christianfindlay.com	BSD-3-Clause	2022-12-15T22:19:47.000Z
2953	oauth_interceptor	Oven-ready Dio interceptor for handling OAuth 2.0	1.3.0	38.91177108172556	0	0	0	0	netsells		MIT	2022-11-15T10:55:10.000Z
2954	super_ranges	Powerful yet intuitive Ranges for dart. Open, closed, reversed and by steps ranges.	1.4.0	38.9030999349664	0	2	0	1	illescasDaniel		MIT	2019-06-15T09:59:57.000Z
2955	app_navigator	This package helps to manage the navigate between screens in an easy way. A Navigator 2.0 implementation.	0.0.5	38.89876436158682	3	0	0	0	vmquintanasnow		BSD-3-Clause	2022-09-03T07:56:17.000Z
2956	quick_scanner	A new flutter plugin project.	0.1.0	38.851073054411444	6	5	3	1	woodemi	woodemi.com	BSD-3-Clause	2021-07-29T01:03:52.000Z
2957	omnilog	OmniLog.	0.0.1	38.82072404075439	0	0	0	0	k1zerX		MIT	2022-12-07T14:25:03.000Z
2958	data_repository	A data repository for flutter, manages both local and remote api access	0.1.10	38.78170388033818	1	1	0	0	wiseminds	wiseminds.cc	MIT	2022-10-10T23:32:38.000Z
2959	ziggurat	A library for making fully-featured audio games using Dart and SDL.
	0.55.0	38.729676999783216	0	3	1	0	chrisnorman7	backstreets.site	MPL-2.0	2022-11-07T20:44:57.000Z
2960	img	Easily paint mirror-tiling images for seamless edge-to-edge textures from any source. Defines Repeat, an expansion on ImageRepeat that enables mirroring, as well as the Widgets, extensions, and methods to support it.
	0.1.0	38.72100585302406	3	0	0	0	Zabadam	zaba.app	BSD-3-Clause	2021-06-07T23:57:10.000Z
2961	length	A terrible esolang. Uses length of lines to determine how the code runs	0.3.0	38.712334706264905	1	3	0	0	LengthLang	nailuj29gaming.com	GPL-3.0	2021-05-22T21:42:19.000Z
2962	sunmi_scanner	Sunmi support package that allows you to easily interface with your scanner device	0.0.4	38.694992412746586	2	2	0	0	FrenkyDema		BSD-3-Clause	2022-11-23T20:01:29.000Z
2963	enumset	A Dart implementation EnumSet (or bit fields)	1.0.0	38.66897897246911	4	1	0	0	Levi-Lesches		BSD-3-Clause	2021-08-13T20:31:49.000Z
2964	getx_translator	A command-line application for generating language strings file for Getx Flutter. Easy translation with google sheet for Getx.	1.0.1	38.664643399089535	11	0	0	0	bikram0000		MIT	2022-10-03T12:02:56.000Z
2965	firestore_api_parser	A Flutter and Dart plugin allowing you to convert the JSON format used by firestore to represent its documents or collections to the conventional JSON data format	1.0.4	38.65163667895079	5	0	1	2	stvndelucis		BSD-3-Clause	2021-10-13T17:32:56.000Z
2966	flutter_sanity_image_url	A flutter package to quickly generate sanity image urls.	0.0.3	38.608280945155	2	2	0	0	techurve	techurve.nl	BSD-3-Clause	2022-10-26T19:19:07.000Z
2967	honeywell_plugin	Flutter plugin for connecting to honeywell hardware.	1.0.8	38.5649252113592	4	1	2	1	ln-sergey		BSD-3-Clause	2022-10-03T15:01:24.000Z
2968	architecture	An Architectural solution for Flutter	0.0.9	38.560589637979625	0	0	0	0	omegasoft7	originalautomation.com	MIT	2022-10-28T13:23:09.000Z
2969	nova_places_autocomplete	TextField lets you search for place information using a variety of categories, including establishments, prominent points of interest, and geographic locations.	1.0.0	38.54324734446131	0	0	0	0	nova-flutter		MIT	2022-11-10T10:18:37.000Z
2970	flutter_woocommerce	Woocommerce api integration with flutter supporting various features	0.0.3	38.50856275742467	17	3	1	1	yhhCh405	yehtethein.me	BSD-3-Clause	2020-06-11T03:31:15.000Z
2971	gizmos_hud	A Flutter package for displaying custom HUD's, Toasts, or other screen overlays.	0.1.0-nullsafety.1	38.50422718404509	7	15	1	1	GizmosDev	gizmos.dev	BSD-3-Clause	2021-05-09T22:41:30.000Z
2972	fcm_token_sync	A widget which keeps your FCM token in sync with your backend	1.0.4	38.47821374376761	2	2	0	0	netsells		MIT	2022-04-21T12:51:28.000Z
2973	flutter_date_difference	Calculates the difference between two dates. It allows customization.	1.0.1	38.4175157164535	7	1	0	0	erbasaran	erbasaran.com	BSD-2-Clause	2022-11-26T08:23:35.000Z
2974	pokedex	A Dart wrapper for PokeAPI that provides everything Pokémon-related.	0.2.0	38.41318014307392	8	2	0	0	galatea21		MIT	2022-10-05T19:31:13.000Z
2975	easy_mvvm	An easy mvvm solution that includes ways to manage routes, views, viewmodels, and the mvvm architecture	0.0.2	38.395837849555605	2	1	0	0	rjs580	rutvik.dev	BSD-3-Clause	2022-08-22T14:43:28.000Z
2976	date_text_masked	This plugin uses the TextFormField with mask for dates and converts from string to DateTime automatically.	1.0.0	38.382831129416864	6	3	2	2	LucazzP	polazzo.dev	BSD-3-Clause	2020-01-31T18:55:36.000Z
2977	easysms	Easy to use, simple configuration can send SMS messages to Phone.  Easily expandable gateways, messages customized according to scenarios.	1.0.0	38.335139822241494	2	5	2	0	odroe	odroe.com	BSD-3-Clause	2021-11-09T12:30:27.000Z
2978	wp_chessboard	A very customizable Chessboard with awesomeness already onboard.	0.0.3	38.26143507478864	7	7	2	1	mono424	khad.im	MIT	2022-08-28T20:57:16.000Z
2979	reactive_extended_text_field	Wrapper around extended_text_field to use with reactive_forms.	0.5.0	38.2484283546499	2	47	23	2	artflutter		MIT	2022-12-15T16:51:57.000Z
2980	warble	An audio-playing plugin for the go-flutter desktop embedding engine.	0.1.0	38.23975720789075	4	1	0	2	jslater89		NOASSERTION	2021-12-02T16:13:31.000Z
2981	flutter_outbrain_ads	Flutter package to show outbrain ads for Android and iOS.	0.0.1	38.22675048775201	3	3	0	0	cubeta-io		MIT	2022-11-23T06:54:11.000Z
2982	classical_cipher	Encrypt and Decrypt strings using popular classical ciphers.	0.1.1	38.19640147409495	2	3	0	0	misterh01	misterh.dev	MIT	2020-11-24T06:40:11.000Z
2983	flutter_carousel_intro	A Carousel widget for introductory presentation.	0.0.9	38.18773032733579	7	6	3	0	eliezerantonio		MIT	2022-12-17T05:12:25.000Z
2984	places_picker	A Flutter plugin which provides 'Picking Place' using Google Maps widget.	2.1.3	38.170388033817474	1	2	0	0	drexsoftorg	drexsoft.tech	MIT	2022-12-05T14:18:16.000Z
2985	witnet	A library to interface with the Witnet Protocol. - Ability to recover - build, sign, and send value transfers and data requests - communicate with a rust node or wallet server - communicate with the explorer	0.1.4	38.166052460437896	1	0	0	0	parodyBit		GPL-3.0	2022-11-24T06:13:01.000Z
2986	tiki_sdk_flutter	A package for adding TIKI's decentralized infrastructure to Flutter projects. Add tokenized data ownership, consent, and rewards to your app in minutes.	0.0.21	38.157381313678734	0	0	1	3	tiki	mytiki.com	MIT	2022-12-17T14:00:33.000Z
2987	root_jailbreak_detector	Flutter Plugin To Detect Root and Jailbreak on Android-iOS Devices	0.5.2	38.57755818489143	1	0	0	0	ozanorfa		MIT	2022-11-24T16:21:36.000Z
2988	viteconnect	Dart library for ViteConnect.	0.0.2	38.13136787340126	0	0	1	0	viterium	viterium.io	MIT	2022-10-21T13:00:24.000Z
2989	game	A Library flutter for make game in native flutter widget.	0.0.1	38.06199869932799	1	13	1	2	azkadev		MIT	2022-12-07T21:41:37.000Z
2990	flutter_sinhala	Collection of Sinhala Fonts to be used with Flutter development.	2.0.0	38.04032083243009	2	5	0	0	iamchathu	chathu.me	NOASSERTION	2021-06-06T05:52:35.000Z
2991	albiruni	A wrapper to easily access IIUM's Course Schedule website data.	1.2.0	37.99696509863429	0	1	1	3	iqfareez	iqfareez.com	MIT	2022-11-30T00:20:13.000Z
2992	client_server_sockets	A simple client-server sockets package that uses the Socket and ServerSocket classes.	0.0.2	37.94927379145892	1	1	0	0	georges-ph		BSD-3-Clause	2022-10-16T20:26:37.000Z
2993	mastodon_api	The easiest and powerful Dart/Flutter library for Mastodon API.	0.2.1	37.94493821807934	12	22	2	38	mastodon-dart	shinyakato.dev	BSD-3-Clause	2022-12-17T13:33:41.000Z
2994	certificate_pinning_httpclient	An implementation of Dart's HttpClient with certificate pinning against SPKI hashes.	0.0.2	37.94060264469976	2	2	1	0	sebkoller		MIT	2022-12-07T19:16:03.000Z
2995	flagsmith_storage	Persistant storage for Flagsmith Client  https://www.flagsmith.com/, Flagsmith is 100% Open Source. Host yourself or let us take care of the hosting.	3.0.0	37.92326035118144	0	0	0	0	Flagsmith		MIT	2022-07-14T11:34:48.000Z
2996	ua_client_helper	Provide User-Agent Client Helper to Flutter.	1.1.6	37.89724691090397	0	0	0	0	lyf571321556		MIT	2022-11-01T03:39:58.000Z
2997	mnc_identifier_face	MNC liveness detection flutter plugin	1.0.1	37.87556904400607	11	0	1	1	mncinnovation	mobile.mncinnovation.id	NOASSERTION	2022-06-20T10:09:12.000Z
2998	dawn	Dawn is a Dart web framework that lets developers create UIs with a widget model similar to Flutter. Dawn apps are compiled into JS and painted with HTML & CSS.	6.0.3	37.87123347062649	11	44	4	0	Hawmex		MIT	2022-12-01T15:28:22.000Z
2999	flutter_ocr_sdk	A new flutter plugin project.	0.0.1	37.86256232386733	2	1	1	0	yushulx	yushulx.me	MIT	2021-08-03T05:58:05.000Z
3000	bi_sdk_flutter	Passwordless identities for workforces and customers	1.0.1	37.853891177108174	0	1	1	0	gobeyondidentity	beyondidentity.com	Apache-2.0	2022-11-18T15:58:39.000Z
