No.	Name	Description	Version	Popularity	Likes	Stars	Forks	Issues	Owner	Publisher	License	Last Commit
1	http	A composable, multi-platform, Future-based API for HTTP requests.	0.13.5	99.97832964937373	5615	885	291	158	dart-lang	dart.dev	BSD-3-Clause	2022-12-14T23:56:15.000Z
2	intl	Contains code to deal with internationalized/localized messages, date and number formatting and parsing, bi-directional text, and other internationalization issues.	0.18.0	99.97399557924848	3621	496	167	107	dart-lang	dart.dev	BSD-3-Clause	2022-12-16T17:02:46.000Z
3	flutter_svg	An SVG rendering and widget library for Flutter, which allows painting and displaying Scalable Vector Graphics 1.1 files.	1.1.6	99.96966150912321	3403	1468	385	136	dnfield	dnfield.dev	MIT	2022-12-16T04:07:41.000Z
4	provider	A wrapper around InheritedWidget to make them easier to use and more reusable.	6.0.5	99.9609933688727	7812	4561	465	12	rrousselGit	dash-overflow.net	MIT	2022-12-15T22:07:16.000Z
5	permission_handler	Permission plugin for Flutter. This plugin provides a cross-platform (iOS, Android) API to request and check permissions.	10.2.0	99.93932301824644	3319	1698	661	153	Baseflow	baseflow.com	MIT	2022-11-11T10:50:27.000Z
6	google_fonts	A Flutter package to use fonts from fonts.google.com.	3.0.1	99.92632080787067	4201	670	88	17	material-foundation	material.io	Apache-2.0	2022-12-06T15:25:08.000Z
7	path	A string-based path manipulation library. All of the path operations you know and love, with solid support for Windows, POSIX (Linux and Mac OS X), and the web.	1.8.3	99.90898452736965	945	158	38	12	dart-lang	dart.dev	BSD-3-Clause	2022-12-05T23:13:55.000Z
8	equatable	A Dart package that helps to implement value based equality without needing to explicitly override == and hashCode.	2.0.5	99.89164824686864	2026	739	91	16	felangel	fluttercommunity.dev	MIT	2022-10-17T14:47:51.000Z
9	file_picker	A package that allows you to use a native file explorer to pick single or multiple absolute file paths, with extension filtering support.	5.2.4	99.88731417674337	2875	974	432	31	miguelpruivo	miguelruivo.com	MIT	2022-12-12T17:26:48.000Z
10	carousel_slider	A carousel slider widget, support infinite scroll and custom child widget.	4.2.1	99.87864603649287	3800	1382	447	168	serenader2014	serenader.me	MIT	2022-12-13T16:32:08.000Z
11	font_awesome_flutter	The Font Awesome Icon pack available as Flutter Icons. Provides 1600 additional icons to use in your apps.	10.3.0	99.86130975599185	3170	727	179	6	fluttercommunity	fluttercommunity.dev	NOASSERTION	2022-12-04T13:24:44.000Z
12	collection	Collections and utilities functions and classes related to collections.	1.17.0	99.82230312486456	706	264	69	34	dart-lang	dart.dev	BSD-3-Clause	2022-12-09T17:04:55.000Z
13	lottie	Render After Effects animations natively on Flutter. This package is a pure Dart implementation of a Lottie player.	2.1.0	99.81796905473931	2441	885	163	95	xvrh	xaha.dev	MIT	2022-12-14T13:12:23.000Z
14	sqflite	Flutter plugin for SQLite, a self-contained, high-reliability, embedded, SQL database engine.	2.2.2	99.81363498461405	3527	2528	452	126	tekartik	tekartik.com	BSD-2-Clause	2022-12-04T19:40:08.000Z
15	rxdart	RxDart is an implementation of the popular reactiveX api for asynchronous programming, leveraging the native Dart Streams api.
	0.27.7	99.80496684436353	1950	3199	266	46	ReactiveX	fluttercommunity.dev	NOASSERTION	2022-11-28T15:48:04.000Z
16	crypto	Implementations of SHA, MD5, and HMAC cryptographic functions	3.0.2	99.79196463398777	1026	190	42	23	dart-lang	dart.dev	BSD-3-Clause	2022-11-10T17:45:46.000Z
17	flutter_secure_storage	Flutter Secure Storage provides API to store data in secure storage. Keychain is used in iOS, KeyStore based solution is used in Android.	7.0.1	99.78763056386254	2428	888	226	69	mogol	steenbakker.dev	BSD-3-Clause	2022-12-16T12:25:07.000Z
18	shimmer	A package provides an easy way to add shimmer effect in Flutter project	2.0.0	99.77462835348676	3226	1551	185	29	hnvn	hunghd.dev	BSD-3-Clause	2022-07-08T03:27:47.000Z
19	flutter_native_splash	Customize Flutter's default white native splash screen with background color and splash image. Supports dark mode, full screen, and more.	2.2.16	99.76162614311099	4954	936	142	15	jonbhanson	jonhanson.net	MIT	2022-11-27T17:58:46.000Z
20	async	Utility functions and classes related to the 'dart:async' library.	2.10.0	99.75729207298573	366	213	44	13	dart-lang	dart.dev	BSD-3-Clause	2022-11-09T17:20:16.000Z
21	flutter_inappwebview	A Flutter plugin that allows you to add an inline webview, to use an headless webview, and to open an in-app browser window.	5.7.2+3	99.74862393273524	1526	2307	968	588	pichillilorenzo	inappwebview.dev	Apache-2.0	2022-12-16T14:49:41.000Z
22	http_parser	A platform-independent package for parsing and serializing HTTP formats.	4.0.2	99.73995579248472	132	24	23	3	dart-lang	dart.dev	BSD-3-Clause	2022-10-31T00:30:28.000Z
23	html	APIs for parsing and manipulating HTML content outside the browser.	0.15.1	99.7226195119837	392	232	56	71	dart-lang	tools.dart.dev	NOASSERTION	2022-11-09T23:34:42.000Z
24	mime	Utilities for handling media (MIME) types, including determining a type from a file extension and file contents.	1.0.3	99.70961730160795	252	78	38	21	dart-lang	tools.dart.dev	BSD-3-Clause	2022-12-13T15:49:04.000Z
25	args	Library for defining parsers for parsing raw command-line arguments into a set of options and values using GNU and POSIX style options.	2.3.1	99.7052832314827	259	171	60	39	dart-lang	dart.dev	BSD-3-Clause	2022-11-09T20:45:35.000Z
26	logging	Provides APIs for debugging and error logging, similar to loggers in other languages, such as the Closure JS Logger and java.util.logging.Logger.	1.1.0	99.70094916135743	483	239	41	17	dart-lang	dart.dev	BSD-3-Clause	2022-12-06T22:23:52.000Z
27	archive	Provides encoders and decoders for various archive and compression formats such as zip, tar, bzip2, gzip, and zlib.	3.3.5	99.69228102110692	417	296	85	73	brendan-duncan	loki3d.com	MIT	2022-12-06T19:46:53.000Z
28	dart_code_metrics	Software analytics tool that helps developers analyse and improve software quality.	5.2.1	99.68794695098167	749	738	83	56	dart-code-checker	dartcodemetrics.dev	MIT	2022-12-16T15:09:38.000Z
29	flutter_rating_bar	A simple yet fully customizable ratingbar for flutter which also include a rating bar indicator, supporting any fraction of rating.	4.0.1	99.67927881073115	1578	320	75	39	sarbagyastha	sarbagyastha.com.np	MIT	2022-11-28T13:51:05.000Z
30	json_serializable	Automatically generate code for converting to and from JSON by annotating Dart classes.	6.5.4	99.6662766003554	2410	1376	351	76	google	google.dev	BSD-3-Clause	2022-12-05T17:46:38.000Z
31	pin_code_fields	A flutter package which will help you to generate pin code fields. Can be useful for OTP for example.	7.4.0	99.66194253023014	1626	549	245	14	adar2378	theadar.xyz	MIT	2022-12-15T16:10:20.000Z
32	yaml	A parser for YAML, a human-friendly data serialization standard	3.1.1	99.63593810947862	173	120	53	18	dart-lang	tools.dart.dev	MIT	2022-11-15T20:27:41.000Z
33	convert	Utilities for converting between data representations. Provides a number of Sink, Codec, Decoder, and Encoder types.	3.1.1	99.62726996922811	64	45	21	8	dart-lang	dart.dev	BSD-3-Clause	2022-10-12T21:53:57.000Z
34	web_socket_channel	StreamChannel wrappers for WebSockets. Provides a cross-platform WebSocketChannel API, a cross-platform implementation of that API that communicates over an underlying StreamChannel.	2.2.0	99.61426775885234	762	312	81	84	dart-lang	tools.dart.dev	BSD-3-Clause	2022-12-07T09:27:31.000Z
35	source_span	A library for identifying source spans and locations.	1.9.1	99.58392926797556	18	21	14	12	dart-lang	tools.dart.dev	BSD-3-Clause	2022-10-25T17:24:45.000Z
36	string_scanner	A class for parsing strings using a sequence of patterns.	1.2.0	99.57526112772504	150	51	13	5	dart-lang	tools.dart.dev	BSD-3-Clause	2022-12-13T00:08:03.000Z
37	typed_data	Utility functions and classes related to the dart:typed_data library.	1.3.1	99.57092705759979	30	29	10	3	dart-lang	dart.dev	BSD-3-Clause	2022-11-10T17:39:40.000Z
38	shelf	A model for web server middleware that encourages composition and easy reuse.
	1.4.0	99.56659298747454	558	699	102	29	dart-lang	tools.dart.dev	BSD-3-Clause	2022-12-08T17:24:18.000Z
39	bloc	A predictable state management library that helps implement the BLoC (Business Logic Component) design pattern.	8.1.0	99.54492263684827	2072	9884	3020	93	felangel	bloclibrary.dev	MIT	2022-12-11T03:56:07.000Z
40	term_glyph	Useful Unicode glyphs and ASCII substitutes.	1.2.1	99.54058856672302	21	10	10	0	dart-lang	tools.dart.dev	BSD-3-Clause	2022-11-15T22:30:35.000Z
41	clock	A fakeable wrapper for dart:core clock APIs.	1.1.1	99.53625449659775	119	34	13	1	dart-lang	tools.dart.dev	Apache-2.0	2022-11-09T23:23:34.000Z
42	pub_semver	Versions and version constraints implementing pub's versioning policy. This is very similar to vanilla semver, with a few corner cases.	2.1.3	99.5319204264725	71	47	22	8	dart-lang	tools.dart.dev	BSD-3-Clause	2022-11-12T00:56:02.000Z
43	stack_trace	A package for manipulating stack traces and printing them readably.	1.11.0	99.51891821609674	145	102	19	18	dart-lang	tools.dart.dev	BSD-3-Clause	2022-12-01T20:24:46.000Z
44	qr_code_scanner	QR code scanner that can be embedded inside flutter. It uses zxing in Android and MTBBarcode scanner in iOS.	1.0.1	99.49724786547046	1493	854	577	127	juliuscanute		BSD-2-Clause	2022-12-14T08:23:47.000Z
45	shelf_static	Static file server support for the shelf package and ecosystem.	1.1.1	99.48857972521995	53	24	25	3	dart-archive	tools.dart.dev	BSD-3-Clause	2022-05-09T20:32:05.000Z
46	webkit_inspection_protocol	A client for the Chrome DevTools Protocol (previously called the Webkit Inspection Protocol).
	1.2.0	99.46690937459368	4	24	26	4	google	google.dev	BSD-3-Clause	2022-11-14T17:14:57.000Z
47	io	Utilities for the Dart VM Runtime including support for ANSI colors, file copying, and standard exit code values.	1.0.3	99.45390716421791	26	32	16	19	dart-lang	tools.dart.dev	BSD-3-Clause	2022-11-15T20:27:29.000Z
48	flutter_riverpod	A simple way to access state from anywhere in your application while robust and testable.
	2.1.1	99.4365708837169	1321	3838	617	104	rrousselGit	dash-overflow.net	MIT	2022-12-17T20:19:05.000Z
49	csslib	A library for parsing and analyzing CSS (Cascading Style Sheets)	0.17.2	99.42790274346639	22	69	32	21	dart-lang	tools.dart.dev	BSD-3-Clause	2022-11-15T15:46:59.000Z
50	petitparser	A dynamic parser framework to build efficient grammars and parsers quickly.	5.1.0	99.42356867334114	189	381	51	5	petitparser	lukas-renggli.ch	MIT	2022-12-12T07:53:31.000Z
51	glob	A library to perform Bash-style file and directory globbing.	2.1.1	99.41056646296536	37	36	14	6	dart-lang	tools.dart.dev	BSD-3-Clause	2022-11-09T23:20:11.000Z
52	package_config	Support for reading and writing Dart Package Configuration files.	2.1.0	99.40623239284012	6	13	16	6	dart-lang	tools.dart.dev	BSD-3-Clause	2022-11-15T20:29:54.000Z
53	stream_channel	An abstraction for two-way communication channels based on the Dart Stream class.	2.1.1	99.40189832271487	28	38	20	4	dart-lang	tools.dart.dev	BSD-3-Clause	2022-11-10T11:30:32.000Z
54	watcher	A file system watcher. It monitors changes to contents of directories and sends notifications when files have been added, removed, or modified.	1.0.2	99.39323018246435	112	102	26	19	dart-lang	tools.dart.dev	BSD-3-Clause	2022-10-14T17:19:59.000Z
55	fixnum	Library for 32- and 64-bit signed fixed-width integers with consistent behavior between native and JS runtimes.	1.0.1	99.3888961123391	25	36	25	16	dart-lang	dart.dev	BSD-3-Clause	2022-12-08T16:13:54.000Z
56	coverage	Coverage data manipulation and formatting	1.6.1	99.38456204221384	60	90	55	27	dart-lang	tools.dart.dev	BSD-3-Clause	2022-11-14T22:55:10.000Z
57	shelf_web_socket	A shelf handler that wires up a listener for every connection.
	1.0.3	99.36722576171283	80	22	15	6	dart-archive	tools.dart.dev	BSD-3-Clause	2022-05-09T20:49:07.000Z
58	http_multi_server	A dart:io HttpServer wrapper that handles requests from multiple servers.	3.2.1	99.35422355133706	31	22	13	1	dart-lang	tools.dart.dev	BSD-3-Clause	2022-11-09T23:47:30.000Z
59	pool	Manage a finite pool of resources. Useful for controlling concurrent file system or network requests.	1.5.1	99.3412213409613	45	35	20	5	dart-lang	tools.dart.dev	BSD-3-Clause	2022-11-09T23:47:56.000Z
60	source_maps	A library to programmatically manipulate source map files.	0.10.11	99.33688727083604	0	12	14	13	dart-lang	tools.dart.dev	BSD-3-Clause	2022-10-19T17:16:50.000Z
61	shelf_packages_handler	A shelf handler for serving a `packages/` directory.	3.0.1	99.31088285008451	2	3	4	0	dart-archive	tools.dart.dev	BSD-3-Clause	2022-05-09T20:49:46.000Z
62	tuple	A library providing a tuple data structure.	2.0.1	99.302214709834	356	171	27	11	google	google.dev	BSD-2-Clause	2022-10-06T20:21:52.000Z
63	matcher	Support for specifying test expectations via an extensible Matcher class. Also includes a number of built-in Matcher implementations for common cases.	0.12.14	99.29788063970875	28	53	32	27	dart-lang	dart.dev	BSD-3-Clause	2022-12-13T19:01:10.000Z
64	flutter_image_compress	Compress image with native (Objective-C/Kotlin) with faster speed. Support Android/iOS.	1.1.3	99.2935465695835	815	505	132	60	fluttercandies		MIT	2022-09-22T08:48:55.000Z
65	source_map_stack_trace	A package for applying source maps to stack traces.	2.1.1	99.28487842933299	5	5	7	0	dart-lang	tools.dart.dev	BSD-3-Clause	2022-10-18T18:16:18.000Z
66	sync_http	Synchronous HTTP client for Dart.	0.3.1	99.28054435920774	4	10	14	5	google	google.dev	BSD-3-Clause	2022-12-02T18:53:11.000Z
67	webdriver	Provides WebDriver bindings for Dart. Supports WebDriver JSON interface and W3C spec. Requires the use of WebDriver remote server.	3.0.1	99.26754214883196	29	121	59	23	google	google.dev	Apache-2.0	2022-12-15T01:13:15.000Z
68	wakelock	Plugin that allows you to keep the device screen awake, i.e. prevent the screen from sleeping on Android, iOS, macOS, Windows, and web.	0.6.2	99.26320807870671	1120	336	57	7	creativecreatorormaybenot	creativemaybeno.dev	BSD-3-Clause	2022-09-13T04:03:51.000Z
69	dropdown_search	Simple and robust Searchable Dropdown with item search feature, making it possible to use an offline item list or filtering URL for easy customization.	5.0.5	99.2545399384562	1183	239	219	11	salim-lachdhaf	salimdev.ovh	MIT	2022-12-05T08:46:47.000Z
70	boolean_selector	A flexible syntax for boolean expressions, based on a simplified version of Dart's expression syntax.	2.1.1	99.24153772808044	9	15	12	1	dart-lang	tools.dart.dev	BSD-3-Clause	2022-11-10T17:41:56.000Z
71	json_rpc_2	Utilities to write a client or server using the JSON-RPC 2.0 spec.	3.0.2	99.21119923720366	56	63	33	6	dart-lang	tools.dart.dev	BSD-3-Clause	2022-11-09T23:47:44.000Z
72	flutter_keyboard_visibility	Flutter plugin for discovering the state of the soft-keyboard visibility on Android and iOS.	5.4.0	99.20253109695315	556	300	61	17	MisterJimson	jasonrai.ca	MIT	2022-12-08T13:51:05.000Z
73	shelf_proxy	A shelf handler for proxying HTTP requests to another server.	1.0.2	99.19386295670265	49	24	15	10	dart-archive	tools.dart.dev	BSD-3-Clause	2022-05-09T20:50:00.000Z
74	completion	A package to add shell command completion to your Dart application	1.0.1	99.18519481645212	25	53	11	1	kevmoo	j832.com	BSD-3-Clause	2022-12-14T20:13:37.000Z
75	fake_async	Fake asynchronous events such as timers and microtasks for deterministic testing.	1.3.1	99.18086074632687	48	68	13	5	dart-lang	dart.dev	Apache-2.0	2022-11-09T23:22:10.000Z
76	browser_launcher	Provides a standardized way to launch web browsers for testing and tools.	1.1.1	99.1591903957006	5	10	9	2	dart-lang	tools.dart.dev	BSD-3-Clause	2022-12-13T18:32:41.000Z
77	sse	Provides client and server functionality for setting up bi-directional communication through Server Sent Events (SSE) and corresponding POST requests.	4.1.2	99.15485632557535	24	49	18	5	dart-lang	tools.dart.dev	BSD-3-Clause	2022-12-14T21:03:50.000Z
78	sentry_flutter	Sentry SDK for Flutter. This package aims to support different Flutter targets by relying on the many platforms supported by Sentry with native SDKs.	6.18.1	99.14618818532483	495	601	159	78	getsentry	sentry.io	MIT	2022-12-17T03:02:13.000Z
79	usage	A Google Analytics wrapper for command-line, web, and Flutter apps.	4.1.0	99.14185411519958	58	139	48	15	dart-lang	tools.dart.dev	BSD-3-Clause	2022-10-20T20:09:59.000Z
80	pdf	A pdf producer for Dart. It can create pdf files for both web or flutter.	3.8.4	99.12885190482382	1744	949	370	116	DavBfr	nfet.net	Apache-2.0	2022-12-06T09:29:55.000Z
81	ffi	Utilities for working with Foreign Function Interface (FFI) code.	2.0.1	99.12018376457331	161	125	28	20	dart-lang	dart.dev	BSD-3-Clause	2022-11-21T11:11:52.000Z
82	internet_connection_checker	A pure Dart library that checks for internet by opening a socket to a list of specified addresses, each with individual port and timeout. Defaults are provided for convenience.	1.0.0+1	99.11584969444806	614	61	16	14	RounakTadvi		NOASSERTION	2022-09-22T10:54:54.000Z
83	vector_math	A Vector Math library for 2D and 3D applications.	2.1.4	99.10718155419754	197	259	77	19	google	google.dev	NOASSERTION	2022-11-01T09:39:33.000Z
84	pinput	Pin code input (OTP) text field, iOS SMS autofill, Android SMS autofill One Time Code, Password, Passcode, Captcha, Security, Coupon, Wowcher, 2FA, Two step verification	2.2.16	99.09851341394705	1295	447	110	5	Tkko	fman.ge	MIT	2022-10-07T08:18:37.000Z
85	youtube_player_flutter	Flutter plugin for playing or streaming inline YouTube videos using the official iFrame player API. This plugin supports both Android and iOS.	8.1.1	99.08984527369653	1045	555	564	311	sarbagyastha	sarbagyastha.com.np	BSD-3-Clause	2022-12-12T15:34:31.000Z
86	flutter_downloader	Powerful plugin making it easy to download files.	1.9.1	99.08551120357127	1050	782	426	270	fluttercommunity	fluttercommunity.dev	BSD-3-Clause	2022-12-17T18:49:53.000Z
87	timezone	Time zone database and time zone aware DateTime.	0.9.0	99.06817492307025	240	76	38	31	srawlins		BSD-2-Clause	2022-11-07T12:23:11.000Z
88	flutter_hooks	A flutter implementation of React hooks. It adds a new kind of widget with enhanced code reuse.	0.18.5+1	99.05950678281975	1522	2553	147	29	rrousselGit	dash-overflow.net	MIT	2022-07-20T09:57:15.000Z
89	quiver	Quiver is a set of utility libraries for Dart that makes using many Dart libraries easier and more convenient, or adds additional functionality.	3.1.0	99.0161660815672	409	901	140	50	google	google.dev	Apache-2.0	2022-12-09T17:16:25.000Z
90	flutter_map	A versatile mapping package for Flutter, based off leaflet.js, that's simple and easy to learn, yet completely customizable and configurable.	3.0.0	98.98582759069042	1103	2231	711	25	fleaflet	fleaflet.dev	BSD-3-Clause	2022-12-11T21:07:27.000Z
91	jiffy	Jiffy is a date dart package inspired by momentjs for parsing, manipulating and formatting dates	5.0.0	98.98149352056517	569	401	78	32	jama5262		MIT	2022-11-02T17:46:17.000Z
92	hooks_riverpod	A simple way to access state from anywhere in your application while robust and testable.
	2.1.1	98.93381874918737	554	3838	617	104	rrousselGit	dash-overflow.net	MIT	2022-12-17T20:19:05.000Z
93	win32	A Dart library for accessing common Win32 APIs using FFI. No C required!	3.1.3	98.91214839856109	561	601	94	31	timsneath	sneath.org	BSD-3-Clause	2022-12-17T10:19:39.000Z
94	printing	Plugin that allows Flutter apps to generate and print documents to compatible printers on Android, iOS, macOS, Windows, and Linux, as well as web print.
	5.9.3	98.89481211806007	973	949	370	116	DavBfr	nfet.net	Apache-2.0	2022-12-06T09:29:55.000Z
95	socket_io_client	Dartlang port of socket.io-client for web, flutter, dartvm to use	2.0.0	98.8818099076843	881	551	140	95	rikulo		MIT	2022-12-17T13:34:57.000Z
96	googleapis	Auto-generated client libraries for accessing Google APIs described through the API discovery service.	9.2.0	98.87747583755905	667	329	102	33	google	google.dev	BSD-3-Clause	2022-12-08T01:19:31.000Z
97	flutter_form_builder	This package helps in creation of forms in Flutter by removing the boilerplate code, reusing validation, react to changes, and collect final user input.	7.7.0	98.8731417674338	1716	1191	441	52	flutter-form-builder-ecosystem	flutterformbuilderecosystem.com	BSD-3-Clause	2022-12-15T15:22:03.000Z
98	mockito	A mock framework inspired by Mockito with APIs for Fakes, Mocks, behavior verification, and stubbing.	5.3.2	98.86447362718329	891	553	146	56	dart-lang	dart.dev	Apache-2.0	2022-12-14T21:34:39.000Z
99	event_bus	A simple Event Bus using Dart Streams for decoupling applications	2.0.0	98.85580548693278	463	697	75	0	marcojakob	jakobservices.ch	MIT	2022-03-01T17:38:59.000Z
100	pubspec_parse	Simple package for parsing pubspec.yaml files with a type-safe API and rich error reporting.	1.2.1	98.84713734668227	24	42	16	5	dart-lang	tools.dart.dev	BSD-3-Clause	2022-12-12T22:14:20.000Z
101	dotted_line	This package allows you to draw dotted lines with Flutter. You can draw a beautiful dotted line.	3.1.0	98.8341351363065	177	33	12	4	umechanhika		BSD-3-Clause	2022-09-04T08:08:54.000Z
102	video_thumbnail	A flutter plugin for creating a thumbnail from a local video file or from a video URL.	0.5.3	98.80379664542971	340	153	114	28	justsoft		MIT	2022-11-14T15:45:18.000Z
103	mobile_scanner	A universal barcode and QR code scanner for Flutter based on MLKit. Uses CameraX on Android, AVFoundation on iOS and Apple Vision & AVFoundation on macOS.	2.1.0	98.7777922246782	687	319	194	75	juliansteenbakker	steenbakker.dev	BSD-3-Clause	2022-12-13T12:26:48.000Z
104	cli_util	A library to help in building Dart command-line apps.	0.3.5	98.75612187405193	40	45	22	5	dart-lang	tools.dart.dev	BSD-3-Clause	2022-11-15T15:54:18.000Z
105	awesome_notifications	A complete solution to create Local and Push Notifications, customizing buttons, images, sounds, emoticons and applying many different layouts for Flutter apps.	0.7.4+1	98.75178780392667	1929	560	211	24	rafaelsetragni	carda.me	Apache-2.0	2022-11-28T13:30:31.000Z
106	grouped_list	A Flutter ListView where the list items can be grouped into sections.	5.1.2	98.7387855935509	911	275	78	45	Dimibe	begnis.dev	MIT	2022-10-20T16:04:42.000Z
107	flutter_staggered_animations	Easily add staggered animations to your ListView, GridView, Column and Row children as shown in Material Design guidelines	1.1.1	98.73445152342565	1317	1230	119	10	The-ring-io	dailyn.app	MIT	2022-11-09T20:05:42.000Z
108	stream_transform	A collection of utilities to transform and manipulate streams.	2.1.0	98.72144931304987	159	104	18	11	dart-lang	tools.dart.dev	BSD-3-Clause	2022-12-12T18:24:29.000Z
109	characters	String replacement with operations that are Unicode/grapheme cluster aware.	1.2.1	98.6911108221731	272	54	11	3	dart-lang	dart.dev	BSD-3-Clause	2022-11-09T23:30:34.000Z
110	rive	Rive 2 Flutter Runtime. This package provides runtime functionality for playing back and interacting with animations built with the Rive editor available at https://rive.app.	0.10.0	98.67377454167209	974	752	126	51	rive-app	rive.app	MIT	2022-12-14T22:15:44.000Z
111	protobuf	Runtime library for protocol buffers support. Use https://pub.dev/packages/protoc_plugin to generate dart code for your '.proto' files.	2.1.0	98.65643826117106	130	57440	14647	674	protocolbuffers	google.dev	NOASSERTION	2022-12-17T08:18:19.000Z
112	responsive_framework	Easily make Flutter apps responsive. Automatically adapt UI to different screen sizes. Responsiveness made simple.	0.2.0	98.62609977029429	2100	923	110	50	Codelessly	codelessly.com	0BSD	2022-09-18T16:01:30.000Z
113	lints	Official Dart lint rules. Defines the 'core' and 'recommended' set of lints suggested by the Dart team.
	2.0.1	98.61309755991851	162	66	22	23	dart-lang	tools.dart.dev	BSD-3-Clause	2022-11-14T22:19:20.000Z
114	animate_do	Beautiful animations inspired on Animate.css, every animation is a widget that contains default but customizable values that look attractive.	3.0.2	98.587093139167	2898	157	30	7	Klerith	fernando-herrera.com	MIT	2022-11-24T13:47:31.000Z
115	gcloud	High level idiomatic Dart API for Google Cloud Storage, Pub-Sub and Datastore.	0.8.7	98.53075022753868	57	89	40	42	dart-lang	labs.dart.dev	BSD-3-Clause	2022-11-22T08:56:54.000Z
116	marquee	A Flutter widget that scrolls text infinitely. Provides many customizations including custom scroll directions, durations, curves as well as pauses after every round.	2.2.3	98.50474580678716	662	216	64	36	MarcelGarus		MIT	2022-06-04T20:38:07.000Z
117	photo_manager	A Flutter plugin that provides assets abstraction management APIs on Android, iOS, and macOS.	2.5.1+1	98.49607766653664	408	518	215	25	fluttercandies	fluttercandies.com	Apache-2.0	2022-12-13T16:28:02.000Z
118	country_picker	A flutter package to select a country from a list of countries.	2.0.19	98.45273696528409	157	58	81	20	Daniel-Ioannou		MIT	2022-12-17T15:43:54.000Z
119	flutter_animate	Add beautiful animated effects & builders in Flutter, via an easy, customizable, unified API.	2.0.1	98.43973475490834	584	345	19	19	gskinner	gskinner.com	BSD-3-Clause	2022-11-16T06:10:51.000Z
120	charcode	Constants for ASCII and common non-ASCII character codes. Integer constants corresponding to the code points of individual characters.	1.3.1	98.43106661465782	28	21	10	2	lrhn	infimum.dk	BSD-3-Clause	2022-10-14T16:50:53.000Z
121	persistent_bottom_nav_bar	A do all, highly customizable persistent/static bottom navigation bar for flutter. Includes up-to 20 styles.	5.0.2	98.42239847440732	1585	420	256	152	BilalShahid13		BSD-3-Clause	2022-10-09T22:19:51.000Z
122	multi_select_flutter	A flexible multi select package for Flutter. Make multi select widgets the way you want.	4.1.3	98.34871928227798	477	176	140	98	CHB61		BSD-2-Clause	2022-12-08T10:41:19.000Z
123	timeline_tile	A package to help you build highly customisable timelines with Flutter.	2.0.0	98.34005114202748	1336	542	122	23	JHBitencourt	juliobitencourt.com	MIT	2022-10-26T12:08:15.000Z
124	sliver_tools	A set of useful sliver tools that are missing from the flutter framework	0.2.8	98.33138300177697	752	410	39	15	Kavantix	pietervanloon.com	MIT	2022-11-28T10:51:07.000Z
125	youtube_player_iframe	Flutter port of the official YouTube iFrame player API. Supports web & mobile platforms.	3.1.0	98.31838079140121	356	555	564	311	sarbagyastha	sarbagyastha.com.np	BSD-3-Clause	2022-12-12T15:34:31.000Z
126	decimal	The decimal package allows you to deal with decimal numbers without losing precision.
	2.3.2	98.30971265115069	204	146	39	2	a14n		Apache-2.0	2022-12-07T14:19:22.000Z
127	wechat_assets_picker	An audio/video/image picker in pure Dart which is the same with WeChat,
support multi picking, custom item and delegates override.
	8.2.0	98.30537858102544	436	1115	308	4	fluttercandies	fluttercandies.com	Apache-2.0	2022-12-09T10:00:30.000Z
128	in_app_update	Enables In App Updates on Android using the official Android APIs.	4.0.1	98.29671044077493	622	234	58	10	jonasbark	jonasbark.de	NOASSERTION	2022-11-28T11:08:00.000Z
129	form_builder_validators	Form Builder Validators set of validators for FlutterFormBuilder. Provides common validators and a way to make your own.	8.4.0	98.29237637064968	108	7	15	4	flutter-form-builder-ecosystem	flutterformbuilderecosystem.com	BSD-3-Clause	2022-12-01T07:09:26.000Z
130	flutter_phoenix	Easily restart your application from scratch, losing any previous state	1.1.0	98.28370823039917	359	119	9	7	The-ring-io	dailyn.app	MIT	2022-08-23T16:00:34.000Z
131	flutter_sound	Europe Stand With Ukraine. Pray for Ukraine. A complete api for audio playback and recording. Audio player, audio recorder.	9.2.13	98.27937416027392	1025	762	459	245	Canardoux	tau.canardoux.xyz	MPL-2.0	2022-10-21T03:07:36.000Z
132	formz	A unified form representation in Dart which aims to simplify form representation and validation in a generic way.	0.4.1	98.21436310839509	425	217	27	9	VeryGoodOpenSource	verygood.ventures	MIT	2022-12-13T02:08:36.000Z
133	nb_utils	Collection of Widgets and helpful Methods that every developer needs.	4.6.25	98.20136089801933	207	51	19	5	bhoominn	bhoominn.com	MIT	2022-11-24T17:43:31.000Z
134	nested	A Flutter Widget which helps nest multiple widgets without needing to manually nest them.	1.0.0	98.18835868764356	264	112	12	1	rrousselGit	dash-overflow.net	MIT	2021-02-20T16:36:28.000Z
135	loading_animation_widget	Loading animation or loading spiner or loader. It's used to show loading animation when the app is in loading state or something is processing for uncertain time.	1.2.0+4	98.17969054739307	522	68	20	1	watery-desert	waterydesert.com	BSD-3-Clause	2022-12-14T11:04:34.000Z
136	mocktail	A Dart mock library which simplifies mocking with null safety support and no manual mocks or code generation.	0.3.0	98.17102240714254	658	428	63	22	felangel	felangel.dev	MIT	2022-12-06T12:35:53.000Z
137	data_table_2	In-place substitute for Flutter's DataTable and PaginatedDataTable with fixed/sticky headers and few extra features	2.3.10	98.13201577601525	404	118	69	18	maxim-saplin	saplin.blogspot.com	BSD-3-Clause	2022-12-12T19:29:19.000Z
138	drift	Drift is a reactive library to store relational data in Dart and Flutter applications.	2.3.0	98.12768170589	833	1797	237	102	simolus3	simonbinder.eu	MIT	2022-12-17T20:37:15.000Z
139	workmanager	Flutter Workmanager. This plugin allows you to schedule background work on Android and iOS.	0.5.1	98.12334763576474	1252	698	173	59	fluttercommunity	fluttercommunity.dev	MIT	2022-11-07T20:00:35.000Z
140	barcode_widget	Barcode generation widget for Flutter with support for standard barcodes.	2.0.3	97.9846573917566	180	88	26	7	DavBfr	nfet.net	Apache-2.0	2022-12-07T16:49:31.000Z
141	hydrated_bloc	An extension to the bloc state management library which automatically persists and restores bloc states.	9.0.0	97.97165518138084	501	189	25	0	felangel	bloclibrary.dev	MIT	2020-07-09T03:23:09.000Z
142	purchases_flutter	Flutter in-app purchases and subscriptions made easy. The plugin supports Apple, Android, and the web.	4.5.3	97.94998483075457	406	412	114	14	RevenueCat	revenuecat.com	MIT	2022-12-16T18:35:03.000Z
143	flutter_login_facebook	Login via Facebook. Easily add Facebook login feature in your application. User profile information included.	1.7.0	97.91097819962728	176	64	42	14	Innim	innim.ru	BSD-3-Clause	2022-12-07T15:09:34.000Z
144	amplify_flutter	The top level Flutter package for the AWS Amplify libraries.	0.6.10	97.7939583062454	111	1128	176	192	aws-amplify	aws-amplify.com	Apache-2.0	2022-12-17T00:16:28.000Z
145	flutter_cached_pdfview	A package to show Native PDF View for iOS and Android, support Open from a different resource like Path, Asset or Url and Cache it.	0.4.1	97.76361981536861	291	94	34	39	binSaed	abdosaed.ml	MIT	2022-05-16T21:31:57.000Z
146	flutter_phone_direct_caller	Simple flutter plugin to call a number directly, without going to phone dialer, from app	2.1.1	97.75928574524336	223	21	20	9	yanisalfian		MIT	2022-10-26T15:29:16.000Z
147	amplify_auth_cognito	The Amplify Flutter Auth category plugin using the AWS Cognito provider.	0.6.10	97.75495167511811	66	1128	176	192	aws-amplify	aws-amplify.com	Apache-2.0	2022-12-17T00:16:28.000Z
148	flutter_ringtone_player	A simple player for system default ringtones, alarms and notifications	3.2.0	97.70727690374031	173	61	36	8	inway	inway.dev	MIT	2022-11-08T23:47:13.000Z
149	riverpod	A simple way to access state from anywhere in your application while robust and testable.
	2.1.1	97.68560655311403	2201	3838	617	104	rrousselGit	dash-overflow.net	MIT	2022-12-17T20:19:05.000Z
150	flutter_chat_ui	Actively maintained, community-driven chat UI implementation with an optional Firebase BaaS.
	1.6.6	97.66827027261301	693	626	328	24	flyerhq	flyer.chat	Apache-2.0	2022-12-15T19:35:36.000Z
151	flutter_windowmanager	A Flutter plugin for manipulating Android WindowManager LayoutParams.	0.2.0	97.6596021323625	197	39	17	9	adaptant-labs	adaptant.io	Apache-2.0	2021-08-26T10:45:43.000Z
152	geocode	Package to make Geocode requests. It exposes two methods to translate coordinates into locations and addresses into coordinates.	1.0.2	97.65526806223724	84	6	7	4	imvalient	imanol.dev	BSD-3-Clause	2022-07-24T11:27:50.000Z
153	android_id	A Flutter plugin for getting the Android ID. Only for Android.	0.1.3+1	97.62926364148572	37	12	3	1	fluttercommunity	achim.io	BSD-3-Clause	2022-11-28T22:33:32.000Z
154	shrine_images	Image assets for the Material Components for Flutter codelabs based on an app called Shrine.	2.0.2	97.62492957136047	5	18	19	0	material-components		NOASSERTION	2022-12-07T19:48:40.000Z
155	sentry	A crash reporting library for Dart that sends crash reports to Sentry.io. This library supports Dart VM and Web. For Flutter consider sentry_flutter instead.
	6.18.1	97.59459108048368	381	601	159	78	getsentry	sentry.io	MIT	2022-12-17T03:02:13.000Z
156	flex_color_scheme	A Flutter package to use and make beautiful Material design based themes.	6.1.1	97.59025701035843	1362	453	59	3	rydmike	rydmike.com	NOASSERTION	2022-12-11T20:12:08.000Z
157	velocity_x	A minimalist Flutter framework for rapidly building custom designs.	3.6.0	97.58592294023317	1082	1160	161	11	iampawan	codepur.dev	MIT	2022-10-12T13:25:49.000Z
158	adaptive_dialog	Show alert dialog or modal action sheet adaptively according to platform.	1.8.0+1	97.53391409873011	708	244	46	11	mono0926	mono0926.com	MIT	2022-09-01T00:24:24.000Z
159	data_connection_checker	A pure Dart library that checks for internet by opening a socket to a list of specified addresses, each with individual port and timeout. Defaults are provided for convenience.	0.3.4	97.49490746760281	415	103	71	19	komapeb		NOASSERTION	2021-12-14T10:00:14.000Z
160	flutter_quill	A rich text editor supporting mobile and web (Demo App @ bulletjournal.us)	6.1.6	97.48623932735232	919	1666	449	60	singerdmx	bulletjournal.us	MIT	2022-11-17T20:45:49.000Z
161	dart_style	Opinionated, automatic Dart source code formatter. Provides an API and a CLI tool.	2.2.4	97.46456897672604	69	571	108	101	dart-lang	tools.dart.dev	BSD-3-Clause	2022-11-29T20:17:14.000Z
162	flutter_vibrate	A Haptic Feedback plugin.	1.3.0	97.41689420534824	129	81	54	2	rodydavis		MIT	2022-02-26T16:48:22.000Z
163	isar	Extremely fast, easy to use, and fully async NoSQL database for Flutter.	3.0.5	97.3822216443462	1037	2008	158	49	isar	isar.dev	Apache-2.0	2022-12-12T10:00:38.000Z
164	isar_flutter_libs	Isar Core binaries for the Isar Database. Needs to be included for Flutter apps.	3.0.5	97.36921943397044	13	2008	158	49	isar	isar.dev	Apache-2.0	2022-12-12T10:00:38.000Z
165	stop_watch_timer	Simple CountUp timer / CountDown timer. It easily create app of stopwatch.	2.0.0	97.36488536384519	172	75	39	1	hukusuke1007	neverjp.com	MIT	2022-09-10T08:14:40.000Z
166	grpc	Dart implementation of gRPC, a high performance, open-source universal RPC framework.	3.1.0	97.36055129371994	246	728	209	65	grpc	dart.dev	Apache-2.0	2022-12-13T20:46:41.000Z
167	image_editor	Edit your image data and output to file/memory on Android and iOS.	1.3.0	97.33888094309367	209	314	94	15	fluttercandies	fluttercandies.com	Apache-2.0	2022-11-15T13:26:26.000Z
168	build	A package for authoring build_runner compatible code generators.	2.3.1	97.26953582108958	58	675	192	175	dart-lang	dart.dev	BSD-3-Clause	2022-12-16T20:16:10.000Z
169	flick_video_player	Flick Video Player is a video player for flutter. The video_player plugin gives low level access for the video playback.	0.5.0	97.21319290946127	350	194	167	33	GeekyAnts	geekyants.com	NOASSERTION	2022-11-04T11:04:21.000Z
170	expandable_text	Widget that only shows the first lines of a text and adds a link to expand the full text.	2.3.0	97.19585662896026	165	33	30	12	fweinaug		MIT	2022-06-13T05:36:21.000Z
171	source_gen	Source code generation builders and utilities for the Dart build system	1.2.6	97.1828544185845	100	416	93	24	dart-lang	tools.dart.dev	BSD-3-Clause	2022-12-01T20:41:01.000Z
172	dynamic_color	A Flutter package to create Material color schemes based on a platform's implementation of dynamic color.	1.5.4	97.14818185758246	153	53	12	6	material-foundation	material.io	BSD-3-Clause	2022-12-07T11:11:46.000Z
173	mixpanel_flutter	Official Flutter Tracking SDK for Mixpanel Analytics developed and maintained by Mixpanel, Inc.	2.0.0	97.13084557708143	65	43	32	22	mixpanel		Apache-2.0	2022-12-12T13:51:32.000Z
174	markdown	A portable Markdown library written in Dart that can parse Markdown into HTML.	6.0.1	97.11350929658042	173	348	159	39	dart-lang	tools.dart.dev	BSD-3-Clause	2022-12-16T18:04:09.000Z
175	external_app_launcher	A Flutter plugin which helps you to open another app from your app	3.1.0	97.10917522645516	159	4	12	5	GeekyAnts	geekyants.com	BSD-3-Clause	2022-08-04T13:42:48.000Z
176	http_interceptor	A lightweight, simple plugin that allows you to intercept request and response objects and modify them if desired.	1.0.2	97.10484115632991	136	86	51	4	CodingAleCR	codingale.dev	MIT	2022-08-24T21:03:52.000Z
177	styled_text	Text widget with formatted text using tags. Makes it easier to use formatted text in multilingual applications.	6.0.0	97.07883673557838	286	59	36	1	andyduke	amazingsoftworks.com	BSD-3-Clause	2022-10-11T16:57:09.000Z
178	file_saver	This package will help you save file with a single method on any platform including macOS, iOS, Android, Windows, Web, Linux.	0.1.1	97.06583452520262	177	32	40	19	incrediblezayed		BSD-3-Clause	2022-07-27T07:31:34.000Z
179	brasil_fields	O jeito mais fácil de utilizar padrões e formatos brasileiros em seu projeto Dart.	1.9.0	97.05716638495211	398	98	32	10	flutterbootcamp	flutterbootcamp.com.br	NOASSERTION	2022-12-16T23:09:29.000Z
180	lint	An opinionated, community-driven set of lint rules for Dart and Flutter projects. Like pedantic but stricter	2.0.1	97.02249382395007	741	253	73	15	passsy	pascalwelsch.com	Apache-2.0	2022-11-30T14:52:38.000Z
181	objectbox	Flutter database for super-fast NoSQL ACID compliant object persistence.	1.7.0	97.01382568369957	822	719	86	54	objectbox	objectbox.io	Apache-2.0	2022-12-16T15:46:25.000Z
182	flutter_archive	Create and extract ZIP archive files in Android, iOS and macOS. Zip all files in a directory recursively or a given list of files.	5.0.0	96.9921553330733	108	46	34	10	kineapps	kineapps.com	BSD-3-Clause	2022-10-21T10:29:33.000Z
183	objectbox_flutter_libs	Superfast NoSQL Flutter / Dart database. This package contains Flutter runtime libraries for ObjectBox.	1.7.0	96.90980800069346	17	719	86	54	objectbox	objectbox.io	Apache-2.0	2022-12-16T15:46:25.000Z
184	pinch_zoom	A widget based on Flutter's new Interactive Viewer that makes picture pinch zoom, and return to its initial size and position when released.	1.0.0	96.90547393056819	139	35	13	3	tkortekaas	jelter.net	ISC	2021-07-16T19:20:08.000Z
185	barcode	Barcode generation library for Dart that can generate generic drawing operations for any backend.	2.2.3	96.85346508906514	330	88	26	7	DavBfr	nfet.net	Apache-2.0	2022-12-07T16:49:31.000Z
186	flutter_sms	A Flutter plugin to Send SMS and MMS on iOS and Android. If iMessage is enabled it will send as iMessage on iOS. This plugin must be tested on a real device on iOS.	2.3.3	96.84479694881463	249	207	96	28	fluttercommunity	fluttercommunity.dev	MIT	2022-08-02T13:56:14.000Z
187	twitter_login	Flutter Twitter Login Plugin. Library for login with Twitter APIs OAuth service	4.2.3	96.82746066831362	84	44	32	6	0maru		MIT	2022-11-12T14:45:11.000Z
188	flutter_login	A login widget with login/signup functionalities to help speed up development	4.1.1	96.82312659818835	1059	1224	658	61	NearHuscarl		MIT	2022-12-07T07:52:51.000Z
189	copy_with_extension	Annotation for generating `copyWith` extensions code using `copy_with_extension_gen`.	5.0.0	96.80579031768734	70	57	23	8	numen31337	oleksandrkirichenko.com	MIT	2022-12-02T23:18:09.000Z
190	qr	A QR code generation library for Dart and Flutter. Supports QR code version 1 through 40, error correction and redundancy.	3.0.1	96.79712217743683	134	234	54	2	kevmoo	j832.com	BSD-3-Clause	2022-12-15T21:18:34.000Z
191	iconsax	Iconsax for flutter (1000+ icons 6 diferent styles, total 6000+ icons).	0.0.8	96.76678368656006	217	14	5	8	luisDanielRoviraContreras		GPL-3.0	2022-06-28T08:48:23.000Z
192	bitsdojo_window	A package to help with creating custom windows with Flutter desktop (custom border, titlebar and minimize/maximize/close buttons) and common desktop window operations (show/hide/position on screen) for Windows and macOS	0.1.5	96.75378147618429	651	598	142	98	bitsdojo	bitsdojo.com	MIT	2022-11-19T14:48:02.000Z
193	amplitude_flutter	Amplitude Flutter plugin	3.13.0	96.74511333593378	72	80	38	19	amplitude		MIT	2022-12-12T20:30:44.000Z
194	custom_pop_up_menu	Wrap a widget with CustomPopupMenu, Tap or Long Press this widget, a popup menu would display in a suitable position.	1.2.4	96.7234429853075	188	88	34	9	malikwang	malikwang.com	MIT	2022-10-29T19:46:59.000Z
195	custom_refresh_indicator	Flutter Widget that make it easy to implement custom refresh indicator.	2.0.1	96.714774845057	392	315	47	0	gonuit	klyta.it	MIT	2022-11-04T16:56:56.000Z
196	drift_dev	Dev-dependency for users of drift. Contains a the generator and development tools.	2.3.3	96.6280934425519	16	1797	237	102	simolus3	simonbinder.eu	MIT	2022-12-17T20:37:15.000Z
197	flutter_chat_types	Utility library for the flutter_chat_ui and flutter_firebase_chat_core libraries which contains shared type declarations.
	3.6.0	96.61075716205089	23	14	48	1	flyerhq	flyer.chat	MIT	2022-10-29T07:17:39.000Z
198	very_good_analysis	Lint rules for Dart and Flutter used internally at Very Good Ventures.	3.1.0	96.5327438997963	333	242	30	1	VeryGoodOpenSource	verygood.ventures	MIT	2022-12-13T14:47:03.000Z
199	flutter_exif_rotation	Flutter plugin that fixes the picture orientation when it's took in landscape for some devices.	0.5.1	96.52840982967105	56	23	46	15	NGhebreial		BSD-3-Clause	2022-04-03T10:36:06.000Z
200	web3dart	Dart library to connect to Ethereum clients. Send transactions and interact with smart contracts!	2.5.2	96.49373726866901	368	91	45	56	xclud	pwa.ir	MIT	2022-12-14T20:38:05.000Z
201	webview_cookie_manager	Have you been turned into a cookie management problem? This package can help. It has all of the cookie management functionality you have been looking for.	2.0.6	96.47640098816798	63	40	29	6	fryette	mobilepeople.dev	MIT	2021-11-15T11:07:33.000Z
202	algolia	Algolia is a pure dart SDK, wrapped around Algolia REST API for easy implementation for your Flutter or Dart projects.
	1.1.1	96.47206691804273	190	112	67	17	knoxpo	knoxpo.com	NOASSERTION	2022-10-08T11:49:40.000Z
203	amplify_api	The Amplify Flutter API category plugin, supporting GraphQL and REST operations.	0.6.10	96.46339877779222	30	1128	176	192	aws-amplify	aws-amplify.com	Apache-2.0	2022-12-17T00:16:28.000Z
204	dart_jsonwebtoken	A dart implementation of the famous javascript library 'jsonwebtoken' (JWT).	2.6.2	96.43306028691543	98	28	19	4	jonasroussel	jroussel.fr	MIT	2022-12-11T19:08:14.000Z
205	simple_gradient_text	Create fast and simple gradient texts, whether linear or radial, you just decide the colors and the text to display, very easy.	1.2.4	96.40705586616392	38	5	5	0	astudilloalex	alexastudillo.com	Apache-2.0	2022-09-24T19:09:38.000Z
206	wechat_camera_picker	A camera picker based on WeChat's UI which is a separate runnable extension to wechat_assets_picker.	3.6.5	96.40272179603866	137	263	83	5	fluttercandies	fluttercandies.com	Apache-2.0	2022-12-05T14:55:47.000Z
207	scroll_snap_list	A Flutter widget that allows "snaping" event to an item at the end of user-scroll.	0.9.1	96.37238330516188	288	84	30	13	MSVCode	msvcode.com	NOASSERTION	2022-05-29T10:59:44.000Z
208	tab_indicator_styler	Add beautiful and trending tab indicators directly to your default Flutter TabBar	2.0.0	96.36804923503662	203	50	16	3	adar2378	theadar.xyz	MIT	2022-04-20T05:11:00.000Z
209	oauth2	A client library for authenticating with a remote service via OAuth2 on behalf of a user, and making authorized HTTP requests with the user's OAuth2 credentials.	2.0.1	96.36371516491137	210	173	116	44	dart-lang	tools.dart.dev	BSD-3-Clause	2022-11-11T07:22:29.000Z
210	custom_info_window	A widget based custom info window for google_maps_flutter package.	1.0.1	96.35504702466086	90	21	16	6	abhishekduhoon	abhishekduhoon.com	BSD-3-Clause	2022-09-19T00:18:17.000Z
211	pluto_grid	PlutoGrid is a dataGrid that can be controlled by the keyboard on desktop and web. Of course, it works well on Android and IOS. (DataGrid, DataTable, Data Grid, Data Table, Sticky)	5.4.9	96.3507129545356	552	444	136	95	bosskmk	weblaze.dev	MIT	2022-12-15T13:38:25.000Z
212	supabase_flutter	Flutter integration for Supabase. This package makes it simple for developers to build secure and scalable products.	1.2.2	96.32904260390933	173	238	52	53	supabase	supabase.io	MIT	2022-12-02T09:07:59.000Z
213	accordion	An expandable Flutter widget list where each item can be expanded or collapsed simply by clicking on the header.	2.5.1	96.32037446365882	173	29	21	5	GotJimmy	vulcansoft.com	NOASSERTION	2022-07-10T20:10:18.000Z
214	searchfield	A highly customizable, simple and easy to use flutter Widget to add a searchfield to your Flutter Application. This Widget allows you to search and select from list of suggestions.	0.7.2	96.31604039353357	157	45	28	20	maheshmnj	maheshjamdade.com	MIT	2022-11-21T21:23:07.000Z
215	whatsapp_unilink	Dart package helping your app interact with WhatsApp via HTTP links (universal links). Works with Flutter.	2.1.0	96.30737225328306	190	18	7	0	dartsidedev	dartside.dev	BSD-3-Clause	2022-11-20T16:10:41.000Z
216	flutter_translate	Flutter Translate is a fully featured localization / internationalization (i18n) library for Flutter.	4.0.3	96.30303818315781	178	329	102	2	Jesway	jesway.com	NOASSERTION	2022-11-25T20:40:11.000Z
217	search_choices	Highly versatile Widget to search through a single or multiple choices list in a dialog box or a menu. Supports pagination and future/API/webservice searches with sort and filter.	2.2.1	96.29003597278204	385	43	26	8	lcuis	jod.li	MIT	2022-12-15T02:41:53.000Z
218	expandable_bottom_sheet	This is a BottomSheet with a draggable height like the Google Maps App on Android.	1.1.1+1	96.28570190265678	139	32	19	9	torbenkeller	torben-keller.de	MIT	2022-07-01T17:32:48.000Z
219	beamer	A routing package built on top of Router and Navigator's pages API, supporting arbitrary nested navigation, guards and more.	1.5.3	96.25536341178001	925	479	119	70	slovnicki	beamer.dev	MIT	2022-10-17T09:41:39.000Z
220	mvc_pattern	To develop apps using a framework following the MVC design pattern separating the app's 'interface' from its 'business logic' and from its 'data source' if any.	8.12.0	96.2076886404022	179	163	30	0	AndriousSolutions	andrioussolutions.com	NOASSERTION	2022-08-26T01:39:37.000Z
221	dio_smart_retry	Retry library for Dio package made with love. By default, the request will be retried only for appropriate retryable http statuses.	1.4.0	96.19468643002644	81	43	15	1	rodion-m	rodion-m.ru	MIT	2022-12-08T19:04:58.000Z
222	buttons_tabbar	A Flutter package that implements a TabBar where each label is a toggle button.	1.3.6	96.19035235990118	199	55	17	0	afonsocraposo	afonsoraposo.com	MIT	2022-06-12T13:27:25.000Z
223	flutter_bluetooth_serial	A basic Flutter Bluetooth Serial library	0.4.0	96.1600138690244	250	373	347	70	edufolly	3daysapp.com.br	MIT	2022-10-25T11:46:33.000Z
224	code_builder	A fluent, builder-based library for generating valid Dart code	4.3.0	96.14267758852338	146	326	58	18	dart-lang	tools.dart.dev	BSD-3-Clause	2022-12-16T23:05:59.000Z
225	app_review	Request and Write Reviews and Open Store Listing for Android and iOS in Flutter.	2.1.2+1	96.13834351839813	250	269	69	14	fluttercommunity	fluttercommunity.dev	MIT	2022-11-22T09:07:27.000Z
226	simple_html_css	This package allows you to use simple HTML and inline CSS styles to style your text in flutter. A fork of css_text package.	4.0.0	96.12534130802236	92	27	18	5	ali-thowfeek		NOASSERTION	2022-10-26T14:44:53.000Z
227	fpdart	Functional programming in Dart and Flutter. All the main functional programming types and patterns fully documented, tested, and with examples.	0.4.0	96.08200060676981	287	269	24	5	SandroMaglione	sandromaglione.com	MIT	2022-12-16T04:50:00.000Z
228	mailto	Simple Dart package for creating mailto links in your Flutter apps	2.0.0	96.05599618601829	101	21	6	4	smaho-engineering	smaho.dev	BSD-3-Clause	2021-04-13T19:22:03.000Z
229	gql	GraphQL tools for parsing, transforming and printing GraphQL documents.	0.14.0	96.05166211589304	33	240	99	56	gql-dart	gql-dart.dev	MIT	2022-12-03T23:04:15.000Z
230	easy_refresh	A flutter widget that provides pull-down refresh and pull-up load.	3.0.5+1	96.03432583539202	112	3346	581	35	xuelongqy		MIT	2022-12-14T07:12:42.000Z
231	screen_brightness	A Plugin for controlling screen brightness with application life cycle reset implemented	0.2.2	96.02132362501625	59	13	6	2	aaassseee		MIT	2022-10-09T13:08:08.000Z
232	image_picker_web	Flutter Web Plugin to pick Images (as Widget, File or Uint8List) and Videos (as File or Uint8List)	3.0.0+1	96.016989554891	107	40	20	0	Ahmadre	rouxguillau.me	GPL-3.0	2022-11-21T12:19:51.000Z
233	flex_color_picker	A customizable Flutter primary, accent and custom color picker. Includes an optional HSV wheel color picker.	3.0.0	95.98231699388896	268	132	21	10	rydmike	rydmike.com	BSD-3-Clause	2022-11-23T19:49:46.000Z
234	contained_tab_bar_view	Encapsulates TabController, TabBar and TabBarView into a single customizable Widget.	0.8.0	95.91297187188489	89	13	6	12	slovnicki	scipack.dev	MIT	2021-06-10T10:53:34.000Z
235	flow_builder	Flutter Flows made easy! A Flutter package which simplifies flows with a flexible, declarative API.	0.0.9	95.90863780175964	308	335	50	26	felangel	felangel.dev	MIT	2022-08-26T14:49:12.000Z
236	amplify_storage_s3	The Amplify Flutter Storage category plugin using the AWS S3 provider.	0.6.10	95.8739652407576	51	1128	176	192	aws-amplify	aws-amplify.com	Apache-2.0	2022-12-17T00:16:28.000Z
237	flutter_background	A plugin to keep flutter apps running in the background by using foreground service, wake lock and disabling battery optimizations	1.1.0	95.86529710050709	193	72	28	20	JulianAssmann		MIT	2022-08-23T10:06:18.000Z
238	sentry_dio	An integration which adds support for performance tracing for the Dio package.	6.18.1	95.81328825900403	14	601	159	78	getsentry	sentry.io	MIT	2022-12-17T03:02:13.000Z
239	otp_autofill	Android implementation of OTP autofill with using User Consent API and Retriever API. Add possibility to receive OTP code from another input.	2.1.0	95.7872838382525	127	37	14	11	surfstudio	surf.ru	Apache-2.0	2022-11-12T20:13:05.000Z
240	flutter_gen	The Flutter code generator for your assets, fonts, colors, … — Get rid of all String-based APIs.	5.1.0+1	95.74394313699996	763	1133	95	38	FlutterGen	wasabeef.jp	MIT	2022-12-12T07:35:43.000Z
241	flutter_flavorizr	A flutter utility to easily create flavors in your flutter application	2.1.5	95.73960906687469	374	265	48	27	AngeloAvv	angelocassano.it	MIT	2022-12-09T04:21:29.000Z
242	either_dart	Error handler library for type-safe and easy work with errors on Dart and Flutter. Either is an alternative to Nullable value and Exceptions.	0.3.0	95.7309409266242	73	20	6	0	avdosev		MIT	2022-11-06T17:04:13.000Z
243	line_awesome_flutter	The Line Awesome Icons pack for flutter. Provides 1542 additional icons to use in your apps.	2.0.0	95.70493650587267	141	12	2	1	clean		MIT	2021-07-19T10:41:13.000Z
244	any_link_preview	Dart package that helps with preview of any links. Fully customizable and has the ability to render from cached data. Useful for apps where we had chat feature.	2.0.9	95.70060243574741	173	33	37	8	sur950	suresh-konakanchi.in	MIT	2022-12-11T21:24:25.000Z
245	flutter_keyboard_visibility_web	An implementation for the web platform of `flutter_keyboard_visibility'	2.0.0	95.63125731374333	1	300	61	17	MisterJimson		MIT	2022-12-08T13:51:05.000Z
246	stream_chat_flutter	Stream Chat official Flutter SDK. Build your own chat experience using Dart and Flutter.	5.1.0	95.60525289299181	249	654	237	75	GetStream	getstream.io	NOASSERTION	2022-12-16T14:41:48.000Z
247	disk_space	A tiny Flutter Plugin to show free and total disk space.	0.2.1	95.60091882286656	54	12	20	8	mboeddeker		MIT	2022-03-25T22:53:03.000Z
248	http_mock_adapter	A simple to use mocking package for Dio intended to be used in tests. It provides various types and methods to declaratively mock request-response communication.	0.3.3	95.58358254236553	92	45	19	10	lomsa-dev	lomsa.com	MIT	2022-08-10T19:29:16.000Z
249	gql_http_link	GQL Terminating Link to execute requests via HTTP using JSON.	0.4.5	95.5099033502362	10	240	99	56	gql-dart	gql-dart.dev	MIT	2022-12-03T23:04:15.000Z
250	flutter_gen_runner	The Flutter code generator for your assets, fonts, colors, … — Get rid of all String-based APIs.	5.1.0+1	95.49690113986044	82	1133	95	38	FlutterGen	wasabeef.jp	MIT	2022-12-12T07:35:43.000Z
251	amplify_datastore	The Amplify Flutter DataStore category plugin, providing a queryable, on-device data store.	0.6.10	95.49256706973519	26	1128	176	192	aws-amplify	aws-amplify.com	Apache-2.0	2022-12-17T00:16:28.000Z
252	advertising_id	A Flutter plugin to access advertising ID.Wraps ASIdentifierManager.advertisingIdentifier (on iOS) and advertising ID (on Android).	2.3.0	95.46656264898367	18	8	24	3	operando		Apache-2.0	2022-05-23T18:46:59.000Z
253	flutter_advanced_drawer	An advanced drawer widget, that can be fully customized with size, text, color, radius of corners.	1.3.2	95.42322194773112	186	44	12	2	alex-melnyk	alexmelnyk.io	BSD-3-Clause	2022-04-03T16:04:36.000Z
254	persistent_bottom_nav_bar_v2	A do all, highly customizable persistent/static bottom navigation bar for flutter. Includes up-to 20 styles. Based on persistent_bottom_nav_bar which currently is not continued.	4.2.6	95.38421531660383	156	26	21	32	jb3rndt		BSD-3-Clause	2022-11-28T23:06:20.000Z
255	custom_sliding_segmented_control	Allows you to flexibly configure the widget for displaying controls. You can add color, speed, size, initial value, animation and more.	1.7.3	95.34520868547654	55	13	10	1	hadukin		MIT	2022-10-20T06:34:16.000Z
256	loading_animations	A Flutter package with a selection of simple yet very customizable set of loading animations.	2.2.0	95.33220647510076	218	171	22	2	cytryn		MIT	2021-03-09T18:19:44.000Z
257	custom_lint	Lint rules are a powerful way to improve the maintainability of a project. Custom Lint allows package authors and developers to easily write custom lint rules.	0.0.16	95.26719542322195	59	151	17	19	invertase	invertase.io	Apache-2.0	2022-12-12T11:22:31.000Z
258	flutter_keyboard_visibility_platform_interface	A common platform interface for the flutter_keyboard_visibility plugin.	2.0.0	95.2151865817189	1	300	61	17	MisterJimson		MIT	2022-12-08T13:51:05.000Z
259	ffmpeg_kit_flutter	FFmpeg Kit for Flutter. Supports Android, iOS and macOS platforms.	5.1.0	95.20651844146838	142	2159	306	67	arthenica	arthenica.com	LGPL-3.0	2022-11-19T15:37:05.000Z
260	sticky_grouped_list	A ScrollablePositionedList where the list items can be grouped into sections.	3.1.0	95.19785030121788	191	130	33	22	Dimibe	begnis.dev	MIT	2022-10-22T23:12:24.000Z
261	system_settings	Flutter plugin to open system and app settings on iOS and Android.	2.1.0	95.16751181034108	52	11	20	6	fweinaug		MIT	2022-04-03T12:17:03.000Z
262	bottom_sheet	Flexible bottom sheet with the ability to scroll content even without a list.	3.1.2	95.15450959996534	213	92	25	6	surfstudio	surf.ru	Apache-2.0	2022-11-24T05:54:54.000Z
263	agora_rtm	Flutter wrapper around the Agora Real Time Message SDKs for Android and iOS.	1.5.0	95.15017552984007	51	92	54	28	AgoraIO	agora.io	MIT	2022-11-30T02:36:35.000Z
264	filesystem_picker	FileSystem file or folder picker dialog. Allows the user to browse the file system and pick a folder or file.	3.1.0	95.13717331946431	118	47	28	5	andyduke	amazingsoftworks.com	BSD-3-Clause	2022-09-01T14:03:18.000Z
265	darq	The power of lazy-evaluated enumerables in your hands! (A port of functional LINQ from the .NET library.)	1.2.1	95.1198370389633	118	75	7	0	Abion47		MIT	2022-09-18T18:01:58.000Z
266	flutter_spinbox	SpinBox is a numeric input widget with an input field for entering a specific value, and spin buttons for quick, convenient, and accurate value adjustments.	0.11.0	95.10683482858752	94	26	23	10	jpnurmi		MIT	2022-12-16T12:14:30.000Z
267	flutter_google_places_hoc081098	Google places autocomplete widgets for flutter. No wrapper, use https://pub.dartlang.org/packages/google_maps_webservice. Better flutter_google_places, updated by @hoc081098	1.1.0	95.10250075846227	27	10	10	4	hoc081098		NOASSERTION	2022-11-13T17:01:41.000Z
268	flutter_map_location_marker	A flutter map plugin for displaying device current location.	5.0.0+1	95.09816668833702	53	40	41	3	tlserver	tlserver6y.net	BSD-3-Clause	2022-11-08T17:06:59.000Z
269	flutter_segment	Flutter implementation of Segment Analytics for iOS, Android and Web	3.12.1	95.08516447796124	61	15	102	25	la-haus		MIT	2022-11-22T07:39:58.000Z
270	flutter_sound_lite	A complete api for audio playback and recording. Audio player, audio recorder, media player, media recorder, sound player, sound recorder.	8.5.0	95.07649633771075	108	762	459	245	Canardoux		MPL-2.0	2022-10-21T03:07:36.000Z
271	agora_uikit	Flutter plugin to simply integrate Agora Video Calling or Live Video Streaming to your app with just a few lines of code.	1.1.0	95.0721622675855	321	106	37	13	AgoraIO-Community	agora.io	MIT	2022-11-29T10:58:37.000Z
272	styled_widget	Simplifying your widget tree structure by defining widget using methods. Taking ispiration from CSS and SwiftUI	0.4.1	95.06349412733498	622	967	79	19	ReinBentdal		MIT	2022-11-07T22:26:11.000Z
273	telephony	A Flutter plugin to use telephony features such as fetch network info, start phone calls, send and receive SMS, and listen for incoming SMS.	0.2.0	95.04182377670871	257	103	72	31	shounakmulay	shounakmulay.dev	MIT	2022-12-03T18:26:22.000Z
274	envied	Explicitly reads environment variables into a dart file from a .env file for more security and faster start up times.	0.3.0	95.01581935595718	106	30	15	3	petercinibulk		MIT	2022-11-28T17:56:33.000Z
275	queue	Queue up futures from multiple sources and await their return anywhere in your code.	3.1.0+2	94.98981493520566	66	37	8	5	rknell		MIT	2022-12-06T00:41:06.000Z
276	link_preview_generator	A cross-platform flutter package to convert your links into rich beautiful previews.	1.2.0	94.98548086508039	39	12	6	3	ghpranav		MIT	2021-11-08T07:26:36.000Z
277	location_android	Android implementation of the location plugin	5.0.0-dev.3	94.98114679495514	1	952	591	90	Lyokone		MIT	2022-07-21T16:05:20.000Z
278	fijkplayer	A Video Player Flutter plugin based on ijkplayer, support most popular protocols and codecs	0.10.1	94.96814458457938	148	1381	256	179	befovy		MIT	2022-07-22T03:47:47.000Z
279	location_ios	iOS implementation of the location plugin	5.0.0-dev.4	94.95514237420362	1	952	591	90	Lyokone		MIT	2022-07-21T16:05:20.000Z
280	location_macos	MacOS implementation of the location plugin	5.0.0-dev.3	94.95080830407836	0	952	591	90	Lyokone		MIT	2022-07-21T16:05:20.000Z
281	flutter_callkit_incoming	Flutter Callkit Incoming to show callkit screen in your Flutter app.	1.0.2+2	94.9464742339531	132	70	95	46	hiennguyen92	hiennv.com	MIT	2022-11-14T23:34:58.000Z
282	video_editor	A flutter package for editing video written in pure Dart with fully customizable UI. Supports crop, trim, rotation and cover selection.	2.1.0	94.93780609370259	268	213	100	11	LeGoffMael	felipemurguia.com	MIT	2022-12-01T09:55:03.000Z
283	money2	Money and Currency classes with fixed precision maths, parsing and formatting. (Money.parse('$2010.00') * 10).format('S CC#,##0') -> $ US20,100	3.3.0	94.91613574307632	149	50	26	5	onepub-dev	onepub.dev	MIT	2022-11-02T04:43:07.000Z
284	supabase	A dart client for Supabase. This client makes it simple for developers to build secure and scalable products.	1.2.0	94.8987994625753	393	389	63	0	supabase	supabase.io	MIT	2022-12-03T13:45:54.000Z
285	dual_screen	Foldable and dual-screen support, like the TwoPane widget and hinge angle sensor data.	1.0.3	94.88146318207428	67	39	4	0	microsoft	microsoft.com	MIT	2022-05-05T14:12:42.000Z
286	glassmorphism	A Flutter package for implimentation of Glassmorphic UI easily.	3.0.0	94.86846097169852	336	45	19	2	RitickSaha		Apache-2.0	2022-09-13T13:48:25.000Z
287	graphs	Graph algorithms that operate on graphs in any representation	2.2.0	94.84679062107226	63	69	14	3	dart-lang	tools.dart.dev	BSD-3-Clause	2022-11-01T16:47:02.000Z
288	quickalert	With QuickAlert, instantly display animated alert dialogs such as success, error, warning, confirm, loading or even a custom dialog.	1.0.1	94.82512027044598	164	15	7	1	belovance	belovance.com	MIT	2022-12-02T08:02:27.000Z
289	flutter_inset_box_shadow	This package extends BoxShadow and BoxDecoration to support the inset property.	1.0.8	94.77744549906818	35	14	2	2	johynpapin	qoumo.dev	BSD-3-Clause	2022-04-08T12:26:18.000Z
290	flutter_link_previewer	Customizable link and URL preview extracted from the provided text with the ability to render from the cache. Ideal for chat applications.
	3.2.0	94.76877735881767	171	47	45	1	flyerhq	flyer.chat	MIT	2022-10-29T07:36:56.000Z
291	ferry	Ferry is a simple, powerful GraphQL Client for Flutter and Dart.	0.13.0	94.73843886794089	274	476	90	52	gql-dart	gql-dart.dev	MIT	2022-12-11T21:44:13.000Z
292	searchable_dropdown	Widget to let the user search through a keyword string typed on a customizable keyboard in a single or multiple choices list presented as a dropdown in a dialog box or a menu.	1.1.3	94.72977072769038	298	108	144	103	icemanbsi		MIT	2022-05-12T17:25:32.000Z
293	animated_toggle_switch	Simple and animated toggle switch for multiple choices. It's a good alternative if you don't want to use something like a dropdown menu.	0.5.2	94.72543665756513	250	19	6	3	SplashByte	splashbyte.dev	BSD-3-Clause	2022-12-05T21:20:09.000Z
294	dropdown_plus	Simple and easy to use Dropdown in forms with search, keyboard navigation, offiline data source, remote data source and easy customization.	0.0.9	94.71243444718935	97	8	28	25	crawlinknetworks	crawlink.com	MIT	2022-11-08T09:05:50.000Z
295	currency_picker	A flutter package to select a currency from a list of currencies.	2.0.13	94.61708490443375	59	21	48	12	Daniel-Ioannou		MIT	2022-11-29T19:57:30.000Z
296	flutter_keyboard_visibility_macos	An implementation for the macOS platform of `flutter_keyboard_visibility'	1.0.0	94.59541455380747	0	300	61	17	MisterJimson		MIT	2022-12-08T13:51:05.000Z
297	credit_card_validator	A package that validates credit card numbers, expiration dates, and security codes (CVV/CVC) based on the type of credit card	2.0.1	94.59108048368222	57	21	14	1	cholojuanito		MIT	2022-11-01T18:06:45.000Z
298	flutter_keyboard_visibility_linux	An implementation for the linux platform of `flutter_keyboard_visibility'	1.0.0	94.58241234343173	0	300	61	17	MisterJimson		MIT	2022-12-08T13:51:05.000Z
299	flutter_keyboard_visibility_windows	An implementation for the Windows platform of `flutter_keyboard_visibility'	1.0.0	94.56941013305595	0	300	61	17	MisterJimson		MIT	2022-12-08T13:51:05.000Z
300	flutter_breadcrumb	Flutter Widget that can easily create Breadcrumb in Flutter.	1.0.1	94.56074199280545	74	35	5	0	payam-zahedi	payamzahedi.com	BSD-3-Clause	2021-05-01T14:23:59.000Z
301	icons_launcher	A command-line tool that simplifies the task of updating your Flutter app's launcher icon.	2.0.6	94.4610583799246	209	48	5	2	mrrhak	mrrhak.com	MIT	2022-11-12T11:57:12.000Z
302	avatars	An avatar widget that uses the best available data source among those provided (social images, gravatar, name initials, custom)	3.0.2	94.45672430979933	68	8	3	8	luckyseven	albertofecchi.com	MIT	2022-02-01T18:48:22.000Z
303	uri_to_file	A Flutter plugin for converting supported uri to file. Supports Android & iOS.	0.2.0	94.44372209942357	14	2	3	3	Nikhil1999		MIT	2022-11-01T18:15:56.000Z
304	home_widget	A plugin to provide a common interface for creating HomeScreen Widgets for Android and iOS.	0.1.6	94.43505395917306	691	401	92	27	ABausG	antonborri.es	BSD-3-Clause	2022-12-16T16:35:53.000Z
305	freshchat_sdk	Freshchat is a modern messaging software for sales and customer engagement teams. freshchat_sdk (BETA) will help you integrate chat support in your mobile apps.	0.10.1	94.42638581892255	22	8	19	3	freshworks	freshworks.com	NOASSERTION	2022-12-06T09:02:47.000Z
306	animate_icons	This is a plugin with the help of which you can animate between any two icons like we do in AnimatedIcon widget given to us by default.	2.0.0	94.41771767867205	157	17	17	11	Aman-Malhotra		MIT	2022-05-27T08:41:54.000Z
307	realm	The official Realm SDK for Flutter. Realm is a mobile database - an alternative to SQLite and key-value stores.	0.8.0+rc	94.39171325792051	253	525	44	124	realm	realm.io	Apache-2.0	2022-12-17T14:16:25.000Z
308	rally_assets	Assets for the app Rally, a Flutter sample app based on the Material study Rally.	3.0.1	94.34403848654271	0	18	19	0	material-components		NOASSERTION	2022-12-07T19:48:40.000Z
309	crop	Crop for Flutter. Crop any widget/image in Android, iOS, Web and Desktop with fancy and customizable UI, in 100% pure Dart code.	0.5.4	94.32670220604169	166	221	78	8	xclud	pwa.ir	MIT	2022-12-05T19:10:18.000Z
310	flextras	A collection of Flex widgets (Columns and Rows) with additional functionality.	1.0.0	94.24435487366185	72	21	4	4	gskinnerTeam	gskinner.com	MIT	2022-11-07T16:23:15.000Z
311	flutter_rating_stars	A Flutter package to create Rating Stars bar. It will be useful for your awesome app.	1.0.3+4	94.24002080353661	63	1	4	1	minhhung2556	romanticdeveloper.com	Apache-2.0	2021-11-02T17:25:27.000Z
312	flutter_fortune_wheel	Visualize (random) selection processes with widgets like a spinning wheel of fortune or a fortune bar.	1.2.0	94.19668010228406	171	60	43	7	kevlatus	kevlatus.de	MIT	2022-07-30T19:34:13.000Z
313	loading_more_list	A loading more list which supports ListView,GridView,WaterfallFlow and Slivers.	5.0.2	94.17500975165778	103	291	42	7	fluttercandies	fluttercandies.com	MIT	2022-08-17T11:39:50.000Z
314	select_dialog	Package designed to select an item from a list, with the option to filter and even search the items online.	2.0.0	94.17067568153253	75	63	34	9	davidsdearaujo		MIT	2022-01-05T01:35:12.000Z
315	gradient_borders	Gradient borders for inputs and containers. Borders package integrated with a basic flutter widgets as a container and input decorations. Easy in use, platform independent.	0.2.0	94.16200754128202	34	6	5	1	obiwanzenobi	warwas.dev	MIT	2022-09-02T11:17:30.000Z
316	datadog_flutter_plugin	Flutter bindings and tools for utilizing Datadog Mobile SDks	1.1.1	94.15767347115677	17	17	12	7	DataDog	datadoghq.com	Apache-2.0	2022-12-16T21:24:54.000Z
317	measure_size	A widget that provides a callback that is triggered when its size changes	4.0.0	94.14033719065574	12	4	2	1	mhrst	qrl.app	MIT	2022-06-01T16:00:14.000Z
318	flutter_file_dialog	Dialogs for picking and saving files in Android and in iOS.	2.3.2	94.12733498027998	49	25	20	8	kineapps	kineapps.com	BSD-3-Clause	2022-11-04T13:28:42.000Z
319	flutter_logs	An extensive filebased logging framework for flutter apps. (ELK Stack Supported)	2.1.10	94.08832834915269	66	29	14	32	umair13adil	umairadil.com	Apache-2.0	2022-11-23T08:55:30.000Z
320	oauth2_client	Flutter library for interacting with OAuth2 servers, with classes for transparent authorized requests, secure OAuth token storage, automatic token refeshing.	3.0.0	94.07532613877693	133	73	78	48	teranetsrl	teranet.it	BSD-2-Clause	2022-11-08T04:30:00.000Z
321	kt_dart	This project is a port of kotlin-stdlib for Dart/Flutter projects. It includes collections (KtList, KtMap, KtSet) with 150+ methods as well as other useful packages.	1.0.0	94.06665799852641	148	456	28	6	passsy	pascalwelsch.com	Apache-2.0	2022-10-05T20:22:02.000Z
322	webview_windows	A WebView2-powered webview implementation for the Windows platform.	0.2.2	94.06232392840116	127	123	63	47	jnschulze	jns.io	BSD-3-Clause	2022-11-26T11:49:29.000Z
323	network_image_mock	Utility for providing mocked Image.network response in Flutter widget tests.	2.1.1	94.04498764790014	37	21	12	6	stelynx	stelynx.com	BSD-3-Clause	2022-06-28T07:41:55.000Z
324	credit_card_type_detector	A package that detects credit card types based on the current credit card number patterns	2.0.0	94.03198543752438	52	23	10	0	cholojuanito		MIT	2022-11-01T17:54:23.000Z
325	image_fade	A widget that displays a placeholder and optional progress indicator while an image loads, then cross-fades to the loaded image. Improves on FadeInImage. Compatible with CachedNetworkImageProvider.	0.6.1	93.98864473627184	38	26	9	5	gskinner	gskinner.com	BSD-2-Clause	2022-05-15T22:03:28.000Z
326	fake_cloud_firestore	Previously known as cloud_firestore_mocks. Fake implementation of Cloud Firestore. Use this package to unit test apps that use Cloud Firestore.	2.1.0	93.97997659602132	67	94	71	40	atn832	wafrat.com	BSD-2-Clause	2022-12-11T04:47:43.000Z
327	flutter_firebase_chat_core	Actively maintained, community-driven Firebase BaaS for chat applications with an optional chat UI.
	1.6.4	93.96697438564556	191	171	129	9	flyerhq	flyer.chat	Apache-2.0	2022-10-29T17:35:19.000Z
328	shamsi_date	A Flutter and Dart package for using Jalali (Shamsi, Solar, Persian or Jalaali) calendar. You can convert, format and manipulate Jalali and Gregorian (Miladi) date and times.
	1.0.1	93.94963810514454	143	64	7	2	FatulM		BSD-3-Clause	2022-11-15T13:28:51.000Z
329	amplify_authenticator	A prebuilt Sign In and Sign Up experience for the Amplify Auth category	0.2.4	93.91929961426776	20	1128	176	192	aws-amplify	aws-amplify.com	Apache-2.0	2022-12-17T00:16:28.000Z
330	dart_vlc	Flutter audio / video playback, broadcast & recording library for Windows & Linux. Based on libvlc.	0.4.0	93.9149655441425	212	413	108	28	alexmercerind		LGPL-2.1	2022-12-01T03:01:49.000Z
331	flutter_animarker	Marker Geo-Animation solution for Google Maps.	3.2.0	93.91063147401725	128	51	34	31	gauris26	gaurisjavier.com	BSD-3-Clause	2022-12-05T13:26:31.000Z
332	simple_logger	Provides super simple APIs for logging. The log also includes caller info by setting includeCallerInfo to true. On Android Studio, jump to called location by clicking the log.	1.9.0+1	93.89329519351624	77	50	7	1	mono0926	mono0926.com	MIT	2022-11-14T06:42:28.000Z
333	flutter_advanced_switch	An advanced switch control provides a rich API for widget customization that opens a new look and feel in your app.	3.0.1	93.88896112339098	82	13	3	0	alex-melnyk	alexmelnyk.io	BSD-3-Clause	2022-04-14T20:17:10.000Z
334	source_helper	Utilities to help with Dart source code generation. Includes utilities for properly generating String literals from any String value.	1.3.3	93.83695228188792	13	9	2	1	google	google.dev	Apache-2.0	2022-10-30T00:39:25.000Z
335	unity_ads_plugin	Unity Ads plugin for Flutter Applications. This plugin is able to display Unity Banner Ads and Unity Video Ads.	0.3.7	93.83261821176266	104	23	11	14	pavelzaichyk	rebeloid.com	MIT	2022-10-16T09:16:25.000Z
336	import_sorter	Automatically organize your dart imports	4.6.0	93.82828414163741	230	138	27	19	fluttercommunity	fluttercommunity.dev	MIT	2022-10-31T06:06:51.000Z
337	tap_debouncer	Tap debounce simplifying widget. Wrap your button widget in TapDebounce widget and any taps will be disabled while tap callback is in progress.	2.0.2	93.8196160013869	77	12	3	0	sla-000		MIT	2022-01-23T20:25:46.000Z
338	map	Lightweight Map widget for flutter supporting different projections including EPSG4326/Mercator/WGS1984.	1.3.5+1	93.8109478611364	251	99	23	1	xclud	pwa.ir	MIT	2022-12-08T14:37:34.000Z
339	numeral	A Dart library for Format number into beautiful string, Format the number into a beautiful, readable and short string.	2.0.1	93.77627530013436	43	8	5	0	medz	odroe.com	MIT	2022-07-21T17:15:35.000Z
340	appwrite	Appwrite is an open-source self-hosted backend server that abstract and simplify complex and repetitive development tasks behind a very simple REST API	8.1.0	93.76760715988385	356	255	64	20	appwrite	appwrite.io	BSD-3-Clause	2022-12-16T18:51:02.000Z
341	amplify_core	The base package containing common types and utilities that are shared across the Amplify Flutter packages.	0.6.10	93.72860052875656	36	1128	176	192	aws-amplify	aws-amplify.com	Apache-2.0	2022-12-17T00:16:28.000Z
342	time_range_picker	A time range picker for flutter. This widget let's you open a dialog to choose a timeframe with start and end time.	2.2.0	93.71559831838078	124	26	24	10	Chris1234567899		NOASSERTION	2022-07-02T15:38:20.000Z
343	vrouter	A navigation package that makes navigation and routing easy on every platform. Built on top of Navigator 2.	1.2.1	93.69826203787977	298	195	23	29	lulupointu	vrouter.dev	MIT	2022-05-12T08:29:07.000Z
344	pausable_timer	A timer implementation that can be paused, resumed and reset.	1.0.0+6	93.68959389762927	51	17	5	2	llucax	llucax.com	BSD-3-Clause	2022-09-02T20:58:21.000Z
345	effective_dart	Linter rules corresponding to the guidelines in Effective Dart.	1.3.2	93.67225761712824	127	127	28	0	tenhobi	tenhobi.dev	MIT	2021-06-20T16:27:20.000Z
346	background_location	A Flutter plugin to get location updates in the background for both Android and iOS. Uses CoreLocation for iOS and FusedLocationProvider for Android.	0.8.1	93.66358947687775	278	179	158	39	Almoullim	faultyapp.com	NOASSERTION	2022-11-15T13:25:55.000Z
347	text_scroll	TextScroll Flutter widget adds text auto-scrolling functionality (marquee text).	0.1.1	93.61158063537468	56	9	3	4	yurii-khi	yurii-khi.dev	MIT	2022-11-14T09:09:42.000Z
348	cupertino_will_pop_scope	Enables 'onWillPop' callbacks on Cupertino page transitions and improves visual feedback of rejected "Swipe to go back" gestures.	1.2.1	93.57690807437264	38	16	9	0	benPesso	benpesso.com	MIT	2022-07-31T09:44:38.000Z
349	pusher_channels_flutter	Pusher Channels Flutter Plugin	2.1.0	93.56823993412213	53	57	40	7	pusher	pusher.com	MIT	2022-10-27T10:39:13.000Z
350	blinking_text	A simple plugin to creating a blinking text. It allows to adjust duration of a blink and number of times text blinks before stopping.	1.0.2	93.56390586399688	23	0	1	2	androideen		MIT	2022-03-30T13:17:21.000Z
351	eventify	A cancellable event emitter which supports context based event driven programming. 	1.0.1	93.55090365362112	33	11	3	0	iMeshAcademy		NOASSERTION	2022-06-16T04:22:31.000Z
352	ua_client_hints	Provide User-Agent Client Hints to Flutter.	1.1.3	93.53356737312009	23	40	10	8	wasabeef	wasabeef.jp	MIT	2022-11-29T23:44:16.000Z
353	is_first_run	A simple package to check if it is the first time the app runs.	1.0.0	93.4945607419928	64	6	2	1	JulianAssmann		BSD-3-Clause	2022-07-20T17:58:55.000Z
354	charset_converter	Charset/encoding converter that uses underlying platform - no external dependencies	2.1.0	93.4858926017423	39	15	10	8	pr0gramista	pr0gramista.pl	BSD-3-Clause	2022-04-01T15:38:18.000Z
355	flutter_acpcore	Official Adobe Experience Platform support for Flutter apps. The Mobile Core represents the core Adobe Experience Platform SDK that is required for every app implementation.	2.0.1	93.47722446149179	4	3	10	0	adobe	adobe.com	Apache-2.0	2022-01-26T23:50:26.000Z
356	dismissible_page	Creates page that is dismissed by swipe gestures, with Hero style animations, Inspired by Facebook, Instagram stories.	0.7.3	93.45122004074025	294	75	26	2	Tkko	fman.ge	NOASSERTION	2022-10-10T17:59:57.000Z
357	tiengviet	🇻🇳 Converts vietnamese language sign to unsigned easily. 😍 Give me a string vietnamese language, i will respond you string vietnamese unsigned. 👍	0.5.0	93.43388376023924	72	16	1	0	tvc12	4pet.social	BSD-3-Clause	2021-03-27T14:06:50.000Z
358	data_connection_checker_tv	A pure Dart library that checks for internet by opening a socket to a list of specified addresses, each with individual port and timeout. Defaults are provided for convenience.	0.3.5-nullsafety	93.3905430589867	25	2	0	0	thorved		NOASSERTION	2021-05-15T16:48:21.000Z
359	flutter_js	A Javascript engine to use with flutter. It uses Quickjs on Android and JavascriptCore on IOS	0.6.0	93.37754084861093	184	329	74	31	abner		MIT	2022-11-29T19:38:36.000Z
360	flutter_acrylic	Window acrylic, mica & transparency effects for Flutter on Windows, macOS & Linux.	1.0.0+2	93.35587049798465	293	431	34	9	alexmercerind		MIT	2022-12-05T08:19:20.000Z
361	country_state_city_picker	A flutter package for showing a country, states, and cities. In addition it gives the possibility to select a list of favorites countries.	1.2.8	93.32986607723312	59	18	38	14	prof22		BSD-3-Clause	2022-11-18T06:20:39.000Z
362	intl_translation	Contains code to deal with internationalized/localized messages, date and number formatting and parsing, bi-directional text, and other internationalization issues.	0.18.0	93.32553200710787	68	117	182	28	dart-lang	dart.dev	BSD-3-Clause	2022-12-14T16:09:03.000Z
363	amplify_analytics_pinpoint	The Amplify Flutter Analytics category plugin using the AWS Pinpoint provider.	0.6.10	93.29085944610583	16	1128	176	192	aws-amplify	aws-amplify.com	Apache-2.0	2022-12-17T00:16:28.000Z
364	flutter_acpanalytics	Official Adobe Experience Platform support for Flutter apps. The Analytics extension allows for integration with Adobe Analytics.	2.0.1	93.28652537598057	5	3	8	1	adobe	adobe.com	Apache-2.0	2022-09-14T15:50:17.000Z
365	sentry_logging	An integration which adds support for recording log from the logging package.	6.18.1	93.28219130585533	6	601	159	78	getsentry	sentry.io	MIT	2022-12-17T03:02:13.000Z
366	flutter_settings_screens	A Simple plugin to implement settings UI screens for your flutter apps. Customize what you want, From UI elements, behaviour or underlying storage library.	0.2.2+1	93.26052095522905	160	142	59	26	GAM3RG33K		MIT	2022-11-22T14:25:42.000Z
367	firebase_auth_mocks	Fakes for Firebase Auth. Use this package with `google_sign_in_mocks` to write unit tests involving Firebase Authentication.	0.9.2	93.2475187448533	56	23	50	8	atn832	wafrat.com	BSD-2-Clause	2022-11-30T23:17:14.000Z
368	webengage_flutter	WebEngage Flutter plugin.	1.2.1	93.22151432410176	9	4	17	7	WebEngage		NOASSERTION	2022-10-31T14:47:50.000Z
369	wiredash	Wiredash is an interactive user feedback tool for Flutter apps.	1.5.0	93.208512113726	208	404	45	34	wiredashio	wiredash.io	NOASSERTION	2022-11-22T10:39:36.000Z
370	touchable	Flutter library to add various gesture callbacks to each Shape you draw on your canvas in your CustomPainter	1.0.2	93.19550990335024	178	188	51	23	nateshmbhat		MPL-2.0	2022-10-07T21:50:26.000Z
371	instabug_flutter	Instabug empowers mobile teams to monitor, prioritize, and debug  performance and stability issues throughout the app development lifecycle. 	11.5.0	93.18250769297447	32	148	38	6	Instabug	instabug.com	MIT	2022-12-15T15:15:39.000Z
372	plaid_flutter	Plaid Link for Flutter. Integrates the native iOS, Android and Web SDKs.	3.0.0	93.13049885147142	58	45	30	6	jorgefspereira		MIT	2022-11-21T17:10:30.000Z
373	web_browser_detect	Flutter Web browser detection package. This package allows you to detect which browser and its version is in use.	2.0.3	93.1131625709704	10	5	1	2	tomaschyly	tomas-chyly.com	MIT	2022-06-02T05:55:06.000Z
374	photo_gallery	A Flutter plugin that retrieves images and videos from mobile native gallery.	1.1.1	93.09149222034414	80	32	25	21	Firelands128		BSD-3-Clause	2022-12-08T17:05:55.000Z
375	gql_dio_link	Similar to gql_http_link, gql_dio_link is a GQL Terminating Link to execute requests via Dio using JSON	0.2.4	93.06115372946734	20	240	99	56	gql-dart	gql-dart.dev	MIT	2022-12-03T23:04:15.000Z
376	phosphor_flutter	Implementation of Phosphoricons for Flutter. 772 icons and counting. Thin, Light, Regular, Bold, Fill.	1.4.0	93.04815151909158	50	53	2	4	phosphor-icons	phosphoricons.com	MIT	2021-12-24T07:21:29.000Z
377	timing	A simple package for tracking the performance of synchronous and asynchronous actions.	1.0.0	93.04381744896632	14	10	5	2	dart-lang	tools.dart.dev	BSD-3-Clause	2022-11-09T23:30:57.000Z
378	spider	A small dart command-line tool for generating dart references of assets from the assets folder.	4.1.0	93.0091448879643	209	159	14	10	BirjuVachhani	birju.dev	Apache-2.0	2022-11-16T12:47:35.000Z
379	gql_link	A simple and modular AST-based GraphQL request execution interface.	0.5.0+1	92.99614267758852	16	240	99	56	gql-dart	gql-dart.dev	MIT	2022-12-03T23:04:15.000Z
380	braze_plugin	This is the Braze plugin for Flutter. Effective marketing automation is an essential part of successfully scaling and managing your business.	3.0.0	92.95280197633598	26	13	14	6	braze-inc	braze.com	NOASSERTION	2022-12-06T16:56:38.000Z
381	draggable_widget	A flutter package which will help you to create a draggable widget that can be dragged around the screen.	2.0.0	92.94846790621072	78	31	17	2	adar2378	theadar.xyz	MIT	2021-08-12T06:09:31.000Z
382	decorated_icon	A lightweight, efficient icon widget that supports a list of shadow effects.	1.2.1	92.93546569583496	69	8	5	0	benPesso	benpesso.com	MIT	2021-07-04T06:35:38.000Z
383	slang	Localization / Internationalization (i18n) solution. Use JSON, YAML or CSV files to create typesafe translations via source generation.	3.6.0	92.91812941533394	81	183	18	8	Tienisto	tienisto.com	MIT	2022-12-17T01:03:43.000Z
384	http_proxy	http proxy plugin,get and set http proxy automatically.This package help you to use proxy tools.	1.2.1	92.90946127508343	23	8	12	4	wslaimin		MIT	2022-10-27T10:20:08.000Z
385	camera_camera	The easy plugin camera for your project, platforms Android and iOS.	2.0.2	92.90512720495818	149	95	79	29	gabuldev	gabul.dev	MIT	2022-10-09T02:35:47.000Z
386	dio_logging_interceptor	Logging interceptor for DIO	1.0.1	92.89645906470767	9	1	2	2	granoeste		Apache-2.0	2022-07-08T07:23:58.000Z
387	form_builder_image_picker	Images picker field for FlutterFormBuilder. Get images from gallery or camera	3.1.0	92.86178650370563	41	22	44	8	flutter-form-builder-ecosystem	flutterformbuilderecosystem.com	BSD-3-Clause	2022-11-20T19:29:04.000Z
388	walletconnect_dart	Open protocol for connecting decentralised applications to mobile wallets with QR code scanning or deep linking.	0.0.11	92.85311836345512	91	87	52	27	RootSoft		MIT	2022-11-05T16:26:26.000Z
389	material	Set of material design icons packed in a single ttf font file. Works on all platforms.	1.0.0+2	92.8357820829541	11	1	2	0	xclud		MIT	2021-05-25T20:29:52.000Z
390	dartdoc	A non-interactive HTML documentation generator for Dart source code.	6.1.5	92.81844580245308	116	414	113	259	dart-lang	tools.dart.dev	BSD-3-Clause	2022-12-13T18:22:17.000Z
391	gql_exec	Basis for GraphQL execution layer to support Link and Client.	0.4.3	92.80977766220258	0	240	99	56	gql-dart	gql-dart.dev	MIT	2022-12-03T23:04:15.000Z
392	another_stepper	A flutter package to create easily customizable Horizontal and Vertical stepper.	1.1.6	92.77943917132579	37	8	4	2	RajnishOnly		MIT	2022-11-14T14:54:04.000Z
393	flutter_libserialport	A simple wrapper around libserialport utilizing Flutter's build system to build and deploy the C-library for the target platform.	0.3.0	92.77077103107528	68	87	35	39	jpnurmi		MIT	2022-03-05T14:09:01.000Z
394	drop_down_list	A drop down list with single and multiple selection that will work with search.	0.0.4	92.74910068044902	141	47	15	3	Mindinventory	mindinventory.com	MIT	2022-12-14T16:42:18.000Z
395	easy_web_view	A super simple webview for Flutter Web, Mobile and Desktop	1.6.0	92.72309625969748	162	479	83	1	rodydavis	rodydavis.com	MIT	2022-06-06T06:25:06.000Z
396	slang_flutter	Flutter support for slang. This library provides helpful Flutter API.	3.6.0	92.68408962857019	2	183	18	8	Tienisto	tienisto.com	MIT	2022-12-17T01:03:43.000Z
397	kana_kit	A Dart library for for detecting and transliterating Hiragana, Katakana, and Romaji.
	2.0.0	92.66675334806918	24	25	5	4	jeroen-meijer	jfk.dev	MIT	2022-06-06T00:39:41.000Z
398	copy_with_extension_gen	Automatically generating `copyWith` extensions code for classes with `@CopyWith()` annotation.	5.0.0	92.6450829974429	121	57	23	8	numen31337	oleksandrkirichenko.com	MIT	2022-12-02T23:18:09.000Z
399	loading_gifs	Loading indicator GIFs. Material and Cupertino (Android and iOS) loading indicators in assorted sizes. Use as placeholders for loading remote image assets.	0.3.0	92.64074892731765	74	30	6	2	Codelessly	codelessly.com	0BSD	2021-03-04T22:54:25.000Z
400	dio_logger	Simple logging library for DIO requests. Prints request and response information to a console.	4.0.8+8	92.63641485719238	18	6	3	0	Defuera		BSD-3-Clause	2022-10-31T09:21:19.000Z
401	responsive_grid_list	A Flutter plugin to create responsive grid lists using ListView.builder() or SliverList with a SliverChildBuilderDelegate.	1.3.0	92.59307415593985	38	9	7	0	hauketoenjes	htoenjes.de	BSD-3-Clause	2022-09-07T13:32:13.000Z
402	awesome_notifications_fcm	Awesome Notifications add-on plugin to send push notifications through Firebase Cloud Messaging, enabling all awesome notifications features.	0.7.4+1	92.58440601568934	42	7	7	7	rafaelsetragni	carda.me	NOASSERTION	2022-11-09T21:20:38.000Z
403	gql_transform_link	GQL Link to transform Requests and Responses. May be used to update context, document, variables, data, errors, etc.	0.2.2+1	92.56273566506306	0	240	99	56	gql-dart	gql-dart.dev	MIT	2022-12-03T23:04:15.000Z
404	cupertino_stepper	Stepper is a widget that displays progress through a sequence of steps. This is a Cupertino version of the stock Material Stepper in Flutter.	0.2.1	92.54106531443679	175	18	12	1	jpnurmi		BSD-3-Clause	2021-12-11T08:35:57.000Z
405	week_of_year	Adds extension method to get the ISO 8601 week of year from a date	2.0.0	92.53673124431153	32	12	1	1	KadaDev	kada.se	BSD-3-Clause	2021-03-28T17:15:40.000Z
406	stream_chat_flutter_core	Stream Chat official Flutter SDK Core. Build your own chat experience using Dart and Flutter.	5.1.0	92.52372903393577	41	654	237	75	GetStream	getstream.io	NOASSERTION	2022-12-16T14:41:48.000Z
407	system_theme	A plugin to get the current system theme info. Supports Android, Web and Windows	2.0.0	92.51506089368526	36	23	7	5	bdlukaa	bdlukaa.dev	BSD-3-Clause	2022-04-03T19:37:20.000Z
408	internet_connection_checker_plus	A pure Dart library that checks for internet by opening a socket to a list of specified addresses, each with individual port and timeout.	1.0.1	92.48472240280847	14	3	1	0	OutdatedGuy	outdatedguy.rocks	NOASSERTION	2022-06-22T22:12:43.000Z
409	throttling	Contain "throttling" and "debouncing" async helper classes with listeners	1.0.0	92.46738612230746	25	35	3	0	PlugFox	plugfox.dev	MIT	2021-03-08T13:16:46.000Z
410	flutter_session_manager	Easy to use session wrapper that adds support to session storage and management in flutter.	1.0.3	92.45438391193169	12	2	0	0	edumigueis		MIT	2021-11-12T19:13:27.000Z
411	expand_tap_area	Manually expand the tap area of a widget without changing its size or layout. Similar with the hitTest in iOS development.	1.1.1	92.45004984180643	32	35	5	2	malikwang	malikwang.com	MIT	2022-06-14T08:50:41.000Z
412	jovial_svg	SVG - Robust rendering of Scalable Vector Graphic images, supporting a well-defined profile of SVG and a fast-loading binary storage format.	1.1.7	92.44571577168118	114	54	5	4	zathras	jovial.com	BSD-3-Clause	2022-12-03T19:17:10.000Z
413	unsplash_client	Unsplash provides free high-resolution photos. This is a client for their REST API.	2.1.0+3	92.41971135092966	45	17	5	5	blaugold	gabriel.terwesten.net	BSD-3-Clause	2022-11-16T22:27:39.000Z
414	shrink_sidemenu	A Side Menu plugin for flutter and compatible with liquid ui.	2.0.0+2-null-safety	92.40670914055389	207	18	12	9	raj457036	stackorient.com	MIT	2022-09-30T06:19:04.000Z
415	weekday_selector	A collection of Flutter widgets and classes to help you select weekdays in your apps. Perfect for recurring events, alarms.	1.1.0	92.40237507042865	91	37	9	3	smaho-engineering	smaho.dev	BSD-3-Clause	2022-10-30T18:48:05.000Z
416	another_transformer_page_view	Yet another pageTransformer for flutter with null-safety support	2.0.1	92.3980410003034	31	3	4	2	juliansteenbakker	steenbakker.dev	MIT	2022-11-09T08:00:46.000Z
417	collapsible_sidebar	A collapsible sidebar for Flutter apps implementing the Material Design.	2.0.3+2	92.3677025094266	269	121	46	14	DrunkOnBytes		Apache-2.0	2022-12-04T23:06:42.000Z
418	swipe	The easy way to detect swipe up, down, left and right in Flutter.	0.0.1	92.35470029905085	36	4	4	1	salkuadrat		MIT	2021-11-06T19:30:00.000Z
419	uri	Utilities for building and parsing URIs, including support for parsing URI templates as defined in RFC 6570.	1.0.0	92.34603215880033	18	70	51	8	google	google.dev	BSD-3-Clause	2022-07-14T13:38:15.000Z
420	firebase_core_desktop	Desktop implementation of firebase_core	1.0.2	92.32002773804881	37	284	35	18	invertase	invertase.io	NOASSERTION	2022-11-05T03:27:18.000Z
421	crypton	A simple Dart library for asymmetric encryption and digital signatures	2.1.0	92.30702552767303	51	28	9	2	konstantinullrich	konstantinullrich.de	MIT	2022-10-28T11:44:43.000Z
422	gql_error_link	GQL Link to handle execution errors and exceptions	0.2.3+1	92.28968924717202	1	240	99	56	gql-dart	gql-dart.dev	MIT	2022-12-03T23:04:15.000Z
423	barcode_image	Barcode generation library for Dart that can generate barcodes using the image library.	2.0.2	92.25935075629523	46	88	26	7	DavBfr	nfet.net	Apache-2.0	2022-12-07T16:49:31.000Z
424	dynamic_themes	Allows you to specify a number of color themes for the user to choose from. Persits the selected theme across app restarts.	1.1.0	92.19867377454167	30	8	2	3	JulianAssmann		MIT	2022-01-08T17:06:10.000Z
425	ar_flutter_plugin	Flutter Plugin for creating (collaborative) Augmented Reality experiences - Supports ARKit for iOS and ARCore for Android devices.	0.7.3	92.19000563429117	212	215	118	60	CariusLars	lars.carius.io	MIT	2022-12-14T21:44:48.000Z
426	map_picker	A lovely Flutter package for creating pin in map center and animate it with a map movement so the user can select his location.	0.0.3	92.1856715641659	96	16	11	4	akbarpulatov		MIT	2021-09-15T13:23:14.000Z
427	awesome_bottom_bar	Awesome Bottom Bar	1.2.1	92.18133749404065	38	4	7	1	AppCheap	appcheap.io	BSD-3-Clause	2022-08-22T11:51:55.000Z
428	ai_barcode	barcode,qrcode,scan,scanning,Barcode generation,Barcode scanning,qrcode,qrcode generation,qrcode creator	3.2.4	92.16833528366489	124	108	69	32	pdliuw		BSD-3-Clause	2022-10-12T16:42:15.000Z
429	miniplayer	A lightweight flutter package to simplify the creation of a miniplayer.	1.0.1	92.1293286525376	246	79	47	10	peterscodee	peterscode.dev	MIT	2022-04-29T11:25:28.000Z
430	flutter_painter	A Flutter widget to draw scribbles, text, shapes and images on a background image or color	1.0.1	92.11199237203658	110	78	36	17	omarhurani		MIT	2022-10-27T19:17:57.000Z
431	shelf_cors_headers	CORS headers middleware for Shelf.	0.1.4	92.09032202141032	22	6	2	1	lenniezelk		MIT	2022-09-27T11:09:12.000Z
432	google_static_maps_controller	The package provides simple and declarative access to the Google Static Maps service.	1.0.0	92.08598795128505	39	15	6	1	gonuit	klyta.it	MIT	2022-04-07T17:25:32.000Z
433	smart_auth	Wrapper of Android SMS User Consent API, SMS Retriever API to read one time sms code, get/save/delete user phone number, OTP, OTC, sms autofill, android autofill	1.0.6	92.05564946040828	31	13	5	4	Tkko	fman.ge	MIT	2022-10-06T15:15:28.000Z
434	lazy_load_indexed_stack	A package that extends IndexedStack to allow for lazy loading.	0.1.4	92.05131539028302	43	18	3	0	okaryo	okaryo.io	MIT	2022-06-14T11:05:24.000Z
435	datadog_tracking_http_client	A wrapping implementation of HttpClient for tracking resources with Datadog	1.1.0	92.03831317990725	3	17	12	7	DataDog	datadoghq.com	Apache-2.0	2022-12-16T21:24:54.000Z
436	ios_utsname_ext	Extension method for translation ios utsname to full product name.	2.2.0	92.02964503965674	14	4	0	0	stefandevo	stefandevo.dev	MIT	2022-11-04T17:19:48.000Z
437	painter	A simple widget to paint with your fingers. Supports setting a background color, undo and export to png!	2.0.0	92.02531096953149	161	131	62	15	EPNW	epnw.eu	NOASSERTION	2022-02-07T04:20:13.000Z
438	side_navigation	Provides Flutter navigation by using a sidemenu similar to Drawer or BottomNavigationBar.	1.0.4	92.00364061890521	82	11	6	1	jksevend		MIT	2022-11-05T11:19:01.000Z
439	flutter_web_frame	Make Limit content size in Flutter Web/Desktop/PWA, Make your app that doesn't support responsiveness more focused on content	0.0.3	91.9863043384042	36	7	1	4	wisnuwiry		MIT	2022-05-18T06:07:57.000Z
440	polylabel	A fast algorithm for finding polygon pole of inaccessibility implemented as a Dart library.  Useful for optimal placement of a text label on a polygon.	1.0.1	91.96896805790318	7	2	2	0	beroso	beroso.dev	BSD-3-Clause	2022-08-15T15:26:33.000Z
441	azure_application_insights	A Dart client to integrate with Azure's Application Insights service	3.1.0	91.95163177740216	27	6	5	0	kentcb	kent-boogaart.com	MIT	2022-11-26T00:14:55.000Z
442	linkedin_login	Library for login with LinkedIn OAuth V2 service. This library helps you to implement authorization with LinkedIn OAuth API's.	2.2.1	91.93429549690114	43	34	35	4	d3xt3r2909		MIT	2022-11-18T11:25:29.000Z
443	profanity_filter	Simple filter to check and censor strings against profanity, obscene words. A default English words list is provided (LDNOOBW).	2.0.0	91.92996142677589	72	13	7	3	roshanrahman		BSD-2-Clause	2021-06-29T16:56:38.000Z
444	animated_snack_bar	Easily show beautiful snack bars directly using overlays. Create custom snack bars and show them with awesome animations.	0.3.0	91.87361851514757	29	10	4	1	JulyWitch		GPL-3.0	2022-09-10T04:12:43.000Z
445	vs_scrollbar	Customizable ScrollBar that can be dragged for quick navigation supporting both Horizontal and Vertical list.	0.2.1	91.86495037489706	54	9	7	3	VickySalunkhe	vickysalunkhe.in	MIT	2021-06-27T06:41:34.000Z
446	ftpconnect	Simple and robust dart FTP Connect Library to interact with FTP Servers.	2.0.2	91.86061630477181	78	49	27	5	salim-lachdhaf	salimdev.ovh	MIT	2022-11-20T17:43:55.000Z
447	is_lock_screen	Detects if device is in lock screen. Useful for determining whether app entered background due to locking screen or leaving app.	2.0.0	91.85628223464656	31	4	2	3	chihimng	chihimng.com	MIT	2021-04-07T16:55:54.000Z
448	flutter_rust_bridge	High-level memory-safe binding generator for Flutter/Dart <-> Rust	1.55.0	91.8519481645213	107	2059	122	56	fzyzcjy	cjycode.com	MIT	2022-12-17T20:40:32.000Z
449	tab_container	Animated and customisable tab view widget. It's self-contained, so you can just pass in children and tabs, or also use a controller, change the tab side, add color(s), and more.	2.0.0	91.84761409439605	145	11	2	9	sourcemain	elew.dev	MIT	2022-04-21T10:13:54.000Z
450	flutter_shimmer	it creating Shimmer effect that indicate a loading status, so instead of using ProgressBar or usual loader use Shimmer for a better design and user interface.	2.1.2	91.81727560351926	171	41	8	0	skaran921		NOASSERTION	2021-09-23T11:22:24.000Z
451	fast_contacts	A faster way of accessing device's contacts list	1.1.1	91.79560525289298	24	5	3	3	s0nerik	sonerik.dev	MIT	2022-07-13T18:40:12.000Z
452	hashtagable	Widgets and functions to implement hashtag decorated text. Decorates the words which start with `#` like a Twitter.	2.1.0	91.76093269189096	125	27	35	19	santa112358	3tadev.work	MIT	2022-04-22T15:56:03.000Z
453	get_time_ago	A Flutter package to convert and format `DateTime` object into `get_time_ago` format to get String like `10 seconds ago`, `a minute ago`, `7 hours ago`, etc.	1.1.8	91.73059420101417	59	17	13	2	nixrajput	nixlab.co.in	GPL-3.0	2022-11-29T21:55:35.000Z
454	light_compressor	A powerful and easy-to-use video compression plugin for Flutter.	2.0.1	91.72192606076366	89	38	18	10	AbedElazizShe		MIT	2022-12-13T17:02:29.000Z
455	material_color_generator	A package for generating a material color palette with HEX Color.	1.1.0	91.71325792051316	26	5	0	0	berkanaslan	berkanaslan.com	BSD-2-Clause	2022-12-16T08:46:38.000Z
456	environment_config	Environment specific config generator. Allows to specify env configuration during CI/CD build. Primarily created to simplify Flutter build configuration	3.1.0	91.7089238503879	81	86	7	8	TatsuUkraine		BSD-3-Clause	2022-05-26T10:57:47.000Z
457	model_viewer_plus	A Flutter widget for rendering interactive 3D models in the glTF and GLB formats.	1.4.0	91.67858535951112	74	30	24	20	omchiii		Unlicense	2022-12-08T08:43:11.000Z
458	linter	The implementation of the lint rules supported by the analyzer framework. This package is not intended to be used directly.	1.30.0	91.66558314913536	67	558	159	662	dart-lang	tools.dart.dev	BSD-3-Clause	2022-12-17T04:22:20.000Z
459	scidart	Cross-platform scientific library for Dart. The main goal of SciDart is run where Dart can run, in other words, run on Flutter, Dart CLI, Dart web, etc.	0.0.2-dev.12	91.64391279850908	92	139	17	2	scidart		Apache-2.0	2022-12-06T14:57:34.000Z
460	isar_generator	Code generator for the Isar Database. Finds classes annotated with @Collection.	3.0.5	91.61790837775754	13	2008	158	49	isar	isar.dev	Apache-2.0	2022-12-12T10:00:38.000Z
461	flutter_glow	complete and easy to use flutter glow ui kit that help you to create and use glow widgets. also you can create your own GlowTheme.	0.2.0	91.59623802713128	103	19	3	4	payam-zahedi	payamzahedi.com	BSD-3-Clause	2022-06-20T12:16:45.000Z
462	rnd	Extension methods & helpers for Random, and a globally accessible instance. Ex. rnd(10), rnd.getItem(list), rnd.getBit(0.8).	0.2.0	91.57890174663027	8	19	4	1	gskinner	gskinner.com	BSD-2-Clause	2022-03-23T03:07:07.000Z
463	camerawesome	Easiest Flutter camera Plugin supporting capturing images, streaming images, video recording, switch sensors, autofocus, flash... on Android and iOS	0.3.3	91.55723139600398	377	481	68	25	Apparence-io	apparence.io	MIT	2022-12-16T16:17:52.000Z
464	http2	A HTTP/2 implementation in Dart.	2.0.1	91.54856325575348	51	137	43	24	dart-lang	dart.dev	BSD-3-Clause	2022-12-15T02:04:06.000Z
465	flutter_xupdate	A Flutter plugin for XUpdate(Android Version Update Library).	2.0.3	91.5355610453777	57	232	65	7	xuexiangjys	xuexiangjys.club	Apache-2.0	2022-12-04T14:51:38.000Z
466	reactive_multi_image_picker	Wrapper around multi_image_picker to use with reactive_forms	0.8.0	91.49655441425043	2	47	23	2	artflutter		MIT	2022-12-15T16:51:57.000Z
467	weather_icons	Flutter library for using erikflowers/weather-icons. An icon pack with over 200 weather themed icons.	3.0.0	91.47921813374941	63	12	6	9	worldturtlemedia		MIT	2022-12-09T18:25:46.000Z
468	dart_geohash	A simple encode, decode, and neighbor finder for longitude/latitude and geohash.	2.0.2	91.43587743249685	28	6	11	0	nfrawley93	frawley.me	MIT	2022-02-02T01:41:03.000Z
469	cupertino_list_tile	This is a Cupertino version of the stock Material ListTile in Flutter.	0.2.1	91.4315433623716	34	12	11	1	jpnurmi		BSD-3-Clause	2021-12-10T12:51:09.000Z
470	status_change	Status Change Package	2.0.0	91.42720929224635	280	42	28	1	usamaaelgendy		NOASSERTION	2021-12-08T10:40:34.000Z
471	basics	A Dart library containing convenient extension methods on basic Dart objects.	0.9.0	91.41420708187059	75	149	14	3	google	google.dev	BSD-3-Clause	2022-11-01T15:09:23.000Z
472	baseflow_plugin_template	A template for plugin examples	2.1.1	91.37953452086855	1	3	1	1	Baseflow		MIT	2022-09-13T07:30:10.000Z
473	flutter_bounceable	A simple, interactive and customizable on-tap bounce animation that can be wrapped on any widgets that you like.	1.0.3	91.37086638061804	106	16	1	2	MingSern		MIT	2022-07-25T07:21:53.000Z
474	particle_field	A Flutter Widget for adding high performance custom particle effects to your UI.	0.0.1+1	91.35786417024228	31	5	0	0	gskinner	gskinner.com	BSD-3-Clause	2022-09-19T20:33:58.000Z
475	ios_insecure_screen_detector	A flutter plugin to detect the screenshot and screen recording on iOS.	0.0.2	91.35353010011701	9	3	1	0	crackerli		BSD-3-Clause	2021-09-16T12:55:23.000Z
476	linear_progress_bar	Flutter and Dart advanced linear progress indicator like Native Android Progress Bar	1.1.0	91.34919602999176	22	1	0	0	Angopapo	angopapo.com	BSD-2-Clause	2022-03-03T14:36:03.000Z
477	just_debounce_it	A simple debounce library for preventing continuous execution of functions	4.1.0	91.34052788974125	16	8	0	2	mhrst	qrl.app	MIT	2022-05-03T18:37:20.000Z
478	flutter_iconpicker	A Dialog for picking Icons in Flutter and use them anywhere. Can be used as a default Dialog or as a Adaptive Dialog.	3.2.2	91.3275256793655	81	91	56	2	Ahmadre	ahmadre.com	MIT	2022-11-01T17:59:33.000Z
479	download	Cross-Platform file downloader for Dart and Flutter projects.	0.0.1+1	91.2971871884887	36	4	2	4	xclud	pwa.ir	MIT	2021-09-02T08:05:23.000Z
480	dio_http_formatter	A Dio interceptor for pretty printing the HTTP request/response to be printed in the console for easier debugging	2.1.0	91.29285311836345	23	8	4	2	assemmarwan		MIT	2022-03-26T10:31:23.000Z
481	build_version	A builder for extracting a package version into code.	2.1.1	91.2798509079877	15	39	8	4	kevmoo	j832.com	BSD-3-Clause	2022-11-09T20:21:14.000Z
482	dart_frog	A fast, minimalistic backend framework for Dart built by Very Good Ventures.	0.3.1	91.27118276773717	375	1022	64	18	VeryGoodOpenSource	verygood.ventures	MIT	2022-12-16T19:12:34.000Z
483	styled_divider	Divider widget with different line styles.	1.0.4	91.2408442768604	0	1	0	0	KevinVan720		MIT	2022-12-05T07:41:16.000Z
484	system_info2	Provides easy access to useful information about the system (architecture, bitness, kernel, memory, operating system, CPU, user).	2.0.4	91.22350799635937	27	9	3	0	onepub-dev	onepub.dev	BSD-3-Clause	2022-06-03T05:10:41.000Z
485	multiple_localization	Support for multiple abr and messages localization files for intl package.	0.3.0	91.21483985610888	18	9	8	2	Innim	innim.ru	BSD-3-Clause	2022-03-10T12:46:08.000Z
486	firebase_auth_desktop	Windows and Linux implementation of firebase_auth	1.0.2	91.20617171585836	46	284	35	18	invertase	invertase.io	NOASSERTION	2022-11-05T03:27:18.000Z
487	macos_ui	Flutter widgets and themes implementing the current macOS design language.	1.7.5	91.19750357560785	492	1114	94	35	GroovinChip	macosui.dev	MIT	2022-11-18T13:24:13.000Z
488	paged_vertical_calendar	A simple paginated framework for implementing calendar based interfaces.	1.1.5	91.18883543535733	65	24	13	3	casvanluijtelaar	casvanluijtelaar.com	Apache-2.0	2022-10-21T08:08:11.000Z
489	omni_datetime_picker	A datetime picker package with option to use a single datetime picker or a datetime range picker.	0.1.3	91.17583322498159	39	16	22	6	Type0N1	type0n1.com	MIT	2022-10-23T02:54:44.000Z
490	optional	An implementation of the Optional type, which helps avoid dealing with null references	6.1.0+1	91.16716508473107	32	35	7	0	tonio-ramirez	tech42solutions.com	BSD-2-Clause	2022-04-12T10:57:45.000Z
491	instant	A package that exports functions for converting, formatting, and nicening of dates/times in Dart.	0.4.1	91.16283101460581	27	10	3	5	AKushWarrior	kishoredev.live	AGPL-3.0	2021-03-07T05:36:50.000Z
492	flutter_web3	Web3 Ethereum, Etherjs and Wallet Connect wrapper for Flutter Web. Made especially for developing Dapp.	2.1.9	91.14549473410479	123	102	30	20	y-pakorn		NOASSERTION	2022-02-07T16:35:22.000Z
493	checkbox_formfield	This package contains checkbox widgets that can be used as FormField for Flutter beginners.	0.2.0	91.1368265938543	25	3	5	2	reidha		BSD-3-Clause	2022-01-02T10:09:55.000Z
494	flutter_zoom_sdk	Zoom SDK from ZOOM ported to flutter as plugin with all necessary features and with Null Safety which is implementation by EvilRATT	1.1.0+4	91.13249252372904	68	36	65	35	evilrat	evilrattechnologies.com	BSD-3-Clause	2022-11-17T06:24:03.000Z
495	ffigen	Generator for FFI bindings, using LibClang to parse C header files.	7.2.4	91.12382438347852	162	287	39	69	dart-lang	tools.dart.dev	NOASSERTION	2022-12-16T08:25:30.000Z
496	flutter_dynamic_icon	A flutter plugin for dynamically changing app icon and app icon batch number	2.1.0	91.11082217310276	175	64	30	3	tastelessjolt		BSD-3-Clause	2022-12-07T02:17:06.000Z
497	hasura_connect	Connect your Flutter/Dart apps to Hasura simply. All the power of GraphQL and Postgres in Flutter.	4.0.0+4	91.07614961210072	194	202	57	14	Flutterando	flutterando.com.br	MIT	2022-11-16T08:36:59.000Z
498	draggable_home	Draggable is a library for adding a beautiful draggable home page	1.0.4	91.06748147185021	374	106	28	6	DevsOnFlutter		BSD-3-Clause	2022-10-22T16:46:00.000Z
499	image_editor_plus	Image Editor Plugin with filters, drawing, text and emoji like stories.	0.1.7	91.06314740172496	96	44	25	5	hsbijarniya	ensorta.com	MIT	2022-11-15T07:52:57.000Z
500	firebase_pagination	A flutter package to paginate realtime database and firestore with realtime updates.	3.0.0	90.97646599921987	13	2	1	0	OutdatedGuy	outdatedguy.rocks	BSD-3-Clause	2022-11-19T16:17:53.000Z
501	list_tile_switch	A simple yet elegant widget combines Material ListTile with custom and original Material and Cupertino switch implementations.	1.0.0	90.95046157846835	63	20	2	1	firatcetiner		MIT	2021-03-06T13:06:41.000Z
502	mocktail_image_network	A Dart package which allows you to mock Image.network in your widget tests with confidence using the mocktail package.	0.3.1	90.93312529796732	33	428	63	22	felangel	felangel.dev	MIT	2022-12-06T12:35:53.000Z
503	flutter_reorderable_grid_view	Enables animated GridViews when updating children or when trying to reorder them by using drag and drop.	3.1.3	90.85077796558748	67	56	8	9	karvulf	karvulf.com	BSD-3-Clause	2022-11-12T18:49:09.000Z
504	kartal	Kartal is an extension package for easy to use at app development time. You can access more features with primitive variables(context, string etc.).	2.7.0	90.83344168508647	128	60	21	1	VB10	vb10.dev	MIT	2022-11-27T16:28:48.000Z
505	flutter_map_tile_caching	Plugin for 'flutter_map' providing advanced caching functionality, with ability to download map regions for offline use.	6.2.0	90.80743726433494	58	67	28	4	JaffaKetchup	jaffaketchup.dev	GPL-3.0	2022-12-15T21:43:13.000Z
506	drop_shadow	Add highly customizable drop shadow effect for any widgets in flutter	0.0.2+1	90.79010098383392	41	10	1	0	rei-codes	rei.codes	MIT	2022-11-12T20:00:30.000Z
507	dialog_flowtter	A Flutter implementation of DialogFlow improved. Get your chatbots ready in no time.	0.3.3	90.74242621245612	43	36	16	1	Deimos-Applications	deimos.app	MIT	2022-12-05T21:29:21.000Z
508	flutter_shake_animated	a new flutter shake animated project.	0.0.5	90.71208772157934	17	0	0	0	aiyakuaile		BSD-3-Clause	2022-01-30T14:40:29.000Z
509	find_dropdown	Simple and robust FindDropdown with item search feature, making it possible to use an offline item list or filtering URL for easy customization.	1.0.0	90.69475144107831	80	59	24	11	davidsdearaujo		MIT	2021-12-02T15:57:51.000Z
510	flutter_carousel_widget	A customizable carousel slider widget in Flutter which supports inifinte scrolling, auto scrolling, custom child widget, custom animations and built-in indicators.	2.0.0+1	90.69041737095306	33	7	2	2	nixrajput	nixlab.co.in	GPL-3.0	2022-12-16T17:52:01.000Z
511	cider	Tools for Dart package maintainers. Automates changelog and pubspec.yaml updates.	0.1.3	90.6860833008278	79	69	11	7	f3ath	karapetov.com	MIT	2022-12-16T17:45:25.000Z
512	fraction	A package that helps you working with fractions and mixed fractions.	4.1.4	90.65141073982576	39	14	3	0	albertodev01	fluttercompletereference.com	MIT	2022-08-30T23:20:40.000Z
513	ferry_flutter	Flutter widgets for the Ferry GraphQL client	0.8.0	90.62540631907424	15	476	90	52	gql-dart	gql-dart.dev	MIT	2022-12-11T21:44:13.000Z
514	steel_crypt	A comprehensive library of high-level, cryptographic APIs. This library supports hashing, password hashing, two-way encryption, MAC authentication, and key/IV generation.	3.0.0+1	90.60807003857323	69	41	10	8	AKushWarrior	kishoredev.live	MPL-2.0	2021-04-21T01:19:01.000Z
515	widget_mask	Use a widget to mask and blend another widget, for example to imprint text onto surfaces.	1.0.0+0	90.59506782819746	37	5	2	1	blaugold	gabriel.terwesten.net	MIT	2022-06-12T23:30:27.000Z
516	stream_chat_persistence	Official Stream Chat Persistence library. Build your own chat experience using Dart and Flutter.	5.1.0	90.5907337580722	16	654	237	75	GetStream	getstream.io	NOASSERTION	2022-12-16T14:41:48.000Z
517	form_builder_file_picker	FilePicker Field for flutter_form_builder package. Used to select files as part of form input.	2.3.0	90.55172712694491	24	11	22	7	flutter-form-builder-ecosystem	flutterformbuilderecosystem.com	BSD-3-Clause	2022-11-23T01:38:32.000Z
518	flutter_tabler_icons	Tabler Icons for flutter using icons from https://github.com/tabler/tabler-icons by Csaba Kissi @csaba_kissi	1.1.2	90.4390413036883	40	4	1	3	bigbadbob2003	rob-b.co.uk	MIT	2022-11-04T14:12:35.000Z
519	ferry_hive_store	Hive-based Store implementation for Ferry GraphQL client	0.5.0	90.42170502318727	4	476	90	52	gql-dart	gql-dart.dev	MIT	2022-12-11T21:44:13.000Z
520	cupertino_tabbar	A highly customisable and simple widget for having iOS 13 style tab bars.	2.0.0	90.41737095306202	61	98	24	2	aliyigitbireroglu	cosmossoftware.coffee	MIT	2021-05-04T11:10:58.000Z
521	flutter_screen_wake	A Flutter plugin to manage the device's screen on Android and iOS.	1.0.2	90.40870281281151	22	2	4	2	erickhaendel		MIT	2021-08-12T01:02:07.000Z
522	scrollable_list_tabview	A Flutter widget which syncronize a ScrollView and a custom tab view.	0.1.6	90.40436874268626	148	21	25	11	firatcetiner		MIT	2022-12-01T07:27:44.000Z
523	objectbox_generator	ObjectBox Flutter / Dart database binding code generator - finds annotated entities and adds them to the ObjectBox DB model.	1.7.0	90.38703246218523	14	719	86	54	objectbox	objectbox.io	Apache-2.0	2022-12-16T15:46:25.000Z
524	swipeable_tile	A package to dismiss with animated background. Also Swipe to tigger action without dismiss.	2.0.0+3	90.3523599011832	121	28	7	2	watery-desert	waterydesert.com	BSD-3-Clause	2022-12-14T11:16:19.000Z
525	socket_io	Port of JS/Node library Socket.io. It enables real-time, bidirectional and  event-based communication cross-platform.
	1.0.1	90.32202141030642	105	109	30	10	rikulo		MIT	2021-09-09T02:49:35.000Z
526	svg_path_parser	A Flutter/Dart utility to parse an SVG path into a equivalent Path object from dart:ui library.
	1.1.1	90.31768734018117	40	13	3	1	masterashu	masterashu.codes	MIT	2021-12-06T16:25:17.000Z
527	container_tab_indicator	Build your own Tab indicator using familiar Container-like properties.	0.3.0	90.30901919993065	36	11	0	6	slovnicki	scipack.dev	MIT	2021-06-08T11:46:07.000Z
528	language_picker	Language picker dropdown and dialog.	0.4.2	90.30468512980539	18	2	3	2	atn832	wafrat.com	MIT	2022-12-02T07:18:59.000Z
529	art_sweetalert	A beautiful, responsive, customizable, accessible replacement, easy use for flutter popup boxes. Both supported ios and android.	0.0.5	90.29168291942963	31	3	2	3	hsndmr	hasandemir.org	MIT	2022-08-22T15:30:46.000Z
530	pedantic_mono	[mono edition] Recommended lints for Flutter apps, packages, and plugins to encourage good coding practices.	1.20.1	90.25267628830235	55	62	21	0	mono0926	mono0926.com	MIT	2022-12-17T19:29:39.000Z
531	udp	Lightweight, efficient, and easy-to-use UDP library for Dart. Supports Unicast, Broadcast, Multicast and Loopback communications.	5.0.3	90.24400814805183	52	40	16	7	xenoken		BSD-3-Clause	2022-03-27T12:21:20.000Z
532	division	Simple to use yet powerfull style widgets with syntax inspired by CSS.	0.9.0	90.2266718675508	182	266	35	15	ReinBentdal		MIT	2022-06-26T13:31:55.000Z
533	loop_page_view	A simple Flutter PageView builder constructor wrapper that allows for endless scrolling on both directions.	1.2.0	90.20500151692454	43	16	9	12	wjuniorgit		BSD-2-Clause	2022-09-16T13:13:30.000Z
534	serverpod	Serverpod is an open-source, scalable app server, written in Dart for the Flutter community.	0.9.21	90.18766523642353	229	970	71	76	serverpod	serverpod.dev	BSD-3-Clause	2022-12-17T16:30:47.000Z
535	data_tables	ListView on Mobile and Stateless Data Tables on Tablets and Desktops.	1.4.0	90.17899709617302	123	164	45	16	rodydavis	rodydavis.com	MIT	2022-12-08T01:18:17.000Z
536	vimeo_video_player	A Video Player that support videos from Vimeo platform in Flutter. This Package allow us to play any videos from Vimeo by using its Vimeo Video Id.	0.0.6	90.14865860529623	40	26	15	3	Mindinventory	mindinventory.com	MIT	2022-11-10T09:12:21.000Z
537	dart_frog_gen	Code generation tooling for Dart Frog. Built by Very Good Ventures.	0.3.0	90.14432453517098	11	1022	64	18	VeryGoodOpenSource	verygood.ventures	MIT	2022-12-16T19:12:34.000Z
538	os_detect	Platform independent OS detection.	2.0.1	90.10098383391843	18	13	6	2	dart-lang	dart.dev	BSD-3-Clause	2022-11-15T20:27:18.000Z
539	stream_chat_localizations	The Official localizations for Stream Chat Flutter, a service for building chat applications	4.0.0	90.07931348329215	8	654	237	75	GetStream	getstream.io	NOASSERTION	2022-12-16T14:41:48.000Z
540	eth_sig_util	Ethereum signature utility porting from JS	0.0.9	90.03597278203961	15	13	10	5	wakumo		MIT	2022-12-13T05:02:10.000Z
541	ms_undraw	Updated UnDraw library. These illustrations are designed by Katerina Limpitsouni.	3.1.0+3	90.03163871191437	44	5	2	1	Marcus-Software	marcussoftware.info	MIT	2022-08-09T20:05:47.000Z
542	action_slider	A slider to confirm actions and provide feedback on the success of these after subsequent loading.	0.6.1	90.00996836128809	72	10	1	0	SplashByte	splashbyte.dev	BSD-3-Clause	2022-12-09T01:02:39.000Z
543	reactive_date_time_picker	Wrapper around showDatePicker and showTimePicker to work with reactive_forms	0.5.0	89.9709617301608	9	47	23	2	artflutter		MIT	2022-12-15T16:51:57.000Z
544	flutter_alarm_clock	A lightweight flutter package connecting android clock app intents.	0.0.2	89.96229358991027	43	12	4	5	mevljas		MIT	2021-12-22T21:26:59.000Z
545	bezier_chart	A beautiful bezier line chart widget for flutter that is highly interactive and configurable.	1.0.17+1	89.95795951978502	241	425	132	38	aeyrium	aeyrium.com	Apache-2.0	2021-07-29T00:46:25.000Z
546	objectid	Blazing fast, cross-platform ObjectId implementation for the dart language.	2.1.0	89.94929137953453	26	6	1	0	gonuit	klyta.it	MIT	2022-06-15T16:22:07.000Z
547	charts_painter	Highly customizable and extendable charts library for flutter made with custom painters	3.0.0	89.91895288865774	183	92	31	8	infinum	infinum.com	MIT	2022-11-16T08:54:07.000Z
548	flutter_advanced_segment	An advanced segment widget, that can be fully customized with bunch of properties, just try it and enjoy!	3.0.1	89.87994625753045	70	19	8	0	alex-melnyk	alexmelnyk.io	BSD-3-Clause	2022-05-24T15:23:30.000Z
549	multiple_result	Multiple results for dart. Inspired by dartz's Either and Kotlin's sealed classes	3.1.0	89.87127811727994	78	29	7	0	higorlapa		MIT	2022-12-16T14:14:07.000Z
550	flutter_acpuserprofile	Adobe Experience Platform User Profile support for Flutter apps.	2.0.1	89.86260997702942	0	3	6	0	adobe	adobe.com	Apache-2.0	2022-01-13T23:54:56.000Z
551	freerasp	Flutter library for improving app security and threat monitoring on Android and iOS mobile devices. Learn more about provided features on the freeRASP's homepage first.	3.0.2	89.85827590690417	137	62	3	6	talsec	talsec.app	MIT	2022-11-14T17:34:03.000Z
552	handy_window	This package enhances the looks of Flutter applications on Linux by providing
modern-looking Handy windows with rounded bottom corners.
	0.1.9	89.85394183677892	15	16	4	1	ubuntu-flutter-community	canonical.com	MPL-2.0	2022-12-01T19:17:54.000Z
553	image_downloader_web	A Flutter plugin for downloading images from URL to user's device. This plugin only works for Flutter web.	1.0.2	89.8279374160274	17	1	3	3	hrvojecukman		MIT	2022-10-19T09:50:51.000Z
554	functions_framework	FaaS (Function as a service) framework for writing portable Dart functions	0.4.1	89.7889307849001	124	484	49	26	GoogleCloudPlatform	cloud.google.com	Apache-2.0	2022-11-30T03:47:21.000Z
555	speech_balloon	This is a flutter widget that generates a simple speech bubble. This widget can display simple speech bubbles and reproduce speech bubbles with a border.	0.0.4	89.76726043427382	30	1	1	0	s-tyd	s-tyd.com	MIT	2021-07-22T13:39:46.000Z
556	image_sequence_animator	A simple widget for animating a set of images with full custom controls as an alternative to using a GIF file.	2.0.0	89.72825380314654	67	131	27	5	aliyigitbireroglu	cosmossoftware.coffee	MIT	2022-04-11T00:16:32.000Z
557	avatar_stack	Advanced and agile avatar stack with settings. It allows to place a lot of avatars or another widgets in small place.	1.1.2	89.67624496164348	69	11	1	0	cyrax111		BSD-3-Clause	2022-07-12T03:07:45.000Z
558	mysql_client	Native MySQL client written in Dart. Tested with MySQL Percona Server (5.7, 8), MariaDB (10). Supports TLS.	0.0.27	89.67191089151822	78	45	11	9	zim32		BSD-3-Clause	2022-12-04T13:18:14.000Z
559	credit_card_scanner	Fast, Accurate and Secure Credit & Debit card scanning library for flutter. This package is a fork of the original.	1.0.5	89.64157240064145	33	81	66	27	nateshmbhat		GPL-3.0	2021-05-29T23:53:21.000Z
560	platform_maps_flutter	A Flutter package that combines google_maps and apple_maps to provide a crossplatform native map implementation.	1.0.2	89.61990205001517	90	70	42	21	LuisThein	luisthein.de	BSD-2-Clause	2022-05-02T21:54:40.000Z
561	reorderable_grid	A full reorderable grid implementations similar to flutter's native reorderable list.	1.0.5	89.58089541888788	64	33	3	3	casvanluijtelaar	casvanluijtelaar.com	MIT	2022-11-04T11:42:29.000Z
562	bloc_provider	Provides bloc to descendant widget (O(1)), and the bloc is disposed appropriately by state which the bloc_provider holds internally.	1.0.0	89.55922506826161	24	115	18	4	mono0926	mono0926.com	MIT	2022-08-16T00:54:48.000Z
563	esys_flutter_share_plus	A Flutter plugin for sharing images & text with other applications. Fork by Innim	2.2.0	89.54622285788584	8	0	2	0	Innim	innim.ru	Apache-2.0	2022-08-12T11:58:41.000Z
564	list_ext	Dart extension methods for Iterable and List. You can easily sum, count elements and many more.	1.0.6	89.54188878776058	33	10	2	0	Innim	innim.ru	BSD-3-Clause	2022-10-04T06:24:39.000Z
565	chucker_flutter	Chucker Flutter helps you inspect the HTTP(S) requests/responses. It stores data locally and provides a UI for inspecting network calls and sharing their content.	1.4.0	89.53755471763533	36	27	7	2	syedmurtaza108	syedmurtaza.site	MIT	2022-12-15T09:00:05.000Z
566	either_option	The simple library for Error Handling with functionnal programming concept	2.0.0	89.52888657738482	39	34	8	1	cbyad		MIT	2022-10-31T09:36:48.000Z
567	speed_test_dart	Internet speed tester (ping, upload, download) using speedtest.net	1.0.4+1	89.52021843713432	6	2	3	0	jorger5	jrincondev.com	NOASSERTION	2022-10-03T16:37:56.000Z
568	flutter_fancy_tree_view	A highly customizable TreeView Widget for visualization of nested data in Flutter.
	0.5.3+2	89.48987994625753	64	80	39	9	mbaumgartenbr		MIT	2022-12-16T20:42:08.000Z
569	yaml_edit	A library for YAML manipulation with comment and whitespace preservation.	2.0.3	89.48554587613228	17	16	5	6	dart-lang	tools.dart.dev	BSD-3-Clause	2022-11-10T11:31:16.000Z
570	file_manager	FileManager is a wonderful widget that allows you to manage files and folders, pick files and folders, and do a lot more. Designed to feel like part of the Flutter framework.	1.0.1	89.4725436657565	91	49	12	12	DevsOnFlutter		BSD-3-Clause	2022-10-23T09:00:34.000Z
571	page_view_dot_indicator	A simple and animated page view indicator in the form of dots, which you can customise color, size, space and duration.	2.0.1	89.44653924500498	31	10	6	2	douglasiacovelli		MIT	2022-08-22T22:28:55.000Z
572	hmssdk_flutter	The Flutter package for 100ms SDK. Video Conferencing infrastructure for a Video first world.	1.1.0	89.44220517487973	47	78	35	29	100mslive	100ms.live	MIT	2022-12-17T14:27:05.000Z
573	git	Git command line wrapper. Exposes a Git directory abstraction that makes it easy to inspect and manipulate a local Git repository.	2.2.0	89.43787110475448	27	112	16	15	kevmoo	j832.com	BSD-2-Clause	2022-11-09T23:27:57.000Z
574	float_column	Flutter FloatColumn widget for building a vertical column of widgets and text where the text wraps around floated widgets, similar to how CSS float works.	1.3.1	89.39019633337666	29	12	0	0	ronjb	ronbooth.com	MIT	2022-12-10T23:07:25.000Z
575	pull_down_button	Cupertino styled Pull-Down Button from iOS 14 with great customisation options.	0.4.1	89.38586226325141	57	16	4	0	notDmDrl		MIT	2022-12-03T19:07:59.000Z
576	vertical_scrollable_tabview	A Flutter widget which syncronize a ScrollView and a custom tab view.	0.0.7	89.3685259827504	59	12	17	9	wayne900204		MIT	2022-06-29T02:42:32.000Z
577	rudder_sdk_flutter	The RudderStack Flutter SDK allows you to track event data from your app. It can be easily integrated into your Flutter application. After integrating this SDK, you will also send the event data to your preferred analytics destination/s, such as Google Analytics, Amplitude, and more.	2.2.0	89.34252156199888	7	4	17	4	rudderlabs	rudderstack.com	MIT	2022-12-15T02:11:57.000Z
578	pluto_menu_bar	A menu bar for flutter. You can add as many submenus as you want, and you can change the default style.	3.0.0	89.33818749187363	65	52	15	7	bosskmk	weblaze.dev	MIT	2022-11-30T06:54:57.000Z
579	gql_dedupe_link	GQL Link to deduplicate identical in-flight execution requests	2.0.3+1	89.32518528149785	1	240	99	56	gql-dart	gql-dart.dev	MIT	2022-12-03T23:04:15.000Z
580	form_builder_phone_field	International phone number field for FlutterFormBuilder package	1.3.0	89.3208512113726	23	3	1	9	flutter-form-builder-ecosystem	flutterformbuilderecosystem.com	BSD-3-Clause	2022-11-21T20:29:37.000Z
581	flutter_locales	Easily localize your app to multiple languages	2.0.2	89.31651714124735	30	4	0	2	iampopal		MIT	2022-06-27T18:56:09.000Z
582	flutter_media_metadata	A Flutter plugin to read metadata of media files.	1.0.0+1	89.29484679062108	36	60	12	7	alexmercerind		MIT	2022-12-10T15:32:12.000Z
583	gql_code_builder	Dart code builders taking *.graphql documents and SDL to build useful classes.	0.7.0	89.29051272049581	2	240	99	56	gql-dart	gql-dart.dev	MIT	2022-12-03T23:04:15.000Z
584	flutter_gradient_colors	it's provide you more than 100 predefined Gradient Colors.	2.1.1	89.2818445802453	79	17	3	3	skaran921		NOASSERTION	2022-10-31T09:27:40.000Z
585	flutter_mapbox_navigation	Add Turn By Turn Navigation to Your Flutter Application Using MapBox. Never leave your app when you need to navigate your users to a location.	0.0.26	89.26450829974429	198	162	103	64	eopeter	dormmom.com	Apache-2.0	2022-11-13T16:05:39.000Z
586	firebase_installations	Firebase installations Flutter plugin	16.3.6	89.26017422961904	5	3	2	0	lidio601		MIT	2021-06-04T20:03:07.000Z
587	qlevar_router	A router that helps you to manage your project routes. Create nested routes. navigation without context between your pages.	1.7.1	89.22116759849175	110	66	16	12	SchabanBo	qlevar.de	MIT	2022-11-23T07:02:31.000Z
588	flutter_advanced_networkimage_2	An advanced image provider provides caching and retrying for flutter app. Now with zoomable widget and transition to image widget.	2.0.1	89.2168335283665	8	0	7	2	insinfo		MIT	2022-11-11T13:38:28.000Z
589	flutter_web_auth_2	Flutter plugin for authenticating a user with a web service.	2.0.3	89.17349282711395	22	17	12	9	ThexXTURBOXx	femtopedia.de	MIT	2022-12-13T11:34:44.000Z
590	serverpod_flutter	Flutter specific utilities for Serverpod.	0.9.21	89.14748840636241	0	970	71	76	serverpod		BSD-3-Clause	2022-12-17T16:30:47.000Z
591	flutter_file_view	A file viewer plugin for Flutter, support local file and network link of Android, iOS.	2.1.2	89.1388202661119	18	18	12	3	LiWenHui96		Apache-2.0	2022-11-01T01:19:21.000Z
592	typicons_flutter	Typicons pack with the code to support flutter, easy use, beautifully.	0.5.0	89.11714991548563	15	3	2	1	tvc12	4pet.social	MIT	2021-03-27T14:31:29.000Z
593	get_phone_number	Get real phone number from device - It only works on android device and also need to run in a real device.	2.0.1	89.11281584536039	30	1	0	5	ssk-flutter		BSD-3-Clause	2021-05-23T20:59:46.000Z
594	update_available	Know if there's any update for your Flutter app, based on published versions.	2.1.0	89.10414770510987	47	16	7	9	mateusfccp		MIT	2022-12-05T13:35:36.000Z
595	serverpod_client	Base classes for communication with the server.	0.9.21	89.0911454947341	5	970	71	76	serverpod	serverpod.dev	BSD-3-Clause	2022-12-17T16:30:47.000Z
596	simple_time_range_picker	A simple time range picker for flutter	0.0.5	89.06947514410784	10	4	8	5	trashfeed	trashfeed.net	MIT	2022-08-07T03:30:18.000Z
597	unifiedpush	Push notifications with the provider chosen by the user.	4.0.3	88.99579595197851	7	15	9	10	UnifiedPush	unifiedpush.org	Apache-2.0	2022-11-29T23:14:09.000Z
598	jitsi_meet_wrapper	A Flutter wrapper around the official JitsiMeetSDKs. With this package, you can launch Jitsi meetings in a native view.	0.0.5	88.98279374160273	20	11	25	25	saibotma		BSD-3-Clause	2022-12-16T03:07:06.000Z
599	webviewx_plus	A cross-platform webview using webview_flutter for mobile and iFrame for web.	0.3.2	88.96979153122697	12	4	1	2	Mahad61	lazyus.com	BSD-3-Clause	2022-09-23T19:16:46.000Z
600	aes_crypt	Dart encryption library for encrypting/decrypting files, plain text and binary data in AES Crypt file format.	0.1.1	88.96545746110172	83	27	22	17	alexgoussev	alexgusev.com	MIT	2022-03-19T07:11:46.000Z
601	top_modal_sheet	A simple top modal sheet implementation in pure dart.	2.0.1	88.95678932085121	15	5	8	1	Pilaba		BSD-2-Clause	2022-07-29T18:25:48.000Z
602	flutter_camera_overlay	A Flutter plugin to add common camera overlay components such as ID Card, Credit Card, Texts, prompts or custom components.	0.1.1	88.93945304035019	68	9	12	4	matwright	matwright.dev	MIT	2022-06-29T10:02:27.000Z
603	bugsnag_flutter	Bugsnag crash monitoring and reporting tool for Flutter apps	2.4.0	88.93078490009968	7	5	5	3	bugsnag	bugsnag.com	MIT	2022-12-08T17:24:22.000Z
604	ed25519_hd_key	BIP-0032 like derivation for ed25519 curve	2.2.0	88.90911454947341	9	12	6	1	alepop	alepop.dev	MIT	2021-09-16T06:40:18.000Z
605	tiktoklikescroller	A vertical fullscreen scroll implementation that snaps in place, similar to the TikTok app	0.2.3	88.87877605859663	124	35	12	4	dmt195	davidtaylor.io	Apache-2.0	2022-06-29T17:01:37.000Z
606	pushy_flutter	The official Pushy SDK for Flutter apps.	2.0.12	88.83976942746934	14	19	13	0	pushy		Apache-2.0	2022-10-09T12:05:25.000Z
607	markdown_editable_textinput	A TextField Widget that allow you to convert easily what's in the TextField to Markdown.	2.1.0	88.83110128721883	116	56	30	9	playmoweb	playmoweb.com	BSD-3-Clause	2022-11-17T08:38:14.000Z
608	lucide_icons	A Lucide icon library package for Flutter applications. Fork of Feather Icons, open for anyone to contribute icons.	0.104.0	88.82676721709358	30	2972	161	54	lucide-icons	lucide.dev	ISC	2022-12-13T17:42:51.000Z
609	calendar_appbar	Flutter package for custom AppBar with full calendar view with many new features!	0.0.6	88.82243314696832	148	40	19	5	vpalcar		MIT	2022-06-10T10:14:54.000Z
610	resizable_widget	Enables users to resize the internal widgets by dragging. This package contains simple APIs, but if needed, you can customize ResizableWidget flexibly.	1.0.5	88.79209465609154	118	35	24	13	ibako	ibako-piyo.com	BSD-3-Clause	2022-07-08T19:01:53.000Z
611	apple_maps_flutter	This plugin uses the Flutter platform view to display an Apple Maps widget.	1.2.0	88.77909244571576	35	48	45	14	LuisThein	luisthein.de	BSD-2-Clause	2022-12-02T18:40:39.000Z
612	in_app_notification	A Flutter package to show custom in-app notification with any Widgets.	1.1.2	88.77042430546527	108	18	6	2	cb-cloud	cb-cloud.com	MIT	2022-12-01T08:40:43.000Z
613	flutter_hooks_lint_plugin	a lint plugin for flutter_hooks	0.6.1	88.73575174446322	6	28	1	1	mj-hd		MIT	2022-11-03T21:36:14.000Z
614	zxcvbn	Dart port of DropBox's zxcvbn library.	1.0.0	88.7184154639622	10	7	4	2	careapp-inc	careapp.com.au	MIT	2021-05-27T03:14:44.000Z
615	flutter_boxicons	Boxicons (https://boxicons.com) customization for Flutter. You can use 2K+ more Boxicons.	3.0.0	88.70541325358644	46	4	7	5	arifai		MIT	2021-07-07T00:24:25.000Z
616	sliver_header_delegate	A flexible sliver header delegate that allows easily customize your SliverHeader	0.0.5	88.70107918346119	72	11	8	3	miroslava-podybailo		MIT	2022-11-01T03:43:58.000Z
617	normalize	Normalization and denormalization of GraphQL responses in Dart	0.8.0	88.68374290296018	8	476	90	52	gql-dart	gql-dart.dev	MIT	2022-12-11T21:44:13.000Z
618	faker_dart	generate massive amounts of fake data in Dart & Flutter! A dart port of the famous faker.js	0.1.11	88.63606813158236	60	26	5	0	casvanluijtelaar	casvanluijtelaar.com	NOASSERTION	2022-11-02T15:24:41.000Z
619	gauges	A library for customizable gauges (radial gauges only for now).	1.0.0	88.6143977809561	35	11	9	4	JulianAssmann		MIT	2022-01-08T17:05:01.000Z
620	nyxx	A Discord library for Dart. Simple, robust framework for creating discord bots for Dart language.	4.4.0	88.53638451870151	71	264	40	4	nyxx-discord	l7ssha.xyz	Apache-2.0	2022-12-12T17:07:06.000Z
621	graphql_codegen	Simple, opinionated, codegen library for GraphQL. It allows you to
generate serializers and client helpers to easily call and parse your data.
	0.11.2	88.49737788757423	56	85	37	16	heftapp	heft.app	MIT	2022-12-14T11:20:16.000Z
622	reactive_dropdown_search	Wrapper around searchable_dropdown to use with reactive_forms	0.12.0	88.49304381744896	6	47	23	2	artflutter		MIT	2022-12-15T16:51:57.000Z
623	stats	Calculate common statistical values for a set of numbers: max, min, mean, median, standard deviation, and standard error.	2.0.0	88.47137346682268	23	8	5	2	kevmoo	j832.com	MIT	2022-10-26T00:49:30.000Z
624	redis	Redis database (https://redis.io/) client, with both simplicity and performance as primary goals.	3.1.0	88.46703939669743	87	62	27	2	ra1u		AGPL-3.0	2022-05-08T11:03:46.000Z
625	socket_io_common	Socket.io common parser library.	2.0.2	88.45837125644694	4	6	17	0	rikulo		MIT	2022-10-25T03:16:39.000Z
626	just_throttle_it	A simple throttle library for limiting consecutive execution of functions	2.1.0	88.44536904607116	2	2	0	0	mhrst	qrl.app	MIT	2022-05-03T14:16:02.000Z
627	gson	Parses and encodes the json generated by GSON (Can parse minecraft's json)	0.1.4	88.40636241494387	14	2	2	3	MinimineLP		BSD-2-Clause	2021-03-21T13:09:29.000Z
628	spring_button	A simple widget for having child widgets that respond to gestures with a spring animation.	2.0.0	88.3846920643176	36	73	12	0	aliyigitbireroglu	cosmossoftware.coffee	MIT	2021-05-04T11:01:21.000Z
629	fuzzywuzzy	An implementation of the popular fuzzywuzzy package in Dart, to suit all your fuzzy string matching/searching needs!	0.2.0	88.38035799419235	47	22	3	3	SphericalKat	sphericalk.at	GPL-2.0	2022-06-26T07:19:47.000Z
630	generic_bloc_provider	A generic BloC Provider for your Flutter apps. This package will help you avoid the boilerplate of writing BloC Providers.	2.1.1	88.36302171369132	22	26	6	1	robertohuertasm	robertohuertas.com	MIT	2022-02-14T09:54:59.000Z
631	flutter_calendar_week	Flutter calendar week UI package	3.0.0	88.34568543319031	32	67	26	5	mduccc		MIT	2022-09-12T17:00:44.000Z
632	window_location_href	Cross-platfrom window.location.href. Supports all platforms and is easy.	1.0.1+2	88.33268322281455	5	0	0	0	xclud		MIT	2022-10-24T20:06:12.000Z
633	aes_crypt_null_safe	Dart encryption library for encrypting/decrypting files, plain text and binary data in AES Crypt file format.	2.0.2	88.32401508256403	14	3	1	0	CodingFries	codingfries.com	MIT	2021-12-15T06:47:17.000Z
634	drift_sqflite	A Flutter-only implementation of a drift database, based on the `sqflite` package.	2.0.0	88.28500845143674	7	1797	237	102	simolus3	simonbinder.eu	MIT	2022-12-17T20:37:15.000Z
635	animated_segmented_tab_control	A customizable segmented control that can be used with a TabView.	1.0.1	88.27634031118623	32	11	9	8	LanarsInc		NOASSERTION	2022-11-08T02:00:54.000Z
636	json_store	A Flutter storage solution somewhat similar to a browser's localStorage (but super powered)	2.0.0	88.26767217093573	36	8	8	1	fstof		BSD-2-Clause	2022-08-15T22:42:46.000Z
637	change_case	An extension on String to transform a string between camelCase, PascalCase, Capital Case, snake_case, param-case, CONSTANT_CASE and others.	1.0.2	88.25900403068522	16	4	0	0	mrgnhnt96	mrgnhnt.com	MIT	2022-02-23T20:13:46.000Z
638	apivideo_live_stream	Flutter RTMP live stream client for your audio/video application. Made with ♥ by api.video.	1.0.7	88.23733368005894	34	20	11	7	apivideo	api.video	MIT	2022-11-16T15:18:14.000Z
639	byte_size	ByteSize is a library that handles how byte sizes are represented and an easy to use interface to convert to other forms of representation also taking locale into consideration.	1.4.1	88.2329996099337	4	3	4	1	ron4fun		NOASSERTION	2022-10-22T12:46:21.000Z
640	alphabet_scroll_view	A Scrollable ListView Widget with the dynamic vertical Alphabet List which you can drag and tap to scroll to the first item starting with that letter.	0.3.2	88.21132925930742	68	20	9	9	maheshmnj	maheshjamdade.com	MIT	2022-10-08T03:19:19.000Z
641	json_editor	A json editor on flutter.	0.0.8	88.20699518918215	19	12	8	4	youngchan1988	dev.apptoy.cc	BSD-3-Clause	2022-05-25T08:22:49.000Z
642	interval_time_picker	A variant of the default Flutter Time Picker in which you can pick intervals.	2.0.0+5	88.12031378667707	14	2	11	0	Fleximex	fleximex.com	MIT	2022-09-01T19:57:30.000Z
643	firebase_core_dart	Pure Dart implementation of FlutterFire core API	1.0.1	88.07697308542453	7	284	35	18	invertase	invertase.io	NOASSERTION	2022-11-05T03:27:18.000Z
644	antdesign_icons	AntDesign Icons implementation for dart projects.	0.0.3	88.07263901529927	9	4	0	1	elkhayder		MIT	2021-04-27T01:12:50.000Z
645	selectable	A Flutter widget that enables text selection over all the text widgets it contains.	0.2.8	88.06830494517402	29	9	4	5	ronjb	ronbooth.com	MIT	2022-12-11T02:16:12.000Z
646	zego_uikit_prebuilt_call	PrebuiltCall is a full-featured call kit that provides a ready-made call invitation, voice/video chat, device detection, etc. Add a voice/video call to your app in minutes.	1.2.14	88.04663459454774	5	1	3	0	ZEGOCLOUD	zegocloud.com	MIT	2022-12-13T03:23:32.000Z
647	sliding_clipped_nav_bar	Bottom Navigation Bar with sliding menu icon and text with clipping effect, it also has ripple effect when tapped.	3.1.0+4	88.04230052442249	177	55	9	0	watery-desert	waterydesert.com	BSD-3-Clause	2022-12-14T11:08:30.000Z
648	app_popup_menu	A more modular popup menu.	1.0.0	88.02496424392146	31	9	2	1	AndriousSolutions		NOASSERTION	2022-11-04T16:16:11.000Z
649	undo	A Undo/Redo Library for Flutter	1.4.0	88.0206301737962	66	55	13	2	rodydavis	rodydavis.com	MIT	2021-04-14T23:05:41.000Z
650	icons_plus	A collection of popular icon packs is available in icons_plus. Such as bootstrap, font awesome, eva icons, line awesome, ionicons, and many more.	3.0.0	88.0119620335457	77	12	2	1	chouhan-rahul	rahulchouhan.me	MIT	2022-09-03T14:28:00.000Z
651	flavor	An easy way to configure flavor settings and displaying flavor banner.	2.0.0	87.97728947254366	44	12	4	1	stefandevo	stefandevo.dev	MIT	2021-09-28T09:46:59.000Z
652	easy_table	A full customized data table that builds the cells on demand. Focused on Web/Desktop Applications. Bidirectional scroll bars.	2.2.0	87.96862133229317	45	19	5	9	caduandrade	caduandrade.net	MIT	2022-11-18T14:56:56.000Z
653	cr_calendar	Awesome calendar with customizations, range picking and event showing.	1.0.0+1	87.95995319204265	60	17	14	2	Cleveroad	cleveroad.com	MIT	2022-11-17T11:47:30.000Z
654	quickblox_sdk	Quickblox includes everything that brings messaging right into your application - chat, video calling, users, push notifications, etc.	0.11.0	87.95128505179214	44	6	0	24	QuickBlox		NOASSERTION	2022-09-30T13:13:32.000Z
655	md5_file_checksum	Flutter plugin to calculate a file checksum as MD5 hash, using a platform native implementation.	1.0.4	87.89927621028907	5	3	1	2	albemala	albemala.me	MIT	2022-10-01T14:19:32.000Z
656	shelf_plus	Shelf Plus is a quality of life addon for your server-side development within the Shelf platform.	1.5.0	87.86460364928705	75	52	9	0	felixblaschke	felix-blaschke.de	MIT	2022-09-09T19:13:55.000Z
657	flutter_update_dialog	A beautiful application version update dialog for flutter.You can customize your own version update pop-up window!	2.0.0	87.86026957916178	44	32	10	2	xuexiangjys	xuexiangjys.club	Apache-2.0	2022-12-04T15:20:44.000Z
658	auto_start_flutter	The plugin redirects the user to auto-start permission screen to allow auto-start and fix background problems in some phones.	0.1.1	87.83426515841026	22	4	5	3	seena98	techflow.ir	BSD-2-Clause	2022-11-02T09:41:57.000Z
659	flutter_mdns_plugin	Flutter mDNS plugin	0.0.3	87.82993108828501	4	46	37	10	terrabythia		MIT	2022-01-07T15:53:00.000Z
660	sentry_dart_plugin	A Dart Build Plugin that uploads symbols for Android, iOS/macOS, and Web to Sentry via sentry-cli.
	1.0.0-beta.4	87.79525852728297	13	33	13	4	getsentry	sentry.io	MIT	2022-12-02T08:07:04.000Z
661	icon_decoration	Add decoration capabilities for the Icon widget with shadows, borders, gradients.	1.0.1	87.76925410653145	68	23	0	0	TesteurManiak	rouxguillau.me	BSD-2-Clause	2022-03-11T08:59:36.000Z
662	toml	Parser and encoder for TOML v1.0.0 (Tom's Obvious, Minimal Language) configuration files.	0.13.1	87.73024747540416	19	31	5	0	just95		MIT	2022-11-10T22:24:08.000Z
663	dart_appwrite	Appwrite is an open-source self-hosted backend server that abstract and simplify complex and repetitive development tasks behind a very simple REST API	7.1.0	87.7259134052789	69	91	15	2	appwrite	appwrite.io	BSD-3-Clause	2022-12-14T09:25:38.000Z
664	ensure_visible_when_focused	A handy Flutter widget to scroll to a certain widget every time this widget gains Focus.	1.1.1	87.71291119490313	22	9	3	1	rodrigobastosv	rodrigobastos.dev	MIT	2022-09-05T12:14:44.000Z
665	flutter_oss_licenses	A tool to generate detail and better OSS license list using pubspec.yaml/lock files.	2.0.1	87.69557491440212	40	30	9	3	espresso3389	espresso3389.jp	MIT	2022-10-22T13:07:06.000Z
666	pocketbase	Multi-platform Dart SDK for PocketBase, an open source realtime backend in 1 file.	0.6.0	87.68690677415161	67	154	13	0	pocketbase	pocketbase.io	MIT	2022-12-16T15:27:44.000Z
667	youtube_api	YouTubeAPI is a plugin which directly interacts with YouTube server. Supports Searching video and playlist.	1.0.4	87.67823863390109	67	48	42	16	nstack-in	nstack.in	Apache-2.0	2021-11-09T07:03:17.000Z
668	horizontal_blocked_scroll_physics	A ScrollPhysics class that blocks movement in the horizontal axis.	4.0.1	87.63489793264854	23	10	3	0	koa-health	koahealth.tech	MIT	2022-03-07T08:05:10.000Z
669	result_type	Result Type for Dart.	0.2.0	87.63056386252329	23	0	0	0	minikin	minikin.me	MIT	2022-08-25T08:07:46.000Z
670	whatsapp	A top package for whatsapp business api send messages, product, media, location through flutter app.	2.0.0	87.61322758202228	78	7	4	2	rohit-chouhan	rohitchouhan.com	MIT	2022-10-09T04:02:05.000Z
671	onboarding_overlay	Flexible to control Onboarding overlay with or without target element (fork from onboard_overlay)	3.1.2	87.60022537164652	208	31	10	3	talamaska		MIT	2022-11-17T13:46:34.000Z
672	build_verify	Test utility to ensure generated Dart code within a package is up-to-date when using package:build.	3.1.0	87.57422095089498	30	52	10	2	kevmoo	j832.com	MIT	2022-12-02T20:46:45.000Z
673	pspdfkit_flutter	A Flutter plugin providing a feature-rich PDF viewing and editing experience to your users with the powerful PSPDFKit PDF SDK.	3.4.1	87.5525506002687	34	73	26	6	PSPDFKit	pspdfkit.com	NOASSERTION	2022-11-18T13:01:40.000Z
674	avoid_keyboard	This package enables convenient keyboard avoidance. It can be used to enable keyboard avoidance for specific view regions, without compressing the entire view.	0.3.0	87.53954838989296	15	1	0	0	HornMichaelS		MIT	2021-06-10T23:56:37.000Z
675	adapty_flutter	Adapty SDK is an open-source framework that makes implementing in-app subscriptions in Flutter applications fast and easy. It’s 100% open-source and lightweight.	2.2.1	87.51354396914141	37	46	7	2	adaptyteam	adapty.io	MIT	2022-12-16T09:39:09.000Z
676	qr_code_utils	Flutter plugin that provides tools for dealing with QR code. For now, just read.	0.0.1	87.49620768864041	1	0	0	1	atech-dev		MIT	2022-05-14T20:00:41.000Z
677	msal_js	A Dart wrapper for the 'Microsoft Authentication Library for JavaScript (MSAL.js)'.	2.14.0	87.48320547826464	18	13	9	3	Francessco121		MIT	2022-05-12T03:53:46.000Z
678	flutter_zxing	A barcode scanner and generator natively in Flutter with Dart FFI based on ZXing.	0.8.5	87.47453733801413	29	32	12	8	khoren93		MIT	2022-12-17T07:34:15.000Z
679	cunning_document_scanner	A document scanner plugin for flutter. Scan and crop automatically on iOS and Android.	1.1.2	87.46153512763837	50	17	12	1	jachzen	cunning.biz	MIT	2022-11-08T12:26:14.000Z
680	bottom_sheet_bar	A toolbar that aligns to the bottom of a widget and expands into a bottom sheet.	2.3.8	87.42686256663633	51	9	2	3	mhrst	qrl.app	MIT	2022-10-18T15:06:35.000Z
681	libserialport	Serial Port for Dart (FFI bindings to libserialport, a minimal C-library created by the sigrok).	0.3.0+1	87.4095262861353	41	61	15	32	jpnurmi		LGPL-3.0	2022-08-27T14:23:26.000Z
682	schedulers	Dart library for running asynchronous functions on time. Useful for load balancing, rate limiting, lazy execution.	1.0.1	87.34884930438174	13	3	1	1	rtmigo	revercode.com	MIT	2022-11-25T05:28:46.000Z
683	morphable_shape	A Flutter package for creating various shapes that are responsive and can morph betweem each other.	1.6.4	87.33151302388073	113	35	5	0	KevinVan720	wenkaifan.com	MIT	2022-09-05T13:48:35.000Z
684	mixpanel_analytics	A dart wrapper on the mixpanel REST API to be used in Flutter applications. As this is using the http REST API it works both with Android and iOS.	2.1.1	87.31417674337972	17	18	22	3	koa-health	koahealth.tech	MIT	2021-07-12T20:02:40.000Z
685	nyxx_interactions	Nyxx Interactions Module. Discord library for Dart. Simple, robust framework for creating discord bots for Dart language.	4.5.0	87.30984267325445	7	7	6	2	nyxx-discord	l7ssha.xyz	Apache-2.0	2022-12-12T19:13:37.000Z
686	ably_flutter	A wrapper around Ably's Cocoa and Java client library SDKs, providing iOS and Android support.	1.2.15	87.29250639275344	22	46	14	62	ably	ably.com	Apache-2.0	2022-12-13T18:41:49.000Z
687	benchmark_harness	The official Dart project benchmark harness.	2.2.0	87.26216790187665	22	76	25	8	dart-lang	tools.dart.dev	BSD-3-Clause	2022-11-10T17:41:50.000Z
688	star_menu	Contextual popup menu with different shapes and multiple ways to fine-tune animation and position. The menu entries can be almost any kind of widgets.	3.1.0+1	87.2578338317514	103	27	9	2	alnitak	marcobavagnoli.com	MIT	2022-12-12T17:15:50.000Z
689	brightness_volume	Adjust the volume and brightness	1.0.3	87.25349976162614	7	3	2	5	tion126		MIT	2021-05-26T07:03:53.000Z
690	dnd	Drag and Drop for Dart web apps with mouse and touch support.	2.0.1	87.24483162137562	47	136	92	5	marcojakob	jakobservices.ch	MIT	2021-10-07T20:03:58.000Z
691	json_model	Gernerating Dart model class from Json files with one command.	1.0.0	87.2188272006241	35	623	114	48	flutterchina		NOASSERTION	2022-01-10T02:14:10.000Z
692	nepali_utils	A pure dart package with collection of Nepali Utilities like Date converter, Date formatter, DateTime, Nepali Numbers, Nepali Unicode, Nepali Moments and many more.	3.0.3	87.17548649937156	35	23	13	3	sarbagyastha	sarbagyastha.com.np	MIT	2022-08-29T08:19:08.000Z
693	fluid_bottom_nav_bar	A beautiful bottom navigation with a fluid animation. Bar color, icons and animation speed are fully customizable.	1.4.0	87.15381614874529	136	24	23	13	eric-taix		MIT	2022-11-21T16:02:57.000Z
694	datepicker_dropdown	A Dropdown Date picker for Flutter with customizable options.	0.0.7+2	87.12781172799376	14	3	5	2	Robertrobinson777	robertrobinson.in	MIT	2022-09-01T13:55:20.000Z
695	prefs	A Library Package that utilizes the plugin, shared_preferences, to store and read an app’s preferences in both the Android and the iOS platform.	4.0.0	87.11914358774325	13	8	3	0	AndriousSolutions	andrioussolutions.com	NOASSERTION	2022-12-02T22:38:18.000Z
696	background_app_bar	A background app bar plugin, use this plugin if you want to preserve background of sliver app bar when scrolling,	2.0.1	87.09747323711697	34	10	7	1	LeonColt		MIT	2022-03-19T19:57:03.000Z
697	loading_overlay_pro	A new Flutter project with a simple widget wrapper set of loading animations for Flutter projects.	2.1.1	87.09313916699172	28	2	0	0	HVLoc		MIT	2021-03-23T07:51:34.000Z
698	vcard_maintained	A dart port of vCard JS by Eric J Nesser. Create vCards to import contacts into Outlook, iOS, Mac OS, and Android devices from your website or mobile application.	0.0.1+1	87.08013695661596	5	8	15	10	valerycolong	quds.cc	MIT	2021-10-27T09:07:00.000Z
699	water_drop_nav_bar	Bottom navigation bar, it has unique water drop effect. When water droplet falls it marks seleted item.	2.2.0+5	87.04979846573919	177	34	5	1	watery-desert	waterydesert.com	BSD-3-Clause	2022-12-14T11:12:35.000Z
700	contactus	contactus is the package which helps the developers to add their contact information with ease.Developers can add many important details such as website, email, phone number, etc.	1.2.0	87.04113032548867	52	19	12	0	AbhishekDoshi26		MIT	2021-11-24T11:47:56.000Z
701	skeleton_animation	Display skeleton animations in your app. It works on android, iOS and the web.	0.1.4	87.00645776448664	24	4	1	0	wjtje	wjtje.dev	MIT	2021-05-16T09:48:41.000Z
702	salesiq_mobilisten	Mobilisten enables you to give your users the best in-app live chat experience. Mobilisten provides drop-in in-app chat and knowledge base.	1.0.4	86.97611927360984	13	9	5	8	zoho	zoho.com	MIT	2022-12-08T15:54:42.000Z
703	shared_storage	Flutter plugin to work with external storage and privacy-friendly APIs.	0.7.0	86.95878299310883	26	30	11	13	alexrintt	alexrintt.io	MIT	2022-11-19T03:40:15.000Z
704	fhir	FHIR library of versions R4, STU3, DSTU2, and R5 (draft) for Dart & Flutter.	0.9.3	86.91977636198153	26	34	26	1	MayJuun	fhirfli.dev	MIT	2022-12-12T14:54:35.000Z
705	swagger_dart_code_generator	Have you been turned into a problem with writing code for Http requests? This package can help. It has all of the Http and model codegen functionality you have been looking for.	2.9.0	86.87643566072899	190	185	59	6	epam-cross-platform-lab	mobilepeople.dev	Apache-2.0	2022-12-16T12:05:32.000Z
706	image_cropping	This package helps you to crop image with ratio and free scale.	0.0.13	86.87210159060373	72	40	14	1	Mindinventory	mindinventory.com	MIT	2022-09-01T07:14:05.000Z
707	hive_test	Initialize a temporary Hive database for testing	1.0.1	86.86776752047848	4	4	1	1	netsells		MIT	2021-05-11T10:03:48.000Z
708	mrx_charts	Simple, high-performance Flutter charts with beautiful animations.	0.1.3	86.78542018809864	74	54	7	3	merixstudio	merixstudio.com	MIT	2022-12-01T18:16:54.000Z
709	bonfire	(RPG maker) Create RPG-style or similar games more simply with Flame.	2.11.9	86.77675204784813	275	780	118	4	RafaelBarbosatec		MIT	2022-12-15T11:51:02.000Z
710	ferry_generator	Generated types for Ferry GraphQL Client	0.7.0	86.75508169722185	15	476	90	52	gql-dart	gql-dart.dev	MIT	2022-12-11T21:44:13.000Z
711	flutter_expandable_table	A Flutter widget for create an expandable table with header and first column fixed.	1.1.1	86.74641355697135	58	15	14	3	rickypid	rcprogrammer.net	BSD-3-Clause	2022-08-01T15:45:46.000Z
712	perfect_freehand	Draw perfect pressure-sensitive freehand lines. A set of functions for turning input points into a polygon of outline points.	1.0.4	86.73774541672084	108	184	26	4	steveruizok		MIT	2022-07-14T06:01:25.000Z
713	isoweek	A lightweight Dart package which provides the class Week (based on the ISO 8601 format).	1.1.4	86.72907727647033	17	4	0	0	devj3ns	jensbecker.dev	BSD-3-Clause	2022-06-22T12:03:02.000Z
714	alert	A Flutter plugin for showing native alert dialog in IOS and Toast messages in Android.	2.0.1	86.655398084341	18	1	4	0	Oleksandr32		MIT	2021-05-25T19:50:37.000Z
715	bcrypt	This package use jBCrypt modified code to work with Dart VM.	1.1.3	86.6467299440905	10	1	0	0	astudilloalex	alexastudillo.com	NOASSERTION	2022-03-23T21:03:10.000Z
716	input_history_text_field	A input_history_text_field widget is automatically saved and suggest as you type.	0.2.0	86.60338924283795	43	8	4	4	trashfeed	trashfeed.net	MIT	2022-09-03T03:05:07.000Z
717	dart_twitter_api	A dart wrapper for using the Twitter API with well documented interfaces for every endpoint.	0.5.8	86.58171889221168	41	54	23	0	robertodoering		BSD-3-Clause	2022-12-14T17:46:48.000Z
718	flutter_star	You can create a star easily and decide how many angle or color of the star, even the fat and progress of the star.	1.2.0	86.57738482208643	11	20	2	0	toly1994328	toly1994.com	NOASSERTION	2020-02-23T02:34:32.000Z
719	signalr_flutter	A flutter plugin for .net SignalR client. This client is for ASP.Net SignalR, not for .Net Core SignalR.	0.2.0	86.56438261171066	56	16	15	14	AS-Devs		MIT	2022-11-21T12:23:46.000Z
720	quds_popup_menu	A new way to show advanced popup menu in Flutter, the package is a part of quds_ui_kit package.	0.0.1+1	86.5513804013349	55	18	11	2	MohammedAsaadAsaad	quds.cc	MIT	2022-05-03T07:57:51.000Z
721	reactive_phone_form_field	Wrapper around phone_form_field to use with reactive_forms	0.10.0	86.54271226108439	6	47	23	2	artflutter		MIT	2022-12-15T16:51:57.000Z
722	geocoder_buddy	Forward, Reverse geocoding and Search Address without any apikey.	1.0.1	86.53837819095914	15	2	4	4	flutterbuddy1	flutterbuddy.in	MIT	2022-11-20T16:56:40.000Z
723	very_good_infinite_list	A library for easily displaying paginated data, created by Very Good Ventures. Great for activity feeds, news feeds, and more.	0.7.0	86.52104191045811	132	102	14	3	VeryGoodOpenSource	verygood.ventures	MIT	2022-11-28T18:02:53.000Z
724	flutter_widgetkit	Flutter library for iOS Widgets Extensions. Integrate a Widget into your App	1.0.3	86.51670784033286	38	224	20	5	fasky-software		MIT	2021-03-22T09:10:11.000Z
725	custom_lint_builder	A package to help writing custom linters	0.0.16	86.50803970008235	3	151	17	19	invertase	invertase.io	Apache-2.0	2022-12-12T11:22:31.000Z
726	flutter_sensors	A flutter plugin to access the available sensors of the device.	1.0.1	86.5037056299571	28	28	26	14	LJaraCastillo		MIT	2022-02-23T13:22:29.000Z
727	msh_checkbox	An animated checkbox, inspired by BEMCheckbox for iOS, using an API similar to Flutter's own Checkbox.	2.0.0	86.49070341958132	12	4	3	0	HornMichaelS		MIT	2022-12-14T18:52:36.000Z
728	statusbarz	A Flutter package for dynamically changing status bar color based on the background. Works with static colors and images.	1.0.12	86.48636934945607	38	6	2	0	Mapventure	mankeli.co	MIT	2022-10-20T11:18:02.000Z
729	icalendar_parser	Package to parse iCalendar (.ics) files written in pure Dart.	1.1.0	86.46036492870455	34	26	4	1	TesteurManiak	rouxguillau.me	MIT	2022-12-12T14:11:44.000Z
730	fancy_password_field	A highly customizable password control input widget. It has features such as password strenght and rules validation	2.0.0	86.45169678845403	42	12	5	0	rodrigobastosv	rodrigobastos.dev	MIT	2022-10-13T13:25:35.000Z
731	webcrypto	Cross-platform implementation of Web Cryptography APIs for Flutter.	0.5.3	86.39968794695099	51	56	30	14	google	google.dev	Apache-2.0	2022-11-02T14:39:32.000Z
732	animated_notch_bottom_bar	This package helps you to achieve animated notch bottom navigation bar with any widget as children.	0.0.6	86.37801759632471	62	32	3	1	Mindinventory	mindinventory.com	MIT	2022-10-18T12:06:25.000Z
733	survey_kit	Create beautiful surveys with Flutter (inspired by iOS ResearchKit Surveys)	0.1.1	86.36934945607419	69	89	50	10	QuickBirdEng	quickbirdstudios.com	MIT	2022-12-15T12:56:25.000Z
734	iso_countries	A plugin for fetching ISOCountries data from device OS. Name of countries can be obtained in different languages.	2.1.0	86.33901096519742	14	4	12	2	anoop4real		MIT	2022-01-13T16:19:36.000Z
735	matomo_tracker	A fully cross-platform wrap of the Matomo tracking client for Flutter, using the Matomo API.	2.0.0	86.30433840419538	18	11	8	0	Floating-Dartists	floating-dartists.dev	MIT	2022-12-02T16:13:09.000Z
736	google_sign_in_mocks	Mocks for Google Sign In. Use this package with `firebase_auth_mocks` to write unit tests involving Firebase Authentication.	0.2.1	86.28700212369435	17	6	9	4	atn832	wafrat.com	BSD-2-Clause	2022-08-20T09:17:39.000Z
737	flutter_custom_cards	Flutter Custom Cards help developers to create beautiful custom cards and 3D cards with flutter.	0.2.1	86.2739999133186	12	2	0	0	pktintali	studentmitra.in	MIT	2021-11-21T05:31:04.000Z
738	scribble	Scribble is a lightweight library for freehand drawing in Flutter supporting pressure, variable line width and more!	0.9.1	86.25232956269232	106	73	18	9	fyzo-dev	fyzio.de	MIT	2022-12-02T11:21:07.000Z
739	stream_feed_flutter_core	Stream Feed official Flutter SDK Core. Build your own feed experience using Dart and Flutter.	0.8.0	86.20898886143978	10	67	25	31	GetStream	getstream.io	NOASSERTION	2022-11-15T01:27:16.000Z
740	http_status_code	HTTP Status Codes	0.0.2	86.20465479131452	9	3	3	0	salkuadrat		MIT	2021-10-30T10:07:24.000Z
741	info_popup	The simple way to show the user some information on your selected widget.	2.4.6	86.20032072118927	36	9	1	0	SalihCanBinboga	salihcan.dev	MIT	2022-11-22T13:29:29.000Z
742	patrol	Simple yet powerful Flutter-native UI testing framework eliminating limitations of flutter_test, integration_test, and flutter_driver.
	0.10.3	86.17865037056299	132	250	22	83	leancodepl	leancode.co	Apache-2.0	2022-12-17T15:21:24.000Z
743	flutter_tagging	A flutter package with tagging or multiselect functionality. Useful for adding Tag or Label Selection Forms.	3.0.0	86.17431630043774	177	149	47	17	sarbagyastha	sarbagyastha.com.np	BSD-3-Clause	2021-10-04T11:12:52.000Z
744	animated_card	Package to animate the initialization of any widget, with the possibility of using a custom dismissible.	2.0.0	86.16131409006198	58	15	3	1	davidsdearaujo		MIT	2021-04-16T19:55:32.000Z
745	japx	Lightweight parser for the JSON:API (http://jsonapi.org/) structure.	2.0.5	86.15698001993673	34	22	11	3	infinum	infinum.com	MIT	2022-11-07T10:04:13.000Z
746	camcode	A camera barcode scanner for Flutter Web using your favorite Javascript library	3.0.0	86.15264594981147	40	10	9	8	PiotrFLEURY		BSD-3-Clause	2022-07-23T18:21:05.000Z
747	google_language_fonts	Include easily Google Fonts which are compatible with your languages.	2.0.0	86.14397780956095	12	1	0	0	mzdm		Apache-2.0	2021-06-16T18:58:21.000Z
748	stream_chat	The official Dart client for Stream Chat, a service for building chat applications.	5.1.0	86.1396437394357	58	654	237	75	GetStream	getstream.io	NOASSERTION	2022-12-16T14:41:48.000Z
749	gql_websocket_link	GQL Websocket Link	0.3.4+1	86.12664152905994	8	240	99	56	gql-dart	gql-dart.dev	MIT	2022-12-03T23:04:15.000Z
750	humanizer	A library to convert Dart values into human-friendly representations.	2.0.0	86.08763489793265	39	18	2	0	kentcb	kent-boogaart.com	MIT	2022-05-12T08:41:27.000Z
751	tabbed_view	Flutter widget inspired by the classic Desktop-style tab component. Supports customizable themes.	1.15.0	86.08330082780739	59	29	9	5	caduandrade	caduandrade.net	MIT	2022-11-20T14:30:02.000Z
752	multi_image_picker_view	A complete widget which can easily pick multiple images from device and display them in UI. Also picked image can be re-ordered and removed easily.	0.0.6	86.07896675768214	17	8	4	2	shubham-gupta-16		MIT	2022-08-27T08:00:46.000Z
753	flutter_scale_tap	Scale and opacity animated Button for Flutter	1.0.5	86.05729640705586	24	7	4	3	fedeamura		MIT	2022-09-19T10:17:19.000Z
754	firebase_storage_mocks	Mocks for Firebase Storage. Use this package to write unit tests involving Firebase Storage.	0.6.0+1	86.02695791617909	16	8	19	5	atn832	wafrat.com	BSD-2-Clause	2022-11-29T06:34:12.000Z
755	flutter_randomcolor	A flutter package for generating attractive random colors. it can be used for data visualization, generative and lot more.	1.0.14	85.9966194253023	12	7	3	1	DAMMAK	dammak.dev	MIT	2022-07-31T19:36:45.000Z
756	flutter_timeline	a fully customizable & general timeline widget, based on real-world application references	0.3.0	85.96194686430026	124	282	24	6	softmarshmallow	softmarshmallow.com	MIT	2021-11-13T13:31:12.000Z
757	tabbar	Simple tabbar, rewritten using pagecontroller and facilitating internal PageView manipulation	0.1.1	85.957612794175	23	7	11	3	davidsdearaujo		MIT	2021-03-26T16:38:37.000Z
758	test_process	Test processes: starting; validating stdout and stderr; checking exit code	2.0.3	85.93160837342349	8	15	11	1	dart-lang	tools.dart.dev	BSD-3-Clause	2022-11-01T15:02:42.000Z
759	flagsmith	Flutter Client SDK for https://www.flagsmith.com/, Flagsmith is 100% Open Source. Host yourself or let us take care of the hosting.	3.0.3	85.92727430329823	15	13	7	3	Flagsmith	flagsmith.com	BSD-3-Clause	2022-11-30T09:14:20.000Z
760	drawing_animation	An dart-only library for gradually painting SVG path objects on canvas (drawing line animation).	1.0.1	85.83192476054262	180	440	97	8	biocarl		BSD-2-Clause	2022-10-08T12:14:17.000Z
761	algorand_dart	Unofficial community SDK to interact with the Algorand network, for Dart & Flutter	1.0.3	85.81892255016686	31	35	11	3	RootSoft		MIT	2022-12-15T14:02:19.000Z
762	objectbox_sync_flutter_libs	Fast Flutter database for persisting Dart objects. This package contains Flutter runtime libraries for ObjectBox, including ObjectBox Sync.	1.7.0	85.8145884800416	8	719	86	54	objectbox	objectbox.io	Apache-2.0	2022-12-16T15:46:25.000Z
763	pusher_beams	Official Flutter Plugin for Pusher Beams, receive notifications easily on your Flutter application with Pusher Beams.	1.1.1	85.80158626966585	18	8	11	7	pusher	pusher.com	MIT	2022-09-19T13:11:43.000Z
764	theme_tailor_annotation	Annotations for the Theme Tailor code-generator. This package does nothing without Theme Tailor.
	1.0.3	85.79291812941533	8	33	7	5	Iteo	iteo.com	MIT	2022-12-13T13:45:39.000Z
765	f_datetimerangepicker	Date and Time Range Picker for Flutter using Cupertino. Support pick date range, time range, date and time range.	0.2.0	85.78424998916483	36	20	8	7	longphanmn		Apache-2.0	2021-09-06T08:08:04.000Z
766	horizontal_picker	You can select your value on Horizontal Picker while scrolling on items.	1.2.0	85.77991591903957	53	10	6	3	leventkantaroglu	leventkantaroglu.com	BSD-3-Clause	2022-06-27T17:45:26.000Z
767	flutter_scroll_shadow	ScrollShadow adds shadows to a scrollable child. Supports ScrollController and vertical or horizontal orientation.	1.0.2	85.77124777878906	9	4	1	0	rickypid	rcprogrammer.net	BSD-3-Clause	2022-01-25T12:39:32.000Z
768	nfc_in_flutter	Flutter plugin to read and write NFC tags on both Android and iOS. Currently it only supports reading NDEF formatted tags.	2.0.5	85.76691370866381	103	113	108	61	semlette	semler.dev	MIT	2021-05-22T20:19:03.000Z
769	advance_image_picker	Flutter plugin in pure Dart code for selecting/editing multiple images from the Android/iOS image library and taking new pictures with the camera in the same view.	0.1.7+1	85.74524335803754	102	90	32	15	weta-vn	weta.vn	BSD-3-Clause	2022-10-15T16:04:24.000Z
770	msal_flutter	A Microsoft Authentication Library wrapper for Android and iOS	2.0.1	85.701902656785	18	4	7	4	Muljin	muljin.com	BSD-3-Clause	2022-11-21T09:41:41.000Z
771	flutter_number_picker	A new custom Flutter Number Picker plugin by using add and minus buttons.	1.0.4	85.67589823603345	15	2	7	1	phuongtinhbien	phvit.blogspot.com	MIT	2022-07-04T10:29:00.000Z
772	interact	A collection of customizable interactive command-line components.	2.1.1	85.6628960256577	42	70	6	5	frencojobs	frenco.dev	MIT	2022-10-05T12:51:01.000Z
773	zego_uikit_signaling_plugin	ZegoUIKitSignalingPlugin is a low-code plugin collection that provides the signal related function extensions for ZegoUIKit, helps you to integarte features easier and faster.	1.1.0	85.65422788540718	4	1	0	1	ZEGOCLOUD	zegocloud.com	MIT	2022-12-12T07:20:13.000Z
774	open_app_settings	A remaster plugin of app_settings. app_setting use Kotlin and Swift may cause build issue, so this plugin used Java and ObjC.	2.0.1	85.61522125427989	6	3	2	0	mjl0602		MIT	2021-12-30T03:56:28.000Z
775	card_scanner	Fast, Accurate and Secure Credit & Debit card scanning library for flutter.	0.2.2	85.58054869327786	96	81	66	27	nateshmbhat		GPL-3.0	2021-05-29T23:53:21.000Z
776	openapi_dart_common	OpenAPI API common libraries so the generator doesn't generate them	4.1.2	85.5285398517748	4	4	5	0	dart-ogurets	bluebiscuitdesign.dev	BSD-2-Clause	2022-07-23T06:32:33.000Z
777	touchable_opacity	This widget lets you provide a more visual feedback to users when they interact with your app, similar to TouchableOpacity in React Native.	1.2.0	85.5198717115243	13	14	2	1	nkshah2		BSD-2-Clause	2021-03-15T15:18:03.000Z
778	youtube_player_flutter_quill	Flutter plugin for playing or streaming inline YouTube videos using the official iFrame player API. This plugin supports both Android and iOS.	8.2.2	85.50253543102328	5	555	564	311	sarbagyastha		BSD-3-Clause	2022-12-12T15:34:31.000Z
779	squadron	Multithreading and worker thread pool for Dart / Flutter, to offload CPU-bound and heavy I/O tasks to Isolate or Web Worker threads.	4.3.3	85.4895332206475	43	28	0	0	d-markey		MIT	2022-11-30T23:45:23.000Z
780	flutter_hls_parser	dart plugin for parse m3u8 file for HLS. both of master and media file is supported.	2.0.0	85.47653101027176	19	12	3	1	HiroyukiTamura		Apache-2.0	2022-10-25T10:50:40.000Z
781	flutter_advanced_calendar	An advanced calendar provides a rich API for widget customization that opens a new look and feel in your app.	1.3.0	85.42452216876869	36	13	12	2	alex-melnyk	alexmelnyk.io	BSD-3-Clause	2022-10-17T13:53:03.000Z
782	video_editor_sdk	The official Flutter plugin for VideoEditor SDK. Integrate the video editor into your own iOS or Android app - in minutes!	2.7.1	85.41585402851818	28	15	25	1	imgly	img.ly	NOASSERTION	2022-11-01T15:43:33.000Z
783	cached_network_image_builder	A widget to cache your network image check it if it has already stored with downloading it through basic http request, so doesn't need to download it again.	0.2.0	85.41151995839293	17	3	3	1	malibayram91	dershub.com	MIT	2021-09-26T07:43:49.000Z
784	flutter_animated_icons	Collection of 2400+ animations for your icons and buttons. They are implemented by Lottie animation. Effective icon animation tells a clear story amplifying the intended UX.	1.0.1	85.35084297663936	116	8	2	1	iconforest	iconforest.flutterplay.com	MIT	2022-07-24T16:14:57.000Z
785	envied_generator	Generator for the Envied package. See https://pub.dev/packages/envied.	0.3.0	85.32917262601309	5	30	15	3	petercinibulk		MIT	2022-11-28T17:56:33.000Z
786	redux_saga	redux_saga is a library that aims to make application side effects easier to manage, more efficient to execute, easy to test, and better at handling failures.	3.0.6	85.31617041563733	29	34	6	0	reduxsaga		MIT	2022-01-04T14:27:12.000Z
787	flrx_validator	A powerful, extensible validator package to get validation messages based on a list of rules.
	0.6.0	85.31183634551208	4	12	0	14	flrx		MIT	2022-12-11T01:39:56.000Z
788	rate_limiter	A pure dart package to apply useful rate limiting strategies on regular functions.	1.0.0	85.30750227538681	37	24	4	0	GetStream	getstream.io	MIT	2022-12-14T13:07:39.000Z
789	flutter_map_dragmarker	Dragmarker class for flutter_map	4.1.2	85.2988341351363	10	40	26	8	ibrierley		BSD-3-Clause	2022-11-10T14:49:13.000Z
790	melos	A tool for managing Dart & Flutter repositories with multiple packages (monorepo). Supports automated versioning via Conventional Commits. Inspired by JavaScripts Lerna package.	2.9.0	85.29450006501105	297	710	123	46	invertase	invertase.io	Apache-2.0	2022-12-09T19:13:05.000Z
791	flutter_translate_annotations	Defines the annotations used by flutter_translate_gen to create statically-typed localization keys.	2.1.0	85.27716378451004	2	6	7	0	Jesway	jesway.com	NOASSERTION	2021-12-11T11:54:21.000Z
792	system_info_plus	A flutter plugin to get device (system) info including Random access memory (RAM).	0.0.5	85.25982750400901	8	2	0	0	SebghatYusuf		BSD-3-Clause	2022-05-05T13:44:36.000Z
793	simple_icons	The Simple Icon pack available as Flutter Icons. Provides over 1500 Free SVG icons for popular brands.	7.10.0	85.25549343388376	65	18	1	3	jlnrrg	teavelopment.com	CC0-1.0	2022-12-12T04:02:35.000Z
794	mad_pay	Mad Pay will help you make payments through Apple Pay and Google Pay	2.2.14	85.21648680275646	58	23	13	2	MadBrains	madbrains.ru	MIT	2022-11-25T09:39:47.000Z
795	nyxx_commander	Nyxx Commander Module. Discord library for Dart. Simple, robust framework for creating discord bots for Dart language.	3.0.0	85.18614831187968	5	264	40	4	nyxx-discord	l7ssha.xyz	Apache-2.0	2022-12-12T17:07:06.000Z
796	polyline_do	Polyline encoding algorithm for encoding and decoding a list of coordinates	0.1.0	85.18181424175442	21	4	0	1	Klerith	fernando-herrera.com	NOASSERTION	2021-08-31T23:29:39.000Z
797	livechatt	A livechat package for embedding mobile chat window in your mobile application.	1.4.0	85.16881203137868	28	8	10	8	Mastersam07	mastersam.tech	MIT	2021-12-12T01:56:21.000Z
798	permission_handler_web	My implementation of web part for permission_handler	0.0.2	85.1558098210029	1	0	0	0	johnwcchau		MIT	2022-07-11T04:57:08.000Z
799	in_date_utils	Utils for DateTime. Easily modify, check and copy dates. Get numbers of days in year/month. And many more.	1.1.0	85.12547133012612	16	3	0	0	Innim	innim.ru	BSD-3-Clause	2022-06-15T17:42:48.000Z
800	tim_ui_kit	UI components library and basic chat business logic for Tencent Cloud Chat service, helping you build In-APP Chat module easily.	1.0.1	85.12113726000086	15	19	4	0	TencentCloud	comm.qq.com	Apache-2.0	2022-12-07T09:13:26.000Z
801	twitter_api_v2	The most famous and powerful Dart/Flutter library for Twitter API v2.0.	4.7.0	85.09513283924935	50	137	25	7	twitter-dart	shinyakato.dev	BSD-3-Clause	2022-12-12T00:57:33.000Z
802	flex_seed_scheme	A more flexible version of Flutter's ColorScheme.fromSeed, use multiple seed colors, custom chroma and tone mapping.	1.1.0	85.09079876912409	21	9	0	0	rydmike	rydmike.com	NOASSERTION	2022-11-19T20:22:54.000Z
803	flutter_joystick	A virtual joystick for Flutter applications. Highly flexible and customizable.	0.0.2	85.07346248862306	24	9	4	2	pavelzaichyk	rebeloid.com	MIT	2022-01-22T11:41:49.000Z
804	data_connection_checker_nulls	A pure Dart library that checks for internet by opening a socket to a list of specified addresses, each with individual port and timeout. Defaults are provided for convenience.	0.0.2	85.03012178737052	5	0	0	0	AntiDesert5		NOASSERTION	2022-03-04T19:47:53.000Z
805	dart_jts	An ongoing effort to port the Java Topology Suite to the dart programming language and make it available to its mobile, dektop and web environments.	0.2.1+1	85.01711957699476	17	18	12	5	moovida	hydrologis.com	NOASSERTION	2022-08-08T22:51:21.000Z
806	flutter_to_airplay	Flutter plugin that offers two widgets, one to play a video for given url or file path using native AVPlayer and second with an option to airplay it on available Apple devices.	2.0.2	85.00845143674425	19	19	11	8	MrJai		MIT	2022-02-25T11:46:16.000Z
807	alfred	A performant, expressjs like web server / rest api framework thats easy to use and has all the bits in one place.	1.0.0+1	84.97377887574221	283	446	23	9	rknell		NOASSERTION	2022-12-05T11:26:39.000Z
808	map_pin_picker	A Flutter package for creating pin in map center and animate it with map movement so the user can select his location  .	0.0.1	84.96077666536644	36	0	5	1	pharous-flutter	pharous.com	MIT	2021-01-31T20:25:58.000Z
809	screen_recorder	Record your Flutter widgets and export the recordings as a GIF	0.2.0	84.93477224461492	76	28	11	4	ueman	uekoetter.dev	MIT	2022-11-29T15:24:14.000Z
810	compute	Flutter's compute function made available for all non-Flutter Dart programs	1.0.2	84.93043817448967	12	6	0	1	dartsidedev	dartside.dev	BSD-3-Clause	2022-08-14T13:21:31.000Z
811	animated_icon	This package support a animated icon with some customization like color, animate, hover, callback.	0.0.4	84.92610410436441	32	11	4	0	Mindinventory	mindinventory.com	MIT	2022-08-03T08:47:53.000Z
812	qiscus_chat_sdk	The Scalable In-App Chat SDK for Mobile & Web	2.0.1	84.88709747323712	6	11	6	1	qiscus		Apache-2.0	2022-11-16T08:34:53.000Z
813	fl_toast	A simple yet powerful Toast Library for Flutter. Works in all the platforms	3.1.0	84.87409526286135	24	12	2	1	bdlukaa	bdlukaa.dev	BSD-3-Clause	2022-07-13T15:35:57.000Z
814	odoo_rpc	Odoo RPC Client library for Dart with session changes tracking via steam.	0.5.1	84.80908421098253	31	24	20	5	ERP-Ukraine	erp.co.ua	MIT	2022-10-14T09:02:42.000Z
815	pdftron_flutter	A convenience wrapper to build Flutter apps that use the PDFTron mobile SDK for smooth, flexible, and stand-alone document viewing.	1.0.1-4	84.77874572010575	31	154	31	8	PDFTron	pdftron.com	NOASSERTION	2022-12-16T18:15:19.000Z
816	flutter_dialpad	A phone dialer widget that can be added to any Flutter Application to enable ability to dial a number. This could be combined with a voip application to enable placing calls.	1.0.4	84.76574350972999	21	25	22	3	eopeter	eopeter.com	BSD-3-Clause	2022-02-21T14:57:37.000Z
817	flutter_assurance	Official Adobe Experience Platform support for Flutter apps. Assurance is a new, innovative product from Adobe to help you easily validate SDK implementations.	2.0.1	84.75707536947948	3	3	6	0	adobe	adobe.com	Apache-2.0	2022-01-15T01:54:27.000Z
818	spannable_grid	Custom grid widget that allows it's cells to span columns and rows and supports editing.	0.3.0	84.74840722922897	56	17	7	3	echedev	eche.dev	MIT	2022-02-21T13:54:50.000Z
819	hooked_bloc	Flutter package that simplifies injection and usage of Bloc/Cubit.	1.3.0	84.71806873835219	52	43	1	0	Iteo	iteo.com	MIT	2022-12-13T10:48:35.000Z
820	scaled_list	A Horizontal List view With Lots of modification including a scaled current item and curved custom painting.	2.0.0	84.70506652797643	97	35	6	1	hosain-mohamed		MIT	2022-06-07T23:24:50.000Z
821	flutter_spinning_wheel	A customizable widget to use as a spinning wheel in Flutter.	1.1.0	84.6963983877259	84	110	59	12	davidanaya		MIT	2021-12-27T17:42:15.000Z
822	hive_listener	A tiny widget to listen hive box changes, using the ValueListenableBuilder with removing unnecessary parts of it, like context and child widget of it.	1.2.1	84.6877302474754	17	7	2	1	malibayram91	dershub.com	MIT	2021-06-21T12:33:17.000Z
823	flutter_flurry_sdk	A Flutter plugin for Flurry Analytics SDK. Flurry Push for messaging and Flurry Config for remote configuration are supported by our plugin as well!	3.0.0	84.64872361634811	18	5	1	1	flurry		Apache-2.0	2022-10-28T20:14:24.000Z
824	quick_usb	A cross-platform (Android/Windows/macOS/Linux) USB plugin for Flutter	0.4.0	84.62705326572184	58	39	27	5	woodemi	woodemi.com	BSD-3-Clause	2022-06-20T00:07:55.000Z
825	flutter_3d_choice_chip	Simple 3D choice chip for Flutter with customizable color themes and sizing.	0.1.4	84.61405105534607	13	2	0	0	matwright	matwright.dev	MIT	2021-09-20T15:57:03.000Z
826	auth	Authorization Library Package to log into Google, Facebook, or by Username and Password.	8.2.0	84.5837125644693	48	46	13	3	AndriousSolutions	andrioussolutions.com	NOASSERTION	2022-12-14T19:49:06.000Z
827	modern_form_esys_flutter_share	A Flutter plugin for sharing images & text with other applications.	1.1.2	84.57937849434404	6	0	2	2	apps-auth	appsauth.com	Apache-2.0	2022-01-23T17:07:20.000Z
828	native_video_view	A video player widget displayed using the platform native player (VideoView in Android and AVPlayer in iOS).	1.0.5	84.57504442421879	40	28	26	14	LJaraCastillo		MIT	2022-02-23T13:22:29.000Z
829	animated_login	Animated Login for Flutter. You can welcome your users with this beautiful animated screen that gives functionality for both login and sign up.	1.5.5	84.50569930221471	107	90	22	2	bahricanyesil		MIT	2022-10-19T19:48:27.000Z
830	talker	Advanced and simple error handler and logger for dart and flutter apps with history, sharing, customization, etc.	2.1.0+1	84.49269709183895	87	99	7	4	Frezyx	frezycode.com	MIT	2022-12-14T14:43:38.000Z
831	saf	Flutter plugin that leverages Storage Access Framework (SAF) API to get access and perform the operations on files and folders.	1.0.3+4	84.46235860096216	29	8	6	10	ivehement	ivehement.com	MIT	2022-11-11T12:39:07.000Z
832	pinch_zoom_release_unzoom	A Widget to let you have a pinch to zoom that returns to the old size after the pinch has ended. Is very similar to the way you can zoom pictures on instagram	0.0.10	84.45802453083691	19	7	1	0	ivofernandes	incaview.com	Apache-2.0	2022-09-29T22:47:27.000Z
833	airship_flutter	Cross-platform plugin interface for the native Airship iOS and Android SDKs. Simplifies adding Airship to Flutter apps.	6.2.1	84.45369046071166	9	17	11	7	urbanairship	airship.com	NOASSERTION	2022-12-14T10:10:29.000Z
834	nice_buttons	A beautiful, animated, and customizable 3D button for your flutter project with a built-in progress indicator and nice on press animations.	0.0.2	84.44935639058639	39	3	1	0	voonic	encerge.com	MIT	2021-08-05T15:58:04.000Z
835	babylonjs_viewer	3D Model Rendering with BabylonJS Viewer	1.1.4	84.43635418021064	39	18	4	6	MarlonJD	radlof.com	MIT	2022-07-29T08:48:40.000Z
836	image_compare	Dart package for image comparison. Compare images for difference using a variety of algorithms.	1.1.2	84.42768603996012	32	17	1	3	nitinramadoss		BSD-3-Clause	2022-05-09T12:38:16.000Z
837	dropdown_search2	Simple and robust Searchable Dropdown with item search feature, making it possible to use an offline item list or filtering URL for easy customization.	1.0.2	84.41468382958436	4	0	1	0	artflutter		MIT	2022-03-06T19:29:49.000Z
838	day	A date library Day.js in dart. Day.dart is inspired by Day.js. Write with nearly the same API. Build on the top of the powerful DateTime class.	0.8.0	84.40601568933386	18	60	3	0	dayjs		MIT	2022-02-04T03:55:29.000Z
839	overlay_tutorial	A Flutter package for displaying overlay tutorial by cutting a hole on widget. It allows also to add hint aside the hole.	3.0.0	84.37567719845707	56	9	8	0	TabooSun	tech-creator.com	BSD-3-Clause	2022-05-12T14:42:44.000Z
840	postgrest	PostgREST client for Dart. This library provides an ORM interface to PostgREST.	1.2.1	84.32366835695402	72	126	31	0	supabase	supabase.io	MIT	2022-11-29T04:26:37.000Z
841	sticky_infinite_list	Infinite list with sticky headers that can be rendered any direction. Supports header positioning.
Can be customized or with config options or with override.	4.0.1	84.27599358557622	91	290	25	2	TatsuUkraine		BSD-2-Clause	2021-04-18T21:25:02.000Z
842	photo_editor_sdk	The official Flutter plugin for PhotoEditor SDK. Integrate the photo editor into your own iOS or Android app - in minutes!	2.7.1	84.26299137520044	59	17	11	0	imgly	img.ly	NOASSERTION	2022-10-19T12:56:35.000Z
843	mask	This project is for you to be able to make validations and formatting in a simple and easy way in your projects	1.0.4	84.24998916482468	19	3	0	0	welitonsousa		MIT	2022-10-23T14:38:59.000Z
844	circular_clip_route	A page route, which reveals its page by expanding a circular clip from an anchor widget.	0.2.0+3	84.21531660382266	103	26	2	0	blaugold	gabriel.terwesten.net	MIT	2022-06-12T23:31:48.000Z
845	breakpoint	A Flutter plugin to calculate the material design breakpoints.	1.2.0	84.19798032332163	74	106	9	2	fluttercommunity	fluttercommunity.dev	MIT	2022-02-16T01:30:26.000Z
846	push_notification	Library for implementing push notifications. The module contains the main work with push notifications.	1.1.1	84.16764183244484	51	19	3	2	surfstudio	surf.ru	Apache-2.0	2022-05-18T14:20:57.000Z
847	flutter_native_screenshot	A Flutter plugin to take screenshot on Android & iOS with natively code.	1.1.2	84.14163741169332	6	4	2	0	nusanet	nusa.net.id	MIT	2021-12-31T03:16:51.000Z
848	gradient_progress_indicator	This package shows a circular progress indicator with gradient colors, and it is possible insert texts inside that.	1.0.0+5	84.13296927144282	13	2	3	0	otonielduarte		MIT	2021-07-12T14:48:42.000Z
849	derry	A script manager to help you define script shortcuts and use them effortlessly, and performantly.	1.4.3	84.11996706106704	157	160	18	10	frencojobs	frenco.dev	MIT	2022-10-31T19:59:18.000Z
850	dashboard	Dynamic dashboard widget that allows your users to create their own layouts. Rezise, move, indirect resize/move, auto re-layout are supported.	0.0.2+5	84.11129892081654	72	33	9	4	Mehmetyaz	styledart.dev	Apache-2.0	2022-11-24T21:42:51.000Z
851	walletconnect_secure_storage	Securely store WalletConnect sessions in your Flutter applications using walletconnect_dart.	1.0.0	84.09829671044078	9	3	3	3	RootSoft		MIT	2022-11-16T16:43:15.000Z
852	orm	◭ Next-generation ORM for Dart & Flutter | PostgreSQL, MySQL, MariaDB, SQL Server, SQLite, MongoDB and CockroachDB.	2.4.6	84.08962857019027	54	148	4	21	odroe	odroe.com	BSD-3-Clause	2022-12-15T14:05:48.000Z
853	cbl	Couchbase Lite is an embedded, NoSQL JSON Document Style database, supporting Blobs, Encryption, N1QL Queries, Live Queries, Full-Text Search and Data Sync.	2.1.3	84.06795821956399	45	72	10	29	cbl-dart	gabriel.terwesten.net	Apache-2.0	2022-12-16T21:42:23.000Z
854	bazel_worker	Protocol and utilities to implement or invoke persistent bazel workers.	1.0.2	84.06362414943874	2	19	16	0	dart-lang	tools.dart.dev	BSD-3-Clause	2022-11-10T17:43:12.000Z
855	swiping_card_deck	A widget for swiping through a deck of cards with gestures or buttons.	1.2.0	84.0289515884367	33	8	9	6	jushutch		BSD-3-Clause	2022-11-24T14:58:40.000Z
856	network_tools	Networking Tools library which can help you discover open ports, devices on subnet and many other things.	3.0.0+3	84.02028344818619	20	28	7	8	osociety	fsoc13ty.blogspot.com	BSD-3-Clause	2022-11-28T15:25:37.000Z
857	talker_flutter	Flutter extensions for talker. Advanced and simple error handler and logger for dart and flutter apps with history, sharing, customization, etc.	2.1.1	84.00728123781043	43	99	7	4	Frezyx	frezycode.com	MIT	2022-12-14T14:43:38.000Z
858	windows_taskbar	Flutter plugin serving utilities related to Windows taskbar.	1.1.1	83.99861309755991	60	106	8	0	alexmercerind		MIT	2022-12-03T18:10:57.000Z
859	cli_script	Write scripts that call subprocesses with the ease of shell scripting and the power of Dart.	0.2.6	83.97694274693364	8	19	7	0	google	sass-lang.com	Apache-2.0	2022-10-07T04:50:24.000Z
860	splash_view	A splash view is the first screen the user sees when the application is launched.	2.0.1	83.97260867680839	26	3	1	0	chouhan-rahul	rahulchouhan.me	MIT	2022-09-30T05:13:27.000Z
861	shelf_hotreload	Wrapper to easily enable hot-reload for shelf applications.	1.3.0	83.95527239630736	35	25	3	0	felixblaschke	felix-blaschke.de	MIT	2022-06-13T18:09:16.000Z
862	flutter_login_vk	Login via VK.com. Easily add VK login feature in your application. User profile information included.	2.2.1+1	83.95093832618213	43	16	13	10	Innim	innim.ru	BSD-3-Clause	2022-11-28T15:30:51.000Z
863	flutter_circular_slider	A customizable widget to select intervals in a circular line.	2.5.0	83.90326355480433	73	193	65	20	davidanaya		MIT	2021-05-04T09:36:24.000Z
864	dialogflow_grpc	Flutter package for Dialogflow CX, V2 and V2beta using gRPC. A faster integration with the Dialogflow API and also the possibility to do audio streaming.	0.2.9	83.8859272743033	31	4	6	5	savelee	leeboonstra.dev	Apache-2.0	2021-07-15T09:55:47.000Z
865	typesense	Dart client library for accessing the HTTP API of Typesense search engine.	0.2.0	83.88159320417805	28	39	9	7	typesense		Apache-2.0	2022-09-14T00:32:40.000Z
866	icon	An extended Icon "too" for those that are not actually square, plus shadows support + neat Icon extension operators.	2.2.1	83.81658215229922	12	0	2	1	Zabadam	zaba.app	BSD-3-Clause	2021-08-04T23:01:04.000Z
867	flutter_floating_bottom_bar	A flutter package that allows showing a floating widget that can be used as a tab bar, bottom navigation bar, etc. The widget reacts to scrolling events too.	1.1.0	83.7905777315477	91	9	4	1	codenameakshay	hashstudios.dev	MIT	2022-08-09T05:58:36.000Z
868	i18next	A localization formatter based on the i18next standard. It is not yet a fully i18n tool only the formatting itself.	0.6.1	83.76890738092142	9	3	2	1	williamhjcho		Apache-2.0	2022-11-17T12:05:26.000Z
869	scrollable_list_tab_scroller	Customizable Flutter widget which synchronize a scrollable grouped items list with tabs	1.1.0	83.75590517054566	29	3	1	0	railson-ferreira	railson.dev	MIT	2022-11-10T03:04:06.000Z
870	stash	Stash is a key-value store abstraction with plain and cache driven semantics  and support for a pluggable backend architecture.	4.4.1	83.7515711004204	120	72	10	0	ivoleitao	ivoleitao.dev	MIT	2022-12-05T23:19:18.000Z
871	fast_cached_network_image	A flutter package to cache network image fastly without any native dependencies.You can add beautiful loaders, percentade indicators and error builder.	1.0.1	83.73423481991938	39	3	2	4	CHRISTOPANANJICKAL		MIT	2022-10-14T11:43:03.000Z
872	qonversion_flutter	Flutter plugin to implement in-app subscriptions and purchases. Validate user receipts and manage cross-platform access to paid content on your app. Android & iOS.	5.0.0	83.72123260954363	31	82	17	1	qonversion	qonversion.io	MIT	2022-12-14T08:29:13.000Z
873	videos_player	A flutter package to display list of video with help of chewie and video player	0.1.3	83.70823039916786	50	24	6	1	danyalxahid		BSD-3-Clause	2021-03-04T08:58:17.000Z
874	word_break_text	A Flutter Text widget support word break for CJK. Based on Wrap with Text widget	0.1.0	83.65622155766481	13	5	2	0	ChangJoo-Park		MIT	2022-08-12T07:30:01.000Z
875	flutter_broadcasts	A plugin for sending and receiving broadcasts with Android intents and iOS notifications.	0.3.0	83.65188748753954	11	5	3	1	kevlatus	kevlatus.de	MIT	2022-10-02T21:36:14.000Z
876	bs58	Dart package to compute base 58 encoding. This encoding is typically used for crypto currencies such as Bitcoin.	1.0.2	83.64321934728905	6	1	1	0	litaoh		MIT	2021-11-17T01:16:52.000Z
877	lehttp_overrides	A Flutter package to resolve Let's Encrypt SSL certificate problems with Android 7.1.1 and below	1.0.2	83.62588306678802	18	8	2	0	netfarm		MIT	2021-10-22T16:42:54.000Z
878	cbl_flutter	Flutter Plugin for Couchbase Lite, an embedded, NoSQL JSON Document Style database, supporting Blobs, Encryption, N1QL Queries, Live Queries, Full-Text Search and Data Sync.	2.0.2	83.59554457591123	27	72	10	29	cbl-dart	gabriel.terwesten.net	Apache-2.0	2022-12-16T21:42:23.000Z
879	fl_downloader	A plugin to download files using the native capabilities. URLSession on iOS and DownloadManager on Android	1.1.1	83.56520608503446	10	2	5	2	inceptusp	inceptusp.dev	BSD-3-Clause	2022-12-01T20:51:41.000Z
880	page_flip_builder	A custom Flutter widget that enables interactive page-flip transitions in your app.	0.1.3	83.54353573440818	70	35	6	1	bizz84		MIT	2021-04-28T08:03:13.000Z
881	fast_csv	Classic non-configurable CSV parser suitable for most use cases. Pretty fast parsing.	0.1.44	83.47852468252937	10	3	0	0	mezoni		BSD-3-Clause	2022-06-04T13:45:44.000Z
882	dynamic_cached_fonts	A font loader to download, cache and load web fonts in flutter with support for Firebase Cloud Storage.	1.0.0	83.46118840202834	19	16	7	7	sidrao2006	sidrao2006.ml	BSD-3-Clause	2022-12-12T03:09:24.000Z
883	sms_user_consent	Request user's phone number (supports dual sim) and/or consent to read SMS without adding any permissions	0.1.0	83.44818619165258	79	8	16	5	pharshdev		MIT	2022-11-28T17:15:52.000Z
884	time_formatter	Format UNIX timestamps into human-readable strings in Dart; inspired by YouTube's time formatting habits.	1.0.0+5	83.44385212152733	38	9	11	5	tpscrpt		GPL-2.0	2021-05-11T11:25:47.000Z
885	circle_checkbox	Make Material CheckBox Circle	0.0.2+1	83.43518398127682	0	3	1	1	redevRx		MIT	2021-05-28T09:05:10.000Z
886	colours	An extended version of Flutter Colors with more swatches and more flexibility to generate your own custom swatch.	0.0.2	83.4265158410263	20	4	3	0	salkuadrat		BSD-2-Clause	2021-05-19T14:26:53.000Z
887	flutter_advanced_avatar	An advanced avatar provides a rich API for widget customization that opens a new look and feel in your app.	1.1.0	83.4178477007758	63	9	2	1	alex-melnyk	alexmelnyk.io	BSD-3-Clause	2022-04-14T20:06:42.000Z
888	advstory	An advanced, complete story viewer. Has support for images, videos, custom widget contents, gestures, interceptors, listeners, manipulators and much more.	0.2.1	83.41351363065056	45	21	12	8	ertgrulll	sourcekod.com	MIT	2022-08-16T21:47:35.000Z
889	circle_flags	A collection of roundd flags	1.0.3	83.40917956052529	13	5	7	0	cedvdb		MIT	2022-12-07T01:51:31.000Z
890	collision	Collision Detection and 2D geometry library for Dart and/or Flutter.	0.0.3	83.40051142027478	1	1	2	0	xclud		MIT	2021-05-22T15:59:53.000Z
891	flutter_bugfender	Flutter plugin to enable Bugfender reporting (iOS, Android and web support).	2.1.0	83.3788410696485	12	8	12	1	bugfender	bugfender.com	BSD-3-Clause	2022-06-13T08:37:07.000Z
892	introduction_slider	Introduction/Onboarding slider package for flutter application with several features.	2.0.1	83.34416850864646	54	6	6	2	chouhan-rahul	rahulchouhan.me	MIT	2022-12-07T12:57:27.000Z
893	kotlin_flavor	An utility package for providing static extension methods familiar in Kotlin.	0.2.0	83.33983443852121	22	27	0	0	YusukeIwaki	dartpkg.yusuke-iwaki.com	MIT	2021-04-01T11:38:43.000Z
894	flutter_custom_carousel_slider	A carousel slider widget,support custom decoration suitable for news and blog.	1.2.0	83.33550036839597	16	39	0	0	coskuncay	justec.dev	MIT	2022-04-05T07:53:39.000Z
895	window_to_front	To have the application automatically bring itself to the front of the stack of application windows for Mac, Linux & Desktop.	0.0.3	83.30949594764444	9	1	0	0	sumitvekariya	devmonk.io	MIT	2021-05-07T04:06:30.000Z
896	queen_validators	collection of validation methods and rules for flutter form with ZERO extra widgets	1.0.1	83.30516187751917	67	21	9	3	FlutterQueen		MIT	2022-08-31T19:10:05.000Z
897	wp_json_api	WordPress and WooCommerce JSON API for Flutter Mobile. API allows you to login, register new users, get users info and more.	3.2.0	83.30082780739393	31	23	9	0	woosignal	woosignal.com	BSD-2-Clause	2022-09-01T05:50:32.000Z
898	posthog_flutter	Flutter implementation of Posthog client for iOS, Android and Web	2.0.3	83.28782559701816	7	20	12	9	PostHog		MIT	2022-11-03T17:26:45.000Z
899	simple_grouped_listview	A package to display a grouped list of items. Provide a List, a grouper, and let it display it as a ListView, a GridView or anything else. Grouped by headers.
	2.0.0	83.26182117626664	9	3	1	0	quentin7b	quentin.klein.onl	MIT	2022-12-02T13:54:19.000Z
900	page_animation_transition	Using this package, you can add beautiful page transitions to your application.	0.0.9	83.24881896589088	15	2	0	1	aayushkedawat		GPL-3.0	2022-04-19T15:33:23.000Z
901	charset	Multiple charset Encoding and Decoding Library.	1.1.0	83.23148268538985	11	9	0	0	shirne	shirne.com	Apache-2.0	2022-09-24T03:14:03.000Z
902	swipe_refresh	Set of widgets provides make refresh by using pull down gesture.	1.0.2	83.2271486152646	56	10	0	5	surfstudio	surf.ru	Apache-2.0	2022-08-15T12:52:16.000Z
903	ngdart	Fast and productive web framework by Google. Separate, but similar to the JavaScript framework with a similar name.	7.1.1	83.21848047501409	16	40	4	5	angulardart-community	angulardart.xyz	MIT	2022-12-03T19:31:43.000Z
904	safe_change_notifier	A safe drop-in replacement for Flutter's ChangeNotifier, that makes
notifyListeners() a no-op, rather than an error, after its disposal.
	0.2.0	83.20981233476358	2	7	2	1	ubuntu-flutter-community		MIT	2022-12-17T06:56:18.000Z
905	flutter_barcode_sdk	A Flutter plugin for Dynamsoft Barcode Reader SDK. It covers Android, iOS, Web, Windows, Linux and macOS, supporting linear barcode, QR Code, DataMatrix, MaxiCode, PDF417, etc.	2.2.0	83.20114419451306	97	34	11	0	yushulx	yushulx.me	MIT	2022-12-14T07:48:52.000Z
906	pdf_image_renderer	A package that allows fast and simple rendering of pdfs using the native renderers of the OS.	0.7.0	83.16647163351104	9	5	3	2	cloudacy	cloudacy.com	MIT	2022-11-05T15:31:41.000Z
907	stash_memory	Memory storage extension for the stash API. Provides support to store vaults  and caches in-memory	4.4.1	83.11446279200797	4	72	10	0	ivoleitao	ivoleitao.dev	MIT	2022-12-05T23:19:18.000Z
908	dough	This library provides widgets that can be used to create a smooshy user interface.	1.0.3	83.0451176700039	352	524	21	3	josiahsrc	josiahsaunders.com	MIT	2022-05-17T19:48:54.000Z
909	dart_bip32_bip44	Library implementing Bitcoins BIP32 (Hierarchical Deterministic key derivation) specification in a Flutter friendly fashion.	0.2.0	83.03211545962814	8	4	1	2	k1rak1ra		NOASSERTION	2021-07-07T01:13:49.000Z
910	nylo_framework	Micro-framework for Flutter that's built to simplify app development for Flutter projects.	3.4.0	83.01044510900186	42	24	5	1	nylo-core	nylo.dev	MIT	2022-12-08T20:08:25.000Z
911	cupertino_lists	Package that implements iOS-style grouped lists.	1.0.1	83.00611103887661	41	13	1	1	ivirtex	ivirtex.dev	MIT	2022-04-22T18:37:34.000Z
912	widget_loading	An easy way to hide a widget when you have nothing to show yet and need a loading animation at the same time.	0.3.2	82.99744289862609	56	9	1	0	SplashByte	splashbyte.dev	BSD-3-Clause	2022-06-13T11:09:16.000Z
913	flutter_pollfish	A Flutter plugin for rendering Pollfish surveys within an app	4.1.2	82.99310882850085	18	7	8	1	pollfish		NOASSERTION	2022-12-15T10:14:28.000Z
914	control_style	Applies additional decoration to Flutter-based text fields, buttons and other controls. This allows for better interface customisation.	0.0.3	82.98444068825034	7	1	0	0	astoniocom		MIT	2022-10-12T17:11:11.000Z
915	serial_port_win32	A SerialPort library using win32 API, for connecting real device by serial port. Only supports Windows.	0.5.2	82.92809777662202	24	18	3	5	FengChendian		BSD-3-Clause	2022-11-11T10:21:38.000Z
916	flutter_cashfree_pg_sdk	This is a new integration provided by Cashfree. If you are integrating with Cashfree PG for the first time, we recommend that you use this integration.	2.0.1+4	82.90642742599576	4	1	2	0	cashfree	cashfree.com	MIT	2022-12-17T05:05:20.000Z
917	geocore	Geospatial data structures (points, geometry, features, meta) and parsers (GeoJSON, WKT) for Dart.	0.10.0	82.86742079486847	11	20	3	31	navibyte	navibyte.com	NOASSERTION	2022-12-02T20:19:03.000Z
918	model_viewer	A Flutter widget for rendering interactive 3D models in the glTF and GLB formats.	0.8.1	82.84141637411693	130	193	69	31	drydart	ar.to	Unlicense	2022-12-13T12:00:43.000Z
919	colorfilter_generator	Collection of ColorFilter matrices that can be used with ColorFiltered and generator to create custom color filters.	0.0.8	82.82841416374117	6	2	3	1	hsbijarniya	ensorta.com	MIT	2022-03-15T12:46:37.000Z
920	ff_stars	Star Evaluation Components. Powerful and easy to use. Highly customized.	3.0.0	82.79807567286439	2	70	1	0	flutting		MIT	2022-11-07T03:31:52.000Z
921	amplify_datastore_plugin_interface	The platform interface for the DataStore module of Amplify Flutter.	0.6.10	82.79374160273913	7	1128	176	192	aws-amplify	aws-amplify.com	Apache-2.0	2022-12-17T00:16:28.000Z
922	flutter_use	Collection of Flutter Hooks.	0.0.3	82.77207125211285	35	143	8	7	wasabeef	wasabeef.jp	Unlicense	2022-11-20T18:09:02.000Z
923	email_otp	A fast & simple email authentication OTP sender and verification flutter package.	1.0.4	82.7677371819876	11	1	0	1	rohit-chouhan	rohitchouhan.com	MIT	2022-07-31T11:40:26.000Z
924	nuts_activity_indicator	Highly customizable activity indicator (spinner) for your Flutter apps based on the cupertino package.	1.0.0	82.76340311186236	11	2	4	0	dartsidedev	dartside.dev	BSD-3-Clause	2022-11-18T21:30:46.000Z
925	ai_awesome_message	A new Awesome message widget that is sames to toast;snackbar;prompt of Flutter package.	3.0.0	82.71572834048455	34	6	6	1	pdliuw		BSD-3-Clause	2022-08-10T04:02:13.000Z
926	storage_space	Get the free, available and total storage space for the device. Utility helpers for readable sizes	1.0.1+5	82.70706020023404	8	2	3	1	flowmobile	oodavid.com	NOASSERTION	2022-12-02T19:33:20.000Z
927	commons	Commons Flutter package includes alert dialogs, extension functions and much more... Written by 'Ch Arbaz Mateen'	0.7.8+3	82.65071728860573	54	42	16	10	Arbaz-Softagics		GPL-3.0	2021-05-29T12:12:06.000Z
928	walletconnect_qrcode_modal_dart	Provides UI for DApps to easily connect to a supported Wallet apps through open WalletConnect protocol.	0.1.1	82.64204914835523	13	15	10	3	nextchapterstudio	thenextchapter.studio	MIT	2022-12-12T11:06:08.000Z
929	alchemist	A support package that aims to make golden testing in Flutter easier and more streamlined.	0.5.1	82.62904693797945	83	210	14	12	Betterment	betterment.dev	MIT	2022-11-16T15:54:00.000Z
930	implicitly_animated_list	A Flutter widget that implicitly animates a list whenever it rebuilds with new items.	2.1.0	82.60304251722793	16	4	3	2	MarcelGarus		MIT	2021-04-06T17:47:11.000Z
931	unleash	A Server Side Dart SDK for Unleash. Unleash is an open-source feature flag service.	0.4.1	82.59004030685216	16	11	8	5	ivarconr	getunleash.io	Apache-2.0	2022-11-06T20:09:00.000Z
932	item_selector	A generic item selector that works with ListView, GridView, Row, Column, or basically any parent widget that can have indexed child widgets.	0.2.0	82.5770380964764	33	5	5	1	jpnurmi		NOASSERTION	2021-09-02T10:57:04.000Z
933	zebrautility	A flutter plugin for working with zebra printers	0.0.40	82.51202704459757	24	3	16	11	MythiCode		MIT	2022-09-28T14:53:16.000Z
934	ethereum_addresses	A dart library to generate, checksum, and validate Ethereum addresses	1.0.2	82.45135006284401	8	1	1	0	fuseio	fuse.io	MIT	2021-12-05T10:42:17.000Z
935	xid	Xid is a globally unique id generator. Xids are small, fast to generate, sortable, 
compact URL-safe string with no configuration or central generator server.
	1.0.12	82.434013782343	15	5	2	0	pitabwire		MIT	2022-11-13T11:15:31.000Z
936	mlkit_scanner	A Flutter plugin to detect barcodes, text, faces, and objects using Google MLKit API for iOS and Android	0.3.3	82.41667750184199	31	20	5	9	dns-technologies	dns-tech.ru	NOASSERTION	2022-11-09T15:15:26.000Z
937	gql_build	Useful builders for your GraphQL SDL and documents. Based on package:gql_code_builder and package:build	0.7.0	82.39934122134096	13	240	99	56	gql-dart	gql-dart.dev	MIT	2022-12-03T23:04:15.000Z
938	modals	Modals, a Flutter package to simplify all your overlay needs!	1.0.0+1	82.37333680058944	38	9	2	1	KlausJokisuo	klasu.dev	MIT	2022-09-22T10:56:25.000Z
939	onboarding_animation	This package provides page type animation to onboarding screens and provides indicator.	0.0.2	82.30399167858536	47	13	3	0	Mindinventory	mindinventory.com	MIT	2022-09-20T11:29:53.000Z
940	yaru_colors	A collection of Yaru color palettes for Flutter.	0.1.1	82.28232132795908	3	18	3	1	ubuntu		MPL-2.0	2022-11-11T10:27:23.000Z
941	at_commons	A library of Dart and Flutter utility classes that are used across other components of the atPlatform.	3.0.32	82.27365318770858	13	24	9	11	atsign-foundation	atsign.org	BSD-3-Clause	2022-12-15T11:45:19.000Z
942	advance_expansion_tile	1. It allows you to manually collapse, exapnd or toggle expansion tile. It allows you to disable the click	1.0.2	82.25631690720756	5	0	1	0	tarique-khan	whizfy.ai	BSD-3-Clause	2022-11-09T12:32:02.000Z
943	at_utils	A Dart library that contains various utility classes such as atSign, atmetadata, configuration, and logger.	3.0.11	82.20864213582976	7	24	9	11	atsign-foundation	atsign.org	BSD-3-Clause	2022-12-15T11:45:19.000Z
944	flutter_math	Fast and high-quality TeX math equation rendering with pure Dart & Flutter.	0.2.1	82.18263771507823	63	109	44	24	znjameswu		Apache-2.0	2022-01-14T03:04:43.000Z
945	reactive_forms_annotations	Annotations for reactive_forms_generator	0.13.0-beta	82.15229922420146	4	36	9	1	artflutter		NOASSERTION	2022-11-18T09:26:50.000Z
946	sms_maintained	SMS library for Flutter applications. Its allow to send, receive, query sms messages, sms delivery and query contacts info. It exposes an easy and friendly API for developing a completely functional sms app in Flutter.	0.2.5	82.13929701382568	59	36	43	24	geordyvc		MIT	2020-10-09T09:19:37.000Z
947	firebase_instance_id	A Flutter plugin to retrieve the Firebase App Instance ID.	1.0.0	82.12196073332466	3	1	0	0	cingulo	cingulo.com	MIT	2021-10-28T16:55:31.000Z
948	markdown_quill	Convert between quill (delta) format and markdown	1.0.0	82.1176266631994	6	6	14	4	TarekkMA		MIT	2022-05-23T15:38:24.000Z
949	big_decimal	A bugless implementation of BigDecimal in Dart based on Java's BigDecimal
	0.3.1	82.09595631257314	9	18	0	2	bugless	bugless.dev	MIT	2022-03-15T20:39:26.000Z
950	flutter_persistent_keyboard_height	Flutter package to get keyboard height. Can be used to display a sticker/emoji modal with correct height.	1.0.5	82.03961340094482	21	13	3	1	f-person	fperson.dev	MIT	2022-03-13T17:00:58.000Z
951	pie_menu	A Flutter package that provides a customizable circular/radial context menu	1.2.3	82.03527933081958	58	14	1	3	rasitayaz		MIT	2022-12-02T23:06:20.000Z
952	messagepack	Streaming API implementation of MessagePack binary serialization format - msgpack.	0.2.1	82.0136089801933	30	17	8	5	nailgilaziev		BSD-3-Clause	2022-04-21T07:58:45.000Z
953	test_descriptor	An API for defining and verifying directory structures.	2.0.1	81.99193862956703	2	7	8	0	dart-lang	tools.dart.dev	BSD-3-Clause	2022-11-07T16:13:31.000Z
954	slide_switcher	Package for creating switching widgets with extensive customization options	1.1.2	81.98760455944178	22	4	2	1	chahohbily		MIT	2022-10-15T20:21:30.000Z
955	siri_wave	A Flutter package to create beautiful waveforms like in Siri.	0.2.2	81.94859792831448	27	27	5	2	halildurmus		MIT	2022-10-10T20:03:11.000Z
956	youtube	A package to stream/download youtube video or thumbnail and more.	1.0.1	81.94426385818923	23	1	1	2	rohit-chouhan	rohitchouhan.com	MIT	2022-06-19T08:03:26.000Z
957	toggle_list	An easy-to-use and highly customizable expandable list widget for your Flutter application.	0.2.1	81.93126164781346	31	1	1	0	BinaryBush	binarybush.dev	Apache-2.0	2022-05-26T09:17:35.000Z
958	custom_text	A highly customisable text widget that enables decorations and gestures on strings.	0.6.0	81.91392536731244	17	5	0	1	kaboc	kaboc.cc	MIT	2022-11-24T07:34:23.000Z
959	pfile_picker	Variation of file_picker that uses an external pfile definition	4.5.1+3	81.88792094656091	10	974	432	31	miguelpruivo		MIT	2022-12-12T17:26:48.000Z
960	flutter_locker	Secures your secrets in keychain using biometric authentication (Fingerprint, Touch ID, Face ID...)	2.1.1	81.84891431543362	30	25	4	3	infinum	infinum.com	MIT	2022-11-07T11:34:38.000Z
961	flutter_feed_reaction	A Flutter package providing you with highly customizable reactions list for posts/comments in a Social Media kind of an app.	0.0.6	81.84458024530838	14	1	0	1	shrijanRegmi		BSD-3-Clause	2022-12-08T12:01:00.000Z
962	dhttpd	A static HTTP file server for easy local hosting of a directory.	4.0.1	81.84024617518311	68	82	18	10	kevmoo	j832.com	BSD-3-Clause	2022-11-09T20:33:26.000Z
963	rich_clipboard	Flutter plugin for accessing rich text and other data types in the system clipboard.	1.0.1	81.76223291292854	26	15	6	2	BringingFire	bringingfire.com	BSD-3-Clause	2022-11-30T17:39:55.000Z
964	async_wallpaper	Set wallpapers on Android asynchronously. Also supports video live wallpapers. Use this, when you want to set a wallpaper on Android without a delay or blocking your whole app.	2.0.1	81.72322628180125	43	11	10	5	codenameakshay	hashstudios.dev	MIT	2022-10-02T07:06:35.000Z
965	line_chart	A simple flutter package to create a custom line chart	1.1.11	81.71889221167599	23	2	0	1	lucas-sesti		MIT	2021-04-19T14:51:11.000Z
966	country	Generated country class with country_generator using countries.	2.0.3	81.70155593117497	9	0	1	0	aaassseee		MIT	2022-12-13T01:47:03.000Z
967	reactive_image_picker	Wrapper around image_picker to work with reactive_forms	0.12.0	81.68421965067395	10	47	23	2	artflutter		MIT	2022-12-15T16:51:57.000Z
968	ironsource_mediation	an ironSource SDK Flutter bridge	1.1.0	81.6798855805487	12	3	11	7	ironsource-mobile		MIT	2022-09-20T06:57:36.000Z
969	flutter_openim_sdk	An instant messaging plug-in that supports Android and IOS. And the server is also all open source.	2.3.5	81.65821522992242	7	276	178	4	OpenIMSDK		MIT	2022-12-15T07:54:21.000Z
970	custom_rating_bar	Custom rating bar for flutter with support of  custom icons, half icons, directions, alignments & more.	2.0.4	81.65388115979717	13	0	0	0	eterkit	eterkit.com	BSD-3-Clause	2022-12-16T15:08:13.000Z
971	flat	A simple, no dependency 🚀 way to take a nested Map and flatten it into a single depth Map. Based on Node.js `flat` package.	0.4.1	81.6408789494214	11	8	2	1	danilofuchs		MIT	2021-11-18T20:51:29.000Z
972	deepar_flutter	Official Flutter SDK for DeepAR	0.0.3	81.63221080917089	21	11	7	12	DeepARSDK	deepar.ai	MIT	2022-11-30T06:13:06.000Z
973	installer_info	Returns information about the method used to install your app.	0.3.0	81.60620638841937	5	0	4	0	caiopo	caiopo.com	MIT	2021-04-16T21:59:22.000Z
974	esp_smartconfig	EspTouch and EspTouchV2 implementations of SmartConfig provisioning protocols. Plain Dart. All platforms.	1.1.10	81.59753824816886	12	25	2	0	abobija	abobija.com	MIT	2022-08-11T22:10:49.000Z
975	flutter_dtmf	Generates DTFM Tones for Flutter Application. This can be used in VOIP applications or other applications that need to generate DTMF Tones.	2.0.2	81.5758678975426	7	9	7	1	eopeter	eopeter.com	MIT	2022-01-19T19:20:50.000Z
976	easy_loader	The easiest way to handle a simple full screen loader in Flutter. Written in Dart. Fully customizable.	2.0.0	81.51519091578902	14	5	3	0	aligorithm	aligorithm.i.ng	MIT	2021-12-02T22:23:55.000Z
977	hyperpay	A plugin to wrap HyperPay mobile SDK for iOS and Android, used to accept payments in Flutter apps using HyperPay Payments Gateway.	1.0.0-dev.7	81.49785463528801	34	11	26	7	nyartech	nyartech.com	MIT	2022-12-03T08:14:02.000Z
978	rounded_background_text	Text, TextField and TextSpan highlighted with rounded corners	0.3.0	81.45884800416071	25	39	7	3	bdlukaa	bdlukaa.dev	BSD-3-Clause	2022-08-06T12:15:37.000Z
979	easy_web_view2	A super simple webview for Flutter Web and Mobile from @rodydavis (Null safety and updated dependencies)	0.0.3	81.45451393403546	14	2	4	2	berat-cakir		MIT	2021-06-15T17:16:42.000Z
980	fitted_text_field_container	A Container that automatically resizes to fit a the text value of a Material TextField.	2.0.0	81.43717765353443	27	7	1	2	huyffs	su93rheroes.com	MIT	2021-03-06T23:33:41.000Z
981	very_good_cli	A Very Good Command-Line Interface for Dart created by Very Good Ventures.	0.9.1	81.41984137303342	386	1755	148	52	VeryGoodOpenSource	verygood.ventures	MIT	2022-12-17T07:39:23.000Z
982	import_lint	The Import Lint package defines import lint rules and report on lints found in Dart code.	0.9.4	81.40683916265765	13	15	1	4	kawa1214	kawa.dev	NOASSERTION	2022-12-09T21:05:33.000Z
983	gviz	A simple utility for creating GraphViz directed graphs using an object oriented API.	0.4.0	81.37216660165562	7	15	5	1	kevmoo	j832.com	BSD-3-Clause	2022-11-10T01:44:01.000Z
984	flutter_section_list	A ListView and GridView support section like iOS，header pinned，item staggered.	1.1.1	81.36783253153035	10	8	1	2	lhx546920268		MIT	2021-03-17T08:51:40.000Z
985	global_configs	A flutter package to manage application configurations via singleton pattern.	1.1.2	81.32015776015255	9	5	1	0	initCommerce		MIT	2021-11-03T10:31:49.000Z
986	turf	A turf.js-like geospatial analysis library working with GeoJSON, written in pure Dart.	0.0.7	81.3158236900273	21	29	12	21	dartclub	dartlang.rocks	MIT	2022-09-30T04:59:57.000Z
987	breathing_collection	A collection of Flutter widgets with breathing animation. More widgets will be added.	1.0.0+3	81.31148961990206	54	2	1	0	Type0N1	dogeeexd.com	MIT	2022-02-04T03:14:43.000Z
988	advanced_in_app_review	Advanced In App Reviews for iOS and Android. Tries to show the in app reviews only after meetings defined conditions (days after install ...).	1.1.1	81.29848740952629	22	6	2	1	eeoom	eeoom.com	MIT	2022-12-16T14:39:52.000Z
989	flutter_device_locale	A Flutter plugin for retrieving the device locale information.	0.4.0	81.23781042777271	17	20	30	0	Jesway	jesway.com	NOASSERTION	2022-05-05T11:20:28.000Z
990	at_lookup	A Dart library that contains the core commands that can be used with a secondary server (scan, update, lookup, llookup, plookup, etc.)	3.0.33	81.17713344601916	8	35	10	15	atsign-foundation	atsign.org	BSD-3-Clause	2022-12-16T04:23:20.000Z
991	native_context_menu	Provides a native context menu for flutter applications. Most useful on desktop.	0.2.2+5	81.15979716551813	80	149	17	11	lesnitsky	lesnitsky.dev	MIT	2022-08-14T16:26:05.000Z
992	equations	An equation solving library that also works with complex numbers and fractions.	4.1.0	81.15546309539289	52	42	3	1	albertodev01	fluttercompletereference.com	MIT	2022-09-09T12:46:12.000Z
993	flutter_unity	A Flutter plugin for embedding Unity projects in Flutter projects.	0.3.0	81.12945867464136	44	94	43	23	Glartek	glartek.com	BSD-3-Clause	2022-04-11T12:21:40.000Z
994	thinking_analytics	Official flutter plugin for tracking events to Thinking Analytics.	2.2.0	81.10345425388982	0	2	2	1	ThinkingDataAnalytics	thinkingdata.cn	Apache-2.0	2022-11-07T03:31:48.000Z
995	mediasoup_client_flutter	Mediasoup client side Flutter library. Work for Android, iOS, MacOS, Windows and browser.	0.8.1	81.0687816928878	27	80	29	17	Blancduman		MIT	2022-09-10T14:16:22.000Z
996	flutter_voximplant	Voximplant plugin for embedding voice and video communication into Flutter applications.	3.7.0	80.99943657088372	33	8	7	5	voximplant	voximplant.com	MIT	2022-12-06T14:02:59.000Z
997	code_scan	A flexible code scanner for QR codes, barcodes and many others. Using Google's ML Kit. Use it as a Widget with a camera or use the methods provided, with a camera controller.	0.4.6	80.96909808000693	10	5	2	0	DrafaKiller	drafakiller.com	MIT	2022-09-25T00:15:32.000Z
998	expandable_tree_menu	Tree of menu-nodes that can be expanded/collapsed to review more menu nodes, built from a recursive list of nodes.	0.1.0-dev.5	80.96042993975642	36	1	1	2	Tahaan		BSD-3-Clause	2021-04-23T06:10:08.000Z
999	test_reflective_loader	Support for discovering tests and test suites using reflection.	0.2.2	80.93875958913014	0	4	13	0	dart-lang	tools.dart.dev	BSD-3-Clause	2022-11-15T22:30:54.000Z
1000	application_icon	This package provides a widget which shows the application icon of your app.	2.0.0	80.9257573787544	6	6	2	10	ueman	uekoetter.dev	NOASSERTION	2022-11-20T16:39:26.000Z
1001	apphud	Official Apphud Flutter SDK is a lightweight open-source library to manage auto-renewable subscriptions and other in-app purchases in your iOS/Android app. No backend required.	2.2.7	80.8954188878776	4	4	3	0	apphud		MIT	2022-11-18T03:56:03.000Z
1002	twitter_oauth2_pkce	Provides the optimized and easiest way to integrate OAuth 2.0 PKCE with Twitter API in Flutter.	1.0.1	80.89108481775236	14	10	4	3	twitter-dart	shinyakato.dev	BSD-3-Clause	2022-12-17T03:15:14.000Z
1003	flutter_getit	Project that allows you to use get_it as a dependency injection but controlled by Flutter's lifecycle, registering and unregistering in page navigation.	1.2.1	80.82173969574828	37	1	1	0	rodrigorahman	academiadoflutter.com.br	Apache-2.0	2022-09-28T17:58:16.000Z
1004	riverpod_infinite_scroll	Riverpod implementation of infinite_scroll_pagination, this package allows to use infinite_scroll_pagination with Riverpod abstracting away the complexity	1.0.9	80.80873748537252	19	11	11	5	ftognetto	quantos.it	MIT	2022-11-03T21:15:52.000Z
1005	hsv_color_pickers	Flutter package for creating customisable Color pickers for HSV Colors.	0.2.2	80.78273306462098	13	4	2	0	WieFel	wiefel.dev	BSD-3-Clause	2022-09-11T18:47:12.000Z
1006	swipe_gesture_recognizer	A simple and lightweight swipe gesture recognizer for a widget in Flutter.	0.0.2	80.76106271399472	27	7	4	2	BilalShahid13		BSD-3-Clause	2021-06-05T00:43:27.000Z
1007	yandex_geocoder	API to translate geographic coordinates into an address and vice versa	2.0.2	80.7523945737442	26	3	2	0	MadBrains	madbrains.ru	MIT	2022-06-23T07:57:16.000Z
1008	ethers	Ethereum library and wallet implementation in Dart.	0.0.1+3	80.72205608286743	13	12	3	3	Hanggi		NOASSERTION	2022-04-23T09:08:35.000Z
1009	live_activities	A Flutter plugin to use iOS 16.1+ Live Activities & iPhone 14 Pro Dynamic Island features	1.4.0+6	80.71772201274217	69	52	8	2	istornz	dimitridessus.fr	MIT	2022-12-16T08:26:00.000Z
1010	input_slider	A customizable input that synchronizes a Slider and a TextField.	0.3.1	80.7047198023664	16	1	1	0	smofe		MIT	2022-10-08T10:36:46.000Z
1011	jhtoast	jhtoast - Flutter toast package. supported effects： text, imagetext, loading, horizontal and vertical layout. Supports iOS and Android.	1.2.0	80.70038573224114	3	8	4	1	iotjin		BSD-2-Clause	2022-07-08T11:08:35.000Z
1012	motion	A fancy widget that applies a gyroscope or hover based motion effect to its child.	1.3.3	80.69171759199064	70	14	4	3	mrcendre	cendre.me	GPL-3.0	2022-08-30T13:55:59.000Z
1013	flutter_bluetooth_printer	Image based printing for bluetooth thermal printer, support for iOS and Android.	2.6.3	80.6657131712391	20	6	6	4	ekasetiawans	maseka.dev	MIT	2022-12-14T03:40:44.000Z
1014	animated_tree_view	Animated TreeView based on AnimatedList that allows building fully customizable Nodes that can be nested to infinite levels and children.	1.0.0	80.63970875048759	55	10	1	1	embraceitmobile	cubivue.com	MIT	2022-11-08T05:53:19.000Z
1015	const_date_time	A drop-in replacement for Dart's DateTime class with const constructors.	1.0.0	80.63104061023706	1	1	1	1	westy92	westy92.com	MIT	2022-12-15T09:19:01.000Z
1016	infinite_scroll	A flutter package which provides List and Grid widgets for infinite scrolling views.	1.1.1	80.61370432973605	15	1	2	5	Syed-Waleed-Shah		MIT	2022-12-10T16:32:34.000Z
1017	progressive_time_picker	This package allow us to customize time picker based on our requirements for selecting a specific range from time picker and it's supports multiple platforms.	0.0.7	80.60503618948555	69	50	7	2	Mindinventory	mindinventory.com	MIT	2022-09-23T11:34:33.000Z
1018	native_dio_client	A client for Dio which makes use of cupertino_http and cronet_http to delegate HTTP requests to the native platform.	0.0.3	80.58336583885928	0	16	1	1	ueman	uekoetter.dev	Apache-2.0	2022-11-20T09:45:46.000Z
1019	browser_detector	Dart browser detector library. Detects popular browsers, engines and platforms by analyzing the user agent string. Safe to use with Flutter Native.	2.0.0	80.57903176873403	3	1	1	0	aicantar	aicantar.com	MIT	2021-11-14T09:53:46.000Z
1020	vertical_barchart	Simple, responsive and beautiful Vertical BarChart.	2.0.0+2	80.55736141810775	24	2	0	2	nizarhdt		BSD-2-Clause	2021-03-22T07:57:17.000Z
1021	add_to_wallet	Flutter plugin exposing native PKAddPassButton to interact with the Apple Wallet	0.0.2	80.54002513760673	8	1	6	4	barkibu	dev.barkibu.com	MIT	2022-11-28T12:57:16.000Z
1022	cloudinary	A dart package to integrate Cloudinary API in Dart and Flutter.	1.0.3	80.5226888571057	1	1	0	0	nixrajput	nixlab.co.in	GPL-3.0	2022-09-11T01:00:40.000Z
1023	persian_tools	An anthology of a variety of tools for the Persian language which you can use in all platform that dart supports
	1.0.3	80.48368222597841	39	53	9	4	persian-tools		MIT	2022-11-28T06:29:05.000Z
1024	simple_link_preview	Returns a simple metadata for generating a weblink preview by examining the html <meta> tags.	1.0.2	80.47934815585316	8	3	0	0	sonnts996		AGPL-3.0	2021-10-05T02:55:07.000Z
1025	stream_bloc	Modern implementation of the Original BLoC that uses asynchronous generators to describe relationships between events and states.	0.5.3	80.41433710397435	27	24	5	1	purplenoodlesoop		MIT	2022-11-12T21:51:36.000Z
1026	sqlparser	Parses sqlite statements and performs static analysis on them	0.24.0	80.41000303384908	16	1797	237	102	simolus3	simonbinder.eu	MIT	2022-12-17T20:37:15.000Z
1027	zego_uikit_prebuilt_live_streaming	PrebuiltLiveStreaming is a full-featured live streaming kit that provides ready-made video streaming, live text chat, face beautification, and supports unlimited viewers.	1.3.1	80.38399861309756	4	2	0	0	ZEGOCLOUD	zegocloud.com	MIT	2022-12-12T09:57:48.000Z
1028	better_video_player	Advanced video player based on video_player.	1.2.8	80.33198977159451	11	11	1	1	WangYng		BSD-2-Clause	2022-07-06T05:53:10.000Z
1029	logger_flutter_viewer	The package is an extension for logger. You can add it to any Flutter app. Just shake the phone to show the console.	0.8.0	80.29731721059247	3	2	1	2	niugm	sdkpod.com	MIT	2022-02-07T11:57:46.000Z
1030	ubuntu_service	Simple service locator API based on GetIt.	0.2.0	80.28864907034196	3	3	0	0	ubuntu-flutter-community		MPL-2.0	2022-07-20T11:43:21.000Z
1031	wifi_connector	Flutter plug-in for connecting to wifi.	2.0.0	80.27998093009144	14	8	6	11	wonjerry		MIT	2022-02-18T14:24:42.000Z
1032	diamond_bottom_bar	Custom bottom navigation bar with diamond icon in the middle.	1.0.0	80.25831057946517	10	4	1	1	hosain-mohamed		MIT	2021-12-07T14:28:05.000Z
1033	responsive_widgets	This plugin helps to create responsive widgets, that makes an auto-size with the proportion between reference ScreenSize and the screen that the app is running.	2.0.1	80.25397650933992	64	45	11	3	LucazzP	polazzo.dev	BSD-3-Clause	2020-09-18T06:11:31.000Z
1034	bloc_event_transformers	Configurable transformers for your bloc (bloclibrary.dev) events. Throttle, debounce, skip, and delay with ease.	1.0.1	80.22363801846313	4	3	2	1	wrbl-xyz	wrbl.xyz	MIT	2022-03-15T13:37:47.000Z
1035	great_list_view	A Flutter package that enhance the standard list view with implicit animations on changes and so on. See README.md file.	0.1.4	80.20630173796212	52	18	10	6	DavideBelsole		MIT	2022-10-31T11:29:02.000Z
1036	dio_proxy_adapter	Simple proxy configuration for Dio	1.0.1	80.19763359771162	2	0	0	0	netsells		MIT	2022-05-17T10:07:26.000Z
1037	diagram_editor	A flutter diagram editor library that provides DiagramEditor widget and a possibility to customize all editor design and behavior.	0.1.5	80.17596324708533	80	76	19	4	Arokip		MIT	2022-05-30T06:45:05.000Z
1038	plugin_wifi_connect	A low dependency flutter plugin to allow simple connection to wifi devices with the provided ssid or ssid prefix	1.0.2	80.13262254583279	12	4	3	1	CadisRaziel		BSD-3-Clause	2022-12-13T17:42:29.000Z
1039	select_card	A Flutter package with animated customizable card items selection.	0.0.9	80.12828847570754	30	2	0	0	emrekaplanek		BSD-3-Clause	2022-04-17T14:19:49.000Z
1040	cbl_flutter_ce	Provides the Couchbase Lite Community Edition for Flutter apps.	2.1.2	80.08928184458024	4	72	10	29	cbl-dart	gabriel.terwesten.net	Apache-2.0	2022-12-16T21:42:23.000Z
1041	quick_notify	A cross-platform (Android/iOS/Web/Windows/macOS/Linux) notification plugin for Flutter.	0.2.1	80.06761149395398	33	37	16	0	woodemi	woodemi.com	BSD-3-Clause	2022-06-09T12:07:14.000Z
1042	secure_shared_preferences	Simple to use yet powerful package to encypt shared preferences in android and UserDefaults in iOS.	0.0.4	80.0546092835782	4	3	3	1	the-kool-sk	flutter.pingtobuild.com	Apache-2.0	2022-04-01T15:26:32.000Z
1043	flutter_fast_forms	Flutter Fast Forms is the only Dart package you'll ever need to build Flutter forms fast.	9.0.0	80.04594114332771	36	18	5	1	udos86	udos86.de	MIT	2022-11-04T12:39:23.000Z
1044	eip55	Utility to convert an upper or lower case Web3/Ethereum address to a checksum address (EIP55).	1.0.2	80.03727300307719	4	1	0	0	xclud	pwa.ir	MIT	2022-01-03T15:20:42.000Z
1045	flutterflow	UI components used by FlutterFlow's code generation.	0.1.1	79.99393230182464	2	27	15	4	FlutterFlow	flutterflow.io	BSD-3-Clause	2022-11-05T18:28:21.000Z
1046	slang_build_runner	build_runner integration for slang. This library ensures that slang is recognized by build_runner.	3.6.0	79.98959823169939	2	183	18	8	Tienisto	tienisto.com	MIT	2022-12-17T01:03:43.000Z
1047	at_client_mobile	A Flutter extension to the at_client library which adds support for mobile, desktop and IoT devices.	3.2.7	79.98526416157414	220	1582	30	122	atsign-foundation	atsign.org	BSD-3-Clause	2022-12-16T12:36:09.000Z
1048	korea_regexp	정규표현식을 이용해서 한국어를 더 쉽게 다룰 수 있게 해주는 플러그인입니다.	0.2.0+3	79.9592597408226	25	13	2	2	jpoh281	honor-driven.dev	MIT	2022-08-29T13:44:49.000Z
1049	advanced_icon	A flutter package that contains a collection of icon decoration tools (i.e. gradient, opacity) and icon transition features with cool animation effects.	0.1.2	79.94192346032159	64	8	1	0	ankitmishradev	devtonium.com	MIT	2021-09-25T07:41:08.000Z
1050	omise_flutter	A package for integrating to Omise REST API. It targets only for a client-side usage to create a token, create a source and retrieve a capability of your account.	0.1.6	79.93325532007108	12	7	9	1	keeratita	keerati.co	NOASSERTION	2021-12-14T11:41:57.000Z
1051	slide_drawer	An easy way to use drawer in Flutter with cool sliding animation.	1.0.3	79.92458717982058	41	4	11	10	salkuadrat		BSD-2-Clause	2022-11-11T23:00:01.000Z
1052	time_zone_list	Get time zone list from native side, include DST/GMT info	1.0.0	79.90725089931955	3	0	2	0	mjl0602		MIT	2021-08-16T03:16:28.000Z
1053	disable_screenshots	Provides three related functions that disable screenshots. These are: screenshot monitoring, adding a watermark globally, disabling screenshots (only supports Android). 提供三个禁用截屏的相关功能。分别是：截屏监控、全局添加水印、禁用截屏（仅支持Android）	0.2.0	79.8552420578165	27	25	13	3	xx-li		MIT	2021-06-10T09:37:50.000Z
1054	google_huawei_availability	A Flutter plugin to detect the availability of the Google Play Services and Huawei HMS Services API on Android devices.	1.4.0	79.84223984744074	8	0	0	1	devdoxconnect		MIT	2022-04-22T08:49:17.000Z
1055	alh_pdf_view	Has the functionality to show PDF with bytes of a file path as widget with some extra functionalities.	1.2.0	79.81190135656395	11	7	1	6	alhappler		BSD-3-Clause	2022-12-13T15:45:24.000Z
1056	flutter_system_ringtones	An Android & iOS (WIP) plugin to retrieve a list of system ringtones using native API's	0.0.6	79.79889914618819	3	3	0	0	imedboumalek	imed.dev	MIT	2022-09-02T19:38:36.000Z
1057	clipboard_monitor	Flutter plugin for monitoring system clipboard on Android and iOS.	0.9.2	79.7685606553114	12	9	3	1	mix1009	mix1009.com	MIT	2021-11-28T02:01:52.000Z
1058	flutter_format_money_vietnam	The library format money Vietnam	0.0.2	79.74255623455988	3	0	1	0	haduyphuong	ngovang.com	Apache-2.0	2021-09-01T13:41:15.000Z
1059	power	A Flutter plugin to access device power related information.	0.5.0	79.72955402418411	5	10	5	0	Amir-P		MIT	2021-08-05T11:04:45.000Z
1060	shelf_swagger_ui	Present clean and professional documentation with Swagger + shelf.	1.0.0+2	79.72521995405886	61	20	0	1	Flutterando	flutterando.com.br	NOASSERTION	2022-07-11T01:20:52.000Z
1061	rohd	The Rapid Open Hardware Development (ROHD) framework, a framework for describing and verifying hardware	0.4.1	79.7208858839336	11	234	32	68	intel		NOASSERTION	2022-12-16T17:58:08.000Z
1062	dart_random_choice	A library for generating a random choice from an iterable.	0.0.2	79.70354960343259	14	4	2	0	kmorkos		MIT	2021-02-15T21:16:11.000Z
1063	stream_feed	Stream Feed official Dart SDK. Build your own feed experience using Dart and Flutter.	0.6.0+2	79.68187925280631	18	67	25	31	GetStream	getstream.io	NOASSERTION	2022-11-15T01:27:16.000Z
1064	customtogglebuttons	A custom ToggleButtons implementation that allows more flexibility than Flutter's inbuilt ToggleButtons.	0.0.5	79.6645429723053	13	11	9	6	jitinder		MIT	2022-04-11T22:21:17.000Z
1065	flutter_camera_ml_vision	A flutter widget that show the camera stream and allow ML vision recognition on it, it allow you to detect barcodes, labels, text, faces...	3.0.1	79.65154076192952	94	253	108	30	rushio-consulting		MIT	2022-03-23T16:48:06.000Z
1066	hashtager	Widgets and functions to implement hashtag decorated text. Decorates the words which start with `#` like Instagram.	1.0.4	79.6168682009275	17	0	0	0	iehsanamiri		MIT	2022-05-24T05:48:08.000Z
1067	convenient_test	Write and debug tests easily, with full action history, time travel, screenshots, rapid re-execution, video records, interactivity, isolation and more	1.2.1	79.59086378017595	63	323	18	11	fzyzcjy	cjycode.com	MIT	2022-12-17T13:46:13.000Z
1068	extra_pedantic	Stricter Dart analyzer linter settings and best practices.	3.0.0	79.58652971005071	22	33	4	36	modulovalue	modulovalue.com	NOASSERTION	2022-09-17T15:13:29.000Z
1069	awesome_extensions	An extension to the widget that helps to reduce the boilerplate and adds some helpful methods. and you can make responsive design.	2.0.4	79.56919342954968	58	21	2	0	jayeshpansheriya	pesa.co.in	MIT	2022-12-02T06:21:20.000Z
1070	fpjs_pro_plugin	Flutter plugin that can be used in an application to call the native FingerprintJS Pro libraries and identify devices.	1.3.0	79.56052528929918	6	23	3	0	fingerprintjs	fingerprintjs.com	MIT	2022-11-30T11:04:23.000Z
1071	woosignal	WooCommerce REST API for dart, connect a WooCommerce store and start developing with our interface for their API endpoints.	3.2.0	79.55619121917393	43	47	13	0	woosignal	woosignal.com	NOASSERTION	2022-11-03T08:05:33.000Z
1072	surf_logger	Logger for Dart & Flutter	1.1.0	79.52151865817189	21	7	0	0	surfstudio	surf.ru	Apache-2.0	2022-05-12T10:59:15.000Z
1073	rollbar_flutter	Connect your Flutter applications to Rollbar for error reporting.	1.2.0	79.51285051792138	6	10	7	7	rollbar	rollbar.com	MIT	2022-12-16T01:59:47.000Z
1074	clean_framework	Clean Architecture components library, inspired on the guidelines created by Uncle Bob.	1.5.0	79.50851644779613	27	21	8	7	MattHamburger	acmesoftware.com	BSD-3-Clause	2022-11-29T14:42:26.000Z
1075	phoenix_native	Restarts app using native methods (full Flutter engine restart)	0.0.2	79.49984830754562	5	2	2	2	Zhalkhas		WTFPL	2022-09-07T06:43:45.000Z
1076	responsive_navigation_bar	A responsive bottom navigation bar. Very beginner friendly. Feel free to contribute.	3.2.6	79.49118016729511	28	13	1	0	nohli	achim.io	BSD-3-Clause	2022-11-29T07:10:17.000Z
1077	teta_cms	The Dart client for Teta CMS. Our mission is to help people build amazing products.	0.2.2	79.48684609716985	55	101	6	4	teta-so	teta.so	BSD-3-Clause	2022-12-17T16:26:53.000Z
1078	ringtone_set	Flutter Plugin for setting devices default ringtone or notification sound.	0.0.3	79.48251202704459	20	6	12	4	rtacr		BSD-3-Clause	2022-04-19T18:24:25.000Z
1079	bottom_inset_observer	A Flutter plugin that helps to listen bottom insets changes (delta since last change, current inset)	3.1.0	79.44783946604255	15	6	0	0	surfstudio	surf.ru	Apache-2.0	2022-05-13T15:42:12.000Z
1080	flexible_tree_view	A highly flexible tree view on flutter.	0.0.6	79.41316690504053	7	3	0	0	youngchan1988	dev.apptoy.cc	BSD-3-Clause	2022-08-26T10:44:42.000Z
1081	appengine	Support for using Dart as a custom runtime on Google App Engine Flexible Environment
	0.13.4	79.39149655441426	18	94	36	16	dart-lang	labs.dart.dev	BSD-3-Clause	2022-10-31T20:49:14.000Z
1082	ai_progress	A new multiple style progress include of circular、linear and step style progress indicator.	2.0.0	79.38282841416374	12	15	4	1	pdliuw		BSD-3-Clause	2021-05-26T03:07:44.000Z
1083	directus	The unofficial SDK for Directus, with REST API and auth. Compatible with Flutter.	0.7.2	79.35682399341222	27	22	16	18	apstanisic	directus.io	MIT	2022-08-22T13:04:31.000Z
1084	dart_mappable	Improved json serialization and data classes with full support for generics, inheritance, customization and more.	1.2.0	79.3481558531617	61	26	3	5	schultek	schultek.de	MIT	2022-12-15T12:03:21.000Z
1085	smooth_video_progress	An interpolated progress builder for video_player controllers	0.0.4	79.31781736228493	12	8	1	1	timcreatedit	timcreated.it	MIT	2022-05-21T16:35:57.000Z
1086	flutter_kronos	Kronos is an open source Network Time Protocol (NTP) synchronization library for providing a trusted clock.	0.1.0+1	79.31348329215967	10	5	2	0	hautvfami		Apache-2.0	2022-12-14T07:52:17.000Z
1087	day_night_switch	An easy to implement custom day night switch widget for Flutter. It can be highly customized with day & night colors and images.	1.0.3	79.27881073115763	24	103	11	2	divyanshub024	divyanshu.dev	MIT	2022-06-19T21:19:33.000Z
1088	banners	Package for dynamically displaying global banners at the top of the screen.	0.3.1	79.27014259090713	8	1	2	0	MarcelGarus		MIT	2022-05-12T18:56:19.000Z
1089	ferry_exec	A strongly typed execution interface for GraphQL operations	0.3.0	79.25714038053135	1	476	90	52	gql-dart	gql-dart.dev	MIT	2022-12-11T21:44:13.000Z
1090	serverpod_auth_server	Serverpod authentication server module.	0.9.21	79.2528063104061	4	970	71	76	serverpod	serverpod.dev	BSD-3-Clause	2022-12-17T16:30:47.000Z
1091	flutter_fcm	Flutter plugin for Firebase Cloud Messaging (FCM) , a cross-platform messaging solution that lets you reliably deliver messages on Android and iOS.	1.0.7	79.23980410003034	19	12	2	1	wh120	greentreasure.co	MIT	2022-05-09T17:45:34.000Z
1092	liquid_ui	Liquid is an open source UI toolkit for developing cross platform apps using Flutter.	1.0.0+9	79.2051315390283	80	29	5	2	stackorient	stackorient.com	BSD-3-Clause	2020-08-10T14:58:29.000Z
1093	debug_overlay	View debug infos and change settings via a central overlay for your app.	0.2.3	79.1964633987778	7	8	1	1	JonasWanke	wanke.dev	MIT	2022-11-03T08:33:08.000Z
1094	binary	Utilities for accessing binary data and bit manipulation in Dart and Flutter	3.0.1	79.17479304815151	13	21	13	1	matanlurey	lurey.dev	MIT	2022-06-27T00:22:31.000Z
1095	glitters	A glittering widget for Flutter, handy for making part of your app a little shiny.	0.4.0	79.1487886274	12	3	1	2	kaboc	kaboc.cc	MIT	2022-01-16T06:09:54.000Z
1096	casbin	An authorization library that supports access control models like ACL, RBAC, ABAC.	0.1.0	79.14445455727474	7	31	13	1	casbin	casbin.org	Apache-2.0	2022-07-17T10:21:30.000Z
1097	flutter_naver_map	flutter naver map plugin support android and iOS. naver map service is limited to south korea which has high accuracy.	0.10.5	79.12278420664846	31	23	25	9	note11g	note11.dev	BSD-3-Clause	2022-12-14T08:12:59.000Z
1098	gettext_i18n	This package helps internationalizing a Flutter application.	1.0.5	79.09244571577169	2	0	0	0	frenchguych	frenchguy.ch	BSD-3-Clause	2022-04-01T07:43:14.000Z
1099	instana_agent	An Instana agent to collect statistics about sessions and HTTP requests for Flutter-based apps.	2.4.0	79.0621072248949	6	3	3	0	instana	instana.io	MIT	2022-10-14T07:33:55.000Z
1100	chunked_uploader	A plugin to upload files to server in chunks using Dio.	0.1.0	79.04477094439389	16	11	1	1	Taskulu		MIT	2021-03-29T08:16:30.000Z
1101	dynamic_timeline	A widget to create daily timelines, timetables, gantt charts* and more.	0.1.2	79.04043687426862	16	7	2	1	IvanHerreraCasas		MIT	2022-07-15T15:03:56.000Z
1102	flutter_playout	This plugin provides audio/video playback from a URL with background audio support, lock screen controls & player events for both iOS and Android.	2.0.1	79.02743466389286	202	132	86	56	muslimtv	mta.tv	BSD-3-Clause	2022-11-29T17:22:42.000Z
1103	colour	An easy way to use color in flutter (with Normal, HEX, RGB, ARGB, or RGBO format).	1.0.5	79.02310059376761	6	0	1	0	salkuadrat		BSD-2-Clause	2021-05-19T14:05:51.000Z
1104	awesome_bottom_navigation	A beautiful animated bottom navigation bar built using flutter. The package uses mathematics to draw curves which results in fast and lightweight animations.	0.0.4	79.01876652364234	21	2	6	2	akashom53	akashsrivastava.dev	GPL-3.0	2021-08-31T15:28:54.000Z
1105	playing_cards	A rendering library for standard 52 card decks in your Flutter app. Use this package if you want to render good looking playing cards without too much fuss.	0.3.1+9	79.0144324535171	95	23	9	5	bedardjo	thkp.co	Apache-2.0	2022-12-08T11:57:05.000Z
1106	gaimon	A Flutter plugin to fully support Haptic feedback with custom pattern.	1.0.1	79.01009838339185	17	10	1	2	istornz	dimitridessus.fr	MIT	2022-09-29T08:53:10.000Z
1107	add_to_gallery	Saves a copy of your images to the Android Gallery and iOS Photos	0.2.0+3	78.98842803276557	19	5	6	6	flowmobile	oodavid.com	Apache-2.0	2022-08-01T03:03:14.000Z
1108	win32_registry	A set of helper classes for working with the Windows registry.	1.0.2	78.95808954188878	15	19	3	1	timsneath	sneath.org	BSD-3-Clause	2022-08-12T16:56:08.000Z
1109	statusbarmanager	Managing the colors of your StatusBar and NavigationBar is easier and more convenient using the StatusBarManager in your Flutter project.	0.0.1	78.88874441988472	7	2	0	0	danieldeev		MIT	2021-11-08T22:17:19.000Z
1110	paulonia_cache_image	Flutter package for cache images in storage or memory from the network or Google Cloud Storage. It supports Android, iOS and Web.	1.0.0	78.84973778875742	32	7	5	8	PauloniaAQP	paulonia.dev	MIT	2022-02-23T16:29:59.000Z
1111	rohd_vf	The ROHD Verification Framework, a verification framework built upon ROHD for building testbenches.	0.4.1	78.82806743813114	3	17	6	6	intel		NOASSERTION	2022-11-29T23:01:54.000Z
1112	arb_utils	A set of tools to work with .arb files (the preferred Dart way of dealing with i18n/l10n/translations)	0.4.1	78.81939929788064	13	6	4	1	Rodsevich		BSD-3-Clause	2022-11-01T20:26:03.000Z
1113	advanced_search	Text Field with Advanced Search features that gives you search results from a predefined set as per your search settings	2.2.3	78.81073115763013	23	0	0	1	MuhammedRefaat		MIT	2022-04-20T03:36:38.000Z
1114	flutter_map_line_editor	Line editor class for flutter_map	4.0.2	78.80639708750488	2	25	15	0	ibrierley		MIT	2022-09-18T18:33:18.000Z
1115	reactive_touch_spin	Wrapper around flutter_touch_spin to use with reactive_forms	0.7.0	78.78039266675336	4	47	23	2	artflutter		MIT	2022-12-15T16:51:57.000Z
1116	dart_vlc_ffi	package:dart_vlc internal dependency package.	0.2.0+1	78.75872231612708	14	413	108	28	alexmercerind		LGPL-2.1	2022-12-01T03:01:49.000Z
1117	locale_names	A Flutter package that provide locale display names in locales.	0.0.1	78.75005417587656	1	2	0	0	Firelands128		BSD-3-Clause	2021-12-13T11:20:08.000Z
1118	flutter_wall_layout	A Layout widget displaying a set of bricks (widgets with different shapes) as a vertical or horizontal list, like a wall...	2.1.1	78.7370519655008	111	28	1	1	GONZALEZD	davidgonzalez-freelance.fr	MIT	2021-09-26T16:38:28.000Z
1119	word_search	A word search puzzle generator built with dart.This library allows you to create a puzzle from a list of input words that can be arranged in many orientations.	0.1.2	78.72838382525029	34	11	11	3	nisheed2440		BSD-3-Clause	2021-09-27T11:32:28.000Z
1120	zxing_lib	A Dart port of zxing that encode and decode multiple 1D/2D barcodes, Supported qrcode, pdf417, oned, maxicode, datamatrix, aztec.	0.8.2	78.71104754474926	10	35	7	1	shirne	shirne.com	Apache-2.0	2022-11-12T01:50:13.000Z
1121	circular_seek_bar	Circular progress/seek bar package for flutter that supports customizable animations, dashes, and gradients.	1.0.3+1	78.68070905387249	13	1	0	0	seosh817		MIT	2022-10-08T10:54:42.000Z
1122	flutter_jscore	JavaScriptCore for Flutter. The plugin provides the ability to evaluate JavaScript programs from within dart.	1.0.0	78.67637498374724	31	129	24	6	xuelongqy		MIT	2022-12-09T20:25:00.000Z
1123	country_flags	A Flutter package to show a flag icon from a ISO country code.	1.0.0	78.67204091362198	4	0	1	0	arturograu	fluttered.io	MIT	2022-09-22T17:14:08.000Z
1124	interpolation	A Dart package to handle dynamic String & Json interpolation.	2.1.2	78.63736835261994	8	6	0	1	Terran-Source	marganam.com	MIT	2021-09-14T09:49:15.000Z
1125	dog	Simple and pretty log package for Dart, includes Flutter and web.	1.4.0	78.63303428249469	10	3	1	1	chenenyu		Apache-2.0	2021-10-20T07:14:10.000Z
1126	vxstate	VxState is an another state management solution for flutter. It is highly inspired from Redux & VueX.	2.3.0	78.57669137086639	28	41	6	1	iampawan	codepur.dev	MIT	2022-10-10T13:04:05.000Z
1127	surf_lint_rules	Lint rules for "Surf" company for Dart and Flutter projects.	1.5.0	78.56802323061586	39	17	2	0	surfstudio	surf.ru	Apache-2.0	2022-05-12T10:57:14.000Z
1128	app_bar_with_search_switch	An extension for AppBar witch can switch it into search field.	1.3.6	78.51601438911283	16	4	1	0	Alexqwesa		BSD-3-Clause	2022-10-10T06:20:23.000Z
1129	flutter_tab_indicator_styler	Add beautiful and trending tab indicators directly to your default Flutter TabBar	2.0.0	78.4986781086118	16	1	0	0	flutter-fast-kit	toutao.cloud	MIT	2021-03-31T07:44:12.000Z
1130	get_mac_address	get device mac address for linux windows android macos.	0.0.2	78.48134182811077	2	1	1	2	vickyleu		MIT	2022-11-01T08:01:13.000Z
1131	flutter_exif_plugin	A flutter plugin for reading and writing EXIF. This plugin currently only works on Android	1.1.0	78.46833961773501	13	2	4	1	spacycoder		MIT	2022-01-09T15:19:01.000Z
1132	namefully	A Dart utility for handling person names in a particular order, way, or shape.	0.1.8+1	78.4596714774845	23	3	0	0	ralflorent	ralflorent.com	MIT	2022-11-14T02:30:10.000Z
1133	card_stack_widget	A vertical dismissible and customizable stack of cards for Flutter applications	0.1.3	78.44666926710873	32	17	0	0	federicoviceconti	federicoviceconti.com	MIT	2022-08-16T07:31:22.000Z
1134	drawable	Flutter plugin to load Android drawables. This helps to share graphics between Flutter and Android	0.1.0	78.42499891648247	10	4	2	2	ueman	uekoetter.dev	MIT	2022-06-26T09:29:55.000Z
1135	parent_child_checkbox	Parent Child Checkbox is a type of checkbox where we can establish hierarchy in Checkboxes	0.0.3	78.42066484635721	29	3	3	3	AbhishekDoshi26		MIT	2022-07-26T10:14:34.000Z
1136	flutter_decorated_text	Set different rules to the DecoratedText widget to style differently what each rule matches. Add onTap callback to rules and get the matching text	1.0.12	78.39899449573095	33	6	1	0	gabdsg	gabdsg.com	MIT	2021-11-10T19:10:03.000Z
1137	shared_preferences_ios_sn	Simply to wrap the Flutter plugin shared_preferences plugin and provide iOS "suite name" feature	1.0.3	78.38599228535517	4	3	1	0	iwantofun		MIT	2021-12-04T11:21:49.000Z
1138	debug_log_console	Using a draggable and hoverable panel to display the key info/log of app state, network requests, etc. The info/log can be copied or shared as file.	1.1.0	78.38165821522992	8	4	0	0	malikwang	malikwang.com	MIT	2021-03-09T08:43:58.000Z
1139	wav	Super simple pure Dart package for reading and writing WAV files.
	1.2.0	78.37299007497941	10	7	2	0	liamappelbe		Apache-2.0	2022-10-24T21:58:32.000Z
1140	amplify_auth_cognito_ios	The method channel implementation for amplify_auth_cognito on iOS	0.6.10	78.3643219347289	0	1128	176	192	aws-amplify	aws-amplify.com	Apache-2.0	2022-12-17T00:16:28.000Z
1141	coingecko_api	Dart package that provides simple access to the CoinGecko API (Version 3)	1.1.0+2	78.34698565422788	16	11	4	1	yegor-pelykh		MIT	2022-09-19T07:35:54.000Z
1142	checkmark	Animated check mark. Customise colors, curves, duration, and more.	0.0.2+1	78.34265158410263	18	1	0	0	sourcemain	elew.dev	MIT	2022-01-09T02:34:56.000Z
1143	just_bottom_sheet	Just Bottom Sheet. Bottom sheet with properly working nested scroll and swipe to close gesture.	1.3.0	78.32964937372687	8	0	0	0	nexron171		MIT	2022-06-07T15:05:38.000Z
1144	didomi_sdk	Didomi CMP Plugin	1.7.0	78.32531530360161	1	2	0	0	didomi		NOASSERTION	2022-10-26T18:26:57.000Z
1145	vocsy_esys_flutter_share	A Flutter plugin for sharing images & text with other applications.	1.0.2	78.32098123347636	20	1	1	1	kaushikgodhani		Apache-2.0	2022-11-15T06:45:21.000Z
1146	mpesa	This is a dart wrapper around mpesa daraja api. Written in pure dart which means it's framework agnostic(ios,android,web,plain dart,fuschia) and works out of the box.	2.0.2	78.3079790231006	29	19	14	0	newtonmunene99	newtonmunene.me	MIT	2022-01-18T14:51:40.000Z
1147	mpcheckout	An unofficial package of MercadoPago Mobile Checkout.	0.0.7	78.29497681272483	5	5	2	0	gonzalogauto		MIT	2022-12-11T19:19:55.000Z
1148	slide_popup_dialog_null_safety	Popup dialog with slide mechanism. Use it like AlertDialog or SimpleDialog.	1.0.0	78.28630867247432	8	0	0	0	mahmut		MIT	2020-03-09T13:23:23.000Z
1149	reactive_pin_code_fields	Wrapper around pin_code_fields to use with reactive_forms.	0.4.0	78.28197460234907	4	47	23	2	artflutter		MIT	2022-12-15T16:51:57.000Z
1150	actions_toolkit_dart	The GitHub ToolKit for developing GitHub Actions in Dart.	0.5.1	78.2689723919733	2	6	1	7	dkrutskikh		MIT	2022-12-13T09:04:41.000Z
1151	cupertino_progress_bar	A non-interactive progress bar includes a track that fills from left to right to show the progression of a task with a known duration.	0.2.0	78.26030425172279	10	1	0	0	jpnurmi		BSD-3-Clause	2021-09-02T10:58:42.000Z
1152	reactive_segmented_control	Wrapper around CupertinoSegmentedControl to use with reactive_forms	0.5.0	78.2516361114723	2	47	23	2	artflutter		MIT	2022-12-15T16:51:57.000Z
1153	airoute	1、Support routing management without context,2、Support 'non-intrusive parameter passing' routing management,3、Airoute that makes you fall in love with routing management	3.0.0	78.22563169072076	3	27	3	3	pdliuw		BSD-3-Clause	2022-08-10T04:01:37.000Z
1154	country_list	A dart library provides a list of country data like Country Name, Dial Code, ISO Code.	0.0.5	78.212629480345	4	1	0	0	crawlinknetworks	crawlink.com	MIT	2021-06-10T10:57:36.000Z
1155	configcat_client	Dart (Flutter) SDK for ConfigCat. ConfigCat is a hosted feature flag service that lets you manage feature toggles across frontend, backend, mobile, desktop apps.	2.3.0	78.17795691934295	4	5	4	1	configcat	configcat.com	MIT	2022-12-10T16:17:59.000Z
1156	cupertino_rounded_corners	A widget and border to make cupertino rounded corners also refrered to as squircles using a bezier path and having the two points in the corners.	2.1.1	78.17362284921771	32	6	0	0	Monksc		MIT	2022-05-28T23:57:22.000Z
1157	flutter_adyen_cse	Adyen client side encryption library for flutter projects.	0.0.1	78.16928877909245	2	1	0	8	reservamos	reservamos.com	BSD-3-Clause	2022-11-20T12:37:25.000Z
1158	fingerprintjs	Fingerprintjs wrapper for Dart - A modern & flexible browser fingerprinting library	2.0.0	78.11727993758939	10	3	2	3	samihaddad	samihaddad.dev	MIT	2021-07-04T14:25:17.000Z
1159	flusmic	A functional and kind of elegant Prismic.io integration for Dart and Flutter.	3.2.3	78.09560958696312	9	22	9	1	PixelaGt	pixela.tech	MIT	2022-08-23T23:24:50.000Z
1160	payumoney_pro_unofficial	PayU Flutter Plugin for Android & iOS. Support UPI, Debit & Credit Cards, Netbanking, Wallets, and many more. Modern UI	0.0.9	78.08260737658735	5	0	3	2	orangepreneur	iammukesh.com	MIT	2021-07-15T20:36:33.000Z
1161	calendar_calendar	A Calendar Custom Widget, you can selected dates, limited dates, and beautiful interface	1.0.0	78.06527109608633	13	3	2	1	gabuldev		MIT	2021-03-26T17:30:29.000Z
1162	smooth_corner	A rectangular border with variable smoothness imitated from Figma.	1.1.0	78.03493260520955	12	4	0	1	howshea		BSD-3-Clause	2022-01-09T08:29:01.000Z
1163	maze	A simple maze game in Flutter. It also serves as a CustomPainter example.	3.0.0	78.0305985350843	17	14	6	2	pblinux	pixela.tech	MIT	2021-03-08T04:34:21.000Z
1164	reactive_flutter_typeahead	Wrapper around flutter_typeahead to use with reactive_forms.	0.7.0	78.02626446495904	4	47	23	2	artflutter		MIT	2022-12-15T16:51:57.000Z
1165	imgly_sdk	The official base plugin for the photo_editor_sdk and video_editor_sdk Flutter plugins.	2.7.1	78.00892818445803	9	7	3	0	imgly	img.ly	NOASSERTION	2022-10-19T12:44:17.000Z
1166	countdown_widget	A package timer works correctly even if the app is locked.	2.0.2	78.00459411433278	8	1	2	1	tbm98	tbm98.dev	BSD-3-Clause	2022-07-06T08:27:27.000Z
1167	file_previewer	Generate a thumbnail for a file based on the file extension. Uses the native files previewer on iOS.	0.0.5	78.00026004420751	18	1	4	1	DutchCodingCompany	dutchcodingcompany.com	MIT	2022-10-03T14:05:04.000Z
1168	anitex	Anitex is a implicitly animated text widget, which animates on passed text changes	3.0.1	77.95691934295496	15	19	0	2	alphamikle	alphamikle.dev	MIT	2022-06-26T19:13:48.000Z
1169	coolicons	The Coolicons icon pack for Flutter with over 400 icons available for your flutter project.	1.0.0	77.94391713257922	24	35	4	0	Mastersam07	mastersam.tech	MIT	2022-01-01T21:11:48.000Z
1170	circular_widgets	Display widgets in a circle.	3.0.0	77.93958306245395	40	6	1	1	Bdaya-Dev	bdaya-dev.com	BSD-2-Clause	2022-11-22T09:30:00.000Z
1171	el_tooltip	ElTooltip, a smart positioned tooltip. Use it to display a widget inside a tooltip that you can personalize.	1.0.5	77.92224678195294	22	2	1	0	marcelogil	marcelogil.com	MIT	2022-11-29T22:17:30.000Z
1172	aes256gcm	AES-256-GCM symmetric encryption functions that allow to encrypt/decrypt package	1.0.1	77.8962423612014	3	8	2	0	swiftyapp	getswifty.pro	MIT	2021-12-17T23:32:45.000Z
1173	emoji_regex	emoji-regex offers a regular expression to match all emoji symbols and sequences (including textual representations of emoji) as per the Unicode Standard.	0.0.2	77.8875742209509	7	3	4	0	wittyneko		MIT	2022-03-20T09:52:42.000Z
1174	dart_nats	A Dart client for the NATS messaging system. Design to use with Dart and flutter.	0.6.1	77.87457201057512	31	32	10	1	chartchuo		MIT	2022-11-16T08:59:17.000Z
1175	flat_3d_button	A simple 3D flat button with click animation, flat 3d button contains 3 methods, a flat 3d button with any widget as it's child, text as it's child and also an icon as it's child	1.0.3	77.83123130932258	12	9	0	0	rijfas	rijfas.me	MIT	2022-07-11T13:31:40.000Z
1176	lychee_player	A simple audio player plugin for flutter.	0.3.4	77.76188618731851	3	6	0	2	boyan01	soit.tech	AGPL-3.0	2022-08-14T03:25:15.000Z
1177	expandable_sliver_list	A sliver List that you can then either expand or collapse, in order to show or hide the contents of the list.	4.1.1	77.72287955619122	20	6	4	0	TNorbury	tylernorbury.com	MIT	2022-08-24T00:17:43.000Z
1178	google_analytics_legacy	Flutter plugin for sending events to Google Analytics (Universal Analytics).	1.0.4	77.70987734581546	5	1	4	0	mkudrnac	vps4u.cz	NOASSERTION	2022-07-02T16:10:38.000Z
1179	sumup	Flutter wrapper to use the SumUp SDK. With this plugin, your app can easily connect to a SumUp terminal, login and accept card payments on Android and iOS.	0.5.1	77.70120920556495	28	7	9	4	PurpleSoftSrl	purplesoft.io	MIT	2022-11-09T12:02:11.000Z
1180	another_brother	A flutter plugin for printing with the Brother label and TypeB printers.	0.0.30	77.68820699518918	13	15	8	4	CodeMinion	rouninlabs.com	BSD-3-Clause	2022-12-17T18:23:58.000Z
1181	realm_dart	The official Realm SDK for Dart. Realm is a mobile database - an alternative to SQLite and key-value stores.	0.8.0+rc	77.67087071468816	13	525	44	124	realm	realm.io	Apache-2.0	2022-12-17T14:16:25.000Z
1182	chatview	A Flutter package that allows you to integrate Chat View with highly customization options.	0.0.3	77.64486629393663	95	86	10	4	SimformSolutionsPvtLtd	simform.com	MIT	2022-12-09T09:13:34.000Z
1183	body_detection	A flutter plugin that uses MLKit on iOS/Android platforms to enable body pose and mask detection using Pose Detection and Selfie Segmentation APIs for both static images and live camera stream.	0.0.3	77.58418931218307	25	18	12	4	0x48lab	0x48lab.com	NOASSERTION	2022-04-04T22:44:16.000Z
1184	webviewtube	Play YouTube videos on mobile platforms, with WebView and IFrame Player API.	1.4.1	77.57118710180731	7	1	1	0	yh-luo		MIT	2022-12-06T03:38:42.000Z
1185	awesome_stepper	A Customizable Awesome Stepper with beautiful UI to develop awesome steppers.	0.1.3	77.54951675118103	50	3	1	0	msaadev	msaadev.com	BSD-3-Clause	2021-10-28T03:49:52.000Z
1186	qr_utils	A new Flutter QR scanner and generator plugin. This plugin is use for scanning 1D barcode and 2D QR code and generating QR code as well.	0.1.5	77.54518268105578	18	34	22	10	flutter-devs		MIT	2020-12-17T19:32:36.000Z
1187	flutter_wifi_connect	A low dependency flutter plugin to allow simple connection to wifi devices with the provided ssid or ssid prefix. Built for Android 10+ (API 29) and iOS 13+.	0.0.7	77.52784640055475	24	7	26	10	weplenish	weplenish.com	BSD-3-Clause	2022-09-14T00:52:55.000Z
1188	drawer_swipe	Drawer swipe Package for displaying multi layer drawer	0.0.4	77.51917826030426	75	1	0	1	pharous-flutter	pharous.com	MIT	2021-01-21T17:24:11.000Z
1189	input_quantity	A widget for input quantity. Built with TextFormField. Type manually or increase and decrease value with the btn	1.1.1	77.51051012005374	2	3	0	1	pmatatias	pmatatias.dev	MIT	2022-12-16T09:12:10.000Z
1190	background_location_tracker	A Flutter plugin that allows you to track the background location for Android & iOS	1.3.1	77.50184197980323	19	17	9	1	icapps	icapps.com	MIT	2022-12-14T12:53:38.000Z
1191	persian	Utilities and Humanizer for Persian language and culture. Includes some String extensions and PersianDate class.	1.2.0	77.49317383955272	33	9	2	0	xclud	pwa.ir	MIT	2022-12-11T12:43:14.000Z
1192	data_class_plugin	A tool that uses Dart's Analyzer to generate code on-the-fly.	0.0.5	77.48017162917697	6	5	0	10	spideythewebhead		MIT	2022-12-17T16:20:58.000Z
1193	simple_pip_mode	A complete Picture-In-Picutre mode plugin (Android support only)	0.7.1	77.47150348892646	21	6	2	2	PuntitOwO	puntito.cl	MIT	2022-12-05T05:59:12.000Z
1194	klocalizations_flutter	Wrapper around flutter_localizations, with some extra functionality and abstracting some of the common logic.	0.0.8	77.46283534867594	3	2	1	3	nombrekeff		MIT	2022-09-13T11:08:28.000Z
1195	bidi	Implementation of the Bidi algorithm, as described in http://www.unicode.org/reports/tr9/tr9-17.html.	2.0.4	77.44116499804967	9	1	2	0	xclud	pwa.ir	MIT	2022-12-14T05:54:50.000Z
1196	exponea	A full featured wrapper for Exponea SDK that supports Android and iOS.	1.1.0	77.43249685779917	3	4	0	2	exponea	exponea.com	MIT	2022-09-02T18:57:15.000Z
1197	fl_query_hooks	Elite flutter_hooks compatible library for fl_query, the Asynchronous data caching, refetching & invalidation library for Flutter	0.3.1	77.41516057729814	1	20	1	4	KRTirtho		Apache-2.0	2022-12-16T15:52:56.000Z
1198	string_ext	Dart extension methods for String. Provides a more convenient and powerful API for working with strings.	0.2.0	77.39349022667187	3	1	0	0	Innim	innim.ru	BSD-3-Clause	2021-08-11T15:55:51.000Z
1199	amplify_auth_cognito_android	The method channel implementation for amplify_auth_cognito on Android	0.6.10	77.37615394617085	1	1128	176	192	aws-amplify	aws-amplify.com	Apache-2.0	2022-12-17T00:16:28.000Z
1200	reactive_pinput	Wrapper around pinput to use with reactive_forms.	0.5.0	77.35014952541933	2	47	23	2	artflutter		MIT	2022-12-15T16:51:57.000Z
1201	clipboard_listener	The flutter pasteboard listener can monitor pasteboard changes and notify you by callback	2.0.0	77.34581545529406	9	14	1	2	JiangJuHong	huic.top	Apache-2.0	2021-04-07T10:52:34.000Z
1202	native_shutter_sound	A simple flutter plugin, that lets you play the native shutter sound for iOS and Android.	0.0.1	77.33714731504355	1	0	0	0	HTMHell		MIT	2022-07-02T17:21:44.000Z
1203	flutterflow_ui	UI components used by FlutterFlow's code generation.	0.1.1	77.32414510466779	1	27	15	4	FlutterFlow	flutterflow.io	BSD-3-Clause	2022-11-05T18:28:21.000Z
1204	simple_markdown_editor	A TextField Widget that allow you to convert easily what's in the TextField to Markdown.	0.2.0	77.30680882416678	27	8	10	9	zahniar88	mokuton.site	BSD-3-Clause	2022-10-23T16:28:42.000Z
1205	xen_popup_card	Beautiful pop up card with app bar and gutter designed for flutter	0.0.1	77.28947254366577	9	8	0	0	xenSlayer		MIT	2022-03-24T11:17:33.000Z
1206	easy_gradient_text	A Flutter Widget to apply text gradients easily.	1.0.0	77.2851384735405	7	1	2	1	gcayetano		MIT	2021-05-05T18:34:23.000Z
1207	ubuntu_session	Native Dart client library to access the GNOME Session Manager	0.0.3	77.25479998266373	4	7	2	2	canonical	canonical.com	MPL-2.0	2022-11-14T15:59:20.000Z
1208	tint	A library for terminal string styling as an extension on `String`.	2.0.0	77.2374637021627	20	26	2	2	frencojobs	frenco.dev	MIT	2021-11-03T15:54:04.000Z
1209	shirne_dialog	A flutter package to use alert, toast, popup, snack, imagePreview, loading etc. with customizable style in anywhere.	4.4.3	77.2287955619122	14	5	1	1	shirne	shirne.com	Apache-2.0	2022-11-08T04:29:05.000Z
1210	tonic	Classes and methods for representing and manipulating concepts from music theory: Pitch, PitchClass, Interval, Scale, Chord.
	0.2.4	77.19412300091015	21	41	12	4	osteele		MIT	2021-07-05T13:12:47.000Z
1211	roulette	This is a library provide a simple roulette widget which usually used for lottery.	0.1.3	77.17678672040914	10	8	2	3	do9core	ray-base.org	Apache-2.0	2022-11-02T05:40:54.000Z
1212	in_app_purchases_paywall_ui	A collection of in app purchase Paywall as a UI library. Also handles Purchase success state. Currently only subscriptions are supported. Made by www.linkfive.io
	0.7.0	77.17245265028389	37	6	5	0	LinkFive	linkfive.io	MIT	2022-09-09T14:14:17.000Z
1213	nakama	Nakama is an open-source scalable game server that lets you focus on building games.	0.1.6	77.16378451003337	32	57	18	1	obrunsmann	brunsmann.io	Apache-2.0	2022-11-30T23:03:21.000Z
1214	verloop_flutter_sdk	Verloop SDK wrapper for Android and iOS.This would help the existing clients of verloop in adding chat functionalities to their flutter app.	0.0.4	77.14644822953235	2	0	0	3	verloop	verloop.io	GPL-3.0	2022-08-16T08:19:25.000Z
1215	dargon2_flutter	A Flutter implementation of dargon2, providing Argon2 Password Hashing functionality for mobile & web apps	3.1.0	77.1421141594071	5	11	5	1	tmthecoder	tmthecoder.dev	MIT	2022-10-09T01:03:43.000Z
1216	buffer_image	A library for modify and display rgba format image data and grayscale image data.	0.3.12	77.12477787890609	2	4	0	0	shirne	shirne.com	Apache-2.0	2022-11-30T16:54:59.000Z
1217	splash	This package contains a few InkSplash and InkRipple alternatives for a better UI	1.1.0	77.09010531790405	54	14	0	9	ueman	uekoetter.dev	NOASSERTION	2022-11-28T20:11:56.000Z
1218	smart_timer	A periodic timer which only runs while the app lifecycle is resumed.	1.0.2	77.06410089715251	7	3	0	0	smofe		MIT	2021-05-13T18:07:20.000Z
1219	axios	Simple, zero-configuration command-line http server	1.0.1+1	77.05543275690201	21	1	0	0	Sayegh7		MIT	2021-03-07T15:54:25.000Z
1220	tealium	A Flutter plugin for using Tealium's Android and iOS libraries.	2.1.0	77.03809647640098	3	4	2	4	Tealium		NOASSERTION	2022-12-01T14:40:31.000Z
1221	universal_image	A flutter package to display all image types for all platforms	0.1.6	77.02076019589997	12	1	1	0	ductranit		Apache-2.0	2022-11-10T14:12:04.000Z
1222	freezer	Provides the easiest and most productive automatic generation of model objects from JSON files.
	0.6.1	77.00775798552421	21	14	2	6	myConsciousness	shinyakato.dev	BSD-3-Clause	2022-12-17T03:05:12.000Z
1223	flutter_tagging_plus	A flutter package with tagging or multiselect functionality. Useful for adding Tag or Label Selection Forms.	4.0.1	76.99908984527369	7	2	7	0	bradintheusa	rightclick.com.au	BSD-3-Clause	2022-05-17T23:22:23.000Z
1224	analytics	Interface for working with analytic services. The library is supposed to unify work with various analytic services.	1.0.2	76.95574914402114	31	12	1	0	surfstudio	surf.ru	Apache-2.0	2022-05-12T10:52:59.000Z
1225	pana	PAckage aNAlyzer - produce a report summarizing the health and quality of a Dart package.	0.21.23	76.91674251289385	80	148	41	64	dart-lang	tools.dart.dev	BSD-3-Clause	2022-12-17T19:38:13.000Z
1226	raygun4flutter	Raygun4flutter package is the official Raygun crash reporting provider for Flutter.	1.2.3	76.9037403025181	9	7	5	11	MindscapeHQ	raygun.com	MIT	2022-12-05T20:13:12.000Z
1227	flutter_oss_aliyun	oss aliyun plugin for flutter and upport STS to access OSS temporarily	5.0.0	76.88640402201708	7	14	5	4	huhx	huhx.cn	MIT	2022-12-16T14:18:26.000Z
1228	desktop_context_menu	A plugin that opens a context menu on the cursor position.	0.1.1	76.88206995189182	28	26	3	3	rows	rows.com	BSD-3-Clause	2022-05-13T11:34:03.000Z
1229	save_in_gallery	Flutter plugin that allows you to save images in native gallery in both Android and iOS. You can either save them in default album or in named album of your choice.	0.1.3	76.86473367139081	21	7	20	14	FiveDotTwelve		MIT	2021-10-04T10:31:34.000Z
1230	flutter_sanity	Dart libary to query the Sanity.io API. Supports running queries and downloading files.	1.1.0	76.86039960126556	13	7	1	1	joelrose		BSD-3-Clause	2022-10-25T13:47:15.000Z
1231	foil	Wrap a widget with Foil, providing a rainbow shimmer that twinkles as the accelerometer moves as well as tons of neat gradient features.
	0.9.0+1	76.85173146101504	62	15	0	0	Zabadam	zaba.app	BSD-3-Clause	2021-08-04T22:46:24.000Z
1232	flutter_callkit_voximplant	Flutter SDK for CallKit integration to Flutter applications on iOS	2.1.0	76.79972261951198	21	46	13	9	voximplant	voximplant.com	MIT	2022-06-17T16:20:33.000Z
1233	dlna_dart	simple dlna client in pure dart,works fine in flutter,do all the job less than 500 lines	0.0.8	76.78672040913622	9	17	4	2	suconghou		BSD-3-Clause	2022-10-30T06:08:08.000Z
1234	emailjs	EmailJS helps sending emails directly from the Flutter app. No server is required.	1.1.0	76.76505005850994	4	1	0	0	emailjs-com	emailjs.com	BSD-3-Clause	2022-11-25T09:41:52.000Z
1235	cnpj_cpf_formatter_nullsafety	This library gives you a formatter to CNPJ or CPF documents. Enjoy it!	1.1.1	76.75204784813418	0	0	1	1	evandrofuhr		NOASSERTION	2020-07-06T17:15:59.000Z
1236	appbar_animated	Library to help you create animated text and background colors when scrolled.	0.0.3	76.74337970788368	21	0	0	0	zahniar88	mokuton.site	BSD-3-Clause	2021-09-22T18:15:03.000Z
1237	keyboard_event	Keyboard event plugin for Flutter Desktop(Windows)	0.3.4	76.7217093572574	17	9	5	3	Krysl		MIT	2022-10-31T06:58:37.000Z
1238	flutter_collapsing_toolbar	A Flutter package to create a Romantic Collapsing Toolbar. It will be useful for your awesome app.	1.0.0	76.71304121700689	31	5	1	0	minhhung2556	romanticdeveloper.com	Apache-2.0	2022-10-17T05:41:57.000Z
1239	package_rename	A Blazingly Fast way to configure your awesome flutter project to be production ready.	1.0.0+1	76.68270272613012	10	3	0	1	OutdatedGuy	outdatedguy.rocks	BSD-3-Clause	2022-08-18T18:54:11.000Z
1240	overlayment	Show a dialog, notification, window, or a panel easily. use helping widgets like AutoComplete, Expander(Dropdown).	0.2.1	76.66970051575434	25	25	3	0	SchabanBo	qlevar.de	MIT	2022-10-11T07:02:32.000Z
1241	capturesdk_flutter	The official Flutter CaptureSDK by Socket Mobile. It supports all current Socket Mobile’s barcode and NFC Reader scanning solutions.	1.3.1	76.65236423525332	3	2	0	3	SocketMobile	socketmobile.com	MIT	2022-09-07T17:49:52.000Z
1242	min_id	ID generator for dart easily like eat 🥮🥮🥮🥮. You can generate unique string, unique number, unique any thing by min_id 👍.	1.1.0	76.63069388462705	8	1	0	1	tvc12	4pet.social	BSD-3-Clause	2021-03-27T15:11:40.000Z
1243	swipedetector_nullsafety	A Flutter package to detect up, down, left, right swipes.	2.0.0	76.6263598145018	0	0	0	0	rezam92	runwidget.com	MIT	2022-02-17T09:08:51.000Z
1244	rsa_pkcs	Privacy-Enhanced Mail (PEM) parser, RSA, PKCS#1, PKCS#8, X.509	2.0.1	76.61769167425129	3	5	21	5	amaurel		Apache-2.0	2022-02-14T08:06:49.000Z
1245	draggable_bottom_sheet_nullsafety	This is a bottom sheet that is partially visible onto the screen and can be dragged from there into the screen to occupy the fullscreen.	1.0.2	76.60902353400077	7	0	1	0	stelynx		MIT	2022-02-10T10:56:53.000Z
1246	php_serializer	Serialize and deserialize Strings that the Php-Functions serialize created or unserialize
can parse, so Dart code can communicate with Php in its native format
	1.1.0	76.58301911324925	5	5	0	0	Manu311	manu311.de	BSD-2-Clause	2022-01-12T11:24:48.000Z
1247	cherrypick	Cherrypick is a small dependency injection (DI) library for dart/flutter projects.	1.0.2	76.51800806137044	7	4	2	3	pese-git		Apache-2.0	2022-08-10T14:27:04.000Z
1248	webf_websocket	WebSocket API support for webf apps.	1.1.0	76.51367399124518	0	2	1	1	openwebf		Apache-2.0	2022-12-03T15:41:46.000Z
1249	plural_noun	Converts a English singular noun to a plural noun using a set of rules.	0.1.2	76.49633771074416	5	0	0	0	domain-centric		NOASSERTION	2021-10-23T11:23:37.000Z
1250	country_dial_code	This package allows you to get the dialing codes and the name of 250 countries.	1.2.0	76.4833355003684	2	1	1	0	astudilloalex	alexastudillo.com	NOASSERTION	2022-02-13T22:28:18.000Z
1251	figma	A Figma API wrapper library for interacting with Figma documents, written in pure Dart.	3.6.0	76.42699258874008	9	14	11	0	arnemolland	molland.sh	MIT	2022-09-16T04:59:56.000Z
1252	cube_transition	A nice 3D Cube effect for your PageView and PageRoute transitions.	1.0.2	76.42265851861482	69	13	13	7	aeyrium	aeyrium.com	Apache-2.0	2021-07-07T16:34:49.000Z
1253	flutter_custom_selector	A flexible multi select and single select package for Flutter. Flutter custom selector dart package with awesome UI. Make your selection unique and fantacy	0.0.3	76.3879859576128	41	1	1	0	hbrhbr		BSD-2-Clause	2022-07-19T03:09:56.000Z
1254	glassmorphism_widgets	A set of widgets for use in Flutter apps. You can too easy custom and develop glass morphism widgets.	0.1.3	76.34031118623498	33	7	0	0	yama-yeah	hiyoko.ga	BSD-3-Clause	2022-09-08T09:52:33.000Z
1255	json_cache	An object-oriented package for caching user data locally in json; a combinable layer on top of local storage packages that unifies them.	1.5.0	76.32297490573397	22	9	3	2	dartoos-dev	dartoos.dev	MIT	2022-12-13T21:03:23.000Z
1256	relative_time	Expresses a DateTime object relative to the current time in text form.	2.2.1	76.30997269535821	6	3	0	1	Mosc	viter.nl	MIT	2022-11-10T18:51:14.000Z
1257	fl_query	Asynchronous data caching, refetching & invalidation library for Flutter	0.3.1	76.30563862523296	12	20	1	4	KRTirtho		Apache-2.0	2022-12-16T15:52:56.000Z
1258	fixed	Fixed scale decimal numbers with mathematical operations, formatting and parsing.	2.3.2	76.24496164347939	2	6	2	0	onepub-dev	onepub.dev	MIT	2022-11-20T22:28:21.000Z
1259	fl_paging	A new Flutter package support paginating for Listview, Gridview and NestedScrollView	2.2.0	76.22762536297837	21	32	9	3	dangngocduc	dangngocduc.dev	MIT	2022-11-09T10:19:07.000Z
1260	declarative_animated_list	An implementation of animated list widget that will be automatically updated based on different lists snippets.	0.1.1	76.22329129285312	15	4	2	2	nyarian		Apache-2.0	2021-08-03T20:19:52.000Z
1261	curved_animation_controller	The easy way to use AnimationController with Curve. Apply animation in Flutter with a more straightforward code.	1.1.0+1	76.2059550123521	10	6	1	1	salkuadrat		BSD-2-Clause	2021-05-19T14:41:14.000Z
1262	air_design	flutter widget design library.	3.0.0	76.19295280197633	1	1	0	0	pdliuw		BSD-3-Clause	2021-05-29T08:21:41.000Z
1263	easy_upi_payment	A new flutter plugin to make upi payment with ease currently only supported by Android (only for India).	0.1.2	76.11493953972175	10	5	0	1	GJJ2019		MIT	2022-08-15T03:21:45.000Z
1264	conduit_common	Common classes shared by conduit projects.	4.0.1	76.10627139947125	1	0	0	1	bsutton	theconduit.dev	BSD-2-Clause	2021-03-30T19:56:04.000Z
1265	cancellation_token	Easy async task cancellation for tasks using cancellation tokens in Dart.	1.5.0	76.08893511897023	6	2	0	0	JonathanPeterCole	jonathancole.dev	NOASSERTION	2022-10-02T17:26:41.000Z
1266	raw_sound	A flutter plugin for playing raw PCM audio data (16-bit integer and 32-bit float).	0.3.0+1	76.0802669787197	11	5	4	1	8fdafs2	codevalop.com	Apache-2.0	2022-04-20T04:53:28.000Z
1267	triple_test	Test Helper for Store of flutter_triple with Mocktail.	1.0.0+1	76.03259220734192	6	131	30	10	Flutterando	flutterando.com.br	MIT	2022-12-14T20:41:16.000Z
1268	lcov_dart	Parse and format to LCOV your code coverage reports. The best way to share your code coverage stats.	7.0.0	76.02392406709141	1	0	0	0	MohiuddinM		MIT	2021-03-15T14:49:51.000Z
1269	list_wheel_scroll_view_x	A flutter project which add scroll direction to ListWheelScrollView allowing you to have horizontal ListWheelScroolView.	0.0.2	76.01958999696615	13	5	5	3	jascodes	jas.bio	MIT	2021-12-20T05:08:08.000Z
1270	dynamic_icon_flutter	A flutter plugin for dynamically changing app icon, support IOS version > 10.3 and Android	0.0.7	76.00658778659039	9	0	2	1	chuanpham		MIT	2022-02-16T09:42:59.000Z
1271	flutter_timetable	Displays a timetable for dates and times on items in a list.	1.1.0	75.97191522558835	17	5	2	1	yourfriendken	yourfriendken.com	MIT	2022-07-12T16:36:41.000Z
1272	youtube_data_api	A Flutter package for fetching complete data from YouTube. Supports Search, Trending, Channels, Playlists and Video Data.	1.0.4	75.94591080483683	21	2	0	2	modwedar	exacode.xyz	Apache-2.0	2022-07-26T12:33:14.000Z
1273	riverpod_context	This package brings back context.read and context.watch for riverpod	0.3.0	75.93290859446105	8	2	0	0	schultek	schultek.de	MIT	2022-10-10T22:27:07.000Z
1274	app_state	A state management solution on top of Router API for larger apps.	0.8.3	75.89390196333376	30	12	0	11	alexeyinkin	ainkin.com	MIT-0	2022-12-08T16:02:44.000Z
1275	snowplow_tracker	A package for tracking Snowplow events in Flutter apps	0.3.0	75.880899752958	4	2	1	1	snowplow-incubator	snowplowanalytics.com	Apache-2.0	2022-11-02T11:51:31.000Z
1276	monarch_annotations	Annotations for Monarch. Monarch is a tool for building Flutter widgets in isolation. It makes it easy to build, test and debug complex UIs.	1.0.2	75.85056126208121	7	334	10	8	Dropsource	monarchapp.io	MIT	2022-12-14T20:57:36.000Z
1277	hypertrack_plugin	Flutter plugin for HyperTrack, a cross-platform location tracking solution for Android and iOS	0.4.3	75.82889091145495	9	4	8	2	hypertrack		MIT	2022-11-14T16:29:16.000Z
1278	sticker_view	A Flutter plugin to rotate, resize, move, delete any text, photo or other widget.	0.0.2	75.8245568413297	45	14	10	3	gopaldhola99		MIT	2022-01-27T04:42:03.000Z
1279	wasm	Utilities for loading and running WASM modules from Dart code	0.1.0+1	75.81155463095392	79	282	23	26	dart-lang	labs.dart.dev	BSD-3-Clause	2022-12-09T04:02:17.000Z
1280	light_html_editor	A lightweight HTML editor for Flutter. Provides functionality to edit and parse simple HTML code.	0.1.2	75.79421835045291	9	14	3	2	herrytco	manuelh.at	NOASSERTION	2022-12-01T09:13:22.000Z
1281	zego_uikit_prebuilt_video_conference	PrebuiltVideoConference is a full-featured Video Conference kit that provides a ready-made group voice/video chat, in-room message, dynamic layout, member list, etc.	1.1.10	75.78988428032766	3	1	0	0	ZEGOCLOUD	zegocloud.com	MIT	2022-12-12T09:58:20.000Z
1282	reactive_date_range_picker	Wrapper around flutter showDateRangePicker to use with reactive_forms	0.5.0	75.77254799982663	4	47	23	2	artflutter		MIT	2022-12-15T16:51:57.000Z
1283	govt_documents_validator	This package provides an easy way to validate Indian Government Documents like Aadhar,PAN and GSTIN. This is often useful to avoid the use of RegEx for validating the user inputs which maynot work in some scenarios, this package written purely in dart will validate the numbers through CheckSum values.	0.0.1	75.76821392970137	3	2	2	1	Rohan7654		MIT	2022-09-29T14:12:13.000Z
1284	content_resolver	A plugin that help app to call ContentResolver on Android.	0.3.0	75.69020066744679	6	3	3	0	espresso3389	espresso3389.jp	MIT	2022-11-23T18:02:13.000Z
1285	video_watermark	Simple Flutter package to add image as overlay in the video along with video trim option.	1.0.4	75.642525896069	4	1	0	0	EDEDIN-Solutions	eded.in	BSD-3-Clause	2022-10-14T16:38:34.000Z
1286	flutter_menu	Responsive UI framework for web and desktop - Top menu, responsive master/detail panes and context menu with keyboard shortcuts.	0.4.1	75.62518961556798	112	23	10	7	PsychTechApS		MIT	2021-05-14T16:54:23.000Z
1287	assets_gen	The assets_gen package helps you to generate a .dart file that contains all assets according to `pubspec.yaml`.
	1.3.0	75.58184891431543	24	14	3	0	chenenyu		Apache-2.0	2022-11-14T06:18:24.000Z
1288	cp949	CP949 Encoder/Decoder	1.2.1	75.57318077406492	9	11	9	3	jjangga0214		MIT	2021-06-04T16:34:07.000Z
1289	gotrue	A dart client library for the GoTrue API.	1.3.0	75.53417414293764	8	40	35	1	supabase	supabase.io	MIT	2022-12-17T19:38:21.000Z
1290	stacked_notification_cards	A Flutter implementation of iOS style stacked notifications which can be dismissed.	0.1.0-dev.2	75.52984007281238	46	8	4	4	oaktreeapps	oaktreeapps.com	Apache-2.0	2022-09-19T14:13:23.000Z
1291	unity_mediation	Unity Mediation plugin for Flutter Applications. This plugin is able to display Rewarded and Interstitial Ads from different ad sources.	0.1.0	75.51683786243662	23	2	3	3	pavelzaichyk	rebeloid.com	MIT	2022-10-23T11:35:09.000Z
1292	scroll_shadow_container	Dynamically appearing shadows on top or bottom of a scrollable area	2.1.1+2	75.49083344168508	5	5	3	0	nuc134r	nuc134r.io	MIT	2022-07-30T16:32:08.000Z
1293	polygon	A simple way to draw polygon shapes and to clip them.	0.1.0	75.48649937155983	22	56	2	0	letsar		MIT	2022-07-27T19:48:14.000Z
1294	lat_lon_grid_plugin	Adds a latitude / longitude grid as plugin to the [flutter_map](https://github.com/fleaflet/flutter_map/).	0.2.4	75.48216530143458	9	10	3	1	matthiasdittmer		MIT	2022-10-31T18:18:42.000Z
1295	audio_visualizer	Pure dart audio visualizer for android and ios	0.1.1	75.45616088068306	42	13	11	2	Eittipat		Apache-2.0	2022-02-03T16:04:24.000Z
1296	realtime_client	Listens to changes in a PostgreSQL Database and via websockets. This is for usage with Supabase Realtime server.	1.0.1	75.44749274043254	45	76	16	0	supabase	supabase.io	MIT	2022-12-08T11:29:54.000Z
1297	animated_clipper	Clip your widgets with Animated Clippers. Includes a collection of PathBuilders and helper widgets.	0.2.0+2	75.43882460018203	77	6	0	0	flowmobile	oodavid.com	MIT	2021-06-22T13:33:58.000Z
1298	amplify_flutter_ios	The method channel implementation for amplify_flutter on iOS	0.6.10	75.42582238980626	0	1128	176	192	aws-amplify	aws-amplify.com	Apache-2.0	2022-12-17T00:16:28.000Z
1299	geobase	Geospatial data structures, projections, tiling schemes and vector data support (GeoJSON, WKT, WKB).	0.4.0	75.41715424955576	5	20	3	31	navibyte	navibyte.com	NOASSERTION	2022-12-02T20:19:03.000Z
1300	cbl_flutter_ee	Provides the Couchbase Lite Enterprise Edition for Flutter apps.	2.1.2	75.39548389892948	1	72	10	29	cbl-dart	gabriel.terwesten.net	Apache-2.0	2022-12-16T21:42:23.000Z
1301	conduit_runtime	Provides behaviors and base types for packages that can use mirrors and be AOT compiled.	4.0.1	75.37381354830322	1	0	0	0	conduit-dart	theconduit.dev	BSD-2-Clause	2021-05-24T08:38:26.000Z
1302	input_form_field	Input form field is a StatefulWidget that contains a TextFormField. A convinient widget aiming to simplify complexitiy of default TextFormField widget.	0.0.5	75.36081133792744	15	3	2	3	momshaddinury		BSD-3-Clause	2022-10-18T11:42:21.000Z
1303	cloudpayments	A Flutter plugin for integrating Cloudpaymanets in Android and iOS applications.	0.3.0	75.35647726780219	23	11	11	5	shushper		MIT	2021-06-24T11:43:21.000Z
1304	ngforms	Forms framework for AngularDart. Easily create forms to accept input from users.
	4.1.1	75.35214319767694	3	40	4	5	angulardart-community	angulardart.xyz	MIT	2022-12-03T19:31:43.000Z
1305	appscheme	Flutter plugin for accepting incoming links - App/Deep Scheme Links (Android), Universal Links and Custom URL schemes (iOS).	1.0.8	75.33914098730118	1	7	0	0	flutter-plugin	dsfgx.com	MIT	2021-07-18T09:44:22.000Z
1306	jsqr	jsqr wrapper and widget for Flutter web.	0.1.4	75.3174706366749	1	13	11	3	treeder		NOASSERTION	2021-07-07T21:25:40.000Z
1307	ngrouter	Router for AngularDart. It enables navigation from one view to the next as users perform tasks.
	3.1.1	75.2784640055476	3	40	4	5	angulardart-community	angulardart.xyz	MIT	2022-12-03T19:31:43.000Z
1308	flutter_colored_progress_indicators	An alternate animated progress indicator widget for flutter's CircularProgressIndicator and LinearProgressIndicator with Google color accents.	1.2.0	75.20911888354354	9	2	2	0	Abhi011999		MIT	2020-12-19T21:58:38.000Z
1309	flutter_analog_clock	A simple, highly customizable analog clock widget. This widget enables you to customize the clock's background, dial, markings, and hands.	1.0.3	75.17878039266675	30	7	5	0	conghaonet		MIT	2022-12-17T14:32:18.000Z
1310	expect	A tiny expectation library for writing tests based on matcher and test.	0.0.2	75.1744463225415	2	14	3	4	jonahwilliams	jonahwilliams.dev	BSD-3-Clause	2022-08-01T09:47:16.000Z
1311	sheet_loader_localization	Download an CSV file and generates the localization keys from an online Google Sheet.	0.1.3	75.16144411216573	8	3	1	1	HoangNguyen0403		BSD-2-Clause	2022-10-28T08:52:44.000Z
1312	dart_casing	Dart library for changing String case style to the desired convention.	2.0.0	75.1354396914142	5	3	3	1	Jesway	jesway.com	NOASSERTION	2021-12-11T12:20:24.000Z
1313	user_messaging_platform	A plugin which provides a Dart API for the User Messaging Platform (UMP) SDK, which is the Consent Management Platform (CMP) SDK provided as part of Google's Funding Choices.	1.2.1	75.13110562128895	8	8	2	2	blaugold	gabriel.terwesten.net	MIT	2022-03-28T19:38:34.000Z
1314	username_generator	A simple library for generating random and seedable username for emails or user forms	1.3.0	75.11810341091318	15	1	1	0	prikeshsavla	prikeshsavla.com	MIT	2021-03-07T03:45:36.000Z
1315	oauth_webauth	This plugin provides an alternative to AppAuth using WebView for OAuth 2.0 authorization/authentication.	3.1.2+13	75.04875828890911	13	5	6	6	luis901101		BSD-3-Clause	2022-10-28T19:57:22.000Z
1316	windows1251	Cyrillic windows-1251 (cp1251) encoding implementation for Dart.	0.0.3	75.00541758765657	5	3	0	0	ykmnkmi		MIT	2021-08-11T13:29:21.000Z
1317	share_files_and_screenshot_widgets_plus	This pub lets you share any kind of files (csv, mp4, png etc), take screenshot of the widgets you want and return as Image and share them directly as well in the form of an image.	1.0.4	75.00108351753131	5	0	1	1	haduyphuong	ngovang.com	NOASSERTION	2021-09-11T05:29:06.000Z
1318	visa	Visa is an OAuth 2.0 package that makes it super easy to add third party authentication to flutter apps.	2.0.1	74.94040653577775	43	134	22	7	e-oj		MIT	2022-11-13T21:49:24.000Z
1319	flutter_telephony	A new Flutter plugin , get telephony info ,based on TelephonyManager in Android and based on CoreTelephony in iOS	0.0.15	74.91006804490097	12	2	5	0	aliazimoshan	aliazimoshan.info	MIT	2021-06-19T12:03:48.000Z
1320	flutter_stripe_payment	Add Stripe to your Flutter Application to Accept Card Payments Using Payment Intents with Strong SCA 3DS Compliance.	0.0.17	74.90573397477571	44	28	23	6	eopeter	dormmom.com	NOASSERTION	2022-03-23T11:02:03.000Z
1321	flutter_android	A Flutter plugin for Android platform-specific APIs, to reduce duplication of effort by centralizing Android bindings in a single package.	0.8.0	74.89273176439994	39	134	21	12	drydart	ar.to	Unlicense	2022-10-05T22:15:36.000Z
1322	wake_on_lan	Send wake on LAN magic packets to devices on your local network.	3.0.0	74.88406362414945	10	3	0	0	JagandeepBrar	jagandeepbrar.io	GPL-3.0	2022-03-10T22:28:31.000Z
1323	flutter_voice_processor	A Flutter plugin that delivers audio buffers for real-time processing.	1.0.9	74.87539548389893	9	15	5	0	Picovoice	picovoice.ai	Apache-2.0	2022-09-21T21:20:25.000Z
1324	mvc_application	Flutter Framework for Applications using the MVC Design Pattern	8.13.1	74.81905257227062	22	25	9	1	AndriousSolutions	andrioussolutions.com	NOASSERTION	2022-08-30T21:37:11.000Z
1325	dio_interceptors	Implements interceptors for you use on Dio package.	0.0.4+1	74.78438001126858	14	2	1	1	gabuldev		MIT	2021-03-02T00:57:07.000Z
1326	stream	Lightweight Dart web server supporting request routing, filtering, template engine, MVC design pattern, and file-based static resources.
	3.0.3	74.74970745026654	8	226	22	1	rikulo	quire.io	Apache-2.0	2022-10-18T04:03:15.000Z
1327	standard_dialogs	Package with standardized dialogues for use in your application or package.	2.0.0	74.74103931001603	12	2	2	0	ricardocrescenti		BSD-3-Clause	2022-07-08T03:21:58.000Z
1328	palestine_console	Print.color() to console in any platform, more features will be added later.	0.0.10	74.72803709964028	19	2	0	0	PalestineDevelopers	msayed.net	BSD-3-Clause	2022-02-08T10:33:28.000Z
1329	ant_design_flutter	A Flutter UI framework designed for web / pc application, contains some high quality widgets.	0.0.1+5	74.68469639838773	34	28	6	0	CalsRanna	antdf.xyz	MIT	2022-05-17T20:59:41.000Z
1330	flutter_card_scanner_latest	A flutter project for scanning the credit cards on an iOS device.	1.0.5	74.65435790751094	15	5	5	3	SuryaPrabha27		NOASSERTION	2021-11-30T09:15:09.000Z
1331	flutter_shortcuts	Flutter plugin for creating static & dynamic app/conversation shortcuts on home screen.	1.3.0	74.64135569713518	87	39	10	2	DevsOnFlutter	hackthedeveloper.com	BSD-3-Clause	2022-10-14T20:16:34.000Z
1332	clean_calendar	A brand-new Flutter calendar package that enables you to make a simple, lovely, and customizable calendar.	1.0.2	74.63268755688468	16	8	0	1	chaudharydeepanshu	deepanshuchaudhary.com	BSD-3-Clause	2022-12-07T11:39:19.000Z
1333	es_compression	Compression framework providing FFI implementations for Brotli, Lz4, Zstd (Zstandard) with ready-to-use prebuilt binaries for Win/Linux/Mac.	2.0.8	74.62401941663416	28	27	6	1	instantiations	instantiations.com	BSD-3-Clause	2022-10-03T13:38:37.000Z
1334	geofence_flutter	Flutter geofencing plugin for flutter application (android and ios).	2.0.0	74.60234906600789	16	9	6	1	SarfarazAhmed008	sarfaraz.me	MIT	2022-09-15T19:13:42.000Z
1335	infinite_scroll_tab_view	A Flutter package for tab view component that can scroll infinitely.	1.0.3	74.58501278550686	26	6	3	0	cb-cloud	cb-cloud.com	MIT	2021-08-19T02:18:50.000Z
1336	better_page_turn	A simple Page Turn Widget for Flutter.	0.0.6	74.58067871538161	9	11	1	1	WangYng		BSD-2-Clause	2022-07-06T05:53:10.000Z
1337	flutter_haptic	Flutter Plugin for calling mobile native Haptic feature	0.0.3	74.56767650500585	4	1	0	0	creche-studio		MIT	2021-05-23T23:51:05.000Z
1338	custom_dropdown	A simple dropdown library with custom style.	0.0.2	74.52866987387856	2	2	1	0	Supercaly		Apache-2.0	2020-04-11T16:18:27.000Z
1339	country_state_city	A flutter package to display list of Countries, States and Cities depends on a given country	0.1.6	74.5156676635028	6	1	3	0	paulpascal		MIT	2022-12-16T12:55:34.000Z
1340	youtube_player_webview	Flutter plugin for playing or streaming inline YouTube videos using the official iFrame player API. This plugin supports both Android and iOS.	1.0.0+1	74.51133359337754	4	3	3	1	ravindrabarthwal		BSD-3-Clause	2020-11-22T05:13:23.000Z
1341	amplify_flutter_android	The method channel implementation for amplify_flutter on Android	0.6.10	74.50266545312704	0	1128	176	192	aws-amplify	aws-amplify.com	Apache-2.0	2022-12-17T00:16:28.000Z
1342	intrinsic_dimension	A widget that offers the dimensions (width and height) and the start offset of the widget you return from a builder callback function.	0.3.0	74.49399731287653	7	3	1	0	Abel1027	netwriper.com	NOASSERTION	2022-06-04T01:04:54.000Z
1343	transformable_list_view	Widget that extends the default ListView with ability to add item transform animations according to it's scroll position	0.2.0	74.48532917262601	33	5	1	0	TBR-Group-software		MIT	2022-07-13T17:12:23.000Z
1344	update_app	Update the app, pass in the updated address, and update the app. The Android part is implemented using DownloadManager.	0.1.7	74.4766610323755	7	8	8	1	mofada		MIT	2022-04-08T13:50:50.000Z
1345	zarinpal	Zarinpal Package  for dar & flutter support all platforms (Android,Ios,Linux,Windows,MacOs,Web)	1.0.4+1	74.44632254149872	29	11	1	1	javad-zobeidi	flutterfarsi.ir	BSD-3-Clause	2021-07-13T16:30:45.000Z
1346	string_stats	string_stats provides utility functions and classes for determining basic frequency statistics on strings. Provides support for asynchronous or incremental accumulation. Includes word count, character count, character frequency, word frequency, line count and more.	0.1.0	74.38564555974516	5	0	0	0	ALMDart	almaclaine.com	MIT	2021-12-28T00:48:54.000Z
1347	cupertino_onboarding	Flutter package that provides an iOS-style onboarding experience.	1.1.1	74.36830927924414	39	3	1	2	ivirtex	ivirtex.dev	MIT	2022-12-12T02:10:34.000Z
1348	markdown_viewer	A Markdown renderer for Flutter. Render Markdown String to rich text output.	0.4.9	74.32930264811685	6	3	0	3	tagnote-app	tagnote.app	BSD-3-Clause	2022-11-26T08:41:58.000Z
1349	app_runner	Launch your Flutter app like a pro! AppRunner is a configurator for quick and controlled launch of your application.	2.1.2	74.31196636761582	31	9	0	0	MadBrains	madbrains.ru	MIT	2022-11-01T11:32:43.000Z
1350	invoiceninja	This package makes it easy to sell products in a Flutter app	0.0.9	74.30763229749058	52	25	12	3	invoiceninja	invoiceninja.com	MIT	2021-04-07T14:34:33.000Z
1351	flutter_add_to_cart_button	A Flutter package to create an Add To Cart Button. It will be useful for your awesome app.	1.1.0	74.26429159623802	37	0	0	0	minhhung2556	romanticdeveloper.com	Apache-2.0	2022-05-25T06:14:45.000Z
1352	simple_peer	Simple WebRTC. Similar to the simple-peer project in javascript.	0.0.10	74.22528496511075	4	6	0	0	simonbengtsson	flown.io	BSD-3-Clause	2022-11-22T19:18:52.000Z
1353	dart_big5	This package provides encode, decode method for big5.	0.0.5	74.21661682486022	1	0	1	0	RPMTW		NOASSERTION	2021-10-11T13:04:30.000Z
1354	dimension	A Flutter package that introduce the Dimension class. It mimics the css length unit and supports units like px, percentage, vw, vh, vmin ,and vmax.	0.1.6	74.18627833398345	11	3	1	1	KevinVan720	wenkaifan.com	MIT	2021-05-09T18:58:58.000Z
1355	binary_codec	Dart library for converting standard data types to a binary format and back	2.0.3	74.18194426385818	6	5	4	1	stefan-zemljic		MIT	2021-09-22T12:02:23.000Z
1356	galaxeus_lib	All in one library for help you make easy app on cross platform and support server side, inclue tcp, fetch, event emitter, websocket, and more.	0.0.34	74.17761019373293	1	0	0	0	galaxeus		NOASSERTION	2022-12-15T05:50:56.000Z
1357	toss_payment	Toss Payment Flutter Plugin This plugin provides a payments method using toss in ios and android app.	0.2.6	74.17327612360768	11	3	3	2	studio-b-co-kr		BSD-3-Clause	2022-09-30T00:10:17.000Z
1358	activity_ring	Flutter Library to create Progress bars in Apple Watch style rings.	0.3.0	74.14727170285616	21	6	5	1	akashgurava		MIT	2022-01-04T04:27:17.000Z
1359	flutter_tiktok_sdk	A Flutter plugin that lets developers access TikTok's native SDKs in Flutter apps with Dart	0.2.4	74.1429376327309	10	3	2	1	K9i-0	k9i.app	MIT	2022-11-06T05:04:52.000Z
1360	fluid_dialog	A dialog that  can switch between multiple contents and animates size and alignment dynamically.	1.1.0	74.11259914185412	30	2	0	0	RoundedInfinity	clevertasks.de	MIT	2022-11-17T14:25:26.000Z
1361	peerdart	Simple peer-to-peer with WebRTC for Dart. PeerJS port for Flutter.	0.3.2	74.10826507172887	11	34	7	1	MuhammedKpln		MIT	2022-11-28T15:13:20.000Z
1362	serverpod_auth_shared_flutter	Shared widgets for Flutter side authentication with Serverpod.	0.9.21	74.02158366922377	5	970	71	76	serverpod	serverpod.dev	BSD-3-Clause	2022-12-17T16:30:47.000Z
1363	creator	A state management library that enables concise, fluid, readable and testable business logic code.	0.2.2	74.01291552897325	51	180	13	1	liangxianzhe	chooly.app	MIT	2022-11-13T20:55:02.000Z
1364	nyxx_commands	A framework for easily creating slash commands and text commands for Discord using the nyxx library.	4.3.0	73.99991331859749	6	6	2	1	nyxx-discord	l7ssha.xyz	Apache-2.0	2022-12-12T07:46:56.000Z
1365	pushable_button	A 3D pushable button. Ideal for important CTAs in the app.	0.0.3	73.99124517834699	28	18	6	1	bizz84		MIT	2021-05-21T13:07:12.000Z
1366	cp949_codec	The best package for cp949 decoding/encoding. support null-safety, less memory comsumption. include examples and tests	0.1.1	73.98257703809648	4	3	0	3	letyletylety	letyarch.blogspot.com	BSD-3-Clause	2022-11-02T01:15:52.000Z
1367	tinkoff_acquiring	Flutter Tinkoff Acquiring SDK is a simple way to integrate payments into your mobile application.	3.0.7	73.97824296797123	31	41	6	4	MadBrains	madbrains.ru	MIT	2022-12-17T12:59:14.000Z
1368	events_emitter	An intuitive Event-based system, inspired by NodeJS's Event Emitter. Allows for multiple data types with type safety events. Based on JavaScript and suitable for Dart and Flutter.	0.5.2	73.95657261734495	6	5	1	0	DrafaKiller	drafakiller.com	MIT	2022-11-11T21:12:31.000Z
1369	any_animated_button	Button, which animates between idle, progress and success/error state, indicating that some process is running in the background.	0.0.4	73.9522385472197	49	0	0	0	appvinio	appvinio.com	MIT	2022-10-26T11:11:48.000Z
1370	easy_ads_flutter	Easy Ads is a wrapper around famous ad packages which let you integrate ads easily	1.0.6	73.94790447709444	37	15	10	3	nooralibutt	nooralibutt.com	MIT	2022-11-01T11:59:34.000Z
1371	pro_animated_blur	ProAnimatedBlur is a widget that blurs the underlying area of its child widget and it works like AnimatedContainer, AnimatedOpacity	0.0.2+1	73.94357040696919	46	6	0	0	yasinarik	yasinarik.com	BSD-3-Clause	2022-04-15T06:32:41.000Z
1372	media_cache_manager	This package helps you to cache media (Audio, Video, Image, etc...).	0.0.2+1	73.88289342521563	38	9	2	0	AhmedAbogameel		MIT	2022-07-13T14:13:24.000Z
1373	mparticle_flutter_sdk	mParticle Flutter Plugin - SDK wrapper for iOS, Android, and Web platforms	1.0.3	73.84822086421359	2	3	5	0	mParticle	mparticle.com	Apache-2.0	2022-12-15T16:05:35.000Z
1374	customizable_counter	a counter widget that support different kinds of customization.	1.0.4	73.8178823733368	3	2	1	0	ihjohny		MIT	2022-09-06T09:25:07.000Z
1375	flutter_lazy_indexed_stack	A Flutter package that exposes an `IndexedStack` that can be lazily loaded.	0.0.4	73.80488016296104	29	17	1	0	marcossevilla	marcossevilla.dev	MIT	2022-10-26T01:58:56.000Z
1376	flutter_audio_cutter	A package used to cut a segment from an audio file supported on Android	1.0.3+1	73.74853725133272	4	1	2	1	sondv301		MIT	2022-08-08T11:46:11.000Z
1377	sample_exception	Define a generic exception for all project and library. help the Developer code easer with error and exception.	1.0.2	73.73120097083171	0	0	0	0	sonnts996		AGPL-3.0	2022-06-20T04:24:42.000Z
1378	dashed_line	Draw dashed lines with any shape and style you want. Just like that.	0.1.0+1	73.72686690070645	38	16	2	3	leancodepl	leancode.co	Apache-2.0	2021-12-01T11:06:20.000Z
1379	cube_transition_plus	A nice 3D Cube effect for your PageView and PageRoute transitions.	2.0.1	73.68786026957916	5	13	13	7	aeyrium		Apache-2.0	2021-07-07T16:34:49.000Z
1380	flutter_nord_theme	An arctic, north-bluish theme for Flutter, based on the Nord theme.	2.1.0	73.66618991895288	8	7	2	0	Firefnix		NOASSERTION	2022-02-12T22:35:01.000Z
1381	flutter_file_saver	Interface to provide a way to save files on the device in Flutter.	0.6.1+1	73.65318770857712	4	6	1	0	TesteurManiak	rouxguillau.me	MIT	2022-10-31T07:16:07.000Z
1382	floating_ribbon	A new Flutter package for creating floating ribbons on images.	1.0.1	73.64451956832661	21	12	1	1	101Loop	mahengandhi.me	MIT	2019-08-16T16:26:23.000Z
1383	flui	FLUI is a powerful UI framework for Google Flutter. Including widgets kit and useful modules.	0.9.2	73.60551293719932	140	1380	137	12	Rannie	flui.xin	MIT	2022-10-15T08:41:39.000Z
1384	agconnect_auth	By integrating the Auth Service SDK into your app, you can easily and quickly provide functions such as registration and sign-in for your users.	1.5.0+300	73.57517444632255	3	9	1	3	AppGalleryConnect		Apache-2.0	2022-12-07T01:06:33.000Z
1385	flutter_image_utilities	Image file related utilities for saving an image as JPEG with the specified quality and size and for getting image properties.	2.1.0	73.56650630607203	12	2	0	2	kineapps	kineapps.com	BSD-3-Clause	2022-10-21T10:32:07.000Z
1386	quill_html_editor	HTML rich text editor for Android, iOS and Web, using the QuilJS library.	0.1.5	73.51016339444372	18	2	2	0	the-airbender		MIT	2022-12-17T13:04:27.000Z
1387	midtrans_sdk	A Flutter plugin for Midtrans Mobile SDK. Supports iOS and Android.	0.3.4	73.43215013218914	20	11	17	4	tomykho	tomykho.dev	MIT	2022-10-25T03:31:44.000Z
1388	native_video_player	A Flutter widget to play videos on iOS and Android using a native implementation.	1.1.0+2	73.39314350106186	6	0	2	3	albemala	albemala.me	MIT	2022-10-13T13:20:43.000Z
1389	serverpod_auth_client	Serverpod authentication client.	0.9.21	73.38880943093659	4	970	71	76	serverpod	serverpod.dev	BSD-3-Clause	2022-12-17T16:30:47.000Z
1390	gt3_flutter_plugin	The official flutter plugin project for geetest. Support Flutter 2.0.	0.0.8	73.38447536081134	3	0	3	2	GeeTeam	geetest.com	MIT	2022-06-14T03:26:39.000Z
1391	dart_pusher_channels	Dart implementation of client of Pusher Channels protocol, instrument to work with real-time applications.	0.3.1+1	73.37147315043558	16	9	3	3	kerimamansaryyev		MIT	2022-12-17T19:32:11.000Z
1392	functions_framework_builder	Builder for package:functions_framework	0.4.7	73.33680058943354	3	484	49	26	GoogleCloudPlatform	cloud.google.com	Apache-2.0	2022-11-30T03:47:21.000Z
1393	video_uploader	This flutter plugin is an easy way to upload video to api.video.	1.0.0	73.32813244918303	5	10	0	1	apivideo	api.video	MIT	2022-12-15T08:41:08.000Z
1394	flutter_chatgpt_api	Flutter/Dart API around ChatGPT for the unofficial ChatGPT API.	1.1.0	73.3021280284315	12	66	11	3	coskuncay	justec.dev	MIT	2022-12-12T16:31:08.000Z
1395	stickereditor	A widget that lets you modify and move your text and image according to your boundaries.	0.0.8	73.26745546742947	48	20	9	5	Harsh-Radadiya		MIT	2021-12-13T09:27:15.000Z
1396	desktop	Flutter design standard for desktop. Just simple, usable wigdets to create apps. See the galery for examples of the components used.	3.1.5	73.2544532570537	102	79	8	0	adrianos42	adrianosouza.dev	MIT	2022-11-16T00:54:10.000Z
1397	reactive_range_slider	Wrapper around RangeSlider to use with reactive_forms.	0.5.0	73.23278290642743	1	47	23	2	artflutter		MIT	2022-12-15T16:51:57.000Z
1398	json_tree_viewer	A simple tree widget to show json pretty.	0.0.2	73.22844883630218	4	0	2	0	youngchan1988	dev.apptoy.cc	BSD-3-Clause	2022-07-26T08:54:58.000Z
1399	telegram_client	Telegram Client Lightweight, blazing and Highly customizable for make application telegram based tdlib, mtproto, or bot api and support server side.	0.3.83	73.19377627530014	54	68	9	5	azkadev		NOASSERTION	2022-12-14T00:56:31.000Z
1400	fftea	Fast Fourier Transform (FFT) library that can handle inputs of any size. Includes related tools such as STFT and convolution.
	1.2.0+1	73.18510813504963	20	29	0	8	liamappelbe		Apache-2.0	2022-12-11T08:22:10.000Z
1401	coast	PageView wrapper that supports Hero-like animations	2.0.2	73.17643999479911	72	18	9	6	spkersten	spkersten.nl	MIT	2022-05-27T10:38:17.000Z
1402	wizard_router	Routing for linear wizards. No dependencies between pages. Pages merely request the next page. Routes and conditions defined in a central place.	0.9.0	73.16343778442335	7	20	4	1	ubuntu-flutter-community	canonical.com	BSD-3-Clause	2022-10-08T08:18:17.000Z
1403	cupertino_timer	An iOS style countdown timer. Inspired by the native timer app on iOS.	1.0.2	73.15476964417284	8	2	0	0	verygoodtechnologies	verygoodtech.co	BSD-3-Clause	2022-07-30T14:47:33.000Z
1404	flutter_play_asset_delivery	A new flutter plugin project.	0.0.2	73.15043557404759	4	0	2	0	yucon-digital		MIT	2021-11-03T16:21:06.000Z
1405	shared_preferences_settings	Settings Screen with Shared Preferences	1.2.0	73.12443115329607	32	66	31	18	barnabasbartha		MIT	2021-10-21T12:05:19.000Z
1406	category_picker	An input widget to handle selection of category like choices. Inspired by the YouTube recommendations bar on the home page.	1.0.1	73.1114289429203	23	0	0	0	ecrax		GPL-3.0	2021-01-10T09:20:05.000Z
1407	agconnect_applinking	AGC App Linking Kit plugin for Flutter.This Kit allows you to create cross-platform links that can work as defined regardless of whether your app has been installed by a user.	1.5.0+300	73.0637541715425	2	9	1	3	AppGalleryConnect		Apache-2.0	2022-12-07T01:06:33.000Z
1408	flex_with_main_child	A Flex (i.e. Column or Row) that sizes itself to its main child in the cross axis direction.	0.2.1	73.05942010141723	6	4	1	1	chomosuke		BSD-3-Clause	2022-08-31T09:33:51.000Z
1409	dropdown_selection	frok from dropdown_search , fix dialog option size not dynamic issue	2.0.3	72.98574090928791	3	239	219	11	salim-lachdhaf		MIT	2022-12-05T08:46:47.000Z
1410	tinkoff_acquiring_flutter	Flutter Tinkoff Acquiring SDK is a simple way to integrate payments into your mobile application.	3.0.7	72.98140683916266	2	41	6	4	MadBrains	madbrains.ru	MIT	2022-12-17T12:59:14.000Z
1411	simple_form_builder	A simple form builder that lets you create a complete form from a simple JSON data.	0.0.22	72.9597364885364	21	6	7	0	tanmoy27112000		BSD-3-Clause	2022-12-04T22:14:21.000Z
1412	multiple_random_choice	A function library to choose multiple items randomly. This library supports weighted randomly choosing too. Typical examples of usage are lottery and gacha.	0.1.3+1	72.91206171715858	3	0	0	1	MenEnger	hrimfaxi-lab.com	BSD-3-Clause	2021-12-18T02:18:43.000Z
1413	geoclue	GeoClue: The Geolocation Service	0.1.1	72.83404845490399	2	7	4	1	canonical	canonical.com	MPL-2.0	2022-11-22T06:14:47.000Z
1414	google_vision	Allows you to add Google Visions image labeling, face, logo, and landmark detection, OCR, and detection of explicit content, into applications.	1.0.5+3	72.82538031465349	8	5	2	0	faithoflifedev	muayid.com	MIT	2022-12-01T14:38:15.000Z
1415	flutter_code_editor	A customizable code field supporting syntax highlighting and code folding.	0.2.1	72.81671217440298	12	12	0	24	akvelon	akvelon.com	Apache-2.0	2022-12-09T03:59:08.000Z
1416	sealed_flutter_bloc	flutter_bloc state management extension that integrates sealed_unions.	8.0.0	72.73003077189789	60	70	13	1	felangel	bloclibrary.dev	MIT	2021-11-18T17:10:37.000Z
1417	debug_logger	A liteweight utility used for logging values to debug console.	0.0.23	72.67802193039483	7	0	0	0	savannahghi	savannahghi.org	MIT	2022-10-27T07:27:15.000Z
1418	mono_kit	A collection of convenient widgets and utils made by mono. Under construction now.	0.32.0	72.6520175096433	7	65	5	0	mono0926	mono0926.com	MIT	2022-11-17T08:36:05.000Z
1419	double_tap_player_view	a widget to handle fast forward/rewind behavior by double tap and horizontal drag like a video player.	2.0.2	72.64768343951805	33	6	2	0	HiroyukiTamura		Apache-2.0	2022-02-03T11:49:21.000Z
1420	dart_periphery	dart_periphery is a Dart port of the native c-periphery library for Linux Peripheral I/O (GPIO, LED, PWM, SPI, I2C, MMIO and Serial peripheral I/O).	0.9.3	72.63901529926754	33	25	4	3	pezi	flutterdev.at	BSD-3-Clause	2022-12-15T15:59:21.000Z
1421	cloudinary_dart	Cloudinary is a cloud service that offers a solution to a web application's entire image management pipeline	0.0.10	72.62167901876653	1	4	0	0	cloudinary	cloudinary.com	MIT	2022-12-01T09:45:02.000Z
1422	easy_onvif	A pure Dart library designed primarily for command line automation of Onvif compatible devices, but can be used anywhere Dart is used.	2.0.13+17	72.60867680839075	10	13	6	2	faithoflifedev	muayid.com	MIT	2022-12-14T20:44:29.000Z
1423	all_lint_rules_community	Automatically updated all lint rules file !	0.0.20	72.6043427382655	14	21	1	0	gaetschwartz		MIT	2022-12-13T12:27:33.000Z
1424	vin_decoder	Dart library for working with Vehicle Identification Numbers (VINs) based on ISO 3779:2009 and World Manufacturer Identifiers (WMIs) based on ISO 3780:2009, enriched by NHTSA data.	0.1.4+1	72.58267238763924	13	23	9	3	adaptant-labs	adaptant.io	Apache-2.0	2022-12-07T19:49:44.000Z
1425	okhi_flutter	The OkHi Flutter library will enable you to start collecting and verifying your user's addresses.	1.0.7	72.52199540588566	2	0	0	0	OkHi	okhi.co	MIT	2022-11-16T17:36:07.000Z
1426	flutter_custom_calendar	A calendar control of flutter that supports three selection modes。	1.0.5	72.49599098513414	9	9	20	0	ifgyong		BSD-2-Clause	2020-10-23T02:06:29.000Z
1427	flutster	Record your Flutter UI tests using this Widget on Android. Save the UI tests to play them again automatically.	1.0.1	72.46565249425736	6	0	0	0	jod-li	jod.li	MIT	2022-08-05T07:12:57.000Z
1428	firebase_auth_dart	Pure Dart implementation of FlutterFire Auth API	1.0.1	72.43531400338058	19	284	35	18	invertase	invertase.io	NOASSERTION	2022-11-05T03:27:18.000Z
1429	admob_consent	A wrapper for Google's User Messaging Platform (UMP) SDK, used for consent gathering (i.e. GDPR, ATT) on Android and iOS.	1.1.2	72.40064144237853	19	13	12	16	Anteger	anteger.com	Apache-2.0	2021-06-22T01:33:09.000Z
1430	flutter_prince_of_versions	Library for easier versioning of your applications. You can check for updates from a remote server, Google Play or App Store.	2.2.1	72.39630737225329	7	5	0	0	infinum	infinum.com	MIT	2022-11-07T09:48:07.000Z
1431	monarch	Code generator for Monarch. Monarch is a tool for building Flutter widgets in isolation. It makes it easy to build, test and debug complex UIs.	3.0.0	72.38763923200278	59	334	10	8	Dropsource	monarchapp.io	MIT	2022-12-14T20:57:36.000Z
1432	rest_api_client	Abstraction for communicating with REST API in flutter projects. Incorporates exception handling and jwt with refresh token authorization.	2.1.5	72.36163481125124	21	9	3	3	salihagic		MIT	2022-10-08T14:34:12.000Z
1433	fading_images_slider	An images slider widget. Supports infinite scroll. It's easy to use and edit.	0.0.4	72.357300741126	7	0	1	0	eademir		BSD-3-Clause	2021-09-26T20:46:58.000Z
1434	spider_chart	Spider Chart is a simple spider/radar charting library for Flutter	0.2.0	72.34429853075022	24	11	5	2	cnsumner		MIT	2022-10-31T03:25:56.000Z
1435	dartz_test	Provides matchers to help unit-testing your apps when using functional programming types defined in the dartz package.	0.1.1	72.29228968924717	0	0	1	0	SuperMuel	supermuel.fr	BSD-3-Clause	2022-11-17T09:30:50.000Z
1436	weight_slider	Customisable slider widget for retrieving a person's weight/mass.	1.2.2	72.28795561912192	26	4	4	0	coval-solutions	covalsolutions.com	MIT	2021-06-07T12:01:13.000Z
1437	rulers	A Flutter Widget to show Ruler with selected values.Rulers like UI to show measurement or selection within some range.	1.0.7	72.2706193386209	14	16	4	1	theshivamlko	navoki.com	NOASSERTION	2022-02-06T14:26:43.000Z
1438	custom_signin_buttons	A package designed to create sign in buttons in an easier and more customizable way.	1.0.2	72.26195119837038	3	0	0	0	DarkHachi		MIT	2022-04-29T16:33:06.000Z
1439	at_client	The at_client library is the non-platform specific Client SDK which provides the essential methods for building an app using the atProtocol.	3.0.49	72.25328305811988	12	1582	30	122	atsign-foundation	atsign.org	BSD-3-Clause	2022-12-16T12:36:09.000Z
1440	fluid_kit	Responsive helper for fluid layout. Allows you to control the layout of children based on minimum width and grid.	2.1.0	72.22727863736836	48	6	1	0	andyduke	amazingsoftworks.com	BSD-3-Clause	2022-03-24T12:21:57.000Z
1441	theme_tailor	Code generator for Flutter's 3.0 ThemeExtension classes.  The generator can create themes and extensions on BuildContext  or ThemeData based on the lists of the theme properties
	1.0.8	72.17526979586529	63	33	7	5	Iteo	iteo.com	MIT	2022-12-13T13:45:39.000Z
1442	bolt11_decoder	A decoder for Bitcoins Lightning Network BOLT11 invoices for use in wallet apps.	1.0.1	72.17093572574004	2	4	4	1	fusion44	sendmany.app	MIT	2022-05-01T07:51:46.000Z
1443	state_set	Collects State Objects by type into a Map object for realiable access across the app.	3.6.0+06	72.14926537511377	3	4	0	0	AndriousSolutions	andrioussolutions.com	NOASSERTION	2022-09-24T17:45:13.000Z
1444	universe	The easy & flexible way to use interactive maps in Flutter. Inspired by Leaflet.js.	1.1.3-nullsafety	72.14493130498852	81	27	7	6	salkuadrat		BSD-2-Clause	2022-03-26T19:21:06.000Z
1445	reactive_color_picker	Wrapper around `flutter_colorpicker` to use with `reactive_forms`.	0.4.0	72.136263164738	1	47	23	2	artflutter		MIT	2022-12-15T16:51:57.000Z
1446	stash_dio	Dio extension for the stash API. Provides an interceptor that uses stash as a caching layer for Dio	4.5.0	72.10592467386122	7	72	10	0	ivoleitao	ivoleitao.dev	MIT	2022-12-05T23:19:18.000Z
1447	reactive_raw_autocomplete	Wrapper around RawAutocomplete to use with reactive_forms	0.5.0	72.10159060373597	3	47	23	2	artflutter		MIT	2022-12-15T16:51:57.000Z
1448	flutter_datawedge	A Flutter package to communicate with Zebra DataWedge scanners using the DataWedge Intent API	1.1.0	72.0972565336107	10	1	0	0	circus-kitchens	circuskitchens.com	MIT	2022-12-17T16:06:56.000Z
1449	plist_parser	A Flutter Plugin for Plist parser supporting XML and Binary formats.	0.0.9	72.04958176223292	4	4	3	0	dirablue		MIT	2022-05-11T15:05:20.000Z
1450	umbra_flutter	An accompanying Flutter library for generated Umbra shaders.	0.1.0-dev.4	72.01490920123088	13	189	9	5	wolfenrain	wolfenra.in	MIT	2022-10-31T13:27:47.000Z
1451	payjp_flutter	A Flutter plugin for PAY.JP Mobile SDK.	0.5.0	71.96723442985308	2	7	4	5	payjp		MIT	2022-11-04T02:50:32.000Z
1452	multi_trigger_autocomplete	A flutter widget to add trigger based autocomplete functionality to your app.	0.1.1	71.94123000910155	40	77	9	3	xsahil03x		MIT	2022-11-15T15:08:34.000Z
1453	uploadcare_flutter	A flutter/dart library for working with Uploadcare REST API. File uploads, media processing, and adaptive delivery for web and mobile.	4.2.1	71.91522558835001	12	19	7	0	KonstantinKai	konstantinkai.dev	BSD-3-Clause	2022-11-11T10:33:13.000Z
1454	bluetooth_connector	A new flutter plugin project.	0.0.3	71.88488709747324	6	0	0	1	jayjay21redball		MIT	2021-12-15T07:46:32.000Z
1455	epson_epos	This plugin allows Flutter apps to discover printers and send data to EPSON ePOS.	0.0.2	71.85454860659645	6	11	8	6	mrtungdev	mrtung.dev	MIT	2022-08-10T20:17:33.000Z
1456	docking	Flutter layout for placing widgets in docking areas and arrange them into split and tabbed views.	1.5.0	71.84588046634595	24	21	5	2	caduandrade	caduandrade.net	MIT	2022-11-20T14:38:31.000Z
1457	hive_local_storage	A cache helper which uses hive and flutter_secure_storage to make ease to store session and encrypted data	1.0.1	71.8025397650934	4	2	1	0	kishor98100	kishormainali.com	MIT	2022-12-05T13:17:41.000Z
1458	animated_onboarding	Animated onboarding process for your Flutter app. This library contains a pre-build animation for your app.	0.0.2	71.79820569496815	29	5	5	0	HenrikThien		NOASSERTION	2020-07-27T16:01:07.000Z
1459	via_cep	Uma biblioteca para consulta de CEP para desenvolvedores Dart (Console, Web e Flutter).	1.0.6	71.7938716248429	11	16	13	5	mateuspenha		BSD-3-Clause	2021-10-05T14:29:36.000Z
1460	storage_repository	Abstraction for reading and persisting data to platform specific storage.	1.1.9	71.71152429246305	5	1	1	0	salihagic		MIT	2022-06-22T11:42:21.000Z
1461	combine	A Flutter package which allows you to work with MethodChannels in Isolate and provides simplified Isolate and Thread Pool API.	0.4.0	71.64651324058423	20	17	1	0	Maksimka101		MIT	2022-12-11T21:55:07.000Z
1462	class_to_map	This package provides two extesions, for converting a class to Map<String, dynamic> and vice versa.	0.0.1	71.63351103020847	3	2	0	1	EddieKamau		MIT	2021-06-24T17:48:57.000Z
1463	alphabet_list_view	A ListView with sticky headers and an iOS-like clickable sidebar.	0.1.4	71.62917696008321	11	2	4	0	cosee	cosee.biz	BSD-3-Clause	2022-06-13T10:24:34.000Z
1464	flutter_image_map	Image map, create areas with customizable colors on an image and response to clicking/touching. Just like what we have in html.	0.9.3	71.61617474970745	16	6	1	0	itzMeerkat		BSD-3-Clause	2022-05-09T21:17:37.000Z
1465	flutter_custom_theme	Make your own custom theme for custom components. Easily share it between projects and customize.	0.2.1	71.59450439908119	11	2	0	1	Innim	innim.ru	BSD-3-Clause	2021-05-04T11:47:27.000Z
1466	localregex	Collection of regex patterns commonly used in Zimbabwe. Regex patterns include mobile numbers, passports, vehicle license plates, driver's license, email addresses and passwords	4.0.1+4	71.58150218870541	18	4	3	0	iamngoni	iamngoni.co.zw	MIT	2022-11-17T14:04:54.000Z
1467	firebaseapis	Auto-generated client libraries for accessing Firebase APIs described through the API discovery service.	0.1.2	71.5554977679539	7	19	5	2	invertase	invertase.io	Apache-2.0	2022-05-12T11:40:36.000Z
1468	tilt	Easy access to the current tilt on `x` and `y` axis.	0.0.2	71.46014822519828	2	0	0	1	mia-recki		MIT	2022-02-26T18:58:35.000Z
1469	xxh3	A Dart implementation (port) of the XXH3 hashing algorithm from xxHash.	1.0.1	71.44281194469725	3	1	0	0	SamJakob	samjakob.com	MIT	2022-04-21T00:17:44.000Z
1470	flutter_next	A flutter package for faster UI developement and provide responsiveness for flutter web applications and has multiple extensions.	0.1.1	71.43847787457202	33	9	3	0	shashiben	shashiben.me	MIT	2022-09-19T07:22:10.000Z
1471	floating_overlay	A widget wrapper that allows a floating widget be dragged and rescaled.	1.2.1	71.43414380444676	16	2	0	4	FMorschel		MIT	2022-06-23T14:03:36.000Z
1472	dyn_mouse_scroll	A wrapper for scrollable widgets that enables smooth scrolling with a mouse on all platforms.	1.0.7	71.42114159407099	15	3	1	3	Bluebar1	nickblaauboer.com	MIT	2022-11-19T19:55:07.000Z
1473	dart_markdown	A portable Markdown library written in Dart that can parse Markdown into AST and HTML.	3.1.4	71.39947124344472	7	2	2	5	tagnote-app	tagnote.app	BSD-3-Clause	2022-11-24T18:30:17.000Z
1474	at_contact	A Dart library for managing contact data that developers can use for their applications.	3.0.7	71.37780089281844	10	35	10	15	atsign-foundation	atsign.org	BSD-3-Clause	2022-12-16T04:23:20.000Z
1475	cli_completion	Completion functionality for Dart Command-Line Interfaces built using CommandRunner. Built by Very Good Ventures.	0.1.0+1	71.37346682269319	8	17	0	5	VeryGoodOpenSource	verygood.ventures	MIT	2022-12-16T11:36:29.000Z
1476	network_handler	Notifies your app whenever your device's network connection status changes	1.0.1	71.33012612144064	4	1	0	0	diego-cc		MIT	2021-05-27T08:01:30.000Z
1477	selectable_list	A widget displaying a list of selectable items.
When one of the items is selected, the other elements  of the list are animated out, leaving the selected value. 
	0.1.1	71.32145798119014	35	5	2	0	SylvainLosey	sylvainlosey.com	MIT	2022-06-21T10:07:02.000Z
1478	pluto_layout	PlutoLayout is a Flutter UI package that can configure a menu or tab screen on each side.	0.3.0	71.31278984093963	33	33	4	1	bosskmk	weblaze.dev	MIT	2022-11-14T21:29:33.000Z
1479	maps_places_autocomplete	A simple package to places autocomplete address.	0.0.2	71.29111949031335	4	0	1	1	leandro-zanardi	superopa.com	Apache-2.0	2022-04-08T19:01:26.000Z
1480	biometricx	The easy way to use biometric authentication in your Flutter app.	0.0.2	71.25644692931131	25	13	3	3	salkuadrat		MIT	2021-08-17T04:42:41.000Z
1481	emoji_selector	An Emoji picker component for Flutter with the latest set of emojis. The current version supports Emoji version 13.	0.0.5	71.24777878906082	14	1	3	1	Alfaizkhan		MIT	2022-12-11T07:11:04.000Z
1482	event_listener	A dart package implements NodeJS style event listening functionality	0.2.0	71.22177436830927	0	1	1	0	behemehal	behemehal.net	MIT	2021-11-30T14:20:57.000Z
1483	meta_seo	Meta SEO is package for adding meta data for html document in head tag which meta tags or meta data make search engine optimization for web apps.	1.0.4	71.19576994755775	23	1	0	0	Eng-Mouaz-M-AlShahmeh		MIT	2022-12-15T10:05:18.000Z
1484	ai_barcode_web	scan barcode and create barcode 's plugin interface from 'ai_barcode' plugin.	3.0.1	71.1914358774325	0	108	69	32	pdliuw		BSD-3-Clause	2022-10-12T16:42:15.000Z
1485	forex_conversion	A Flutter Package for real-time forex prices and conversions.	0.0.3	71.18276773718199	5	1	0	0	hamzakhurshid12		NOASSERTION	2021-09-20T20:41:52.000Z
1486	free_place_search	Free Place Search using Photon API	1.0.4	71.16109738655571	3	1	0	3	gauravmehta13		MIT	2022-09-30T09:51:37.000Z
1487	daydart	With the same Day. JS API time processing library, convenient to do DateTime operation.	0.0.5	71.13075889567894	2	7	1	1	csjiabin		MIT	2022-01-24T06:53:42.000Z
1488	fff	Dart package for convenient work with color. It will allow you to convert colors between rgb, rgba and hex formats.	2.0.0	71.1047544749274	2	9	3	2	vdakalov	dev.vihtor.ru	NOASSERTION	2021-03-12T04:25:08.000Z
1489	keep_keyboard_popup_menu	A popup menu that will keep keyboard open.	2.0.5	71.0960863346769	19	3	9	5	PegasisForever		WTFPL	2021-09-13T15:23:59.000Z
1490	mvvm	A Flutter MVVM. It uses property-based data binding to establish a connection between the ViewModel and the View, and drives the View changes through the ViewModel.	0.5.2	71.09175226455164	31	126	22	1	unicreators		MIT	2022-02-28T11:39:54.000Z
1491	adaptive_layout	A flutter package that facilitates implementing layouts that adapt to different screen widths.	0.1.7	71.08308412430114	11	5	0	0	toureholder	toureholder.com	MIT	2022-02-12T21:34:16.000Z
1492	xdg_icons	XDG theme icons for Flutter.	0.0.1	71.0570797035496	2	10	1	0	ubuntu-flutter-community		MPL-2.0	2022-07-20T21:13:31.000Z
1493	dart_mssql	High Performance Microsoft SQL Server Driver for Dart (32 & 64bits)	1.0.1	71.0484115632991	28	26	6	7	MoacirSchmidt		BSD-2-Clause	2019-09-23T22:26:13.000Z
1494	model	Manage database easier. Use models to represent rows of database. Create database structure using object-oriented dart and leave all SQL strings hidden.	0.1.3	70.99206865167078	0	2	0	1	romanstrazanec		BSD-3-Clause	2021-02-17T15:20:19.000Z
1495	cupertino_text_button	Buttons that look like cupertino ones.	0.0.5	70.98773458154552	0	0	0	2	nivisi		MIT	2021-11-17T17:46:25.000Z
1496	type_plus	Give your types superpowers and spice up your generics. Make types great again.	0.6.3	70.97906644129502	11	7	2	0	schultek	schultek.de	GPL-3.0	2022-03-15T11:13:52.000Z
1497	my_logger	MyLogger provides quick &amp; simple logging solution. All logs are saved to the DB which can be exported into files.	1.0.0	70.961730160794	3	2	0	0	mjablecnik		MIT	2022-03-23T11:32:00.000Z
1498	google_maps_webservice_ex	A Simple package to consume the google maps web service. This library is a null compliant version of google_maps_webservice.	0.0.1+2	70.93572574004247	2	143	143	35	lejard-h		BSD-3-Clause	2021-09-28T05:50:29.000Z
1499	flutter_layouts	Useful & production ready flutter layouts. not as examples, but as package. based on real-world apps	0.0.2+1	70.93139166991722	2	10	2	0	softmarshmallow	softmarshmallow.com	MIT	2021-05-26T20:08:48.000Z
1500	time_span	a dart library that calculates the time span in hours or minutes for two given time strings of format HH:MM.	2.0.2	70.90105317904045	5	1	0	0	AndreeWille		BSD-3-Clause	2021-05-27T08:49:58.000Z
1501	reactive_cupertino_switch	Wrapper around CupertinoSwitch to use with reactive_forms.	0.4.0	70.83604212716162	2	47	23	2	artflutter		MIT	2022-12-15T16:51:57.000Z
1502	dart_hydrologis_utils	Common dart utilities lib for our projects.	0.6.1	70.83170805703635	1	3	4	0	moovida	hydrologis.com	BSD-3-Clause	2022-09-09T09:30:34.000Z
1503	text_selection_controls	Create a custom text selection controls on top of the current copy, cut, paste and select all options to use them in your SelectableText or TextField widgets.	0.0.2	70.82737398691111	9	9	12	6	moneyeSir		BSD-3-Clause	2022-09-28T01:18:44.000Z
1504	global_snack_bar	Provides a convenient way to summon a SnackBar Widget on any open page, without much extra code.	0.0.12	70.82303991678586	3	0	3	3	0x07dc		MIT	2022-04-01T15:20:45.000Z
1505	password_hash_plus	PBKDF2 password hashing utility. This plugin is a null-safety version of password_hash, you can use it if you need Flutter 2.x and above.	4.0.0	70.79270142590907	0	0	0	0	LiWenHui96		Apache-2.0	2022-05-16T02:48:19.000Z
1506	color_convert	A color conversion library for Dart. It converts all ways between rgb, hsl, hsv, hwb, cmyk, ansi, ansi16, hex strings, and CSS keywords (will round to closest).	1.0.2	70.78403328565857	8	2	4	4	crystalboxes		MIT	2021-11-12T15:42:12.000Z
1507	lorem_gen	A simple and lite `Dart` package to generate Lorem (Ipsum) and populate your app with random generated text.	2.0.1	70.68868374290295	3	1	0	0	belachkar		MIT	2022-07-12T03:33:04.000Z
1508	supabase_auth_ui	UI library to implement auth forms using Supabase and Flutter	0.0.1	70.6843496727777	24	20	9	4	supabase-community	supabase.io	MIT	2022-11-03T02:36:35.000Z
1509	playbook	Playbook package.	0.0.4	70.65834525202618	1	42	5	5	playbook-ui		BSD-3-Clause	2022-10-24T02:17:33.000Z
1510	flutter_bbcode	A package to display BBCode text in Flutter apps. Manage your own tags or use those of others.	1.2.0	70.59766827027262	3	3	2	1	MartenM	mstruijk.nl	BSD-3-Clause	2022-10-14T18:03:57.000Z
1511	flutter_marquee	A new Flutter package.	2.0.1	70.57599791964634	1	0	0	0	openusen		MIT	2021-07-02T05:04:49.000Z
1512	serverpod_chat_server	Serverpod chat server module.	0.9.21	70.56299570927057	0	970	71	76	serverpod		BSD-3-Clause	2022-12-17T16:30:47.000Z
1513	height_slider	Customisable slider widget for retrieving a person's height.	1.3.2	70.53699128851905	21	15	9	1	coval-solutions	covalsolutions.com	MIT	2021-06-07T12:06:18.000Z
1514	cc_avenue	cc_avenue payment gateway non-seamless method. you can use this package to call the native code in android to load payment gatway in the webview	1.0.3	70.51532093789278	9	0	3	1	avinash-gotluru	avinashgotluru.me	MIT	2022-08-03T09:51:59.000Z
1515	simple_json_form	A simple form builder that lets you create a complete form from a simple JSON data.	0.0.3	70.51098686776753	6	4	3	2	CodesFirst	codesfirst.com	BSD-3-Clause	2022-10-16T06:14:14.000Z
1516	flutter_brand_palettes	A collection of elegant, declarative classes for the color palettes of popular brands and companies.	0.5.0	70.47631430676549	34	8	2	3	dartoos-dev	dartoos.dev	MIT	2022-11-30T23:18:21.000Z
1517	moyasar_payment	Flutter library for Moyasar. Supports Apple Pay, STC Pay and Credit Card.	0.1.4	70.47198023664023	8	12	4	1	mahmmd	mohammed-dev.com	MIT	2022-11-21T17:14:53.000Z
1518	dart_phonetics	A collection of phonetic algorithms. These algorithms help find words or names that sound similar by generating an encoding that can be compared or indexed for fuzzy searching.	1.0.1	70.4373076756382	14	9	3	0	raycardillo	cardilloonline.com	Apache-2.0	2021-09-05T05:13:51.000Z
1519	evil_icons_flutter	Icon evil pack with the code to support flutter, easy use, beautifully.	0.5.0	70.41563732501191	6	3	2	0	tvc12	4pet.social	MIT	2021-03-27T14:46:38.000Z
1520	tiktok_login_flutter	TikTok login for flutter.	0.0.3	70.41130325488666	5	1	1	0	Raiinmaker		BSD-3-Clause	2022-06-02T17:11:13.000Z
1521	luhn_algorithm	Luhn algorithm is an implementation of the famous Luhn algorithm in Dart. Generate, checksum and validate.	1.0.0+1	70.39396697438565	2	0	0	0	matejhocevar	matox.si	MIT	2022-09-09T08:25:50.000Z
1522	tabular	Dart library for displaying tabular data in a visually appealing ASCII table format.	0.6.3+1	70.35496034325836	8	5	1	0	rtmigo	revercode.com	MIT	2021-11-23T09:46:51.000Z
1523	auto_validate	Auto Validate Package. This package will help you to auto validate used regular expressions.	1.0.8	70.33328999263207	43	5	3	0	Mahmoud-ElShenawy		MIT	2021-12-28T15:37:27.000Z
1524	memory_cache	Memory Cache is simple, fast and global in-memory cache with CRUD features.	1.1.0	70.31161964200581	15	5	0	0	gokberkbar	gokberk.dev	MIT	2022-08-10T10:58:15.000Z
1525	auto_animated_list	ListView Widget that supports automatic animations  when list items are changed.	1.0.3	70.30728557188056	20	0	0	0	eterkit	eterkit.com	BSD-3-Clause	2022-12-16T15:08:13.000Z
1526	flutter_svg_image	Svg ImageProvider for Flutter. Use jovial_svg to parse svg and use flutter_cache_manager to cache svg files.	1.0.0	70.3029515017553	2	1	0	0	xuelongqy		MIT	2022-11-08T09:30:38.000Z
1527	side_effect_bloc	Extended bloc with second stream of side effect value.	1.0.0	70.27694708100377	2	2	1	1	AnnaVadimovna	georgeci.com	MIT	2022-07-28T14:35:58.000Z
1528	reaction_askany	Package help show popup reaction like Facebook and wrapper for widget (Show anyone who reaction this message).	0.1.0	70.25094266025225	35	5	1	0	Iambiengcode	lambiengcode.ml	MIT	2022-10-28T02:44:01.000Z
1529	plugin_screeb	A Flutter plugin to integrate Screeb mobile sdk for Android and/or iOS.	0.1.1	70.24227452000173	5	2	1	0	ScreebApp		MIT	2022-11-02T18:21:04.000Z
1530	nyxx_lavalink	Nyxx Lavalink Module	3.1.0	70.21193602912496	5	264	40	4	nyxx-discord	l7ssha.xyz	Apache-2.0	2022-12-12T17:07:06.000Z
1531	blackfoot_flutter_lint	Recommended lints for Blackfoot's Flutter apps to encourage good coding practices.	1.0.6	70.17726346812292	4	1	0	0	blackfoot-makers	blackfoot.io	BSD-3-Clause	2022-07-06T16:22:11.000Z
1532	murmurhash	MurmurHash v3 Implementation in Dart.	1.0.1	70.12958869674512	1	4	2	0	HosseinYousefi	identi.app	MIT	2021-11-10T12:25:38.000Z
1533	cnpj_cpf_formatter	This library gives you a formatter to CNPJ or CPF documents. Enjoy it!	1.0.8	70.12525462661986	4	0	1	1	evandrofuhr		NOASSERTION	2020-07-06T17:15:59.000Z
1534	iterable_flutter	Flutter implementation for iterable.com Cross Channel Marketing Platform	0.5.7	70.10358427599358	8	5	10	7	la-haus		MIT	2022-08-24T14:55:58.000Z
1535	masamune	Package that supports Flutter states and their transitions using the Model Notifier package and the Katana Routing package.	0.15.3+11	70.09925020586833	2	1	2	0	mathrunet	mathru.net	BSD-3-Clause	2022-12-17T02:07:04.000Z
1536	reactive_file_picker	Wrapper around file_picker to use with reactive_forms.	0.11.0	70.09491613574308	4	47	23	2	artflutter		MIT	2022-12-15T16:51:57.000Z
1537	domain_verification_manager	Use the DomainVerificationManager API for Android from Flutter.	1.0.0	70.09058206561782	3	3	0	0	vixez	glennruysschaert.com	MIT	2022-08-02T09:39:11.000Z
1538	easy_cron	Parse cron string to schedule and generate previous or next schedule item.	0.9.2	70.08624799549257	6	2	1	0	karbunkul		MIT	2022-11-27T20:49:18.000Z
1539	style_cron_job	Style Cron Job is periodic operations executor and definator with basic syntax. You can define a period and run your process with your own executor or through the controller.	1.0.4+2	70.07757985524205	43	6	0	0	Mehmetyaz	styledart.dev	AGPL-3.0	2022-06-23T14:54:45.000Z
1540	flutter_geopackage	A module to support OGC geopackage with sqlite.	0.6.0	70.05590950461578	2	8	2	0	moovida	hydrologis.com	Apache-2.0	2022-09-16T08:41:21.000Z
1541	cafebazaar_flutter	CafeBazaar In-App Billing package for flutter upgrade to poolakey this package is just for android applications	1.0.2	70.04290729424002	32	27	7	7	javad-zobeidi	flutterfarsi.ir	BSD-3-Clause	2020-09-08T08:26:30.000Z
1542	easy_scroll_to_index	A new Flutter package support scroll to index for Listview, Gridview and NestedScrollView	1.0.2+1	70.02557101373901	11	4	0	1	dinhhung1999		MIT	2021-10-11T10:41:51.000Z
1543	fading_image_button	A Flutter image button widget, that fades between default and pressed state.	0.10.0+0	70.00390066311273	2	0	0	0	jibbex	michm.de	MIT	2021-05-19T21:28:47.000Z
1544	text_parser	A Dart package for parsing text flexibly according to preset or custom regular expression patterns.	0.4.1	69.98223031248646	4	2	0	0	kaboc	kaboc.cc	MIT	2022-11-21T10:26:23.000Z
1545	pin_lock	A full solution to local authentication: it contains authentication logic and tracks authentication-relevant data, while providing an interface for app-specific UI implementatin.	0.0.2	69.95189182160966	11	3	6	2	DutchCodingCompany	dutchcodingcompany.com	MIT	2022-11-07T12:18:17.000Z
1546	amplify_api_android	The method channel implementation for amplify_api on Android	0.6.10	69.94322368135917	0	1128	176	192	aws-amplify	aws-amplify.com	Apache-2.0	2022-12-17T00:16:28.000Z
1547	big_dart	A small, fast, easy-to-use library for arbitrary-precision decimal arithmetic.	1.0.1	69.92588740085814	3	3	1	0	serdimoa		MIT	2021-12-17T17:24:31.000Z
1548	playbook_ui	Playbook UI package.	0.0.5	69.91288519048237	0	42	5	5	playbook-ui		BSD-3-Clause	2022-10-24T02:17:33.000Z
1549	automap	An auto mapper for Dart. It allows mapping objects of different classes automatically and manually using JSON serialization.	0.0.3	69.90855112035713	11	7	0	0	leynier		MIT	2021-04-24T16:53:02.000Z
1550	enum_flag	Package to create enums for flags using bitmask in Dart using a mixin and extensions.	1.0.1	69.90421705023188	4	7	0	0	leynier		MIT	2022-12-08T06:29:58.000Z
1551	books_finder	A library to help on the search for books on google books api	4.3.0	69.88688076973085	20	18	11	6	bdlukaa	bdlukaa.dev	BSD-3-Clause	2022-10-26T09:20:23.000Z
1552	ai_barcode_platform_interface	scan barcode and create barcode 's plugin interface from 'ai_barcode' plugin.	3.0.1	69.83920599835305	1	108	69	32	pdliuw		BSD-3-Clause	2022-10-12T16:42:15.000Z
1553	binance_spot	Unofficial Dart wrapper for Binance SPOT API (REST endpoints + Websockets).	0.0.2	69.7958652971005	12	9	6	2	AmauryBuguet		MIT	2022-06-22T11:09:35.000Z
1554	format_indonesia	Library for Indonesian formatting	0.1.0	69.78719715685	13	2	0	0	mynameismail		BSD-3-Clause	2020-06-20T15:32:35.000Z
1555	dynamsoft_capture_vision_flutter	Dynamsoft Capture Vision Flutter SDK provides the ability to decode barcodes, recognize labels, detect and normalize documents.	1.2.0	69.76986087634897	29	2	1	0	Dynamsoft	dynamsoft.com	NOASSERTION	2022-12-15T09:57:35.000Z
1556	text_to_speech_platform_interface	A common platform interface for text_to_speech plugin	0.1.3	69.76119273609847	0	0	0	0	ixsans		BSD-3-Clause	2021-07-26T03:20:19.000Z
1557	tuple_dart	A library providing a tuple data structure for Dart and a convenient way to use it	1.4.2	69.75685866597323	2	1	0	0	avdosev		MIT	2022-04-05T11:08:17.000Z
1558	telematics_sdk	A Flutter plugin for integration Telematics SDK in Android and iOS applications.	0.1.1	69.71785203484593	3	12	7	2	Mobile-Telematics	telematicssdk.com	NOASSERTION	2022-08-14T14:17:18.000Z
1559	gtk_application	Listen to remote GtkApplication instances' command-line arguments and file
open requests.
	0.0.3	69.69618168421965	3	0	0	0	jpnurmi		MPL-2.0	2022-11-17T11:59:58.000Z
1560	async_call_queue	AsyncCallQueue is a Dart class which provides a queuing mechanism to prevent concurrent access to asynchronous code.	1.0.1	69.68317947384388	2	2	0	0	ronjb	ronbooth.com	MIT	2021-11-14T14:34:18.000Z
1561	meiqia_sdk_flutter	Meiqia Flutter SDK	1.0.4	69.67451133359339	0	0	0	0	Meiqia	meiqia.com	MIT	2022-12-08T08:42:36.000Z
1562	amplify_api_ios	The method channel implementation for amplify_api on iOS	0.6.10	69.61383435183981	0	1128	176	192	aws-amplify	aws-amplify.com	Apache-2.0	2022-12-17T00:16:28.000Z
1563	simple_cluster	Simple density-based clustering library implemented in Dart. Mainly used for point-based (vector) data.	0.3.0	69.5964980713388	4	4	3	0	MSVCode	msvcode.com	NOASSERTION	2021-03-21T11:06:22.000Z
1564	debounce_builder	Debounce builder, debounce timer.	0.9.0	69.58349586096303	3	1	0	0	karbunkul		MIT	2022-04-18T06:19:23.000Z
1565	atomic_transact_flutter	A Flutter plugin that provides a native implementation for the Atomic Transact SDK.	2.6.17	69.57049365058727	3	4	4	0	atomicfi	atomicfi.com	MIT	2022-10-07T18:58:01.000Z
1566	dart_shp	An shapefile reader/writer for dart.	1.0.0	69.54448922983573	7	5	4	2	moovida	hydrologis.com	BSD-3-Clause	2022-05-12T06:32:02.000Z
1567	flutter_avif	Avif support for Flutter.	1.0.1	69.52715294933472	3	12	3	2	yekeskin		MIT	2022-12-14T17:18:50.000Z
1568	map_fields	Get fields from a map, simply, performing error handling errors.	0.0.5	69.52281887920947	5	0	0	0	isaukywhite		MIT	2022-10-13T17:54:58.000Z
1569	flutter_svg_icons	A package to show svg asset files in icon widgets, supporting responsive svg icons.	0.0.1+3	69.50114852858319	6	0	0	0	MohammedAsaadAsaad	quds.cc	MIT	2021-11-09T17:14:59.000Z
1570	auto_search	A simple Auto Search Text Field to spice up your projects. This package would help incorporate such a feature with ease.	1.0.6	69.48381224808217	41	32	10	1	SudhanshuBhagwat		MIT	2021-09-28T07:44:56.000Z
1571	surf_util	A flutter library with list of helpful classes and utilities for everyday usage.	1.0.3	69.44047154682963	23	7	1	0	surfstudio	surf.ru	Apache-2.0	2022-05-12T10:59:47.000Z
1572	observer	Basic dart only observer pattern.	0.0.1	69.43613747670437	1	0	0	0	antonkesy	antonkesy.de	MIT	2022-01-03T21:18:24.000Z
1573	assistive_touch	A widget just like iPhone Assistive Touch.	0.2.0	69.39279677545183	7	0	0	1	iendeavor		MIT	2022-12-03T05:26:59.000Z
1574	image_collapse	A flutter package which display the library collapse according to the number of images associated with hero animation ...	1.0.1	69.38846270532657	2	6	2	8	ThuyenPV		BSD-3-Clause	2022-05-17T08:26:15.000Z
1575	simple_3d_renderer	Sp3dObj renderer. Includes cameras, lights, worlds and more.	7.0.0	69.36679235470031	12	5	2	1	MasahideMori-SimpleAppli		MIT	2022-09-20T15:09:56.000Z
1576	ioc_container	A Dart Ioc Container. Store and manage dependencies in one place keyed by type. It simplifies creating instances of your classes.	1.0.8	69.32778572357302	20	19	1	1	MelbourneDeveloper	christianfindlay.com	BSD-3-Clause	2022-12-14T21:28:17.000Z
1577	camerakit	Flutter camera kit uses native android and ios APIs for taking picture and scanning barcode with controlable flash.	0.0.75	69.31044944307199	32	9	7	13	MythiCode		MIT	2021-10-28T15:38:30.000Z
1578	disks_desktop	A Flutter desktop library able to retrieve the installed devices information	1.0.1	69.29744723269623	3	1	0	2	AngeloAvv	angelocassano.it	MIT	2022-09-16T21:19:28.000Z
1579	reactive_forms_generator	Generator for reactive_forms. Generates form classes based on model.	0.23.0-beta	69.29311316257098	25	36	9	1	artflutter		NOASSERTION	2022-11-18T09:26:50.000Z
1580	custom_cupertino_picker	The default cupertino picker does not allow customization to the border color and scroll physics. So I've copied the class and added some properties to it.	1.0.1	69.27577688206995	3	1	1	0	sybrands-place		MIT	2021-02-23T09:57:08.000Z
1581	piano	Utilities and widgets for working with piano sheet music learning.	1.0.3+1	69.25844060156894	20	31	11	2	craigomac	handform.net	BSD-3-Clause	2022-06-23T07:36:19.000Z
1582	custom_state	Custom state is a flutter widget can access ui with custom state	0.0.3	69.24110432106791	0	0	0	0	sonnts996		AGPL-3.0	2022-05-30T13:50:02.000Z
1583	xl	Implement accelerometer and pointer or touch fueled parallax animations with a bespoke XL layering paradigm. Gyroscope supported.
	0.9.1	69.23677025094266	18	3	2	0	Zabadam	zaba.app	NOASSERTION	2021-10-09T08:34:56.000Z
1584	flui_nullsafety	FLUI is a powerful UI framework for Google Flutter. Including widgets kit and useful modules.	3.3.4	69.22810211069215	2	1380	137	12	Rannie	itbug.shop	MIT	2022-10-15T08:41:39.000Z
1585	flutter_native_html_view	A flutter plugin for rendering local HTML string data using web views. Uses WebView on Android and WKWebView on iOS.	1.0.1	69.18476140943962	4	8	1	3	muslimtv	mta.tv	NOASSERTION	2020-05-12T13:34:42.000Z
1586	wave_linear_progress_indicator	A linear progress indicator with wave animation in Flutter.	0.1.0	69.17175919906384	3	1	0	1	dev-zhang		MIT	2022-06-07T04:38:02.000Z
1587	rounded_button	Easy to use Pre-made Rounded Buttons with advanced features for Flutter.	1.0.3	69.16742512893859	3	1	0	0	FTKhanFT	rrad.dev	MIT	2021-02-02T12:45:03.000Z
1588	bip340	BIP340 (Schnorr) signature and verification.	0.0.4	69.15875698868807	4	5	5	1	nbd-wtf		MIT	2022-10-08T01:53:52.000Z
1589	tencent_cloud_chat_uikit	UI components library and basic chat business logic for Tencent Cloud Chat service, helping you build In-APP Chat module easily.	1.0.1	69.15442291856282	8	19	4	0	TencentCloud	comm.qq.com	Apache-2.0	2022-12-07T09:13:26.000Z
1590	password_strength_checker	Generate secure passwords, check for exposed passwords, get visual feedback for strength or get form validation with a minimum password strength required.	1.2.1	69.14575477831232	11	6	1	0	dariowskii		MIT	2022-12-05T17:20:44.000Z
1591	stash_file	File storage extension for the stash API. Provides support to store vaults  and caches in the local file system in binary format using the msgpack json format	4.4.1	69.1284184978113	2	72	10	0	ivoleitao	ivoleitao.dev	MIT	2022-12-05T23:19:18.000Z
1592	flutter_folding_card	A Flutter package to create a Romantic Expandable Card with folding effect. It will be useful for your awesome app.	1.1.0	69.11541628743552	18	0	0	0	minhhung2556	romanticdeveloper.com	Apache-2.0	2022-05-25T06:09:35.000Z
1593	address	Addresses internationalization library. Format various physical addresses in various languages and build localized address forms.	0.1.0	69.09374593680926	14	6	0	4	leancodepl	leancode.co	Apache-2.0	2021-11-29T15:39:40.000Z
1594	awesome_widgets	Custom flutter widgets for awesome projects and apps.	0.0.6	69.089411866684	27	6	3	0	abhishh1		MIT	2022-05-23T14:03:56.000Z
1595	ieee754	A library for parsing and encoding IEEE-754 binary floating point numbers.	1.0.3	69.07207558618298	1	0	0	0	nicbn	nicbn.com	MIT	2021-12-24T20:57:53.000Z
1596	hdkey	Dart library for Bitcoin hierarchical deterministic keys (BIP32)	0.0.1	69.05473930568196	0	1	2	0	mahsumurebe	mahsumurebe.com	MIT	2021-10-07T14:22:06.000Z
1597	list_picker	A flutter package to pick an item from a list of given items using a dialog box with search functionality.	1.0.0	69.05040523555671	1	0	0	0	OutdatedGuy	outdatedguy.rocks	BSD-3-Clause	2022-08-18T18:42:08.000Z
1598	stdlibc	C Standard Library - FFI bindings to the GNU C Library on Linux, and the BSD
C Library on macOS.
	0.1.0	69.04607116543146	7	39	3	0	ubuntu-flutter-community		MPL-2.0	2022-10-07T21:48:13.000Z
1599	serverpod_auth_email_flutter	Sign in with email for the Serverpod auth module.	0.9.21	69.01573267455467	3	970	71	76	serverpod	serverpod.dev	BSD-3-Clause	2022-12-17T16:30:47.000Z
1600	dylib	A set of helpers for resolving names and paths of dynamic libraries.	0.3.2+1	68.97239197330212	8	4	0	0	jpnurmi		MIT	2021-09-02T10:58:00.000Z
1601	storage_client	Dart client library to interact with Supabase Storage.	1.2.0	68.9377194123001	11	22	17	0	supabase	supabase.io	MIT	2022-12-13T06:40:34.000Z
1602	bugsee_flutter	Bugsee is a mobile SDK that adds crucial information to your bug and crash reports incuding video, network traffic, console logs and many other important traces from your app.	5.0.2	68.92471720192432	0	6	3	3	bugsee	bugsee.com	NOASSERTION	2022-05-16T05:18:21.000Z
1603	apptentive_flutter	Apptentive SDK for Flutter	6.0.3	68.91604906167382	0	1	4	1	apptentive		BSD-3-Clause	2022-09-29T16:59:24.000Z
1604	ota_string	Update string over the air	0.0.4	68.91171499154856	2	0	1	0	aldychris		GPL-3.0	2022-11-16T14:26:36.000Z
1605	sberbank_acquiring	Flutter Sberbank Acquiring SDK is a simple way to integrate payments into your mobile application.	2.0.1	68.89437871104754	17	10	5	4	MadBrains	madbrains.ru	MIT	2022-06-27T13:05:50.000Z
1606	line_animator	A Line Animator for Flutter	1.0.0+3	68.86837429029602	6	12	5	6	ibrierley		GPL-3.0	2022-07-29T11:51:22.000Z
1607	easy_localization_ext	Unofficial extensions to easy_localization package for advanced asset loading	0.1.1	68.84236986954448	3	0	0	0	alexeyinkin	ainkin.com	MIT-0	2022-09-13T04:56:38.000Z
1608	rf_expand_collapse_text	the text widget which can be expanded or folded	0.0.2	68.82936765916872	0	1	0	0	riceFun		BSD-3-Clause	2022-06-15T08:06:05.000Z
1609	blip_ds	Blip Design System for Flutter.	0.0.24	68.82069951891822	2	0	0	1	takenet	blip.ai	BSD-3-Clause	2022-12-16T18:59:43.000Z
1610	flutter_radio_slider	A Stepped Slider with Radio Buttons for Flutter	0.1.0	68.78602695791618	8	2	4	0	adaptant-labs	adaptant.io	Apache-2.0	2021-10-25T19:50:06.000Z
1611	dartzmq	A simple dart zeromq implementation/wrapper around the libzmq C++ library	1.0.0-dev.11	68.7556884670394	7	17	8	4	enwi	wirmo.de	MIT	2022-10-20T09:53:51.000Z
1612	firebase_admob_config	Control google admob by firebase remote config. This package help you can config AdMob ads with Firebase Remote Config and A/B testing on them.	1.2.0	68.75135439691414	6	1	0	0	hautvfami		Apache-2.0	2022-10-03T20:03:37.000Z
1613	turn_page_transition	This package provide simple Page-Turning Transition to your app.	0.2.0	68.72534997616262	20	6	1	0	Shoryu-Y	shoryu.dev	BSD-3-Clause	2022-09-12T06:13:42.000Z
1614	pick_or_save	A Flutter file picking and saving package that enables you to pick or save a single file and multiple files.	2.2.4	68.71234776578686	3	3	0	0	chaudharydeepanshu	deepanshuchaudhary.com	BSD-3-Clause	2022-11-24T22:12:51.000Z
1615	h264_profile_level_id	Dart utility to process H264 profile-level-id values based on Google's libwebrtc C++ code.	0.2.0	68.70801369566159	3	2	0	0	Blancduman		MIT	2021-09-06T17:06:21.000Z
1616	memoized	Decorators to cache returned values, it helps in reducing the execution time of the function by using LRU Caching.	1.5.0	68.69501148528583	2	0	0	0	sylfreee	sylfree.com	MIT	2022-05-18T02:48:14.000Z
1617	icapps_architecture	icapps architecture components for flutter projects. Contains commonly used code for logging, extensions, ...	0.8.0	68.66467299440905	3	6	1	0	icapps	icapps.com	MIT	2022-10-22T13:39:28.000Z
1618	dart_hydrologis_db	Dart based db utilities.	1.0.0+1	68.66033892428379	0	1	0	0	moovida	hydrologis.com	MIT	2022-09-16T09:27:36.000Z
1619	hydrated_bloc_integration	An extension to the bloc state management library which automatically persists and restores bloc states. Supports integration testing.	0.0.1-rc5	68.65600485415854	2	1	0	0	PROGrand	mtbo.org	MIT	2022-03-08T09:17:03.000Z
1620	inkwell_splash	Flutter package which starts the splash effect of InkWell instantly if onDoubleTap is used.	0.1.0	68.61266415290599	10	5	0	2	ManuelRohrauer		MIT	2020-04-21T09:12:42.000Z
1621	flutter_carplay	Flutter Apps are now on Apple CarPlay. This package aims to make it safe to use iPhone apps made with Flutter in the car by integrating with CarPlay.	1.0.3	68.5173146101504	102	153	24	18	oguzhnatly	oguzhanatalay.com	MIT	2022-12-01T18:59:51.000Z
1622	flutter_core_spotlight	Flutter plugin used for indexing items in Spotlight search on iOS.	1.0.4	68.50864646989989	9	6	4	4	mattcianna	ciannapps.com	MIT	2022-04-29T12:32:54.000Z
1623	poly_collisions	Polygon collision detection algorithms for Convex Polygons (using S.A.T.) and also for concave polygons using a simple algorithm.	1.4.0	68.49997832964937	6	4	0	1	RD211		MIT	2021-07-25T10:07:05.000Z
1624	pricing_cards	Awesome flexible pricing cards with custom style options for you Flutter project	0.0.7	68.49564425952413	26	0	0	1	f2acode		MIT	2021-05-04T16:59:24.000Z
1625	markdown_editor_plus	A TextField Widget that allow you to convert easily what's in the TextField to Markdown with custom toolbar support.	0.2.13	68.42196506739478	16	5	1	0	OmkarDabade		BSD-3-Clause	2022-09-18T08:04:24.000Z
1626	cocoicons	The COCO icon pack with - +600 icons available for your flutter project.	0.1.0	68.40462878689377	13	5	1	0	Mastersam07	mastersam.tech	MIT	2022-09-02T03:27:07.000Z
1627	iirjdart	An IIR filter library written in Dart. Highpass, lowpass, bandpass and bandstop as Butterworth, Bessel and Chebyshev Type I/II.	0.1.0	68.40029471676851	10	1	6	0	Supercaly		Apache-2.0	2022-10-28T14:54:58.000Z
1628	upnp2	Universal Plugin and Play Host/Client. This package can be used to discover upnp devices, invoke actions as well as spin up an upnp server.	3.0.10	68.38729250639275	3	5	0	3	Butzlabben	naegele.dev	MIT	2022-10-23T09:51:02.000Z
1629	zoomer	Zoomer Widget To Create Zoomable Child Widget. You Can Optionaly Translate or Rotate It. Zoomer Can Controlled By ZoomerController. Can Get/Set Properties of scale,offset,rotation. can Give Callbacks to start,update,end Zoom event.	0.0.4	68.36562215576649	11	3	6	2	RutvikRana		MIT	2022-04-14T09:41:53.000Z
1630	httpp	flutter lib for parallel http req	0.0.7	68.32228145451393	0	0	0	2	tiki-bar	mytiki.com	MIT	2022-07-18T09:38:43.000Z
1631	flutter_video_view	A view for video based on video_player and provides many basic functions.	1.1.7	68.30494517401291	3	3	0	0	LiWenHui96		Apache-2.0	2022-11-07T07:47:15.000Z
1632	floating_text	A light weight flutter package that provides beautiful floating text animations.	0.2.0	68.29627703376241	29	6	0	1	pktintali	studentmitra.in	MIT	2022-09-01T04:54:46.000Z
1633	autoscale_tabbarview	A simple package which extends default TabbarView to have childreb with dynamic height.	1.0.2	68.28327482338665	6	6	3	3	shubhamhackz		MIT	2022-07-03T14:06:16.000Z
1634	play	a library dart simple for play audio or video any format on cross platform.	0.0.15	68.26160447276037	3	13	1	2	azkadev		MIT	2022-12-07T21:41:37.000Z
1635	flutter_waya	The Flutter UI library contains multiple custom components,compatible with android,web,ios and MAC.	3.5.1	68.24860226238461	3	31	6	0	Wayaer		MIT	2022-11-28T07:24:35.000Z
1636	bumble_scrollbar	Bumble like scrollbar for Flutter, minimal scrollbar widget.	0.0.2	68.22693191175834	15	9	3	0	Lavkushwaha		BSD-3-Clause	2021-12-26T07:34:16.000Z
1637	non_linear_slider	A Non Linear Slider for Flutter.	0.0.1	68.21826377150782	8	0	0	0	enolcasielles		MIT	2021-08-26T18:57:23.000Z
1638	bishop	Bishop is a chess logic package with flexible variant support	0.6.2	68.20526156113206	17	9	3	7	alexobviously		NOASSERTION	2022-12-12T16:38:18.000Z
1639	noripple_overscroll	A package that helps developers cancel ripples caused by excessive Listview scrolling.	0.0.2	68.18792528063105	4	3	0	0	CNMathon	boxchat.cn	MIT	2020-11-12T12:35:19.000Z
1640	date_time_field	DateTimeField wraps a TextField and integrates it with the enclosing Form. This provides additional functionality, such as validation and integration with other FormField widgets.	0.0.2	68.16625493000477	1	0	0	0	kody-liou		BSD-3-Clause	2022-01-09T07:48:21.000Z
1641	gooey_carousel	Package to implements a gooey carousel created by gskinner team	0.1.2	68.13158236900273	73	19	6	3	davidsdearaujo		NOASSERTION	2022-09-06T18:08:59.000Z
1642	flutter_dash_nullsafety	A  Flutter project for draw dashes	1.0.0	68.10991201837646	1	0	0	0	rezam92	runwidget.com	MIT	2022-02-17T09:33:47.000Z
1643	flutter_map_floating_marker_titles	Floating Map Marker Titles for flutter_map	0.4.0	68.05356910674814	1	10	4	0	androidseb	mapmarker.app	BSD-3-Clause	2022-11-11T14:10:41.000Z
1644	authing_sdk	Authing SDK for Flutter. It provides basic authentication APIs, user profile APIs, social connection APIs, Multi-factor Authentication APIs	1.1.10	68.03623282624713	5	4	2	0	Authing	flutter.authing.cn	MIT	2022-10-23T05:43:45.000Z
1645	stagexl	A fast and universal 2D rendering engine for HTML5 and Dart.	2.1.2	68.0102284054956	32	871	87	52	bp74		NOASSERTION	2022-12-05T20:24:00.000Z
1646	simple_vcard_parser	A simple and easy to use parser to extract information from a standard vCard string. Major vCard properties from versions 2.1, 3.0, 4.0 are supported.	0.1.6	67.98855805486933	5	1	6	0	AmirElkess		MIT	2022-08-23T19:07:43.000Z
1647	super_annotations	Write your code generation functions naturally alongside your normal code. Define and use custom annotations in the same file or project.	0.7.1	67.97555584449356	18	21	2	1	schultek	schultek.de	MIT	2022-10-19T07:16:54.000Z
1648	stormberry	Access your postgres database effortlessly from dart code.	0.9.2	67.9625536341178	49	28	4	9	schultek	schultek.de	GPL-3.0	2022-12-12T21:23:57.000Z
1649	draw_on	A flutter plugin to draw the coordinates on the widget and as well as to find the given point is inside a list of coordinates or not.	0.0.1+2	67.94088328349153	11	4	0	1	sivaram16		MIT	2021-09-30T15:50:35.000Z
1650	size	A simple plugin that can display disk size on desktop.	1.0.5+1	67.92788107311576	3	1	1	0	Clashkid155		MIT	2022-03-08T00:26:19.000Z
1651	radial_button	The purpose of Radial Button is facilitating the creation for FloatingActionButton and for the purpose that you need, using complete circle, semi-circle.	1.0.0+1	67.9235470029905	36	8	11	0	Bwolfs2	flutterando.com.br	NOASSERTION	2021-03-17T14:48:40.000Z
1652	resource_network_fetcher	Uses the NetworkBoundResources to control the offline-first or only to centralize the errors from fetching from the network or any other function.	1.1.1	67.90187665236424	8	2	1	1	LucazzP		BSD-3-Clause	2022-05-27T15:07:25.000Z
1653	elastic_app_search	Dart/Flutter package for using Elastic App Search through a simple API returning easy to handle objects	0.4.0	67.8672040913622	9	5	1	0	julienlebren	julienlebren.dev	MIT	2022-11-16T10:26:51.000Z
1654	button_picker	Customizable Flutter number picker using buttons instead of scroll.	0.1.6	67.84553374073593	6	5	0	0	callmenoodles		MIT	2021-10-05T21:36:43.000Z
1655	device_unlock	A Flutter plugin to request the device unlock screen. This plugin offers a simple way to check the user identity using the default device security.	1.1.2	67.83686560048542	14	19	10	4	cingulo		MIT	2020-07-20T15:55:50.000Z
1656	map_controller_plus	A map controller for Flutter map. Manage markers, lines and polygons.	2.0.0	67.82386339010965	2	3	1	0	TesteurManiak	rouxguillau.me	MIT	2022-10-07T09:27:37.000Z
1657	riverpod_navigator	Simple but powerfull Flutter navigation with riverpod and Navigator 2.0	1.0.10	67.80219303948338	20	20	1	4	PavelPZ		MIT	2022-10-03T22:35:49.000Z
1658	pro_validator	The validator package comes with several common validations and removes the boiler plate code from your project.	1.1.1	67.78919082910761	0	1	1	0	pro100andrey	pro100.dev	MIT	2022-12-05T17:11:14.000Z
1659	ini_file	get, set, create, delete sections, keys, values from ini file, without loosing its format, blank lines, comments, etc.	1.0.0	67.78485675898236	3	2	0	0	GnRSlash		BSD-3-Clause	2022-04-05T01:52:30.000Z
1660	source_gen_test	Test support for the source_gen package. Includes helpers to make it easy to validate both success and failure cases.	1.0.4	67.74151605772981	9	18	7	4	kevmoo	j832.com	MIT	2022-10-30T01:07:16.000Z
1661	system_resources	Provides easy access to system resources (CPU load, memory usage).	1.6.0	67.71984570710354	8	4	2	1	jonasroussel	jroussel.fr	MIT	2022-09-02T11:00:44.000Z
1662	ai_notification_enable	A new flutter plugin project about check notification and open settings.	1.6.1	67.70250942660252	2	6	0	1	pdliuw		BSD-3-Clause	2021-02-08T08:00:22.000Z
1663	pine	A lightweight architecture helper for your Flutter projects.	1.0.1	67.69384128635201	15	35	2	0	MyLittleSuite	mylittlesuite.com	MIT	2022-10-06T21:20:30.000Z
1664	inject_js	Import and use javascript libraries or code in your dart2js or flutter web projects	2.0.0	67.68083907597625	1	0	0	1	EPNW	epnw.eu	Apache-2.0	2021-05-28T13:44:07.000Z
1665	flutter_sheet	Easily change the definition (such as theme, configuration,...) for the application	1.0.0+5	67.66350279547522	0	0	0	0	sonnts996		GPL-3.0	2022-08-02T02:52:44.000Z
1666	flutter_provider_utilities	A set of utilities for provider package.	1.0.6	67.63316430459845	3	11	6	0	ftognetto	quantos.it	MIT	2022-06-29T13:02:26.000Z
1667	whiteboard_sdk_flutter	A Flutter plugin that support Agora Interactive Whiteboard on Android and iOS.	0.5.3	67.62016209422268	3	5	3	1	netless-io		MIT	2022-06-23T01:52:34.000Z
1668	flutter_gpiod	Dart package for accessing GPIO using the GPIO character device interface on linux / Android (root required). Supports signal edge listening, active state, open source/drain and (if supported by platform) bias.	0.5.0	67.59849174359641	23	20	4	8	ardera	ardera.dev	MIT	2022-08-08T10:06:27.000Z
1669	thread	A simple Isolated Thread wrapped with a type-safe Event Emitter for easier asynchronous communication. Setup events for the thread to reply to, or compute tasks individually.	0.2.1	67.5898236033459	7	1	0	0	DrafaKiller	drafakiller.com	MIT	2022-08-26T13:00:18.000Z
1670	pdf_manipulator	A flutter plugin for doing various manipulations such as merge, split, compress and many more on PDF easily.	0.5.7	67.55948511246912	2	2	0	0	chaudharydeepanshu	deepanshuchaudhary.com	AGPL-3.0	2022-11-18T16:41:21.000Z
1671	reactive_flutter_rating_bar	Wrapper around flutter_rating_bar to use with reactive_forms	0.4.0	67.5334806917176	2	47	23	2	artflutter		MIT	2022-12-15T16:51:57.000Z
1672	hydrated_riverpod	An extension to the riverpod state management library which automatically persists and restores riverpod states.	0.0.3	67.52481255146708	10	4	8	3	hydrz	hydrz.cn	MIT	2022-07-31T22:24:48.000Z
1673	xor_cipher	The XOR Encryption algorithm is a effective and easy to implement method of symmetric encryption.
	1.0.0+1	67.5031422008408	5	7	0	0	PlugFox	plugfox.dev	MIT	2022-04-17T13:12:21.000Z
1674	sdui	*SDUI* make it easy to implement Server Driven UI pattern on flutter.
- The server decides what to render by describing in a JSON the widgets to render.
- The Flutter screen parse the JSON and build the widgets
Kind like HTML... but not really.
	0.1.180	67.49880813071556	25	45	9	4	wutsi	wutsi.com	MIT	2022-12-14T18:04:16.000Z
1675	flutter_sequencer	A Flutter plugin for sequencing audio. Use it to build sequences of notes and play them back using SFZ or SF2 sound fonts.	0.4.4	67.49013999046505	48	62	32	23	mikeperri		NOASSERTION	2022-04-23T22:44:38.000Z
1676	state_notifier_test	A testing library which makes it easy to test StateNotifier. Built to be used with the state_notifier, riverpod or flutter_riverpod packages.	0.0.9	67.48147185021453	19	7	1	2	danijel-tolj	that-dev.me	BSD-3-Clause	2022-10-28T20:26:47.000Z
1677	crc32_checksum	A new Flutter package that calculate crc32 checksum value for given string.	0.0.2	67.4641355697135	6	1	0	0	kuranja-89		MIT	2022-08-11T14:37:36.000Z
1678	map4d_map	A Flutter plugin for integrating Map4D in iOS and Android applications.	2.4.3	67.4467992892125	14	0	3	1	map4d		Apache-2.0	2022-11-01T03:12:06.000Z
1679	huawei_in_app_update	Unofficial flutter plugin for accessing Huawei App Update Official API.	1.1.0+1	67.42946300871148	3	0	0	0	darkang3lz92	domago.dev	MIT	2022-07-25T04:07:24.000Z
1680	flutter_requery	Flutter library for fetching, caching and invalidating asynchronous data.	0.1.16	67.41646079833572	47	31	1	2	CoreLine-agency	coreline.agency	MIT	2022-08-22T14:54:30.000Z
1681	drive_helper	Easy to use library for using Google Drive and Google sign in	1.3.1	67.40345858795995	8	7	1	0	theRookieCoder		BSD-3-Clause	2022-06-14T11:29:01.000Z
1682	rikulo_commons	Common reusable Dart classes and utilities.	5.2.1	67.29510683482859	1	13	6	0	rikulo	quire.io	Apache-2.0	2022-10-18T03:55:59.000Z
1683	minimal_html_editor	Minimal html wysiwyg editor with only context menu formatting options, support flexible height, customize appearance, various text callbacks and methods.	1.1.2+1	67.29077276470333	6	0	1	1	Haquoctien		BSD-3-Clause	2021-08-23T10:07:35.000Z
1684	app_utils	Application  plugin which provides utility functions for Android and iOS.	0.0.5	67.2734364842023	6	0	0	1	vishesh005	techbyvishesh.in	MIT	2022-09-18T11:23:35.000Z
1685	animated_box_decoration	Lets you smoothly animate between two BoxDecoration.	0.0.5	67.26910241407707	6	1	0	0	KevinVan720	wenkaifan.com	MIT	2022-03-23T00:48:30.000Z
1686	cool_nav	A collection of really awesome, easy to use Bottom Navigation Bars.	0.1.0	67.24743206345079	46	8	4	2	masterashu	masterashu.codes	BSD-3-Clause	2021-11-16T11:35:15.000Z
1687	at_server_status	A Dart library that provides a means to check on the status of the @‎root server as well as the secondary server for any particular @‎sign.	1.0.3	67.22142764269925	8	35	10	15	atsign-foundation	atsign.org	BSD-3-Clause	2022-12-16T04:23:20.000Z
1688	dart_bech32	A BIP173 / BIP350 compatible Bech32/Bech32m encoding/decoding library.	2.0.0	67.2084254323235	0	1	0	0	dart-bitcoin-lib	mahsumurebe.com	MIT	2021-11-16T12:38:01.000Z
1689	js_bindings	Complete JS bindings interop with autocomplete and documentation.	0.0.7	67.19542322194773	16	36	4	8	jodinathan		Apache-2.0	2022-10-06T13:45:06.000Z
1690	afya_moja_core	A shared library for `ProHealth360` and `ProHealth360 Daktari` that is responsible for rendering and exposing shared components	0.3.2	67.17375287132145	6	1	0	0	savannahghi	savannahghi.org	MIT	2022-11-29T07:04:12.000Z
1691	proximity_screen_lock	A plugin that can be used to bind screen activation to proximity sensor	1.1.0	67.1694188011962	3	1	0	0	amantoux	mantoux.org	BSD-3-Clause	2022-08-11T09:31:00.000Z
1692	widget_visibility_detector	A new Flutter package can detect when the widget appears or disappears.	1.0.1	67.15641659082044	5	0	0	0	tbm98	tbm98.dev	BSD-3-Clause	2022-06-26T15:21:49.000Z
1693	circular_color_picker	Simple, optimized and usefull package to add HSV color picker to your project.	1.0.0	67.13474624019416	1	0	0	1	Korpyc		MIT	2021-11-09T14:21:06.000Z
1694	omxplayer_video_player	A package that implements video_player_platform_interface using omxplayer and platform views.	2.1.0	67.1217440298184	10	20	4	8	ardera	ardera.dev	MIT	2022-08-08T10:06:27.000Z
1695	mcumgr	Dart client for the mcumgr embedded device management protocol.	0.0.3	67.10874181944264	6	6	1	2	jkdhn	jkdhn.me	BSD-3-Clause	2022-07-07T11:57:08.000Z
1696	simple_audio_player	A simple audio player for Flutter.	0.1.4	67.10007367919214	6	1	0	0	WangYng		BSD-3-Clause	2022-08-23T10:25:58.000Z
1697	starsview	AnimatedStarsView for Flutter. The widget provides a view with an animated starry night sky effect.	0.0.2	67.09573960906687	7	0	0	1	flyingV805		BSD-3-Clause	2022-09-26T09:15:58.000Z
1698	quadtree_dart	A lightweight, extensive implementation of Quadtrees in Dart.	1.1.1	67.09140553894161	2	3	0	0	rlch	rjmath.com	MIT	2021-06-11T13:56:17.000Z
1699	faded_widget	A Flutter package that allows to fade a widget with a gradient of colors in any direction you prefer	2.0.0	67.08273739869111	6	1	2	0	dariof28		MIT	2021-05-22T11:08:25.000Z
1700	bangla_utilities	Plugin for English to Bangla date-time and number conversion.	1.0.0	67.0740692584406	21	4	1	1	ProhelikaX	prohelika.org	NOASSERTION	2021-03-25T15:54:47.000Z
1701	serverpod_cloud_storage_s3	Serverpod integration for S3 cloud storage	0.9.21	67.06106704806484	0	970	71	76	serverpod		BSD-3-Clause	2022-12-17T16:30:47.000Z
1702	c	C-md, Library of Defining & parsing for Dart CLI Commands & Arguments	0.0.2	67.04806483768907	0	0	0	0	DevPackUP		BSD-3-Clause	2022-08-21T17:39:20.000Z
1703	dart_dot_reporter	Dot test reporter for Dart & Flutter & Human. Makes test results clear from the high-level view.	1.0.4	67.04373076756382	5	4	5	3	apastuhov		MIT	2021-11-12T08:19:30.000Z
1704	wallet	Crypto wallet package for Bitcoin, Ethereum and Tron written in pure Dart.	0.0.7	67.03072855718806	3	9	2	0	xclud		MIT	2022-12-05T11:52:52.000Z
1705	string_utils	A set of string utility functions to facilitate dart interoperability with MS-SQL server. Please take a look at [dart_mssql] package for a usage example	0.2.3	67.00039006631128	0	26	6	7	MoacirSchmidt		BSD-2-Clause	2019-09-23T22:26:13.000Z
1706	flutter_heat_map	Customizable heat map interface library. From a base image, it is necessary to pass the coordinates of the events and the library returns the image with the heat map	1.2.1	66.978719715685	7	2	2	1	apps-auth	appsauth.com	MIT	2021-10-28T02:55:48.000Z
1707	atlas	An extensible map abstraction for Flutter with support for multiple map providers	1.0.8	66.95271529493347	22	109	22	5	bmw-tech	bmwtech.dev	MIT	2022-12-14T11:36:25.000Z
1708	fsm2	FSM2 provides an implementation of the core design aspects of the UML state diagrams allowing both declarative transitions and dynamic transitions along with Guard Conditions.	2.0.7	66.93971308455771	14	46	2	3	onepub-dev	onepub.dev	BSD-2-Clause	2021-10-31T11:02:34.000Z
1709	duration_iso_parser	Package to parse a duration from ISO 8601 string (like P1M, PT15M, P2Y3W4DT5H).	0.1.0+1	66.93537901443246	2	1	0	0	Innim	innim.ru	BSD-3-Clause	2022-01-21T08:35:33.000Z
1710	flt_telephony_info	A new Flutter plugin , get telephony info ,based on TelephonyManager in Android and based on CoreTelephony in iOS	0.1.3	66.8833701729294	10	13	24	4	RandyWei		MIT	2022-03-20T23:48:28.000Z
1711	easy_image_editor	Easy Image Editor is usefull for add any widget and move, resize and set over the main image or color	1.0.3	66.87036796255363	11	2	5	3	rajeshbdabhi	rajesh.webgat.in	MIT	2022-11-04T17:03:47.000Z
1712	flutter_auth0_client	Auth0 Client for iOS, Android, and Web.	0.2.1	66.85736575217787	7	3	2	2	jfacoustic		MIT	2022-10-04T14:47:26.000Z
1713	logo_n_spinner	Flutter loader widget with logo and spinning arc. Use your image assets to create loader animation.	0.1.2+1	66.85303168205262	3	1	0	0	pmatatias	pmatatias.dev	MIT	2022-10-03T02:16:26.000Z
1714	file_picker_fork	A package that allows you to use a native file explorer to pick single or multiple absolute file paths, with extension filtering support.	4.6.4	66.84002947167686	1	0	0	0	xuqiqiang		MIT	2022-11-09T08:34:41.000Z
1715	connect_to_sql_server_directly	A flutter plugin to connect to a sql server database directly.	0.0.1	66.81402505092532	11	1	0	0	ElhamM7518		MIT	2022-06-22T09:37:16.000Z
1716	frino_icons	The Frino Icon pack available as Flutter Icons. Provides 300+ additional icons to use in your apps.	2.0.0	66.78368656004854	19	5	2	0	clean		MIT	2022-11-15T17:02:52.000Z
1717	listentocontacts	Listen to changes to the user's contacts. This uses a ContentObserver on Android and a NotificationCenter observer on iOS.	0.0.2+6	66.73601178867075	10	3	1	1	Ben-Baert		BSD-3-Clause	2021-07-24T01:06:23.000Z
1718	sign_in_with_apple_js	A Dart wrapper for the 'Sign in with Apple JS' framework with helper methods to simplify usage.	2.0.1	66.72734364842023	9	3	1	3	mhrst	qrl.app	MIT	2021-04-17T16:27:56.000Z
1719	freestyle_speed_dial	A lightweight yet powerful speed dial widget for Flutter, offering full control over the appearance, layout and animations of the speed dial.	1.0.1+2	66.71000736791922	5	1	0	0	Robbendebiene	robin.earth	MIT	2022-12-01T21:00:02.000Z
1720	nmea	An extensible NMEA0183 parser, which also supports validating the checksum. Useful for reading data from GPS devices and other sensors.	2.1.0	66.70567329779395	3	2	1	1	ricardoboss	ricardoboss.de	MIT	2022-10-18T10:54:01.000Z
1721	flutter_web_auth_2_platform_interface	A common platform interface for the flutter_web_auth_2 plugin.	2.0.1	66.67533480691718	1	17	12	9	ThexXTURBOXx	femtopedia.de	MIT	2022-12-13T11:34:44.000Z
1722	arp_scanner	A new flutter plugin project.	1.2.7	66.61465782516362	4	3	2	4	myfreax		MIT	2022-08-19T05:46:46.000Z
1723	connectivity_wall	Connectivity wall redirect user to a widget when offline and another if online	1.0.8	66.58865340441209	8	2	0	1	lauro-cesar	sharedway.app	BSD-3-Clause	2022-11-02T21:37:09.000Z
1724	excel_table	A data table scrollable and expanding sub row	0.0.5	66.57565119403633	2	0	1	0	a313		MIT	2022-01-05T11:29:12.000Z
1725	mobile_web_view	Wanted to show your awesome mobile app to other without letting them into the hassle of installing it? Thanks to flutter web (currently in beta) we have covered you.	0.1.2	66.52797642265853	18	3	2	2	SirusCodes	darshanrander.com	MIT	2020-11-23T09:11:51.000Z
1726	http_api	A simple yet powerful wrapper around http package with interceptors/middleware support, along with response caching.	0.9.0	66.51497421228275	8	8	1	0	gonuit	klyta.it	MIT	2022-11-23T19:34:40.000Z
1727	gt4_flutter_plugin	A new Flutter plugin for GeeTest Captcha v4.	0.0.5	66.50630607203225	2	5	2	1	GeeTeam	geetest.com	MIT	2022-09-21T07:57:48.000Z
1728	quds_ui_kit	Flutter UI kit [(animating icons, buttons, texts, counter, digital clock) - page transitions - toasts - dialogs-  pagination - splash screen ...etc ]	0.0.7+8	66.39362024877562	68	18	11	2	MohammedAsaadAsaad	quds.cc	MIT	2022-05-03T07:57:51.000Z
1729	flutter_android_developer_mode	Check if Android device is in Developer Mode.	1.0.0	66.38061803839986	2	0	0	0	jonatanbortolon	jonatanbortolon.dev	MIT	2022-06-08T23:19:48.000Z
1730	firebase_cloud_messaging_interop	A dart plugin to use the Firebase Cloud Messaging Api (JS). You can retrieve the user's FCM token, delete it, access the notification data, ...	3.0.0	66.36328175789885	15	3	3	2	GaspardMerten	gaspardmerten.dev	NOASSERTION	2021-03-11T21:01:31.000Z
1731	awaitable_button	A button that displays an indicator during asynchronous processing and allows callbacks to be executed after completion or exception catch.
	1.3.0	66.3286091968968	13	5	1	0	altive	altive.co.jp	MIT	2022-11-28T04:24:35.000Z
1732	websok	A high level websocket library. Use it when working with websockets to avoid a few boilerplate and make your code look cleaner.	2.1.2	66.31994105664629	9	7	6	4	ConsoleTVs	erik.cat	MIT	2022-08-22T05:41:13.000Z
1733	dice_icons	A package project contains dice icons from zero to six.	0.1.4	66.30260477614527	3	0	1	0	leventkantaroglu	leventkantaroglu.com	BSD-3-Clause	2022-03-04T18:21:15.000Z
1734	upgrade_util	A plugin for app upgrades. It can jump to the application store, and implement the function of downloading and installing APK on Android.	2.3.4+1	66.27660035539375	6	5	1	0	LiWenHui96		Apache-2.0	2022-11-06T05:31:40.000Z
1735	nyxx_pagination	Pagination utility for nyxx library	2.3.0	66.25059593464222	1	2	1	0	nyxx-discord	l7ssha.xyz	GPL-2.0	2022-10-23T11:28:18.000Z
1736	flutter_yookassa_sdk	This library allows implementing payment acceptance into mobile apps on iOS and works as an extension to the YooMoney API.	0.1.2	66.21158930351493	13	12	2	6	wwwhttpru		MIT	2022-07-02T08:23:27.000Z
1737	camera_camera_2	The easy plugin camera for your project, platforms Android and iOS.	2.0.1-dev0.2	66.20725523338967	4	2	1	0	yassinedevop		MIT	2021-11-29T20:05:06.000Z
1738	open_weather_api_client	A comprehensive dart library for interfacing with the Open Weather API, providing wrappers for every endpoint served by OpenWeather.	3.1.1	66.18558488276341	6	4	4	2	tanzilzubair	tanzilzubair.tech	NOASSERTION	2022-12-02T10:00:59.000Z
1739	flutter_scandit_plugin	Flutter Plugin for Scandit Barcode Scanning on Android and iOS	3.0.0	66.17258267238763	6	7	7	0	fryette	mobilepeople.dev	MIT	2022-09-15T08:20:18.000Z
1740	flutter_bouncy	Scrolling with bouncy and natural item movement	1.0.1	66.16391453213713	35	23	4	2	pstromberg98		MIT	2022-11-07T03:48:51.000Z
1741	overlapping_time	A package for finding overlappings between given time ranges.	0.1.0	66.14224418151086	6	4	0	1	MasahiroLittleforest		BSD-3-Clause	2021-06-26T10:16:51.000Z
1742	known_extents_list_view_builder	A modification of Flutter's ListView and ReorderableListView that fixes performance problem for long lists with variable but known item extents.	1.1.0	66.12490790100983	12	17	5	5	bendelonlee		NOASSERTION	2021-12-08T16:31:34.000Z
1743	jose2	Javascript Object Signing and Encryption (JOSE) library supporting JWE, JWS, JWK and JWT	0.3.4	66.0902353400078	1	1	1	3	heacare	hea.care	BSD-3-Clause	2022-08-31T04:48:49.000Z
1744	curved_splash_screen	A Splash screen with curved custom bottom sheet and dots indicator within it. You can add your custom splash screens & change any color of the items of the bottomSheet.	1.0.0+1	66.08590126988256	58	16	7	0	hosain-mohamed		MIT	2022-08-22T16:36:57.000Z
1745	playify	Playify is a Flutter plugin for playing music and fetching music metadata. Currently supports only iOS.	2.2.1	66.06423091925627	20	32	12	4	iberatkaya		MIT	2022-12-11T20:59:03.000Z
1746	udev	API for enumerating and introspecting local devices	0.0.2	66.0512287088805	1	7	3	2	canonical	canonical.com	MPL-2.0	2022-10-07T08:19:39.000Z
1747	usb_id	A repository of all known ID's used in USB devices: ID's of vendors, devices, subsystems and device classes. This package can be utilized to display human-readable names instead of cryptic numeric codes.	0.1.0	66.04256056863001	1	0	0	0	jpnurmi		BSD-3-Clause	2021-05-14T20:24:26.000Z
1748	flutter_map_picker	This package allows you to pick a point, a circle or a custom area in Google Maps	0.1.2	66.02955835825423	18	3	10	7	Luis-Barba		NOASSERTION	2021-01-20T04:54:23.000Z
1749	tencent_wechat_camera_picker	A camera picker based on WeChat's UI which is a separate runnable extension to wechat_assets_picker.	3.6.2+5	66.01222207775321	3	2	0	0	RoleWong	comm.qq.com	Apache-2.0	2022-12-06T03:33:26.000Z
1750	stripe_native	Create chargeable stripe tokens using Apple and Google Pay. Display native Apple and Google Pay sheets, then collect one-time source tokens.	1.2.3	65.98188358687644	26	10	8	8	rbii-incorporated		MIT	2020-05-13T17:59:50.000Z
1751	bootpay_webview_flutter	bootpay_webview_flutter 를 국내 결제환경에 맞게 fork 떠서 관리하는 프로젝트 입니다.	3.2.44	65.97321544662591	1	0	1	0	bootpay		MIT	2022-08-25T08:35:50.000Z
1752	auth0_flutter_web	Wrapper of Auth0 SPA SDK for Flutter Web	0.0.1-alpha.20210224	65.96454730637542	4	8	10	3	anthonychwong		BSD-3-Clause	2022-05-11T11:28:49.000Z
1753	tiny_charts	Render sparkline charts for fast data visualization on Flutter apps.	0.1.0	65.96021323625017	28	15	3	0	rows	rows.com	BSD-3-Clause	2022-04-08T11:53:03.000Z
1754	functions_client	A dart client library for the Supabase functions.	1.0.0	65.92987474537338	4	6	4	0	supabase	supabase.io	MIT	2022-10-18T09:43:24.000Z
1755	todo	🚧 Offers a TODO() method to indicate that code has not been implemented yet.	2.0.1	65.91687253499762	7	4	0	0	MarcelGarus		MIT	2021-03-04T14:10:31.000Z
1756	processing_camera_image	A Plutter plugin with C native for processing camera image from package camera	0.0.9	65.88653404412084	4	1	1	0	thuanpham98		MIT	2022-09-08T03:29:11.000Z
1757	flutter_guitar_tabs	A widget to display guitar tabs. Renders open strings, muted strings, and bars.	0.0.8	65.82585706236726	12	20	6	3	joranmulderij		BSD-3-Clause	2022-01-15T15:06:48.000Z
1758	zflutter	A round, flat and designer-friendly pseudo-3D engine for Flutter	0.0.1+2	65.74784380011268	65	235	60	11	jamesblasco	z.flutter.gallery	MIT	2022-10-06T12:59:31.000Z
1759	video_player_control_panel	A control panel laid on top of VideoPlayer. User can do play / pause / seekTo / set volume on it. Support closed captions / subtitle. Support fullscreen.	1.0.8	65.73484158973693	3	0	0	0	jakky1		BSD-3-Clause	2022-12-05T08:33:05.000Z
1760	animated_counter	A package containing awesome animated counters to enhance your application with custom counter widgets.	1.0.0	65.7175053092359	44	11	1	0	DrunkOnBytes		Apache-2.0	2021-04-14T19:08:49.000Z
1761	list_english_words	This package contains a list of english words for use in other tools. From spell checkers, to ngram analysis.	0.2.0	65.71317123911065	5	0	2	0	ALMDart	almaclaine.com	MIT	2022-06-03T04:37:15.000Z
1762	winmd	A Dart library for working with Windows Metadata (winmd) formats.	2.4.5	65.69150088848438	3	20	5	0	timsneath	sneath.org	BSD-3-Clause	2022-11-07T01:39:53.000Z
1763	xiaomi_scale	A Flutter plugin for taking measurements from Bluetooth Xiaomi weight scales	2.2.1	65.68716681835912	11	12	7	0	BeMacized		MIT	2021-12-08T20:02:43.000Z
1764	odoo	odoo api using endpoint /web/dataset/call_kw	0.0.2	65.68283274823386	4	2	7	0	aikosiadotcom	aikosia.com	NOASSERTION	2022-01-15T13:25:18.000Z
1765	leak_tracker	A framework for memory leak tracking for Dart and Flutter applications.	1.0.0-dev.1.4	65.67849867810861	2	8	3	2	dart-lang	tools.dart.dev	BSD-3-Clause	2022-12-16T14:43:20.000Z
1766	media_storage	Flutter plugin that provides internal, external storage path and external public storage path and get all or specific Directory files list with all file informations.	0.0.1	65.65249425735709	1	0	0	1	Khuntarpit		MIT	2022-08-14T13:53:04.000Z
1767	material_snackbar	A flutter plugin for displaying snackbars with the newest material design on desktop and mobile.	1.3.0	65.63082390673081	16	1	0	0	RoundedInfinity	clevertasks.de	MIT	2022-10-08T21:10:16.000Z
1768	flutter_translate_gen	Statically-typed localization keys generator for flutter_translate.	2.2.0	65.61782169635505	4	17	22	0	Jesway	jesway.com	NOASSERTION	2022-05-03T19:04:55.000Z
1769	flutter_graphql_client	Client to POST to GraphQL server	0.2.2	65.60048541585402	7	3	1	0	savannahghi	savannahghi.org	MIT	2022-10-18T11:51:52.000Z
1770	the_splash	Provide SplashScreen widget that looks exactly like flutter_native_splash, and utils to build your own splash	0.3.1	65.59615134572877	5	0	0	0	massa-org		MIT	2022-11-03T00:07:15.000Z
1771	flutter_advanced_progress	An advanced progress widget, that can be fully customized with bunch of properties, just try it and enjoy!	1.0.0+1	65.57014692497725	30	7	3	0	alex-melnyk	alexmelnyk.io	BSD-3-Clause	2021-04-10T11:02:18.000Z
1772	flutter_donation_buttons	A collection of your most used donation/support buttons to support your development.	0.0.6	65.56581285485198	10	6	3	1	Flajt		BSD-2-Clause	2022-12-10T23:49:25.000Z
1773	easy_colors	A Flutter package to manage custom colors used in the project	0.0.2	65.54847657435097	3	0	0	1	Supercaly		MIT	2021-03-04T11:04:52.000Z
1774	wave_loading_indicator	Reincarnation of deprecated library. With more customizations and tuned logic. Try now!	1.0.7	65.53114029384996	11	1	1	0	SergeyShustikov		BSD-3-Clause	2021-06-08T20:15:38.000Z
1775	dart_postgis	A module to support postgis.	0.3.0+2	65.51380401334893	1	0	0	0	moovida		LGPL-2.1	2022-09-16T09:42:57.000Z
1776	onmessage	A stream wrapping JavaScript's `window.onmessage` that is safe to import even on platforms other than web.	0.2.0	65.48346552247214	6	1	0	0	alexeyinkin	ainkin.com	MIT-0	2022-07-20T16:55:41.000Z
1777	stock	Dart package for Async Data Loading and Caching. Combine local (DB, cache) and network data simply and safely.	1.0.1	65.47479738222164	70	57	5	0	xmartlabs	xmartlabs.com	Apache-2.0	2022-11-18T13:41:04.000Z
1778	acronym	A simple, lightweight and easy to use package to generate acronyms.	0.4.0	65.44879296147012	17	4	2	0	jxstxn1	jxstxn.dev	Apache-2.0	2022-02-15T12:50:29.000Z
1779	responsive_layout_grid	The ResponsiveLayoutGrid provides a convenient responsive layout structure for elements within the body region.	1.1.1	65.4314566809691	5	3	1	3	domain-centric		NOASSERTION	2022-07-25T18:30:43.000Z
1780	animated_overflow	A simple widget for animating overflowing content horizontally or vertically with fade.	2.0.0	65.40545226021757	23	20	1	0	aliyigitbireroglu	cosmossoftware.coffee	MIT	2021-05-04T11:01:14.000Z
1781	music	The easy way to play music in Flutter. Compatible with media notification Android 11 (R).	1.0.3	65.35344341871452	4	1	1	1	salkuadrat		MIT	2021-06-07T21:34:46.000Z
1782	flutter_native_select	A flutter plugin which can open a native select box.	1.0.0	65.34910934858927	3	3	0	1	Mietz-GmbH	mietz.app	BSD-3-Clause	2021-07-02T15:55:34.000Z
1783	flutter_iot_wifi	Connect to an IoT access point using Android or iOS	0.0.3	65.34044120833875	13	0	2	1	MousyBusiness	mousybusiness.com	MIT	2022-03-23T05:19:16.000Z
1784	angel3_validate	Cross-platform request body validation library based on `matcher`.	7.0.1	65.32310492783773	1	0	0	0	dukefirehawk	dukefirehawk.com	MIT	2019-10-17T02:07:23.000Z
1785	flat_list	FlatList widget for Flutter which has similar spec as in React Native's FlatList.	0.1.11	65.31443678758723	3	4	1	0	hyochan		MIT	2022-12-01T05:38:04.000Z
1786	uploadcare_client	A dart library for working with Uploadcare REST API. File uploads, media processing, and adaptive delivery for web and mobile.	6.2.1	65.2971005070862	13	19	7	0	KonstantinKai	konstantinkai.dev	BSD-3-Clause	2022-11-11T10:33:13.000Z
1787	loading_elevated_button	An ElevatedButton with an "isLoading" option to change Child Widget and/or disable the button when isLoading is enabled.	1.0.0+2	65.28409829671044	6	1	0	0	Eliathoran		MIT	2022-03-07T01:37:41.000Z
1788	voice_wave_widget	A new Flutter package.	0.0.3	65.27976422658519	1	0	0	0	Code-Yeong		BSD-3-Clause	2021-10-12T03:40:00.000Z
1789	reliable_interval_timer	A timer that produces ticks within a given interval, accurate to the millisecond.	1.0.0	65.27109608633468	2	2	0	0	inf0rmatix		BSD-3-Clause	2022-04-01T09:05:57.000Z
1790	cross_fade	A widget to apply a crossfade animation between different states and/or widgets.	0.3.1	65.26676201620943	9	0	0	0	SplashByte	splashbyte.dev	BSD-3-Clause	2022-02-26T23:18:15.000Z
1791	flutter_local_authentication	A flutter plugin that allows access to Local Authentication / Biometrics on iOS, macOS, Linux and Android.	0.0.3	65.17574654357907	5	0	2	0	eaceto	eaceto.dev	GPL-3.0	2021-03-07T19:49:13.000Z
1792	pixelarticons	Pixel Art Icons made simple for Flutter, powered by pixelarticons and fontify	0.4.0	65.17141247345381	9	16	0	0	alexrintt	alexrintt.io	MIT	2022-10-19T11:15:59.000Z
1793	contained_tab_bar_view_with_custom_page_navigator	Encapsulates TabController, TabBar and TabBarView into a single customizable Widget.	0.1.3	65.15841026307805	3	0	0	0	rgplvr		MIT	2021-09-18T15:04:20.000Z
1794	anyline_plugin	Flutter Plugin for Anyline OCR, which allows you to scan all kinds of numbers, characters, text and codes.	42.2.0	65.10206735144975	6	1	3	0	Anyline	anyline.com	NOASSERTION	2022-11-25T08:54:16.000Z
1795	spine_flutter	The official Spine Flutter Runtime to load, display and interact with Spine animations.	4.2.11	65.08906514107399	6	3566	2722	61	EsotericSoftware		NOASSERTION	2022-12-16T11:58:33.000Z
1796	fleasy	Useful and easy to use extensions, helper classes and widgets to create Flutter apps easier.	0.14.1	65.07172886057296	57	19	5	4	devj3ns	jensbecker.dev	BSD-3-Clause	2022-12-12T11:06:19.000Z
1797	dart_snmp	A dart library for communicating with simple network management protocol (snmp) enabled devices	3.0.0	65.06306072032245	13	7	6	4	point-source		BSD-3-Clause	2022-11-02T20:41:45.000Z
1798	animated_neumorphic	A Flutter package that contains Neumorphismic theme Container that animates implicity by change values. Easy to use, just like Flutter's built-in Animated widget.	0.2.0	65.03705629957093	14	3	0	1	Kurogoma4D	krgm4d.dev	MIT	2021-03-04T13:19:48.000Z
1799	gate	Annotations for gate_generator	1.0.1	64.98071338794261	3	18	1	1	Apparence-io	apparence.io	MIT	2022-11-16T17:03:42.000Z
1800	alfreed	split your business logic easily / handle your page state / handle animation state within your business logic	0.4.1	64.96771117756685	12	5	3	0	Apparence-io	apparence.io	MIT	2022-09-30T19:22:42.000Z
1801	wavenet	A simple wrapper for accessing Google's Text-To-Spech API and converting the results to MP3 files.	2.0.5	64.9547089671911	2	1	1	2	jonafeucht		MIT	2022-12-16T16:59:34.000Z
1802	wordpress_client	A library written purely in dart to interact with Wordpress REST API in a fluent manner. Supports Authorization as well.	6.3.4	64.95037489706583	11	16	4	0	ArunPrakashG	arunprakashg.com	MIT	2022-09-15T20:00:50.000Z
1803	pangle_flutter	A Flutter plugin that supports ByteDance Pangle SDK on Android and iOS. Such as Splash Ads, Rewarded Video Ads, etc.	1.9.7	64.93303861656482	27	121	35	7	nullptrx	coool.dev	MIT	2022-11-03T16:21:33.000Z
1804	openai_client	An unofficial, platform independent, client for accessing different AI models developed by OpenAI.	0.0.3	64.86802756468599	11	10	3	0	Azzeccagarbugli	francescocoppola.me	BSD-3-Clause	2022-12-11T23:21:51.000Z
1805	dartros	A Dart implementation of a ROS 1 Client Library	0.1.5+1	64.81168465305768	7	16	9	16	TimWhiting	timwhiting.dev	Apache-2.0	2022-12-14T07:19:13.000Z
1806	elliptic_text	Includes the EllipticText widget that lets you draw curved text. It comes with all the bells and whistles and is very easy to use.	1.0.1+9	64.80735058293243	16	0	1	0	robmllze		NOASSERTION	2021-07-27T09:43:47.000Z
1807	modular_customizable_dropdown	A modular and customizable dropdown that can be attached to ANY widget.	2.0.1	64.7726780219304	4	1	0	0	Khongchai	khong.xyz	MIT	2022-11-26T13:28:28.000Z
1808	conditional_wrapper	A widget that allows you to conditionally wrap a child	1.0.1	64.76400988167988	12	9	1	0	ThinkDigitalSoftware		MIT	2022-07-24T13:07:59.000Z
1809	faiadashu	Faiadashu FHIRDash - Build beautiful healthcare apps fast — use the Flutter™ SDK and follow the HL7® FHIR® standard.	0.8.0	64.75534174142938	13	22	8	0	tiloc		MIT	2022-09-17T17:08:55.000Z
1810	intrinsic_size_overflow_box	IntrinsicSizeOverflowBox widget, similar to `OverflowBox` except that the unconstrained width or height is sized to the intrinsic size of the child.	0.1.1	64.74233953105362	5	3	1	0	ronjb	ronbooth.com	MIT	2021-11-14T14:45:55.000Z
1811	automata	A dart package to create finite state machines and state charts.	0.2.0	64.73800546092836	13	31	3	1	rows	rows.com	BSD-3-Clause	2022-06-29T12:58:56.000Z
1812	squares	A flexible chessboard widget for Flutter. Visually customisable, with support for many chess variants.	1.1.0	64.72933732067784	14	22	8	1	alexobviously		NOASSERTION	2022-12-12T14:22:15.000Z
1813	num_remap	An implementation for the “Arduino map” function in Dart, which allows numbers to be remapped from one range to another.	1.0.1	64.69899882980107	2	1	0	0	Adrian-Samoticha		BSD-3-Clause	2022-07-23T18:59:13.000Z
1814	solana_web3	The Solana Dart API built on Solana's JSON RPC API, with support for common Native Programs.	0.0.2+6	64.6859966194253	4	1	0	0	merigo-labs	merigolabs.com	MIT	2022-12-07T20:34:48.000Z
1815	html_parser_plus	Use custom rule to parse html document.	0.0.1	64.61231742729598	0	0	0	0	CalsRanna	cals.xyz	MIT	2022-10-20T08:07:11.000Z
1816	convenient_test_dev	Write and debug tests easily, with full action history, time travel, screenshots, rapid re-execution, video records, interactivity, isolation and more	1.2.1	64.60364928704546	1	323	18	11	fzyzcjy	cjycode.com	MIT	2022-12-17T13:46:13.000Z
1817	imgur	A high-level Imgur API Client Library that uses Imgur's v3 API.	1.1.1	64.59498114679495	7	7	4	3	shellbear	shellbear.me	MIT	2020-03-18T19:38:23.000Z
1818	print_map	Simple package to print Map & Json objects with some colors and better read.	1.1.0+0	64.55164044554242	5	0	0	0	dewetbaumann		MIT	2022-07-24T18:35:40.000Z
1819	pretty_logger	A flutter package that developers have pretty logs instead just printing everything like a newbie.	1.0.0	64.52563602479088	5	2	0	1	Baronsindo	morocoder.com	MIT	2021-11-28T03:24:49.000Z
1820	image_gallery	Flutter plugin to showing all the images from the storage in Android and iOS .	1.2.0	64.51696788454038	19	38	25	11	flutter-devs		NOASSERTION	2020-09-13T07:12:35.000Z
1821	whiteboardkit	An awesome Flutter whiteboard implementation with drawing toolbox.	0.2.2	64.51263381441512	50	27	22	15	abdulaziz-mohammed		MIT	2022-02-12T13:41:56.000Z
1822	ferry_cache	A normalized, strongly typed, optimistic cache for GraphQL Operations and Fragments	0.7.0	64.4952975339141	3	476	90	52	gql-dart	gql-dart.dev	MIT	2022-12-11T21:44:13.000Z
1823	range_slider_dialog	A dialog with a range slider inside. You can customize the header and button text, and it just returns the RangeValue selected.	0.0.3	64.408616131409	14	0	1	0	DannyStrelok		MIT	2021-05-09T12:36:45.000Z
1824	auth_nav	Library support navgiation for authorization flow on flutter.	2.0.2	64.40428206128375	3	0	0	0	dangngocduc	dangngocduc.dev	MIT	2022-01-05T03:32:38.000Z
1825	reactive_awesome_select	Wrapper around flutter_awesome_select to work with reactive_forms	0.6.0	64.39561392103325	2	47	23	2	artflutter		MIT	2022-12-15T16:51:57.000Z
1826	image_overlay_map	A package using web or local image to build a map with customizable markers like leaflet image overlay.	0.0.3	64.37827764053222	6	0	2	4	mingfudu		BSD-3-Clause	2022-06-10T08:27:05.000Z
1827	snowball_stemmer	A starting point for Dart libraries or applications.	0.1.0	64.3132665886534	0	1	0	0	Klabauterman		MIT	2021-10-11T01:09:42.000Z
1828	grouped_expansion_tile	Expansion Tile for grouped data	1.1.0	64.30893251852815	4	1	0	0	yuto-yuto	technicalfeeder.com	MIT	2021-12-14T10:20:51.000Z
1829	flutter_p2p_plus	A WiFi Direct Plugin for Flutter. This Plugin uses the native WiFi P2P API of Android.	1.0.2	64.26992588740086	3	1	1	0	JAICHANGPARK		Apache-2.0	2022-03-08T00:26:24.000Z
1830	flutter_images_picker	A Flutter plugin for iOS and Android for picking images from the image library and taking new pictures with the camera.	0.1.0	64.23525332639882	3	0	0	0	honvidan		GPL-3.0	2022-01-26T03:27:40.000Z
1831	riverpod_messages	A message notification listener for riverpod architecture	1.0.2	64.19624669527153	6	4	2	0	ftognetto	quantos.it	MIT	2022-10-01T14:02:40.000Z
1832	fest	A simple snapshot testing utility for flutter inspired by jest. Compare and test snapshots ranging from Screenshots, Render Tree and Layer Tree.	0.1.3+1	64.18757855502102	4	4	1	0	dopecoder	nithinrao.dev	MIT	2021-07-01T20:17:32.000Z
1833	akvelon_flutter_issue_106664_workaround	Fixes the Flutter issue of automatically scrolling to a focused iframe when clicking outside of such iframe	0.1.2	64.17457634464525	2	0	0	0	akvelon	akvelon.com	Apache-2.0	2022-07-12T07:28:39.000Z
1834	dictionaryx	English dictionary with about 120.000 entries, based on Wordnet.	0.3.5	64.17024227452	6	1	0	0	xErik	novelplotter.com	MIT	2022-09-02T18:52:49.000Z
1835	amplify_storage_s3_ios	The method channel implementation for amplify_storage_s3 on iOS	0.6.10	64.1615741342695	0	1128	176	192	aws-amplify	aws-amplify.com	Apache-2.0	2022-12-17T00:16:28.000Z
1836	interval_tree	A non-overlapping interval tree with support for calculating unions, intersections, and differences between individual intervals and entire trees.	0.3.0	64.14857192389373	7	1	3	0	jpnurmi		MIT	2021-09-02T10:57:23.000Z
1837	flappy_translator	A tool which automatically generates Flutter localization resources from CSV and Excel files.	1.5.0	64.14423785376847	27	55	18	4	smartnsoft		MIT	2022-10-29T11:46:12.000Z
1838	mdcharts	march.dev charts library. Provides highly customizable and configurable charts.	4.0.4	64.1225675031422	1	3	1	0	marchdev-tk	marchdev.tk	BSD-3-Clause	2022-11-07T08:42:19.000Z
1839	draft_view	A draft js renderer written in Dart! You can easily render your draft js object in Flutter!	0.8.34+1	64.10956529276643	3	2	5	3	sirily11		MIT	2022-07-14T08:22:33.000Z
1840	isolator	Isolator is a package, which offer to you a simple way for creating two-component states with isolated part and frontend part of any kind - BLoC, MobX, ChangeNotifier and others	2.0.3	64.10523122264118	59	53	6	3	alphamikle	alphamikle.dev	MIT	2022-08-07T22:06:36.000Z
1841	pexels_null_safety	Unofficial wrapper of Pexels REST API for the Dart Language.	0.1.2	64.00988167988558	5	3	1	0	xenoken		BSD-3-Clause	2019-06-29T01:25:01.000Z
1842	better_aliyun_oss	A Simple Aliyun OSS Upload for Flutter.	0.0.8	64.00121353963507	1	2	1	0	WangYng		BSD-2-Clause	2022-06-24T02:26:40.000Z
1843	validation_chain	ValidationChain, SanitizationChain, MapValidator, MapSanitizer, Sanitizable interface.	0.0.11	63.94053655788151	8	5	1	0	Pr47h4m		MIT	2022-11-12T19:02:30.000Z
1844	smart_reply	Generate relevant replies to messages using MLKit's Smart Reply API.	0.1.0	63.88852771637845	11	8	2	2	Kirpal	kirp.al	MIT	2022-10-31T23:43:08.000Z
1845	password_policy	Dart package that help restrict password to a strong policy.	1.2.0	63.87119143587743	6	0	0	0	Milvintsiss	milvintsiss.com	BSD-3-Clause	2022-05-27T06:50:15.000Z
1846	floating_chat_button	A floating button which can be dragged around the screen and can display messages to the user	1.0.1	63.84085294500065	23	4	0	0	cu-apps		BSD-3-Clause	2022-02-05T22:15:40.000Z
1847	payfort_plugin	PAYFORT integration became easy with flutter ,this plugin allows you to use payfort for both android and ios.	0.3.1	63.836518874875395	9	0	5	7	Magints		BSD-2-Clause	2022-07-25T10:56:56.000Z
1848	peanut	Update your GitHub gh-pages branch with the compiled output of your Dart web app. Supports 'pub build' and the new 'pub run build_runner'.	4.3.0	63.81918259437438	72	181	23	10	kevmoo	j832.com	BSD-3-Clause	2022-11-09T23:21:51.000Z
1849	rx_future	introducing a new type in getx called RxFuture to listen to future state.	1.0.3	63.80618038399861	25	5	0	0	tareq-alsayed		MIT	2022-10-04T10:19:19.000Z
1850	f	A simple shortcut, command line interface (CLI) for Flutter to increase productivity and happiness.	0.1.7	63.7975122437481	13	27	5	0	salkuadrat		MIT	2021-11-29T08:24:36.000Z
1851	amplify_storage_s3_android	The method channel implementation for amplify_storage_s3 on Android	0.6.10	63.7888441034976	0	1128	176	192	aws-amplify	aws-amplify.com	Apache-2.0	2022-12-17T00:16:28.000Z
1852	loggerx	Tiny but powerful logger with default root logger and ability to create custom loggers with runtime level filtering.	1.3.5	63.754171542495556	1	1	0	0	abobija	abobija.com	MIT	2022-08-03T19:30:55.000Z
1853	model_factory	Generate model boiler plate	1.4.6	63.74983747237031	2	0	0	0	ekasetiawans	maseka.dev	NOASSERTION	2022-10-20T06:58:44.000Z
1854	logdna	A simple logdna client for Flutter. Push logs directly to your LogDNA dashboard in a few lines of code.	1.1.2	63.73250119186928	8	11	5	1	aligorithm	aligorithm.i.ng	MIT	2021-12-30T18:34:53.000Z
1855	number_ticker	Number_ticker provides a simple number ticker for displaying a changing number. You can use it to display the number that updates in real time for better user experience.	0.0.2+1	63.72816712174403	10	13	2	0	Livinglist		MIT	2022-01-12T22:31:57.000Z
1856	sharer	Share data from other apps to Flutter	1.0.1	63.7021627009925	2	1	0	0	kidsonfilms-python-rules		MIT	2020-11-13T00:36:30.000Z
1857	custom_selectable_text	A widget like selectable text but with additional custom functions like share. It can do Copy, select all, cut and paste as well.	0.4.0	63.69782863086725	6	1	0	0	radikz		MIT	2022-12-13T06:09:23.000Z
1858	simplify	A high-performance dart 2D/3D polyline simplification library	1.0.2	63.67615828024098	3	3	2	0	bjartebore		BSD-2-Clause	2021-06-25T10:10:30.000Z
1859	pal_widgets	A set of amazing onboarding widgets for your flutter applications.	0.2.0	63.67182421011572	43	25	0	2	Apparence-io		MIT	2021-12-29T17:30:01.000Z
1860	mapsforge_flutter	A port of mapsforge for pure flutter. Show maps while the device is offline.	2.0.2	63.65015385948944	12	30	13	5	mikes222		LGPL-3.0	2022-10-26T11:26:20.000Z
1861	zendesk_helper	A Flutter plugin for the Zendesk Chat SDK v2. Provides embed chat functionality in your apps to give your mobile users access to your support team	1.0.1	63.64581978936419	9	0	7	2	Muljin	moodio.co.uk	MIT	2022-07-19T18:41:13.000Z
1862	mounted_state	Easily check if a widget is mounted before calling setState.	1.0.1	63.64148571923893	0	0	0	0	vixez	glennruysschaert.com	MIT	2022-06-02T14:40:12.000Z
1863	roslibdart	Roslib for dart	0.0.1-dev+4	63.60247908811164	3	3	1	0	tmtong		Apache-2.0	2022-02-25T03:05:57.000Z
1864	owlbot_dart	A clean and simple interface to interact with owlbot.info, dictionary API. Returns response in nice formatted dart objects	2.0.0	63.53313396610757	8	4	0	0	lohanidamodar	dlohani.com.np	NOASSERTION	2021-08-13T14:34:15.000Z
1865	lorem_ipsum	Lorem Ipsum, a random Lipsum generator.	0.0.1	63.46812291422875	10	4	2	0	DamianRincon	damianrc.com	MIT	2022-07-30T07:12:39.000Z
1866	aws_polly	A simple, unofficial AWS Polly client in dart. Supports generating a URL given an input text and voice identifier.	2.1.1	63.459454773978244	4	4	4	3	robrichardson13	robrichardson.io	MIT	2022-03-19T19:07:17.000Z
1867	purple_lints	List of strict linter rules that can be used both in Dart and Flutter projects to enforce a highly maintainable style.	0.4.0	63.455120703852984	3	3	0	0	purplenoodlesoop		MIT	2022-10-10T14:58:50.000Z
1868	better_cupertino_slider	Better cupertino slider.	1.0.0	63.429116283101465	5	2	0	1	WangYng		BSD-3-Clause	2021-05-14T07:19:29.000Z
1869	metamask	sing in with metamask, connect to ethereum network	0.0.2	63.40744593247519	9	5	1	0	Abdusin		MIT	2022-03-29T10:31:45.000Z
1870	startapp	Flutter plugin for StartApp SDK - Currently only support Android platform	0.5.1	63.377107441598405	29	12	9	15	vdung7		Apache-2.0	2020-12-19T04:01:46.000Z
1871	json_converter_helper	JSON converters for package:json_serializable.	0.1.2	63.33376674034585	4	6	1	0	mono0926	mono0926.com	MIT	2022-10-21T05:38:43.000Z
1872	scrumlab_colored_progress_indicators	An alternate animated progress indicator widget for flutter's CircularProgressIndicator and LinearProgressIndicator with Google color accents.	1.2.0-nullsafety.0	63.32943267022061	3	0	0	0	giulianojordao		MIT	2021-05-24T17:21:15.000Z
1873	optimizely_dart	Flutter plugin for Optimizely native SDKs. Check feature flags and feature variables from your Optimizely project.	0.1.8	63.312096389719585	3	0	2	4	HomeX-It	homex.com	MIT	2022-02-10T15:09:45.000Z
1874	serverpod_chat_client	Serverpod chat module client.	0.9.21	63.28609196896806	0	970	71	76	serverpod		BSD-3-Clause	2022-12-17T16:30:47.000Z
1875	video_controls	A wrapper around video_player to show customizable controls for Flutter videos.	0.1.0	63.251419407966026	5	1	1	0	Levi-Lesches		BSD-3-Clause	2021-07-30T05:04:22.000Z
1876	navbar_router	A flutter package to build advanced bottomnavbar with minimal code and hassle	0.3.2	63.24708533784077	19	9	2	4	maheshmnj	maheshjamdade.com	MIT	2022-10-01T01:27:56.000Z
1877	last_state	Simple and robust state saver which allows restoring state after the app process is killed while in the background.	0.1.1	63.20374463658822	14	8	1	0	salim-lachdhaf	salimdev.ovh	MIT	2020-12-14T13:19:37.000Z
1878	easy_card_scanner	Easy Credit Card Scanner	1.1.0	63.1864083560872	3	1	0	1	hammadparveez		GPL-3.0	2022-05-13T12:41:46.000Z
1879	modjs_video_player	Fork of Youtube Player Iframe using Flutter port of the official YouTube iFrame player API. Supports web & mobile platforms.	1.0.0+fix	63.17340614571144	2	0	2	0	jsml		BSD-2-Clause	2021-12-13T13:16:41.000Z
1880	parsed_readmore	A Flutter text widget which is expandable and can automatically parse urls present in the text it into clickable links.	0.0.3	63.16040393533567	10	0	3	0	aashish2604		MIT	2022-08-24T13:10:09.000Z
1881	list_controller	Tools for creating list controllers. Supports infinite scroll, pagination, lazy loading, sorting, filtering, synchronization, huge lists, etc. Independent of architecture and widgets used.	0.0.3	63.134399514584146	5	0	1	0	astoniocom		MIT	2022-09-25T20:22:26.000Z
1882	simple_localization	Package to make it easy to implement localizations in your packages and applications.	2.0.0	63.0910588133316	0	2	0	0	ricardocrescenti		BSD-3-Clause	2022-07-18T12:19:52.000Z
1883	flutter_face_pile	A group of overlapping round avatars are called face piles, a face pile is a series of overlapping avatar images that come and go as users join and leave a given group.	0.0.3	63.07805660295583	5	3	0	0	cmedamine		BSD-3-Clause	2022-09-12T19:26:52.000Z
1884	catalyst_builder	A lightweight and easy to use dependency injection provider builder for dart.	3.1.0	63.06938846270532	6	1	0	0	mintware-de	mintware.de	MIT	2022-09-21T16:24:38.000Z
1885	simple_3d	This package was created for the convenience of 3D non-experts, including scientists.	7.1.0	63.03904997182854	10	7	0	0	MasahideMori-SimpleAppli		MIT	2022-12-12T12:08:36.000Z
1886	animated_path	A Flutter package that is used to create trim path animation.	0.0.2	63.00437741082651	55	57	0	0	himanshugarg08		BSD-3-Clause	2022-11-14T06:03:17.000Z
1887	app_wrapper	A wrapper that is responsible for initializing various services and utilities needed to run apps safely.	0.2.2	62.987041130325494	2	0	0	0	savannahghi	savannahghi.org	MIT	2022-10-18T12:15:42.000Z
1888	crdt	Dart implementation of Conflict-free Replicated Data Types (CRDTs).	4.0.2	62.98270706020024	28	85	13	1	cachapa	cachapa.net	Apache-2.0	2022-01-25T18:36:53.000Z
1889	shared_themes	A shared library for `BeWell-Consumer` and `SladeAdvantage` that is responsible for defining and providing theme/style guidelines	0.2.0	62.97403891994973	3	0	0	0	savannahghi	savannahghi.org	MIT	2022-11-24T10:13:00.000Z
1890	dart_levenshtein	Levenshtein distance implementation in Dart. The levenshtein distance can be invoked as a function or as a String extension.	1.0.1	62.965370779699214	3	2	1	2	Makepad-fr	makepad.fr	Apache-2.0	2022-10-17T01:45:27.000Z
1891	baseconvert	Convert any rational number from any (positive integer) base to any (positive integer) base. Output numbers as List or String.	1.0.2	62.9480344991982	7	0	3	1	randomdude583	hiddenquarter.com	MIT	2020-05-15T04:34:51.000Z
1892	sidekick_vault	Reads project secrets stored encrypted on the local filesystem	0.6.0	62.935032288822434	4	34	2	24	phntmxyz	phntm.xyz	Apache-2.0	2022-12-17T11:31:36.000Z
1893	cupertino_calendar	A calendar widget special design for Cupertino UI in Flutter	1.0.0	62.89602565769514	2	2	0	0	rk0cc	rk0cc.xyz	LGPL-3.0	2022-01-06T12:47:43.000Z
1894	crea_radio_button	A simple radio button group with any amount of options. Allows rectangular and round buttons, vertical and horizontal.	0.6.0	62.87435530706886	4	0	0	0	dutkaD		BSD-3-Clause	2022-09-21T08:45:26.000Z
1895	sized_icon_button	Create different size of Icon Buttons.	0.0.2	62.80934425519005	1	1	0	0	crawlinknetworks	crawlink.com	MIT	2021-06-17T09:21:04.000Z
1896	amap_flutter_search	高德官方没有提供search相关的Flutter插件，本插件针对高德地图搜索功能官方原生插件进行封装	0.0.4	62.78333983443852	0	0	3	2	dingjianjaja		NOASSERTION	2022-09-07T10:10:00.000Z
1897	flutter_package_manager	An android plugin supporting `PakcageManager`. You can get all of the installed apps and their app icon.	0.2.0	62.77900576431327	14	5	9	3	Dart-for-Apps	gihwan.com	NOASSERTION	2020-12-20T13:30:52.000Z
1898	deta	A Dart package to interact with the HTTP API of the free services of the Deta plataform.	0.0.3+1	62.770337624062755	4	6	2	6	yeikel16		MIT	2022-11-27T20:16:31.000Z
1899	fake_firebase_remote_config	Fake Firebase Remote Config for use during Flutter unit & widget tests.	1.0.3	62.74433320331123	1	1	2	0	ciriousjoker		BSD-2-Clause	2022-11-30T02:28:13.000Z
1900	flutter_gromore_ads	一款优质的 Flutter 广告插件（Gromore、穿山甲）	1.3.0	62.72699692281021	5	40	5	3	FlutterAds		MIT	2022-10-21T03:34:12.000Z
1901	magnifier	A Flutter Package that adds a Magnifying Glass to your App.	0.0.5	62.70532657218394	6	5	9	5	preetjdp	preetjdp.dev	MIT	2022-07-08T09:04:14.000Z
1902	error_handler	error handler for all http client in dart like dio, chopper http and more	1.1.0	62.70099250205868	12	14	1	2	masreplay	matheer.com	MIT	2022-09-25T20:34:00.000Z
1903	state_extended	The State Class is extended with State object controllers and lifecycle events.	1.1.0	62.66631994105665	1	0	0	0	AndriousSolutions	andrioussolutions.com	NOASSERTION	2022-09-16T18:47:36.000Z
1904	amplify_analytics_pinpoint_ios	The method channel implementation for amplify_analytics_pinpoint on iOS	0.6.10	62.6229792398041	0	1128	176	192	aws-amplify	aws-amplify.com	Apache-2.0	2022-12-17T00:16:28.000Z
1905	flutter_anywhere_menus	Menus Anywhere!  Now create floating menus that automatically position themselves by the parent widget or by touch/click location.	0.1.2	62.60997702942833	34	10	3	4	knyghtryda		MIT	2021-06-27T19:10:38.000Z
1906	dargon2	Provides bindings for hashing and verifying with Argon2, the winner of the Password Hashing Competition.	3.2.1	62.596974819052576	6	11	5	1	tmthecoder	tmthecoder.dev	MIT	2022-10-09T01:03:43.000Z
1907	jsontool	Low-level tools for working with JSON without creating intermediate objects.	1.1.2	62.58397260867681	5	27	4	3	lrhn	infimum.dk	Apache-2.0	2022-09-16T14:13:30.000Z
1908	deepl_dart	Dart library for the DeepL language translation API.	1.2.0	62.55796818792528	9	5	0	0	komape	kpelz.eu	MIT	2022-12-01T12:46:24.000Z
1909	gen_expects	Code generator that walks the widget tree of the test app and outputs expect statements for widget tests.	0.1.5	62.55363411780003	1	3	0	1	buttonsrtoys	richardcoutts.com	MIT	2022-09-20T18:44:52.000Z
1910	reactive_advanced_switch	Wrapper around advanced_switch to use with reactive_forms.	0.5.0	62.54063190742426	3	47	23	2	artflutter		MIT	2022-12-15T16:51:57.000Z
1911	native_auth	this package is to implement faceID, touchID and fingerprint authentication	1.0.4	62.536297837299	21	7	1	0	welitonsousa		NOASSERTION	2021-08-30T14:21:21.000Z
1912	contrast_checker	This library try to help you about checking the contrast of your text color and your background color.	0.0.2	62.48428899579596	5	1	0	0	to-on-kikaku	illukinati.com	BSD-3-Clause	2021-06-28T00:42:11.000Z
1913	thai	Thai language helper	1.0.0+2	62.46261864516968	0	0	0	0	tanapoj		MIT	2022-09-05T07:27:33.000Z
1914	expanded_bottom_sheet	A scrollable bottom sheet with ability to be expanded and scroll more	0.0.4	62.427946084167644	7	2	0	0	Mohammad-Hosein88		MIT	2021-09-07T05:26:11.000Z
1915	crypto_simple	A library for encrypt and decrypt string , very light & simple and fast.	1.1.1	62.41927794391713	4	0	0	0	esmaeil-ahmadipour	ea2.ir	MIT	2022-02-11T17:59:22.000Z
1916	flamingo	This is Firebase Firestore Model Framework Library. Can be manage document reference and collection reference. And provide Firestore and Cloud Storage interface.	2.18.0	62.41060980366663	74	117	19	5	hukusuke1007	neverjp.com	MIT	2022-08-09T03:16:55.000Z
1917	jsaver	Just An Amazing File Saver Plugin That Save Files To User Choice Directory On Android , Web & Windows.	1.2.0	62.393273523165604	3	0	1	0	AymanYassinn	jucodes.com	MIT	2022-11-08T20:03:30.000Z
1918	lit_firebase_auth	Pre-lit Firebase Authentication. Drop in and add Firebase Auth in just minutes.	0.3.0	62.345598751787804	166	77	19	28	funwithflutter	funwith.app	MIT	2021-12-08T22:31:18.000Z
1919	background_stt	A flutter plugin for Speech-to-Text & Text-To-Speech service always active in background mode.	1.0.6	62.341264681662544	30	9	6	8	umair13adil	umairadil.com	Apache-2.0	2022-01-16T07:49:38.000Z
1920	util_simple_3d	Utility for Sp3dObj. Includes 3D geometry generation utility and more.	4.0.0	62.29358991028475	10	2	0	0	MasahideMori-SimpleAppli		MIT	2022-08-16T12:02:55.000Z
1921	sec	Implementation of Standards for Efficient Cryptography (SEC) including SECP256K1 and SECP256R1.	1.0.1	62.25891734928272	1	0	0	0	xclud		MIT	2022-11-24T12:56:36.000Z
1922	pusher_beams_android	The Android implementation from Pusher Beams for Flutter, intended to be a platform-specific package.	1.1.1	62.25458327915746	0	8	11	7	pusher	pusher.com	MIT	2022-09-19T13:11:43.000Z
1923	stash_sembast_web	Sembast Web storage extension for the stash API. Provides support to store vaults  and caches in a IndexedDB in binary format using the msgpack json format	4.4.1	62.215576648030165	1	72	10	0	ivoleitao	ivoleitao.dev	MIT	2022-12-05T23:19:18.000Z
1924	number_system	A package to extend the functionality to convert between number systems	0.0.5+7	62.19390629740389	0	0	0	0	LiveUser		NOASSERTION	2022-07-28T23:32:05.000Z
1925	snappable_thanos	Package for Thanos's Snap Effect. Use it to turn your Widgets into dust. For fun only!	0.0.4	62.18523815715338	20	4	0	0	stefo231		MIT	2022-10-14T12:21:52.000Z
1926	video_player_win	Video player for Windows, lightweight, using Windows built-in Media Foundation API. Windows implementation of the video_player plugin.	1.1.2	62.17223594677762	2	0	3	0	jakky1		BSD-3-Clause	2022-12-05T08:08:05.000Z
1927	dual_scroll	A Flutter plugin to provide platform independent/dependent scrolling and panning functionality.	0.0.9	62.14189745590084	3	1	0	0	nbrgdevelopers41		BSD-3-Clause	2022-06-17T10:37:04.000Z
1928	flow_graph	DAG graph on flutter.	0.0.9	62.07255233389676	14	15	6	5	youngchan1988	dev.apptoy.cc	BSD-3-Clause	2022-03-09T11:05:22.000Z
1929	es_drawer_controller	A Flutter package to create awsome navigation drawer controller quickly.	1.0.9	62.02487756251897	8	1	0	0	ajumalp	developers.erratums.com	Apache-2.0	2022-03-22T18:32:44.000Z
1930	blinc_ui_flutter	A new Flutter package for UI.	0.0.2	62.00754128201794	12	0	0	1	flutterslayer		BSD-3-Clause	2022-12-16T12:03:35.000Z
1931	interactive_box	A Flutter widget that has pre-defined design for scaling, rotating, moving interaction.	0.3.2	61.98153686126642	7	2	0	1	Vong3432		MIT	2022-12-15T09:37:12.000Z
1932	screenshot_modes	easy automatics way for take screenshot for your app , screenshot mode  work as plugin for device_preview package	1.0.1	61.95553244051488	15	7	1	1	Ali1Ammar	iraqify.com	MIT	2022-08-09T19:20:24.000Z
1933	cached_network	A package use to fetch data from web and write as string into cache directory and provide a widget use to view caches.	0.0.3	61.88185324838555	0	0	0	0	CalsRanna	cals.xyz	MIT	2022-10-20T15:42:29.000Z
1934	twitter_api_core	This package provides core reusable and useful functionality for wrapping Twitter API with Dart.	1.8.3	61.8688510380098	0	3	0	0	twitter-dart	shinyakato.dev	BSD-3-Clause	2022-11-24T14:38:56.000Z
1935	flog	A feature based logging library that helps filter logs and keep the console clean.	0.2.1	61.84284661725826	5	3	0	0	mrgnhnt96	mrgnhnt.com	MIT	2021-06-16T17:02:38.000Z
1936	moneys	A set of classes useful for managing money, for save in a database and retrieve from it.	2.4.1	61.821176266631994	8	1	0	0	Marco87Developer		BSD-3-Clause	2021-12-14T15:27:31.000Z
1937	folding_menu	A fancy easy to use Folding Menu for Flutter Applications	1.0.0	61.80383998613097	21	12	2	0	retroportalstudio	retroportalstudio.com	MIT	2021-06-06T07:14:06.000Z
1938	xor	xor IntList's together and return a new List<int>; useful for cryptographic functions.	0.2.2	61.7344948641269	0	1	1	2	tpscrpt		GPL-2.0	2022-05-16T10:42:45.000Z
1939	extended_platform_view	Adds the ExtendedPlatformView widget to simplify PlatformView initialization & communication	0.0.2	61.72149265375114	0	0	0	0	SKKbySSK		MIT	2022-08-26T17:30:34.000Z
1940	opentok_flutter	A basic OpenTok plugin for Flutter.	0.0.1	61.62180904087028	1	4	1	1	AyonAB		MIT	2022-11-07T07:52:06.000Z
1941	screen_adaptation	A flutter plugin for adapting screen and font size.Rotation automatically updates the UI.	0.2.1	61.60013869024401	4	5	1	0	ShanRaw		MIT	2021-09-30T08:48:47.000Z
1942	serverpod_auth_firebase_flutter	Sign in with Firebase for the Serverpod auth module.	0.9.21	61.595804620118756	1	970	71	76	serverpod	serverpod.dev	BSD-3-Clause	2022-12-17T16:30:47.000Z
1943	obs_websocket	obs_websocket allows dart-based connections to the OBS (Open Broadcaster Software) plugin obs-websocket	5.0.0+14	61.58713647986824	21	11	7	0	faithoflifedev	muayid.com	MIT	2022-12-01T19:35:56.000Z
1944	serverpod_chat_flutter	Flutter widgets for the Serverpod chat module.	0.9.21	61.56980019936723	0	970	71	76	serverpod		BSD-3-Clause	2022-12-17T16:30:47.000Z
1945	firebase_user_stream	This package aims to provide a functionality missing from firebase_auth, which is to be able to reload user data from the server and get Stream updates with the new data.
	1.1.0	61.543795778615696	20	4	2	0	feinstein	feinstein.com.br	BSD-3-Clause	2020-09-07T20:01:27.000Z
1946	analysis_options	The set of rules that encourage good coding practices for applications, packages, and plugins.	2.0.1	61.513457287738916	1	1	0	0	G1J0SHI	g1joshi.dev	BSD-3-Clause	2022-11-11T10:15:03.000Z
1947	password_input	A new Flutter package which helps developers to get input of password in best UI.	0.1.0	61.5047891474884	10	2	1	0	shekharAggarwal	shekhar.live	Apache-2.0	2022-02-17T10:50:04.000Z
1948	hcaptcha	Integrate hCaptcha into your Flutter App without any dependency.	0.0.2	61.461448446235856	6	0	0	2	hsbijarniya	ensorta.com	MIT	2022-03-03T22:44:39.000Z
1949	flutter_p2p	A WiFi Direct Plugin for Flutter. This Plugin uses the native WiFi P2P API of Android.	0.1.1	61.413773674858064	60	76	41	16	mintware-de	mintware.de	MIT	2021-07-06T17:54:56.000Z
1950	serverpod_serialization	Serialization package for Serverpod.	0.9.21	61.38776925410653	1	970	71	76	serverpod	serverpod.dev	BSD-3-Clause	2022-12-17T16:30:47.000Z
1951	overlay_builder	Overlay Builder is used to build overlays using declarative programming	1.1.0	61.35743076322975	5	2	1	0	JonathanVegasP	vegasdevelopments.com	MIT	2021-08-21T00:31:45.000Z
1952	flutter_web3_provider	Flutter web web3 provider.	1.0.6	61.344428552853984	21	66	29	4	gochain		NOASSERTION	2022-01-04T21:59:57.000Z
1953	blueshift_plugin	Fltter plugin for integrating Blueshift's native Android/iOS SDK to your Flutter app.	0.0.2-beta	61.34009448272874	1	0	1	0	blueshift-labs	blueshift.com	MIT	2022-11-24T09:52:37.000Z
1954	flicked_cards	A gesture driven customizable and extensible card widget	0.0.3	61.331426342478224	55	10	0	0	DanielCardonaRojas		MIT	2021-11-08T12:05:19.000Z
1955	flutter_fps	A Flutter library to catch fps.	0.1.1	61.3140900619772	2	7	2	1	chenenyu		NOASSERTION	2020-11-18T08:43:28.000Z
1956	flutter_color_picker_wheel	A Wheel Shapde Color Picker written fully in dart	0.0.1	61.309755991851944	28	35	3	1	KexinLu		MIT	2022-03-10T04:06:39.000Z
1957	cobrowseio_flutter	A Flutter plugin to make use of cobrowse.io. View your app running remotely on customer devices. Guide the user, or take remote control.	1.0.5	61.30542192172669	1	4	1	2	robodigital	robodigital.nl	MIT	2022-11-24T15:24:18.000Z
1958	animated_progress_button	Are you looking for a solution to make your button become professional? This package can help you with all animation inspiration from Pinterest.	1.0.2+1	61.279417500975164	27	4	2	4	nghiashiyi		NOASSERTION	2021-06-05T12:27:21.000Z
1959	button_navigation_bar	A lightweight, customizable navigation bar widget for flutter which can be used as a FAB as well as a fixed Widget.	0.1.3	61.20140423872058	11	0	0	1	underwhelmingToaster		BSD-3-Clause	2021-11-30T14:49:32.000Z
1960	midpay	An unofficial midtrans payment plugin for flutter, Midtrans is one of the biggest payment gateway provider in indonesia	1.1.7	61.184067958219565	21	0	2	1	kakzaki	kakzaki.dev	MIT	2022-08-25T08:32:16.000Z
1961	lrc	A Dart-only package that creates, parses, and handles LRC, which is a format that stores song lyrics.	1.0.1	61.16239760759329	7	8	1	2	Yivan000	yivan.rf.gd	BSD-3-Clause	2022-09-13T11:20:48.000Z
1962	mk_drop_down_menu	Tap a widget wrapped with MKDropDownMenu to show a drop down menu. The header and menu are completely customizable.	1.1.0	61.136393186841765	6	4	4	0	malikwang	malikwang.com	MIT	2020-10-26T08:13:35.000Z
1963	webview_win_floating	WebView for Windows. A Flutter plugin that implements the interface of package webview_flutter.	1.0.4	61.11038876609024	0	0	0	0	jakky1		BSD-3-Clause	2022-12-10T09:49:00.000Z
1964	flutter_linkedin	Flutter Package to login and get Profile Details from linkedin	1.0.2	61.07571620508819	15	1	8	3	SmarttersStudio	smarttersstudio.com	MIT	2021-10-11T10:16:52.000Z
1965	expect_error	A testing utility for checking compilation errors	1.0.4	61.05837992458718	5	32	3	1	rrousselGit	dash-overflow.net	MIT	2022-12-05T11:57:02.000Z
1966	monarch_utils	Utilities for the monarch package. Monarch is a tool for building Flutter widgets in isolation. It makes it easy to build, test and debug complex UIs.	1.0.4	61.03670957396091	2	334	10	8	Dropsource	monarchapp.io	MIT	2022-12-14T20:57:36.000Z
1967	rollbar_dart	Connect your Dart applications to Rollbar for error reporting.	1.1.0	61.03237550383566	2	10	7	7	rollbar	rollbar.com	MIT	2022-12-16T01:59:47.000Z
1968	pixel_color_image	Pick the pixel color of a image. onHover, onTap, and the Preview widget.
	1.2.2	60.99770294283362	5	1	0	0	rbdog	flut.rbdog.biz	MIT	2022-09-09T09:11:07.000Z
1969	jhijri_picker	Just An Amazing Hijri Date Picker Widget With Many Customizable Options, Easy To Use, Customise & Implement.	0.0.4	60.993368872708366	2	0	1	1	AymanYassinn	jucodes.com	MIT	2022-09-12T22:37:11.000Z
1970	moony_nav_bar	Moony navigation bar. Simple and easy to use. Supports Android, IOS, Web.	1.3.3	60.95436224158107	3	3	1	1	doctor-blue		MIT	2022-07-02T08:04:16.000Z
1971	infobip_mobilemessaging	Infobip Mobile Messaging Flutter Plugin.	0.8.5	60.86768083907598	4	6	2	0	infobip		NOASSERTION	2022-11-25T11:47:55.000Z
1972	fargon2	A plugin for generating a hash based on Argon2 algorithm in Android / iOS platform.	1.0.0	60.85901269882547	3	4	1	0	iktakahiro	iktakahiro.dev	MIT	2022-08-19T13:18:10.000Z
1973	native_ios_dialog	A Flutter plugin which makes it straightforward to show the native equivalent of a CupertinoAlertDialog or CupertinoActionSheet.	0.1.0	60.8373423481992	6	9	0	2	Gebes		MIT	2022-11-20T08:49:22.000Z
1974	blip_sdk	A simple SDK built for BLiP using Flutter/Dart	0.0.19	60.79400164694665	1	0	1	1	takenet	blip.ai	BSD-3-Clause	2022-12-05T14:04:40.000Z
1975	bar_calendar	A package that allows the creation of event-based project calendars.	0.0.9	60.74632687556885	13	1	0	0	karimafas		BSD-3-Clause	2022-04-25T13:58:16.000Z
1976	drag_and_drop_windows	A Flutter plugin that adds drag-and-drop functionality for windows.	0.0.2	60.74199280544359	7	2	2	2	arasan01	arasan01.dev	MIT	2022-02-15T14:39:49.000Z
1977	getter	By using this plugin you can get images, videos, or audios from the local storage.	0.0.3	60.73332466519308	26	3	0	0	nesyou01		GPL-3.0	2021-08-30T13:10:22.000Z
1978	typeweight	Flutter plugin to help you to use more readable/clear font weight definitions.	2.0.1	60.68998396394054	4	1	0	0	frencojobs	frenco.dev	MIT	2021-06-14T09:17:08.000Z
1979	fleather_mention	Mentions for the Fleather rich text editor	0.0.2	60.68131582369003	1	4	1	0	Amir-P		MIT	2022-09-21T18:54:56.000Z
1980	flutter_vonage_video	Flutter Vonage Video (Tokbox / Opentok) API for publishing and subscribing to video and audio streams.	0.0.3	60.676981753564775	3	1	4	2	presencelearning		NOASSERTION	2021-04-13T18:55:15.000Z
1981	sliver_list_separator	This is a custom widget.	1.0.3	60.67264768343952	1	0	0	0	Flerma98		MIT	2022-10-19T22:24:29.000Z
1982	animated_onboarding_ns	Animated onboarding process for your Flutter app, now with null safety. This library contains a pre-build animation for your app.	0.0.2	60.66397954318901	5	0	0	0	dev-Roshan-lab		NOASSERTION	2022-01-03T16:32:21.000Z
1983	flutter_to_debian	A command application to help you easily bundle your flutter app build into a debian package ready for production.	1.0.4	60.62930698218697	10	14	4	2	jeffrey0606	hooreo.com	MIT	2022-11-13T19:54:14.000Z
1984	rps	Define and run scripts from pubspec.yaml.	0.6.4	60.6163047718112	17	12	4	2	gonuit	klyta.it	MIT	2022-10-18T11:29:11.000Z
1985	flutter_chord	Lyrics Chord parser and renderer for Flutter. It also comes with transpose and auto-scroll features.	0.1.2	60.611970701685955	28	14	7	5	paurakhsharma		MIT	2022-10-19T08:32:57.000Z
1986	glowstone	A simple widget-wrapper to impressively highlight something with glowing animation.	0.0.2	60.6076366315607	10	0	1	0	thematver	anomatver.xyz	MIT	2022-01-15T16:14:19.000Z
1987	qr_scanner_plus	Qr scanner plus	0.0.5+6	60.57296407055867	1	3	0	0	fast-flutter		NOASSERTION	2022-08-05T07:30:08.000Z
1988	bluetoothadapter	A Flutter plugin to expose the features of Bluetooth Adapter for **Android only**.	1.1.3	60.55562779005764	20	11	10	9	GeekyAnts	geekyants.com	MIT	2022-06-22T11:07:14.000Z
1989	rut_utils	Chilean RUT validation and formatting package. It includes methods to validate a RUT and a RutFormatter class to use on a Form.	0.1.2	60.49495080830408	1	2	0	0	smanriquez96		MIT	2022-07-11T14:49:00.000Z
1990	firebase_device_id	Helper to get the firebase device ID to use for remote config testing.	0.0.3	60.48628266805357	0	0	1	0	ddikman		BSD-3-Clause	2021-08-19T10:53:33.000Z
1991	flutter_hooks_test	Simple and complete Flutter hooks testing utilities that encourage good testing practices..	0.0.2	60.481948597928316	5	24	2	3	wasabeef	wasabeef.jp	MIT	2022-11-20T10:28:57.000Z
1992	maxminddb	A library for querying MaxMind databases. (.mmdb)	1.2.0	60.451610107051536	2	4	0	0	fischerscode		GPL-3.0	2022-03-26T11:27:17.000Z
1993	disposer	It's a simple interface to manage all instances that needs to been disposed. Pagacke can generate feature module with `Disposable`	0.0.8	60.416937546049496	4	0	0	0	damienissa		MIT	2022-02-08T10:39:56.000Z
1994	cbl_sentry	Sentry integration for Couchbase Lite with support for recording breadcrumbs and performance tracing.	1.0.2	60.399601265548476	2	72	10	29	cbl-dart	gabriel.terwesten.net	Apache-2.0	2022-12-16T21:42:23.000Z
1995	device_manager	Manager for hardware devices(USB, Serial. etc...) for Flutter Windows Desktop applications.	0.0.2	60.3779309149222	3	0	0	0	bojidartonchev	fondleapp.com	MIT	2022-06-15T20:26:33.000Z
1996	bulletin	A flutter package to show fully customizable multiple animating flash cards	0.0.1	60.36059463442118	13	5	0	0	DevsOnFlutter	hackthedeveloper.com	BSD-3-Clause	2022-04-01T04:30:19.000Z
1997	reactive_signature	Wrapper around signature to use with reactive_forms	0.9.0	60.35626056429593	1	47	23	2	artflutter		MIT	2022-12-15T16:51:57.000Z
1998	ensure_initialized	Allows to await for an object's initialization before using it.	0.1.0	60.32592207341915	8	1	0	5	nivisi		MIT	2022-11-18T12:15:50.000Z
1999	sugar	Forus Labs' Core Dart library. Provides sweet syntax sugar for common patterns related to the collections, core sand time.	2.4.1	60.31725393316864	2	6	0	1	forus-labs	foruslabs.com	MIT	2022-12-16T08:20:00.000Z
2000	view_model_provider	ViewModelProvider is a flutter MVVM framework. and Widget lifecycle listener.	1.0.2	60.2825813721666	1	27	6	0	wittyneko		MIT	2022-10-27T06:37:00.000Z
2001	controllable_widgets	Show a popup widget, an animated widget, etc... anywhere on screen. Control the position, animation, and properties of these widgets with a controller.	0.0.1+3	60.27824730204134	14	2	0	0	Haidar0096		Apache-2.0	2022-05-04T09:42:29.000Z
2002	build_context_provider	A package that allows you to run functions that require BuildContext outside of Flutter widgets.	1.1.0	60.265245091665584	7	0	0	0	Undeadlol1		BSD-3-Clause	2022-10-03T12:41:03.000Z
2003	webthree	WebThree - a web3 library for dart for interaction with ethereum nodes using HTTP or WebSocket. Supports custom credentials providers like WalletConnect and Metamask.	2.5.5+4	60.22190439041304	1	0	0	1	devopsdao	devopsdao.com	MIT	2022-12-17T17:51:48.000Z
2004	serverpod_auth_google_flutter	Sign in with Google for the Serverpod auth module.	0.9.21	60.19156589953626	4	970	71	76	serverpod	serverpod.dev	BSD-3-Clause	2022-12-17T16:30:47.000Z
2005	supabase_client	Database supabase.	0.0.14	60.16122740865947	1	68	9	5	azkadev		NOASSERTION	2022-12-14T00:56:31.000Z
2006	dbutils	Database utilities class library for SQLite and any number of other DBMS implemented in the future.	5.1.0	60.15689333853421	7	44	17	0	AndriousSolutions	andrioussolutions.com	Apache-2.0	2022-12-14T05:45:45.000Z
2007	flutter_scandit	Flutter Plugin for Scandit Barcode Scanning on Android and iOS	0.1.0+2	60.1395570580332	5	6	4	3	PalotaCompany	palota.co.za	MIT	2021-04-27T09:58:27.000Z
2008	color_picker_field	Color Picker field for Material and Cupertino, including a Radial Color picker(Hue based)	1.1.2	60.12222077753218	14	3	3	0	talamaska		MIT	2022-10-27T14:35:13.000Z
2009	concurrent_queue	Priority queue with concurrency control	1.4.0	60.02687123477658	7	3	0	0	bjartebore		MIT	2021-09-16T10:56:40.000Z
2010	should_review	A flutter package to determine if you should prompt users to rate your app based on some set metrics.	0.2.5	59.97919646339878	8	4	0	0	francis94c	francisilechukwu.com	MIT	2021-11-23T19:35:07.000Z
2011	localizable_annotation	An annotation for localizable, so Localization can be created automatically.	0.0.3	59.961860182897766	1	0	0	0	mbaguszulmi		BSD-3-Clause	2021-12-20T03:29:12.000Z
2012	firebase_functions_desktop	Desktop implementation of cloud_functions	0.2.0+3	59.95319204264725	5	284	35	18	invertase		NOASSERTION	2022-11-05T03:27:18.000Z
2013	simple_timetable	Simple timetable	1.0.3	59.940189832271486	15	6	3	1	hadukin		MIT	2021-04-29T08:38:24.000Z
2014	fluido	A simple and lightweight package to efficiently create reactive and responsive user interfaces in Flutter.	0.2.4	59.92285355177047	12	2	0	0	Bewond	bewond.com	MIT	2022-10-12T21:40:35.000Z
2015	reactive_month_picker_dialog	Wrapper around month_picker_dialog to use with reactive_forms.	0.5.0	59.909851341394706	3	47	23	2	artflutter		MIT	2022-12-15T16:51:57.000Z
2016	odoo_repository	Dart package helps to implement data communication between Odoo and dart client with persistance and offline mode	0.5.4	59.90118320114419	8	8	7	2	ERP-Ukraine	erp.co.ua	MIT	2022-08-09T14:44:17.000Z
2017	go_router_plus	Building blocks screens, access control and refresh notifiers base on Go Router.	2.0.0	59.89684913101894	15	12	1	0	vuongxuongminh		MIT	2022-09-27T00:22:54.000Z
2018	reactive_sleek_circular_slider	Wrapper around sleek_circular_slider to use with reactive_forms	0.4.0	59.87084471026741	3	47	23	2	artflutter		MIT	2022-12-15T16:51:57.000Z
2019	stacked_chart	A simple package which provide easy way to generate stacked bar chart.	0.0.6	59.857842499891646	10	1	0	0	Bikram-Shrestha	bikram.dev	MIT	2022-02-11T03:42:34.000Z
2020	gps_connectivity	A Flutter plugin that checks whether GPS is ON or OFF, it can listen for GPS change.	0.0.4	59.83617214926538	7	3	0	0	khamidjon		MIT	2022-03-02T11:08:04.000Z
2021	chargebee_flutter	This is the official Software Development Kit (SDK) for Chargebee Flutter.	0.0.6	59.81016772851385	0	3	1	2	chargebee	chargebee.com	MIT	2022-12-16T12:37:01.000Z
2022	time_slider	package to get a vertical slider of an time picker (or any type of text) where you can only choose one and set properties of selected and non selected items	0.1.0	59.79283144801283	5	2	0	1	guglia001		NOASSERTION	2020-05-09T17:33:16.000Z
2023	grouped_scroll_view	Provide a List, a grouper, and let it display it as a ListView, a GridView or anything else. Supports checkbox or radio in a scrollView.	0.0.9	59.78849737788757	13	4	1	1	meetleev		Apache-2.0	2022-12-06T11:58:36.000Z
2024	simple_widget_markup	This is an option that allows you to statically create layouts.	11.2.0	59.73215446625927	3	4	0	1	MasahideMori-SimpleAppli		MIT	2022-12-17T04:42:56.000Z
2025	simple_markdown_editor_plus	A TextField Widget that allow you to convert easily what's in the TextField to Markdown with custom toolbar support.	0.2.7	59.723486326008754	3	1	1	0	fossfreaks	fossfreaks.com	BSD-3-Clause	2022-12-02T22:34:17.000Z
2026	surrealdb	SurrealDB client written in pure dart. Auto reconnect, Typed functions	0.6.0	59.70181597538248	13	9	1	0	duhanbalci	duhanbalci.tech	MIT	2022-11-05T17:20:58.000Z
2027	pocketpy	A lightweight Python interpreter for game engines.	0.5.0+7	59.693147835131974	2	6	1	0	blueloveTH	pocketpy.dev	LGPL-3.0	2022-12-17T16:09:25.000Z
2028	flutter_easyhub	easy for hub, When you do a lot of calculation, you need this animation. When you make a network error or finish downloading files, you also need this animation。	1.0.2+1	59.645473063754174	6	87	12	2	ifgyong		MIT	2021-09-27T09:31:18.000Z
2029	flusmic_ui	A collection of widgets, utilities and extensions to integrate Flusmic more easy in Flutter.	3.2.0	59.63680492350366	2	22	9	1	PixelaGt	pixela.tech	MIT	2022-08-23T23:24:50.000Z
2030	document_analysis	A collection of document-analysis processing. Includes tokenization, distance, similarity, etc.	0.2.0	59.610800502752134	8	1	2	0	MSVCode	msvcode.com	NOASSERTION	2021-03-21T11:30:52.000Z
2031	yt	Native Dart interface to multiple YouTube REST APIs including the Data API, Live Streaming API and Cloud Vision API.	2.0.6+8	59.5847960820006	21	7	3	0	faithoflifedev	muayid.com	MIT	2022-11-28T20:23:53.000Z
2032	flutter_opendroneid	A flutter plugin for reading Wi-Fi and Bluetooth Remote ID advertisements using native Android and iOS platform-specific implementation.	0.9.7	59.580462011875355	1	4	0	1	dronetag	dronetag.cz	NOASSERTION	2022-12-16T14:34:09.000Z
2033	stroke_order_animator	Stroke order animations and quizzes for Chinese characters for use in Flutter apps	2.0.0	59.5761279417501	13	53	12	2	Mr-Pepe		BSD-3-Clause	2022-01-02T18:07:39.000Z
2034	fl_webview	Based on webView_flutter plugin implemented by flutter supports Android and IOS	0.6.1	59.56745980149959	1	0	0	0	Wayaer		MIT	2022-12-06T08:17:50.000Z
2035	easy_refresh_flutter3	A flutter widget that provides pull-down refresh and pull-up load.	3.0.0	59.55012352099857	1	3346	581	35	xuelongqy	itbug.shop	MIT	2022-12-14T07:12:42.000Z
2036	discord_api	A pure dart package wrapping the discord API, including transformers for all its objects.	0.1.1	59.54578945087331	10	6	2	1	MeixDev	meix.dev	GPL-3.0	2022-08-07T15:46:37.000Z
2037	reflex	Flutter plugin to read notifications and auto reply with custom messages.	0.0.2	59.54145538074806	33	13	3	2	DevsOnFlutter	hackthedeveloper.com	BSD-3-Clause	2022-02-13T02:39:39.000Z
2038	amplify_analytics_pinpoint_android	The method channel implementation for amplify_analytics_pinpoint on Android	0.6.10	59.532787240497555	0	1128	176	192	aws-amplify	aws-amplify.com	Apache-2.0	2022-12-17T00:16:28.000Z
2039	flutter_class_parser	A package for serialize and deserialize common UI data classes in Flutter.	0.2.4	59.52411910024704	4	4	0	0	KevinVan720	wenkaifan.com	MIT	2021-05-09T18:57:26.000Z
2040	well_formed	A form fields package designed to relieve developers of much of the burden of form-related coding. It provides field masking, validation, smart trimming, and more.	0.4.3	59.480778398994495	19	7	5	1	dartoos-dev	dartoos.dev	MIT	2022-08-31T14:07:33.000Z
2041	firefuel	A Firebase Cloud Firestore library to fuel your application's growth!	0.2.2	59.42876955749144	12	7	1	8	SupposedlySam	firefuel.dev	MIT	2022-09-19T22:05:08.000Z
2042	hive_crdt	Dart implementation of Conflict-free Replicated Data Types (CRDTs), backed by a Hive store.	2.0.2	59.420101417240936	3	9	4	1	cachapa		Apache-2.0	2021-05-13T08:30:12.000Z
2043	nominatim_geocoding	A library to forward and reverse geocoding using OSM nominatim API.	0.0.6	59.394096996489395	5	0	1	0	dronemindeu		NOASSERTION	2022-05-07T10:53:04.000Z
2044	iyzico	This package provides some Iyzico requests these are payment, threed payment, bin etc.	0.1.1+3	59.389762926364156	14	8	5	0	yusufgngor		BSD-3-Clause	2021-09-24T17:17:31.000Z
2045	flutter_reach_five	This package allows you to use the methods from the reachFive android and ios native sdks in Flutter	0.1.7	59.363758505612616	3	0	0	0	bamlab	bam.tech	MIT	2022-11-30T10:51:14.000Z
2046	categorized_dropdown	Categorised droptown created using base dropdown widget of the Flutter.	1.0.0	59.3464222251116	6	2	0	0	buraktabn		MIT	2021-05-26T07:22:44.000Z
2047	google_map_iframe	A minimal google map embedder	0.0.2	59.337754084861096	1	2	1	0	aadarshadhakalg	aadarshadhakal.com.np	BSD-3-Clause	2022-02-27T08:58:18.000Z
2048	flutter_dialpad_plus	A phone dialer widget that can be added to Flutter App to enable ability to dial a number. This could be combined with a voip app or with any API e.g WhatsApp API.	0.2.1	59.32908594461058	4	4	0	6	RaiAnsar	flutterer.dev	BSD-3-Clause	2020-09-10T11:00:05.000Z
2049	at_follows_flutter	A Flutter plugin project that provides a basic social "follows" functionality for atSigns. Provides a list of followers and following for atSigns with the option to unfollow them.	3.0.9	59.29007931348329	7	47	34	41	atsign-foundation	atsign.org	BSD-3-Clause	2022-12-16T11:39:13.000Z
2050	watt	Flutter prebuilt widgets and utils to make development faster	0.5.1	59.285745243358036	0	0	0	0	weaze-id		GPL-3.0	2022-11-29T14:07:13.000Z
2051	mvvm_plus	MVVM+ is a lightweight Flutter implementation of MVVM, plus a locator for sharing states via a global registry (like GetIt) or inherited widgets (like Provider).	1.0.6	59.281411173232776	20	7	0	1	buttonsrtoys	richardcoutts.com	MIT	2022-12-01T18:10:40.000Z
2052	dynamic_routes	A super easy-to-use routing library for Flutter that allows you to determine routes and the order of those routes all in one place.	1.1.1	59.27274303298228	1	1	0	0	Khongchai	khong.xyz	MIT	2022-10-09T13:55:24.000Z
2053	rdflib	A pure Dart package for working with RDF (resource description framework).	0.2.2	59.25540675248126	2	5	0	5	anusii		GPL-3.0	2022-12-16T05:52:54.000Z
2054	mediaquery_sizer	It helps you to use the screen sizes through mediaquery, without having to make instances to shorten its size or use it completely.	1.0.3	59.24240454210549	2	0	0	0	titoworlddev		MIT	2022-08-16T20:43:55.000Z
2055	nowplaying	A plugin to reveal metadata for the currently playing audio track	2.0.6	59.23373640185498	10	1	8	4	shinyford		NOASSERTION	2022-01-24T03:15:38.000Z
2056	nordic_nrf_mesh	A Flutter plugin to enable mesh network management and communication using Nordic Semiconductor's SDKs.	0.13.0	59.22506826160448	9	13	8	4	OZEO-DOOZ		BSD-3-Clause	2022-10-16T20:31:47.000Z
2057	swayze	A set of widgets and controllers to display very large tables on flutter apps.	1.1.0	59.22073419147922	53	73	13	5	rows	rows.com	BSD-3-Clause	2022-11-03T00:28:16.000Z
2058	sweet_cookie	A sweet way to manage cookies in dart :cookie:. You can easily manage cookies in your application.	0.0.5	59.2120660512287	8	0	0	0	teixeirazeus	thiagoteixeira.dev	MIT	2022-10-26T20:38:20.000Z
2059	serverpod_auth_apple_flutter	Sign in with Apple for the Serverpod auth module.	0.9.21	59.18172756035192	0	970	71	76	serverpod	serverpod.dev	BSD-3-Clause	2022-12-17T16:30:47.000Z
2060	flutter_sms_listener	An extracted package from sms to listen to received sms. Currently only works for android.	0.1.3	59.103714298097344	3	1	0	1	danjodanjo		MIT	2021-08-07T03:57:44.000Z
2061	ferry_store	Default Store for Ferry GraphQL client	0.5.0	59.069041737095304	0	476	90	52	gql-dart	gql-dart.dev	MIT	2022-12-11T21:44:13.000Z
2062	storagebox	Easily store configuration keys and values for your CLI and web apps.	0.1.0+3	59.0603735968448	3	14	5	1	invertase	invertase.io	Apache-2.0	2022-09-26T10:03:06.000Z
2063	flutterando_analysis	Lint rules for Flutter and Dart, created for the open source projects of the Flutterando Community.	0.0.2	59.021366965717505	4	5	1	0	Flutterando	flutterando.com.br	MIT	2022-12-02T22:30:20.000Z
2064	oauth2_dio	A new Flutter package support oauth2 for refresh token.	2.0.3	58.986694404715465	3	2	2	0	dangngocduc	dangngocduc.dev	MIT	2021-08-19T08:52:33.000Z
2065	multipart	A dart package for decoding multipart/form-data	0.1.2	58.94335370346292	4	6	0	0	guo40020		MIT	2021-08-21T16:22:33.000Z
2066	cupertino_stackview	A very easy-to-use navigation tool/widget for having iOS 13 style stacks.	2.0.0	58.939019633337665	42	49	10	4	aliyigitbireroglu	cosmossoftware.coffee	MIT	2022-07-07T02:22:05.000Z
2067	stackdriver_dart	logging stackdriver report	1.0.8	58.934685563212405	0	1	0	0	ueki-tomohiro	playon.jp	MIT	2022-04-30T15:03:06.000Z
2068	reactive_cupertino_text_field	Wrapper around flutter CupertinoTextField to use with reactive_forms	0.4.0	58.926017422961905	2	47	23	2	artflutter		MIT	2022-12-15T16:51:57.000Z
2069	aeyrium_sensor	A Flutter sensor plugin which provide easy access to the Pitch and Roll on Android and iOS devices.	1.0.7	58.89567893208512	15	58	29	11	aeyrium	aeyrium.com	MIT	2022-04-20T00:22:43.000Z
2070	instamojo	Instamojo SDK from Instamojo ported to flutter as plugin with all necessary features and with Null Safety which is implementation by EvilRATT	1.0.0+2	58.88267672170936	4	0	0	0	evilrat	evilrattechnologies.com	BSD-3-Clause	2022-03-21T19:33:18.000Z
2071	iso_calendar	Dart package for calculating the year and week number based on ISO-8601.	1.0.0	58.878342651584106	5	1	0	1	iktakahiro	iktakahiro.dev	BSD-3-Clause	2021-03-19T03:40:38.000Z
2072	multibase	An implementation of multibase in Dart	1.0.0	58.86967451133359	1	0	0	0	heacare	hea.care	MIT	2022-08-03T11:53:38.000Z
2073	gameanalytics_sdk	Official Flutter SDK for GameAnalytics. GameAnalytics is a free analytics platform that helps game developers understand their players' behaviour by delivering relevant insights.	1.2.7	58.86100637108308	1	0	1	0	GameAnalytics	gameanalytics.com	MIT	2022-05-04T14:55:23.000Z
2074	steppers	A Flutter steppers package.	0.0.1	58.843670090582066	2	2	0	0	zeucxb		MIT	2019-08-13T04:22:37.000Z
2075	charge_wallet_sdk	SDK for Charge Wallet API	0.0.2+5	58.80032938932952	1	1	0	0	fuseio	fuse.io	MIT	2022-11-22T10:30:57.000Z
2076	flutter_json_schema_form	Create beautiful and low-effort forms that output valid data. Based on Flutter / Material Design Widgets / JSON Schema.	0.0.10	58.795995319204266	0	2	1	1	Instituto-Iracema	lapada.ifce.edu.br	MIT	2022-06-18T06:07:41.000Z
2077	flutter_feathersjs	Communicate with your feathers js  server from flutter app with unbelieved ease and make happy your customers.	4.0.5+1	58.76999089845274	13	19	6	2	Dahkenangnon	dah-kenangnon.com	MIT	2022-12-07T07:20:43.000Z
2078	string_translate	A Dart Package which helps you translate Strings. This is avaible for android, IOS, macOS, Windows, Linux and on the Web.	1.4.4	58.74832054782646	2	4	0	0	Jules-Media		Apache-2.0	2022-09-19T19:40:03.000Z
2079	gr_zoom	A Flutter plugin for the Zoom Client SDK.	0.0.2+3	58.743986477701206	2	0	0	0	25LucasAnselmo		Apache-2.0	2022-11-22T01:51:21.000Z
2080	tag_ui	Componentes de interface de usuário do TAG (Tecnologia de apoio a gestão).	0.26.0	58.72665019720019	1	1	1	5	ipti		GPL-2.0	2022-10-27T20:12:25.000Z
2081	whatsapp_bot_flutter	Whatsapp bot using puppeteer and whatsapp web scraping with flutter desktop/web and dart projects support	0.0.9	58.709313916699166	24	16	3	0	rohitsangwan01	rohitsangwan.site	MIT	2022-11-13T10:26:50.000Z
2082	flutter_authorize_net_client	A Simple Flutter plugin to use Authorize.net using it's API.	0.1.0+2	58.62263251419408	3	2	5	3	GAM3RG33K		MIT	2021-05-05T16:34:43.000Z
2083	fire	Hot restart for Dart console application with fast incremental compilation.	1.2.2	58.57062367269103	3	1	2	1	ykmnkmi		MIT	2022-12-05T09:08:44.000Z
2084	icon_animated	Awesome flutter icons. Animated icons! using it very easily.	0.1.0+1	58.53595111168899	5	5	1	0	GiYeongUM		MIT	2022-10-01T16:49:27.000Z
2085	lo_form	Low-code and lightweight Flutter library for forms' state management.	0.5.0	58.51428076106271	23	75	7	2	YoussefRaafatNasry		NOASSERTION	2022-09-02T16:43:47.000Z
2086	conditional_wrap	A Flutter widget that allows you to conditionally wrap a child subtree with a parent widget	2.0.0	58.48827634031119	2	0	0	0	rasitayaz		MIT	2022-08-30T09:07:05.000Z
2087	better_sound_effect	A Sound Effect Player for Flutter.	0.0.3	58.4579378494344	1	2	0	1	WangYng		BSD-3-Clause	2021-06-25T10:03:58.000Z
2088	dynamic_url_image_cache	A image provider that caches the image with an ID, useful for images with dynamic urls, like S3 images.	1.0.0	58.44060156893338	4	10	1	0	Gabanelli		MIT	2022-02-10T02:47:54.000Z
2089	local_captcha	A fake captcha widget that helps speed up the development of prototype/demo app.	1.0.1	58.43193342868288	1	0	0	0	kleong153		BSD-3-Clause	2022-06-24T03:09:17.000Z
2090	infinite_scroll_list_view	Provides an infinite lasy loaded list view with animations.	1.0.0	58.42326528843237	3	0	0	0	Oualitsen		NOASSERTION	2022-08-10T16:28:51.000Z
2091	capped_progress_indicator	A linear and circular progress indicator with a customisable corner radius or stroke cap.	0.0.2	58.414597148181855	4	0	0	0	JakesMD		MIT	2022-11-02T15:46:30.000Z
2092	tab_switcher	Build your complex app around tabs just like Chrome for Android	1.0.1	58.384258657305075	23	15	2	2	nuc134r	nuc134r.io	MIT	2022-09-18T04:55:08.000Z
2093	eva_color	Simple Eva Design System color and swatches for Flutter, with dart generator command from eva theme json file.	2.0.0	58.37992458717982	6	0	0	1	glovory	glovory.dev	BSD-2-Clause	2022-03-06T18:00:21.000Z
2094	flutter_barcode_keyboard_listener	Demonstrates how to use the flutter_barcode_keyboard_listener plugin.	0.0.2	58.366922376804055	1	2	0	0	FrenkyDema		BSD-3-Clause	2022-11-23T00:45:07.000Z
2095	skadi	Flutter utilities packages for custom widgets and utilities function.	2.0.4	58.34958609630304	4	0	0	0	lynical-software	lynical.com	MIT	2022-12-13T04:39:27.000Z
2096	sghi_core	Collection of shared utility methods, functions and widgets	0.2.4	-1.0	0	0	0	2	savannahghi		MIT	2022-12-15T07:41:34.000Z
2097	firebase_crashlytics_legacy	Flutter plugin for Firebase Crashlytics. It reports uncaught errors to the Firebase console. Legacy version with fix for 'Flutter/Flutter.h' file not found	0.4.0+3	58.28890911454947	2	1	1	0	davejlin		BSD-3-Clause	2021-09-24T18:46:49.000Z
2098	easy_downloader	Easy Downloader is a simple and easy to use plugin to download files from the internet.	0.0.13	58.25857062367269	2	1	0	0	linkkader		MIT	2022-11-01T19:02:44.000Z
2099	sdl2	A Dart library for accessing common SDL 2.24.0 (stable) APIs using, FFI.	1.4.0	58.23256620292116	6	6	2	1	sansuido		BSD-3-Clause	2022-11-30T08:38:07.000Z
2100	zego_uikit_prebuilt_live_audio_room	PrebuiltLiveAudioRoom is a Live Audio Room kit that provides a ready-made group voice chat that supports up to 8 hosts and co-hosts to connect with millions of users downstage.	1.0.6	58.223898062670656	3	0	0	0	ZEGOCLOUD	zegocloud.com	MIT	2022-12-12T09:58:02.000Z
2101	dynamic_overflow_menu_bar	A widget that creates an overflow menu based on available space	0.1.2	58.21522992242014	14	3	0	0	ThinkDigitalSoftware	thinkdigital.software	BSD-2-Clause	2019-11-11T00:50:00.000Z
2102	future_button	Customizable Material and Cupertino buttons with progress bars. Useful if you want to show a loading indicator when user presses some action, and show the result afterwards.	0.1.2	58.15455294066658	40	33	8	6	kekland		MIT	2022-07-20T03:25:21.000Z
2103	mwwm	Software architecture pattern for teams with different sizes. Add possibility to work separately. Separate UI, presentation logic and business logic.
	2.0.0	58.12854851991506	44	39	1	0	surfstudio	surf.ru	Apache-2.0	2020-11-27T13:50:32.000Z
2104	socket_io_client_flutter	Flutter port of socket.io-client for web, flutter, dartvm to use	1.2.0+1	58.072205608286744	0	0	0	0	DanielWHoward		MIT	2022-12-13T19:45:59.000Z
2105	autotrie	A auto-completion engine for Dart/Flutter, based around an optimized Trie implementation.	2.0.0	58.03319897715945	37	49	2	4	AKushWarrior	kishoredev.live	MPL-2.0	2021-05-28T21:27:00.000Z
2106	reactive_sliding_segmented	Wrapper around CupertinoSlidingSegmentedControl to use with reactive_forms	0.4.0	57.929181294153345	2	47	23	2	artflutter		MIT	2022-12-15T16:51:57.000Z
2107	super_form	Quick, familiar and extensible forms in Flutter. No magical configuration required. Comes with form widgets, error text and many validation rules.	1.0.1	57.907510943527065	30	11	1	1	pr0gramista	pr0gramista.pl	BSD-3-Clause	2022-02-27T17:55:28.000Z
2108	info_kit	Provides all basic info about your application. App flavor, Version, Device size, Flavor specific environment variables, and more.	1.0.1	57.898842803276565	3	0	0	0	zvikarp	zektec.com	MIT	2022-08-21T13:14:35.000Z
2109	dadata	DaData.ru Suggestions API implementation (address suggestions, reverse geocoding)	0.3.3	57.842499891648245	1	0	1	1	darkxanter		MIT	2022-12-09T19:10:24.000Z
2110	rustic	Various constructs inspired by the Rust programming language.	0.4.0	57.816495470896726	6	4	0	0	skreborn		BSD-3-Clause	2022-03-11T00:10:25.000Z
2111	kt_drawer_menu	KTDrawer is a library for flutter to create a beautiful drawer menu with with deep customization capabilities.	0.0.6	57.7991591903957	16	1	2	1	tuankhaiit	tuankhaiit.com	MIT	2022-08-10T09:05:30.000Z
2112	geodata	A geospatial client to read GeoJSON and OGC API Features data sources.	0.11.0	57.794825120270445	3	20	3	31	navibyte	navibyte.com	NOASSERTION	2022-12-02T20:19:03.000Z
2113	canton_ui	UI Package for developing UI faster and more efficiently in Flutter	1.0.9	57.77748883976943	28	11	1	0	31Carlton7		MIT	2022-08-12T17:08:18.000Z
2114	foo	Restart your app.	0.0.1	57.734148138516886	1	0	0	0	dotlenter		NOASSERTION	2020-08-01T00:52:36.000Z
2115	http_client_deta_api	Implementation of the client_deta_api package using the http package.	0.0.1+1	57.72547999826637	0	6	2	6	yeikel16		MIT	2022-11-27T20:16:31.000Z
2116	mineral	Mineral is a Discord framework for designing discord bots in Dart.	2.3.1	57.71681185801586	12	13	2	0	mineral-dart	mineral-foundation.org	MIT	2022-12-10T23:02:49.000Z
2117	menu_inline_filter	A new Flutter package project.	0.0.1	57.712477787890606	7	0	0	0	kevinrmendez		BSD-2-Clause	2021-02-25T12:29:36.000Z
2118	driven	Easily copy files and folders to and from Google Drive from your Flutter app.	0.1.4	57.68647336713908	3	1	0	0	flutterfromscratch	lewiscianci.com.au	MIT	2022-07-21T01:53:52.000Z
2119	dart_frog_web_socket	WebSocket support for Dart Frog. Built by Very Good Ventures.	0.1.0-dev.1	57.682139297013826	15	1022	64	18	VeryGoodOpenSource	verygood.ventures	MIT	2022-12-16T19:12:34.000Z
2120	full_picker	A Flutter package that helps you select files in different modes	1.1.5	57.67347115676331	5	1	1	0	mbfakourii	mbfakouri.ir	MIT	2022-12-16T05:25:46.000Z
2121	flutter_horizontal_divider	An horizontal divider for Flutter based on VerticalDivider.	1.0.0	57.63013045551077	0	0	0	0	adbonnin		MIT	2021-01-01T16:40:09.000Z
2122	tencent_im_plugin	This plug-in integrates Tencent cloud 'imsdk', realizes cross platform im access, and is compatible with Android and IOS devices.	2.0.5	57.61712824513501	17	211	57	5	JiangJuHong	huic.top	Apache-2.0	2022-06-18T07:19:29.000Z
2123	community_charts_common	A common library for charting packages. Forked from google/charts.	1.0.0	57.60846010488449	3	3	0	0	juliansteenbakker	steenbakker.dev	Apache-2.0	2022-11-16T09:17:20.000Z
2124	trust_wallet_core_lib	A Flutter plugin for trust wallet core.	0.0.6+2.9.6	57.582455684132974	1	3	1	0	ciripel		MIT	2022-07-07T11:58:38.000Z
2125	body_part_selector	A beautiful selector for different body parts	0.0.3	57.56078533350669	9	10	6	0	fyzo-dev		MIT	2022-10-17T12:12:22.000Z
2126	fexr	fexr-flutter is a lite wallet for Rubix Blockchain Protocol that helps to Connect your on-chain connectors to authenticate or sign third party accounts which are integrated with Rubix Blockchain Platform and uses Fexr APIs. Strict permission requirements built in Fexr apps will protect the access to your data also while allowing seamless integration.	0.8.6	57.53911498288042	0	1	1	0	getfexr	getfexr.com	BSD-3-Clause	2022-12-08T09:11:25.000Z
2127	twilio_dart_api	A Package that helps with twilio API. Supports to send twilio programmable SMS and retrive all messages data from twilio.	0.0.1	57.495774281627874	2	2	0	0	NazarenoCavazzon	mibus-app.com.ar	MIT	2022-08-22T21:40:51.000Z
2128	android_sms_consent	Flutter plugin to perform one-tap SMS verification with the SMS User Consent API in Android.	1.0.1	57.45676765050058	2	0	0	0	khalti	khalti.com	BSD-3-Clause	2021-12-20T11:12:36.000Z
2129	seatsio	Seatsio SDK for Flutter.	0.3.0	57.439431369999575	5	4	3	0	SongJiaqiang		MIT	2022-11-23T07:32:44.000Z
2130	google_maps_flutter_floating_marker_titles	Floating Map Marker Titles for google_maps_flutter	0.3.0	57.42209508949855	0	10	4	0	androidseb	mapmarker.app	BSD-3-Clause	2022-11-11T14:10:41.000Z
2131	win32_suspend_process	Suspend and resume processes on the Windows platform from native dart code.	1.0.0	57.417761019373295	1	0	0	0	Merrit	merritt.codes	BSD-3-Clause	2021-03-29T22:41:30.000Z
2132	geiger_api	A Communication API for the GEIGER ecosystem. It provides a unified interface for all plugins to communicate and transfer control between the components of the ecosystem.	0.8.2	57.413426949248034	6	0	0	5	cyber-geiger	cyber-geiger.eu	Apache-2.0	2022-11-25T16:00:22.000Z
2133	zaincash	Zaincash integration.	0.0.3	57.387422528496515	5	1	3	0	karrarkazuya		BSD-2-Clause	2021-12-11T09:02:02.000Z
2134	andesgroup_common	A common packages use by AndesGroup.	1.0.18	57.378754388246	2	0	0	0	AndesGroup	tbm98.dev	BSD-3-Clause	2022-09-12T01:34:09.000Z
2135	leto_schema	An implementation of GraphQL's type system in Dart. Basis of leto.	0.0.1-dev.1	57.37442031812074	0	29	2	3	juancastillo0		MIT	2022-12-15T01:15:56.000Z
2136	better_wifi_manager	A simple Wifi manager for Flutter.	0.0.5	57.352749967494475	0	0	0	0	WangYng		BSD-3-Clause	2021-08-11T06:51:19.000Z
2137	style_random	Random string generator with easy syntax and many complex options. Specify random string by many options like length, ends etc.	0.0.1+1	57.335413686993455	18	0	1	0	styledart	styledart.dev	GPL-3.0	2022-01-08T10:41:36.000Z
2138	is_pirated	Check and handle if your app is installed from an unauthorized source. Provides tolling to auto terminate app & open store listing	0.3.0	57.331079616868195	13	5	3	2	SethuSenthil	sethusenthil.com	MIT	2022-05-23T06:22:01.000Z
2139	trip_advisor_api	A dart package to communicate with trip advisor api. this package lets you do all of the api's functions	1.0.8	57.305075196116675	2	0	0	1	Gypsy-IL		GPL-3.0	2022-12-10T20:06:42.000Z
2140	dart_proffix_rest	A Dart wrapper for Proffix Rest API with automatic login and logout and many useful helper functions	0.1.2	57.29640705586616	2	0	0	0	pitwch	pitw.ch	MIT	2022-12-16T19:05:14.000Z
2141	mncapps	SDK to help you discover, and manage all MNC Apps to display it on your application	2.7.0	57.2834048454904	4	0	0	3	mncinnovation	mobile.mncinnovation.id	BSD-3-Clause	2021-04-15T03:55:20.000Z
2142	sio_core_light	Simplio wallet core library for building blockchain transactions, developed in Dart, can be used in Flutter framework.	1.1.8	57.270402635114635	0	0	1	0	SimplioOfficial		BSD-3-Clause	2022-11-03T10:14:41.000Z
2143	facebook_messenger_share	facebook messenger share for Flutter	0.0.3	57.26173449486412	2	3	2	1	apieceofcode1801		MIT	2022-08-25T08:52:20.000Z
2144	stx_bloc_base	The package provides various generic implementations of blocs.	0.1.3	57.25740042473887	0	0	0	0	VolodymyrSydorko		MIT	2022-10-24T11:51:20.000Z
2145	hue_rotation	Change the color of any widget that has a color. Like SwiftUI's Hue Rotation.	1.3.7	57.244398214363116	18	3	1	0	nohli	achim.io	BSD-3-Clause	2022-11-29T08:21:55.000Z
2146	flutter_login_template	A Flutter package to create set of pages are used for sign in/up workflow. It will be useful for your awesome app.	1.1.0	57.240064144237856	21	0	0	0	minhhung2556	romanticdeveloper.com	Apache-2.0	2022-05-25T05:55:06.000Z
2147	teads_sdk_flutter	Teads allows you to integrate a single SDK into your app, and serve premium branded ads from Teads SSP.	1.0.5	57.17071902223378	5	1	0	0	teads	teads.com	Apache-2.0	2022-12-16T16:06:18.000Z
2148	storage_capacity	A package facilitates the use of storage capacity. Taking free space, occupied space, total space and device capacity.	0.0.7	57.162050881983276	2	0	1	0	davi19	komus.io	NOASSERTION	2020-12-14T17:32:34.000Z
2149	easy_anim	Declarative description uses Flutter animation. Develop complex animations in a simpler way	3.1.1	57.140380531356996	4	50	3	1	fengerwoo	woo91.com	BSD-2-Clause	2022-10-28T12:44:07.000Z
2150	flutter_app_checker	A new flutter plugin project.	0.0.1	57.136046461231736	0	0	0	0	Taym95		MIT	2022-02-08T10:11:15.000Z
2151	properties	A simple library to manage properties file (and something more) in Dart	1.0.0	57.08403761972869	2	0	0	0	vaind	intinio.com	BSD-3-Clause	2022-01-30T19:27:26.000Z
2152	firebase_functions_dart	Pure Dart implementation of FlutterFire CloudFunctions API.	0.1.1+2	57.04936505872665	2	284	35	18	invertase		NOASSERTION	2022-11-05T03:27:18.000Z
2153	thememode_selector	A widget to select between light and dark ThemeMode (in development, but working fine)	0.1.0	57.01902656784987	47	10	5	3	BlueCowGroup	bluecowgroup.com	MIT	2021-09-06T14:04:49.000Z
2154	enum_annotation	Annotations for the enum_generator code generator package.	0.0.2	57.010358427599364	0	0	0	0	cogivn		Apache-2.0	2022-11-24T13:06:22.000Z
2155	pencil_kit	A Flutter plugin that provides a iOS PencilKit widget on iOS.	1.0.4	56.988688076973084	13	20	0	1	mj-studio-library		MIT	2022-10-23T09:11:18.000Z
2156	comparer	A Dart package that helps to implement value based equality without needing to explicitly override == and hashCode.	2.0.1	56.958349586096304	1	1	0	0	mit-73		MIT	2021-04-30T07:08:05.000Z
2157	webauthn	A plugin implementing the WebAuthn authenticator model for generating Public Key Credentials	0.0.5	56.93667923547003	3	2	0	0	flutter-institute	flutter.institute	BSD-3-Clause	2022-12-01T16:10:21.000Z
2158	ksuid	KSUID Generator and Parser for Dart	1.0.0	56.928011095219524	6	1	0	0	Fluttering-Health		Apache-2.0	2021-11-19T22:00:22.000Z
2159	breadcrumbs	Breadcrumbs with automatic overflow handling and high customisability.	0.0.3	56.923677025094264	2	1	1	0	DevNico	devnico.me	BSD-3-Clause	2022-10-17T22:03:11.000Z
2160	otp_listener	A new Flutter project.	0.0.5	56.91500888484376	1	0	0	0	haduyphuong	ngovang.com	NOASSERTION	2022-04-18T09:41:53.000Z
2161	witt	Simple state management powered by ValueNotifier with service locator.	0.7.0	56.841329692714424	1	1	1	0	weaze-id		MIT	2022-11-29T14:01:32.000Z
2162	word_search_safety	A word search puzzle generator built with dart.This library allows you to create a puzzle from a list of input words that can be arranged in many orientations.	0.1.2-nullsafety.1	56.83266155246392	1	0	0	0	rbndigital		BSD-3-Clause	2022-09-18T17:11:23.000Z
2163	smooth_highlight	Emphasize a specific widget by highlight animation.	0.0.7	56.82399341221341	7	3	0	0	HTsuruo	htsuruo.com	MIT	2022-10-09T08:32:06.000Z
2164	easy_debouncer	An easy-to-use method call debouncer package for Dart/Flutter.	0.0.2	56.810991201837645	1	0	0	0	Alfaizkhan		MIT	2022-08-11T12:30:20.000Z
2165	video_trim	Trims video via code	0.0.2	56.780652710960865	3	1	1	1	BradenBagby		BSD-3-Clause	2021-10-01T17:13:31.000Z
2166	material_color_picker_wns	Material color picker with some possible customizations for Flutter apps	1.0.8	56.77198457071035	1	0	1	0	ajumalp	developers.erratums.com	MIT	2021-04-24T00:48:51.000Z
2167	flutter_responsive_tools	Responsive tools for flutter.	0.0.1	56.7676505005851	0	0	0	0	Oualitsen		NOASSERTION	2021-05-26T14:53:19.000Z
2168	leto	Base package for implementing GraphQL servers. You might prefer `package:leto_shelf`
for building GraphQL web server with leto and shelf.
	0.0.1-dev.1	56.758982360334585	8	29	2	3	juancastillo0		MIT	2022-12-15T01:15:56.000Z
2169	arrow_pad	A circular pad with 4 arrows which has a functionality of 4 buttons.	0.1.4	56.71130758895679	7	0	0	0	immadisairaj	immadisairaj.dev	BSD-3-Clause	2022-07-13T03:15:15.000Z
2170	carousel_slider_indicator	A new Flutter package project.	0.1.0	56.69397130845577	1	1	0	0	purushottam67250		NOASSERTION	2020-08-21T09:44:58.000Z
2171	transition_x	Transition animation for Flutter Navigatior. Use it with the existing Flutter Navigator.of.	1.2.2	56.676635027954745	4	1	0	0	FTKhanFT	rrad.dev	MIT	2021-02-01T19:48:42.000Z
2172	spline_chart	Spline chart library for Flutter. Spline chart is a line chart that uses curves instead of straight lines.	0.0.2	56.66363281757899	6	2	0	0	medicaljoyworks	medicaljoyworks.com	MIT	2022-10-11T08:03:58.000Z
2173	receita_ws	Uma biblioteca para consulta de CNPJ para desenvolvedores Dart (Console, Web e Flutter).	1.0.0	56.64196246695271	6	2	2	2	mateuspenha		BSD-3-Clause	2020-06-26T11:47:32.000Z
2174	tiki_sdk_dart	The core implementation (pure dart) of TIKI's decentralized infrastructure plus abstractions to simplify the tokenization and application of data ownership, consent, and rewards. For new projects, we recommend one of our platform-specific SDKs. Same features. Much easier to implement.	0.0.16	56.62896025657695	0	1	1	2	tiki	mytiki.com	MIT	2022-12-15T14:10:09.000Z
2175	nfelib	A helper library for the brazilian Nota Fiscal Eletrônica (NFe).	0.1.1	56.615958046201186	7	0	0	0	rednaxelbr		BSD-3-Clause	2021-04-30T21:01:43.000Z
2176	dart_ecpair	The Elliptic Curve Key Pair (ECPair) module for dart_bitcoin	1.0.2	56.59428769557492	0	0	0	0	dart-bitcoin-lib	mahsumurebe.com	MIT	2021-11-22T10:09:15.000Z
2177	cooee_plugin	Hyperpersonalised Mobile App Re-Engagement via Machine Learning for Flutter apps.	1.4.1	56.568283274823386	11	2	0	0	letscooee	letscooee.com	BSD-3-Clause	2022-10-07T09:30:46.000Z
2178	textfield_manager	This package makes it easier to manage the state of textfields.	1.0.0	56.533610713821346	0	0	0	0	MasahideMori-SimpleAppli		MIT	2022-11-15T09:15:05.000Z
2179	cloudinary_flutter	Cloudinary is a cloud service that offers a solution to a web application's entire image management pipeline	0.0.3	56.51627443332033	1	2	0	1	cloudinary	cloudinary.com	MIT	2022-12-06T11:59:26.000Z
2180	sql_data_helper	A dart package to organize our sql data and make tables, querys more efficiently	1.0.9	56.50760629306982	0	0	0	0	Flerma98		MIT	2022-10-20T15:59:07.000Z
2181	ssr	Generate Flutter Widgets from server generated json code without any dependency.	0.0.9	56.50327222294457	5	1	0	1	hsbijarniya	ensorta.com	MIT	2022-03-03T22:54:26.000Z
2182	mono_repo	CLI tools to make it easier to manage a single source repository containing multiple Dart packages.	6.4.2	56.4816018723183	47	135	31	34	google	google.dev	BSD-3-Clause	2022-10-17T17:19:05.000Z
2183	zebra_rfid	Zebra RFC2000-TC20/RFD8500 RFID模块插件 .	0.0.4	56.42959303081524	12	4	7	4	jiang6641		NOASSERTION	2021-07-05T01:12:45.000Z
2184	flutter_theoaks_paystack	A Flutter plugin for making payments via Paystack Payment Gateway. Completely supports Android and iOS. Forked from https://github.com/wilburt/flutter_paystack	1.0.6	56.403588610063714	4	1	1	0	theoaks		Apache-2.0	2022-07-05T10:58:03.000Z
2185	glass_card	Plugin flutter with glass cards.	0.0.1	56.39925453993846	0	0	0	0	iranjunior		MIT	2021-06-20T16:29:07.000Z
2186	catalog_grid	Catalog Grid. Provides a Catalog template of a grid of items.	1.0.2	56.3949204698132	0	1	0	0	LCostaN		BSD-3-Clause	2020-04-21T23:10:01.000Z
2187	enum_map	A Map with compile-time check that every enum constant has an entry in it.	0.2.1	56.351579768560654	5	1	0	0	alexeyinkin	ainkin.com	MIT-0	2022-12-06T07:44:52.000Z
2188	sql_result	A composable class for MS-SQL query result set. Please take a look at [dart_mssql] package for details.	0.2.6	56.269232436180815	2	26	6	7	MoacirSchmidt		BSD-2-Clause	2019-09-23T22:26:13.000Z
2189	jeodezi	Jeodezi is Dart version of Jeodezi Kotlin which is based of Chris Veness's amazing work Geodesy Functions. Geodesy Functions is written in JavaScript and contains dozens of functions to make calculations about:
  Geodesic calculations (distances, bearings, etc) covering both spherical earth and ellipsoidal earth models, and both trigonometry-based and vector-based approaches.
  Ellipsoidal-earth coordinate systems covering both historical datums and modern terrestrial reference frames (TRFs).
	1.0.3	56.26489836605556	5	2	0	0	bahadirarslan	bahadirarslan.com	MIT	2022-07-21T18:49:38.000Z
2190	flutter_glass	A flutter package that adds the possibility of making glass containers to your app.	0.0.8	56.2518961556798	5	1	0	0	esmaeil-ahmadipour	ea2.ir	MIT	2022-07-14T09:52:22.000Z
2191	dynamic_value	The easy way to work with JSON data, safe access to nested data in the Map and safe type conversion.	2.5.0	56.238893945304035	6	4	1	0	andyduke	amazingsoftworks.com	BSD-3-Clause	2021-04-21T13:10:27.000Z
2192	decorated_text	Decorates your text. You can add gradients inside and color in the outline. You can also use GoogleFonts.	0.1.0	56.23022580505352	6	3	0	0	agajo		MIT	2020-11-11T04:38:26.000Z
2193	flutter_gehry	A Flutter package that provides a way to easily do a responsive layout, using breakpoints.	1.4.0	56.22589173492827	2	2	1	0	Jtplouffe		MIT	2022-05-31T01:31:14.000Z
2194	cryptlib_2_0	An Encrypt and Decrypt Text.	0.0.1	56.221557664803015	4	0	0	0	hiteshsarsava		MIT	2022-07-27T08:12:06.000Z
2195	iran	List of provinces and cities, PAN and National Number validators and more.	0.0.6	56.21288952455251	2	0	0	0	xclud		MIT	2021-08-24T14:15:59.000Z
2196	slide_indexed_stack	A IndexedStack with slide in and out animation	0.0.1	56.208555454427255	0	0	0	0	blklmn345	blacklemon.dev	MIT	2022-07-15T05:54:02.000Z
2197	json_data_explorer	A highly customizable widget to render and interact with JSON objects.	0.1.0	56.18255103367572	18	13	5	0	rows	rows.com	BSD-3-Clause	2022-06-27T18:10:02.000Z
2198	flutter_simple_customize_calendar	This package allows users to implement a customizable calendar.	2.0.0	56.156546612924195	1	0	0	0	openusen		MIT	2021-07-02T07:17:29.000Z
2199	replay_riverpod	An extension to the flutter_riverpod library which adds support for undo and redo.	0.0.1-dev.3	56.15221254279894	2	0	0	0	gaganyadav80		MIT	2022-09-18T09:37:38.000Z
2200	yahoo_finance_data_reader	Data reader for yahoo finance to get daily stocks prices. It can be used to develop backtests and it can get all the historic daily data on yahoo finance	0.0.7	56.104537771421136	8	2	1	1	ivofernandes	incaview.com	Apache-2.0	2022-12-13T02:13:50.000Z
2201	material_scrollbar	This package provides customizable scrollbar for your widget and easy to implement with the few lines of code.	0.0.1	56.095869631170636	12	3	1	0	hamiranisahil		MIT	2022-07-14T13:50:19.000Z
2202	geography	A library of geographical entities, their metadata, and relationships. Provides a basic, and an earth, library with methods for finding the nearest entity and measuring distances.	1.1.5	56.08720149092012	4	3	0	0	GioCirque	dicatania.me	BSD-3-Clause	2022-11-04T15:36:08.000Z
2203	flutter_photon	An API client for the Komoot Photon API (photon.komoot.io) for Dart and Flutter.	1.1.0	56.0611970701686	1	4	5	0	vollkorntomate	vollkorntomate.de	Apache-2.0	2022-10-07T09:26:17.000Z
2204	overapped_avatars	Overapped Avatars for Flutter	0.0.1	56.05252892991809	2	0	0	0	ChangJoo-Park		MIT	2021-07-16T08:37:28.000Z
2205	background_downloader	A background file downloader for iOS and Android. Define where to get your file from, where to store it, enqueue your task and monitor it	1.4.0	56.03085857929181	4	1	0	1	781flyingdutchman	bbflight.com	BSD-3-Clause	2022-11-26T00:05:40.000Z
2206	flutter_stable_geo_fence	A flutter project to provide Geo Fence functionality in Android and IOS	1.0.0	55.96584752741299	2	8	1	0	tarique-khan	whizfy.ai	BSD-3-Clause	2022-04-13T04:29:45.000Z
2207	password_generator	A package to generate strong passwords. Also comes with an extension for checking the strength of a password.	1.0.0	55.93117496641096	2	0	0	0	Bakri-Alkhateeb	verify.pharmart.sy	NOASSERTION	2022-02-20T17:33:47.000Z
2208	soar_quest	An app development framework built on Flutter and Firebase.	0.6.1	55.90517054565943	0	1	0	0	ElBatanony		BSD-3-Clause	2022-12-14T19:21:05.000Z
2209	either_type	The library for Error Handling. Armed with Either, you can write code that returns either an exception or a legitimate result (but never both) while retaining type safety. The common functional convention is that the left of an Either class contains an exception (if any), and the right contains the result.	0.1.2	55.90083647553418	2	4	0	0	baihu92		MIT	2019-07-04T09:21:38.000Z
2210	list_french_words	This package contains a list of french words for use in other tools. From spell checkers, to ngram analysis.	0.1.0+2	55.88783426515841	5	0	0	0	ALMDart	almaclaine.com	MIT	2021-12-28T00:10:03.000Z
2211	forgerock_authenticator	ForgeRock Authenticator plugin allows you to build the power of the official ForgeRock Authenticator application into your own Flutter app.	1.1.1	55.86616391453214	6	3	0	1	ForgeRock	forgerock.com	MIT	2022-11-22T23:29:18.000Z
2212	flutter_share_content	Flutter plugin to share content to a generic app Picture, message and title are allowed Android supported iOS not supported	0.2.1+1	55.84882763403112	4	4	1	1	NGhebreial		BSD-3-Clause	2019-06-21T14:30:45.000Z
2213	openmensa	A library which provides simple access to OpenMensa's API services for Dart.	2.1.0	55.814155073029085	1	0	0	0	ThexXTURBOXx	femtopedia.de	MIT	2022-05-18T21:11:22.000Z
2214	shelf_test_handler	A Shelf handler that makes it easy to test HTTP interactions.	2.0.1	55.78815065227756	2	5	4	3	dart-archive	tools.dart.dev	BSD-3-Clause	2022-05-09T21:21:44.000Z
2215	dart_mappable_builder	Improved json serialization and data classes with full support for generics, inheritance, customization and more.	1.2.1	55.7838165821523	2	26	3	5	schultek	schultek.de	MIT	2022-12-15T12:03:21.000Z
2216	fire_line_diff	A dart line diff tool. Objects are converted into strings and these strings are then compared line by line.	1.5.5	55.76648030165128	0	2	1	0	SedlarDavid	sedlardavid.cz	NOASSERTION	2022-04-19T14:00:05.000Z
2217	random_name_generator	Dart package for the generation of Random Names, based on most common names	1.1.0	55.757812161400764	2	1	1	0	poqueque	poquesoft.net	BSD-3-Clause	2022-09-12T18:29:54.000Z
2218	interval_ticker_provider	interval ticker provider	0.0.3	55.72313960039873	1	0	0	0	HaoShuo-App	haoshuo.com	MIT	2022-06-21T03:24:34.000Z
2219	image_painter_extended	This is a Flutter package that allows user to draw over images. This is an extension of the painter2 package with option to zoom and draw.	0.0.3	55.718805530273485	4	1	1	1	pratheeshrussell		MIT	2021-07-18T06:44:52.000Z
2220	innim_lint	The Dart analyzer settings and linter rules used at Innim for Dart and Flutter projects. Stricter than pedantic.	0.3.0	55.6407922680189	4	1	0	0	Innim	innim.ru	BSD-3-Clause	2022-02-02T15:32:35.000Z
2221	flutter_floating_map_marker_titles_core	Flutter Floating Map Marker Titles Core library	0.3.0	55.61912191739262	0	10	4	0	androidseb	mapmarker.app	BSD-3-Clause	2022-11-11T14:10:41.000Z
2222	responsive_spacing	Make your app responsive & adaptive with dynamic margins, paddings, gutters, body-size & columns.	0.2.1	55.60178563689161	12	3	0	0	AlexanderThiele	thiele.dev	MIT	2022-09-16T12:51:24.000Z
2223	stash_sqlite	storage extension for the stash API. Provides support to store vaults and  caches in a sqlite database in binary format using the msgpack json format	4.4.1	55.567113075889566	2	72	10	0	ivoleitao	ivoleitao.dev	MIT	2022-12-05T23:19:18.000Z
2224	isolated_download_manager	File download manager based on reusable isolates with progress, cancellation, pause and resume	1.0.1	55.54977679538855	7	2	0	0	starkdmi		BSD-3-Clause	2022-10-04T14:46:12.000Z
2225	auth0_web_auth	This package provides a Dart wrapper around the auth0-spa-js library, making the Auth0 authentication available on Flutter Web.	1.0.1	55.532440514887526	0	0	0	0	tricastdev		BSD-3-Clause	2022-08-01T08:22:28.000Z
2226	reactive_fancy_password_field	Wrapper around fancy_password_field to use with reactive_forms.	0.4.0	55.47176353313397	0	47	23	2	artflutter		MIT	2022-12-15T16:51:57.000Z
2227	basf_flutter_components	A collection of BASF Style components such as Buttons, Theming, etc...	2.1.9	55.46309539288345	9	7	0	1	BASF-Mobile-Solutions		BSD-3-Clause	2022-12-07T08:12:59.000Z
2228	reactive_direct_select	Wrapper around direct_select to work with reactive_forms	0.3.0	55.44575911238244	1	47	23	2	artflutter		MIT	2022-12-15T16:51:57.000Z
2229	cinch	cinch is powerful http client for dart, support native and js, http client using dio.	2.2.1	55.406752481255154	2	1	0	1	tatsuyuki25	tatsuyuki25.com	MIT	2022-10-18T08:52:02.000Z
2230	intl_phone_field_plus	A Forked customized Flutter TextFormField to input international phone number along with country code; Forked from intl_phone_field.	2.1.2	55.39375027087938	0	0	0	0	francis94c		MIT	2021-11-29T19:51:30.000Z
2231	libcrypto	Cryptography utility library for AES encryption and Pbkdf2 hashing algorithms.	0.2.2	55.38074806050361	2	2	0	0	MedzikUser		MIT	2022-11-12T11:38:24.000Z
2232	sweph	Cross-platform bindings of Swiss Ephemeris APIs for Flutter/Dart.	2.10.03+6	55.372079920253114	6	6	1	1	vm75	vm75.duckdns.org	AGPL-3.0	2022-12-15T05:46:27.000Z
2233	color_scale	Color scale widget that tries to resemble what we have on google sheets	0.0.3	55.31140293849954	4	1	1	1	ivofernandes	incaview.com	Apache-2.0	2022-09-11T16:01:14.000Z
2234	monarch_io_utils	Monarch utilities for dart io and other dart sdk packages.	1.2.0	55.289732587873274	0	334	10	8	Dropsource	monarchapp.io	MIT	2022-12-14T20:57:36.000Z
2235	flutter_islamic_icons	Add color to your projects with dozens of beautiful Islamic icons.	1.0.2	55.28106444762276	28	5	0	0	erbasaran	erbasaran.com	BSD-2-Clause	2022-11-27T09:52:54.000Z
2236	universal_mqtt_client	A MQTT client for Dart, compatible with desktop, mobile and web targets	0.1.1	55.26372816712174	10	6	2	6	soft2tec	soft2tec.com	MIT	2020-10-05T16:50:09.000Z
2237	mangadex_library	A mangadex library for dart to facilitate easier access to the Mangadex API (https://api.mangadex.org)	1.4.5	55.25506002687124	2	4	1	0	Riktam-Santra		BSD-3-Clause	2022-09-30T06:07:26.000Z
2238	flutter_native_ad	Flutter Native Ads Plugin is Allow Show All Types of Ads in One Package.	0.0.1	55.237723746370214	3	1	1	0	Khuntarpit		MIT	2022-07-09T17:28:45.000Z
2239	jsontree	Statically typed JSON tree. This type-safe tree can contain JSON-compatible objects and nothing else.	0.3.0	55.2290556061197	0	1	0	0	rtmigo	revercode.com	MIT	2022-07-07T15:51:22.000Z
2240	libedax4dart	Dart wrapper for libedax. With using libedax4dart, you can execute functions equivalent to edax.	5.9.2	55.22472153599445	3	3	0	2	sensuikan1973	done-sensuikan1973.com	GPL-3.0	2022-12-16T21:10:11.000Z
2241	snackbar_extension	A flutter package to provide functions as extension for snackbar	0.0.1	55.19871711524292	2	2	0	0	DevsOnFlutter	hackthedeveloper.com	BSD-3-Clause	2022-04-03T11:00:45.000Z
2242	stateless	A stateless stateful state management package that is not stateless.	0.1.1	55.190048974992415	22	39	2	0	wolfenrain	wolfenra.in	MIT	2022-09-23T11:07:39.000Z
2243	flutter_mqchat	MqChat client, this package enables you to use MQTT protocol as a chatting protocol, the broker should implement the HiveMq-Chat-Extension specifications.	0.1.2	55.12070385298834	10	133	28	3	WahidNasri		GPL-3.0	2022-03-20T12:58:39.000Z
2244	translations_loader	Flutter library for reading translations files and transforming them into Map to be by some framework like GetX	1.0.2	55.09036536211156	1	0	0	0	anCRONIK	ancronik.site	MIT	2021-10-20T20:27:23.000Z
2245	font_awesome_pro_flutter	Simple, opinionated, code generator for FontAwesome pro icons.
	0.0.3	55.06869501148529	1	0	0	0	heftapp	heft.app	MIT	2022-06-22T06:03:31.000Z
2246	google_ui	Google UI is an open-source UI library for developing cross-platform apps using Flutter with "Material Design 2.0"	3.0.0	55.00801802973172	29	24	3	0	fronio		MIT	2022-11-24T15:43:06.000Z
2247	mpv_dart	MPV player's JSON IPC binding for Dart (Flutter)	0.0.1	54.97767953885494	7	11	2	1	KRTirtho		MIT	2022-01-04T07:53:52.000Z
2248	pluto_filtered_list	A List where filters can be applied to the List and elements can be accessed or modified in that state.	0.2.0	54.96901139860443	10	11	0	0	bosskmk	weblaze.dev	MIT	2021-03-05T14:01:30.000Z
2249	cosmosdb	API client to interact with the CosmosDB SQL-API by its REST API in Dart	0.0.4	54.9430069778529	4	9	2	3	jonasfranz	jonasfranz.de	Apache-2.0	2022-04-24T17:34:16.000Z
2250	rotation_stage	A four-sided stage for representing 3D objects with four widgets	0.1.0	54.93433883760239	3	0	0	0	fyzo-dev		MIT	2022-10-17T12:10:53.000Z
2251	flippable_box	A double-sided Container, that flips over, revealing content on both sides.	1.0.6	54.92133662722662	27	21	4	2	gskinnerTeam		MIT	2020-02-12T23:03:27.000Z
2252	stilo	Stilo is a utility-first Flutter library that gives you all of the building constants you need to build designs without defining common styles	2.0.0	54.91700255710137	16	53	0	0	mirkorap		MIT	2021-05-30T14:40:22.000Z
2253	agora_fpa_service	Flutter plugin to integrate Agora FPA service into your app with just a few lines of code.	1.0.0	54.8953322064751	0	1	0	0	AgoraIO-Community		MIT	2022-02-11T02:52:53.000Z
2254	state_machine_bloc	state_machine_bloc is an extension to the bloc state management library which provide a convenient way to create finite state machines based blocs.	0.0.1	54.88232999609933	27	25	1	0	Pierre2tm		MIT	2022-04-24T14:49:05.000Z
2255	twitter_oembed_api	This library provides the easiest way to use the Twitter oEmbed API in Dart and Flutter apps.	0.1.0	54.85199150522255	10	1	0	1	twitter-dart		BSD-3-Clause	2022-12-17T03:08:50.000Z
2256	twitch_api	A wrapper in pure Dart to connect to Twitch.tv using OAuth implicit authentication.	0.6.1	54.81731894422052	20	16	7	1	TesteurManiak	rouxguillau.me	MIT	2022-12-12T11:11:05.000Z
2257	console_flutter	Plugin to show API logs for Flutter.	1.0.0+1	54.80865080397	0	0	0	0	kinhvodoi92		MIT	2022-06-24T17:05:15.000Z
2258	flutterw_sidekick_plugin	Sidekick plugin that installs flutter_wrapper in the repository and links it to the flutter and dart commands	0.1.3	54.78264638321848	0	2	0	0	passsy	pascalwelsch.com	Apache-2.0	2022-12-10T18:57:31.000Z
2259	future_manager	ValueNotifier and ValueListenableBuilder but for asynchronous value.	1.1.0	54.778312313093224	0	0	0	0	lynical-software	lynical.com	MIT	2022-11-15T14:28:04.000Z
2260	awesome_flutter_extensions	A Flutter Extension to remove boilerplate when accessing ancestor context properties
	0.0.1+2	54.76097603259221	8	3	0	0	nank1ro		MIT	2021-09-01T08:40:16.000Z
2261	astro_refresh_indicator	A Flutter package that implements a RefreshIndicator. This package is meant to be used along with pull_to_refresh package.	1.0.3	54.70896719108915	4	0	0	0	Ilya-Korolev		MIT	2022-10-06T20:10:11.000Z
2262	shared_prefs_manager	A Dart package for easily using SharedPreferences. Provides access to the majority of SharedPreference's API.	0.0.1	54.665626489836605	0	0	0	0	aidanlok	lok.ninja	BSD-3-Clause	2022-09-29T00:12:22.000Z
2263	pageview_widget_indicator	A builder widget that will allow you to create custom indicators for your flutter pageViews	0.0.4	54.60061543795779	1	1	0	0	andersonfds		MIT	2021-12-11T12:19:54.000Z
2264	user_profile	A shared library that is responsible for the user profile displayed on both apps.	0.2.3	54.59628136783253	2	0	0	0	savannahghi	savannahghi.org	MIT	2022-09-29T08:43:20.000Z
2265	byte_size_formatter	A TextInputFormatter that limits input based on byte-size	1.0.0	54.57461101720625	1	0	0	0	mhrst	qrl.app	MIT	2021-04-04T17:07:10.000Z
2266	fluttery_framework	An extensive framework for Flutter apps. It keeps it Flutter. It keeps it easy.	1.6.3+01	54.56594287695575	1	0	0	0	AndriousSolutions	andrioussolutions.com	NOASSERTION	2022-11-27T20:33:16.000Z
2267	mnid_dart	Multi Network Identifier - spec and reference implementation	0.1.2	54.5616088068305	0	1	0	0	fuseio	fuse.io	MIT	2021-11-21T18:04:29.000Z
2268	crypto_x	A Dart library for encryption and decryption. Advanced RSA, AES based on pointycastle.	0.0.3+1	54.54427252632947	0	0	0	0	meetleev		Apache-2.0	2022-10-12T13:09:35.000Z
2269	anchor_tabs	Anchor tabs panel. To have buttons to scroll to a specific section of your column	0.0.5	54.53993845620422	3	1	0	1	ivofernandes	incaview.com	Apache-2.0	2022-10-14T11:59:39.000Z
2270	sqflite_entities	ORM approach to work with sqflite packages that would allow you to get some ORM practices out of the box for working with classes in the code	0.0.2+6	54.53560438607896	8	0	1	0	guid-empty		MIT	2022-10-17T07:13:21.000Z
2271	monarch_grpc	gRPC interfaces for Monarch. Monarch is a tool for building Flutter widgets in isolation. It makes it easy to build, test and debug complex UIs.	1.0.0	54.53127031595372	0	334	10	8	Dropsource	monarchapp.io	MIT	2022-12-14T20:57:36.000Z
2272	simple_chips_input	Flutter package containing 2 libraries for creating chips (as in Gmail app) and selecting chips.	1.0.0	54.52693624582846	12	6	1	1	danger-ahead	shourya.floatingpoint.co.in	MIT	2022-12-14T10:05:26.000Z
2273	flutter_support_chat	Flutter package to implement a firestore chat between customer and product support	1.2.1	54.50959996532744	7	1	1	0	cedtegApps	cedtegapps.de	MIT	2022-12-07T20:05:03.000Z
2274	ai_load_status	A new Flutter package about load status.	1.0.1	54.45759112382438	1	1	0	0	pdliuw		BSD-3-Clause	2020-12-02T10:30:13.000Z
2275	arb_generator	A dart tool which generates ARB files from CSV files.	0.0.2	54.440254843323366	7	4	5	1	defuncart	defuncart.com	MIT	2022-10-29T11:37:21.000Z
2276	device_info_null_safety	Get Android Device Info like battery,abi,config & other info	0.0.2	54.42291856282234	13	0	1	0	Divit-vaghani		BSD-2-Clause	2022-09-10T09:17:01.000Z
2277	bart	A bottom navigation bar using navigator 2 for switching tabs	1.0.0	54.418584492697086	36	22	0	0	Apparence-io	apparence.io	MIT	2022-09-06T15:35:39.000Z
2278	random_x	A Dart Library for all of your random needs you'll ever require in your projects.	0.3.1	54.40991635244659	23	1	1	0	josephyaduvanshi	codegasmicguy.me	Apache-2.0	2022-10-30T19:42:57.000Z
2279	jhijri	Just An Amazing Hijri Date Converter That Converts Date From Gregorian to Hijri and From Hijri to Gregorian.	0.0.4	54.388246001820306	2	0	1	0	AymanYassinn	jucodes.com	MIT	2022-09-12T22:23:40.000Z
2280	benchmarking	Tools to run (sync and async) benchmarks with ease and control.	0.6.1	54.37524379144455	8	5	2	2	vaind	intinio.com	MIT	2021-09-01T14:27:21.000Z
2281	circular_indicator	A new Flutter project.	1.0.6	54.34490530056776	8	0	1	0	quangkhuongduy0195		MIT	2021-11-20T09:19:40.000Z
2282	update_checker	Flutter plugin to check updates for android and ios, just pass the app store and play store URL's	0.0.1	54.340571230442514	5	0	0	1	ItachiUchiha0		MIT	2021-08-06T16:05:40.000Z
2283	speed_test_port	Internet speed tester (ping, upload, download) using speedtest.net	1.0.4	54.33623716031726	1	1	5	2	oiuldashov		MIT	2022-04-23T13:36:47.000Z
2284	web_hover_menu	A flutter package that will provide a fancy website menu with animation. It allows customization for design like menu and submenu and alignment.	0.0.3	54.30156459931522	14	8	0	0	Mindinventory	mindinventory.com	MIT	2022-08-08T07:13:03.000Z
2285	flutter_image_preview	Modal image previewer	0.1.1	54.27989424868894	1	0	0	0	pedrofneves		MIT	2022-08-06T15:15:10.000Z
2286	fullscreen_window	A Flutter plugin makes your window fullscreen.	1.0.4	54.22788540718588	1	0	0	0	jakky1		Apache-2.0	2022-12-05T08:15:33.000Z
2287	easy_layout	A set of widgets that make it easy to create a layout system with a specified spacing between child widgets. Spacings can be inherited by nested widgets.	3.0.0	54.206215056559614	2	3	2	0	andyduke	amazingsoftworks.com	BSD-3-Clause	2022-07-21T07:54:12.000Z
2288	mburger	MBurger Dart client. You can use this package to interact with the MBurger headless CMS (https://www.mburger.cloud).	2.0.10	54.20188098643436	10	0	0	0	Mumble-SRL	mburger.cloud	MIT	2022-11-29T15:23:07.000Z
2289	package_manager	Get the list of installed installation packages, get the name, version, icon, first installation time, and last update time corresponding to the installed package name, install other applications, and uninstall other applications	1.8.0	54.17154249555758	4	3	2	1	fengerwoo		BSD-2-Clause	2021-12-03T04:11:51.000Z
2290	vies	This dart lib is basically calling web service provided by VIES for check VAT validity	1.0.2	54.154206215056554	1	0	0	0	raphrmx	restomax.com	MIT	2022-09-21T13:29:57.000Z
2291	yeet	A dank and easy way to navigate using Router API of Navigator 2.0 - No boilerplate. No code generation. No classes. Just yeet!	0.4.10	54.14987214493131	82	42	4	9	HosseinYousefi	identi.app	MIT	2022-04-21T07:11:58.000Z
2292	bitlabs	BitLabs offers the opportunity to monetize your app with rewarded surveys easily.	2.0.1	54.13686993455554	1	0	0	0	BitBurst-GmbH	bitlabs.ai	MIT	2022-12-16T19:47:00.000Z
2293	flutter_fader	A flutter widget that allows you to fade a child widget in and out. When faded out the child widget is removed from the tree (it can't be interacted with)	2.0.1	54.11953365405452	8	2	0	1	TNorbury	tylernorbury.com	MIT	2022-08-24T00:18:00.000Z
2294	unfocus_widget	Useful widget for unfocusing the TextField when touching outside	0.0.4	54.093529233302995	3	0	0	0	tungpham6195		MIT	2021-07-28T12:43:09.000Z
2295	signed_spacing_flex	A Flex widget that can space its children with positive or negative spacing.	1.0.0	54.076192952801975	1	0	0	0	JakesMD		BSD-3-Clause	2022-12-13T07:55:46.000Z
2296	mnemonic_phrase	Displays a mnemonic phrase / Allows users to provide a mnemonic phrase.	0.1.1	54.05885667230096	0	0	0	0	augmity		GPL-3.0	2022-01-08T00:54:26.000Z
2297	device_session_id	This is a package that uses the Openpay iOS and Openpay Android libraries to get the Device Session ID for the anti-fraud system.	1.0.6	54.01985004117367	11	1	0	0	FMarcelFC		MIT	2022-09-14T03:48:13.000Z
2298	gredu_unleash	A simple tools for feature toggle. This is a simple helper for using Unleash Feature Flag	0.0.2	54.011181900923155	2	0	0	0	greduasia		MIT	2022-05-25T08:45:01.000Z
2299	color_logger	Simple way to output timestamped logs messages with color in stdout.	1.0.2	53.99817969054739	7	1	0	0	andrelec1	sensmon.pet	Apache-2.0	2022-05-06T14:44:56.000Z
2300	swatcher	A simple utility to convert a Flutter Color to a MaterialColor for a theme.	0.1.0	53.99384562042214	0	0	0	0	emiliodallatorre		BSD-3-Clause	2021-05-06T09:21:23.000Z
2301	sliver_stream_builder	Package to transform data stream to sliver list or sliver grid	0.3.5	53.980843410046376	2	0	0	2	massa-org		MIT	2022-12-07T13:28:13.000Z
2302	yodo1mas	This Plugins enables to integrate Yodo1 MAS (Managed Ad Service) into your  Flutter Project.	0.1.1	53.97650933992112	4	0	0	1	rafaykhan99		MIT	2022-04-22T11:31:58.000Z
2303	ulid4d	Universally Unique Lexicographically Sortable Identifier for Dart	2.0.0	53.97217526979586	4	2	0	0	Aallam	aallam.com	BSD-3-Clause	2022-09-02T09:45:53.000Z
2304	countries_list	ISO-3166 Country and Dependent Territories Lists with UN Regional Codes. Country object contains phone code, flag emoji, alpha1, alpha2 etc.	0.1.7	53.95483898929485	0	1	0	0	torindev		Apache-2.0	2020-08-12T10:54:25.000Z
2305	duffer	A pure dart library offering support for netty-like byte buffer manipulation and binary serialization via a pickle inspired system	1.2.5	53.915832358167556	3	3	1	0	helightdev	helight.dev	Apache-2.0	2022-08-19T10:18:08.000Z
2306	jsettings	JSON settings	0.1.1	53.868157586789756	1	0	0	0	jpnurmi		MPL-2.0	2022-11-22T17:25:06.000Z
2307	icons_animate	Use this package to animate between two static Icons and get an Animated Icon.	0.0.2	53.85948944653924	17	1	0	0	luca-colazzo		CC0-1.0	2022-05-26T15:37:02.000Z
2308	youtube_caption_scraper	Parse subtitles/captions from YouTube without authorization.	0.1.3	53.846487236163476	10	13	1	0	f-person	fperson.dev	MIT	2022-03-06T08:44:25.000Z
2309	flutter_image_filters	Image filters based on OpenGL(SPIR-V) fragment shaders with useful preview widgets	0.0.3	53.73813548303211	12	8	1	0	nikolaydymura		MIT	2022-12-12T03:35:28.000Z
2310	flutter_daydart	具备 Moment.js 一样 API 的时间处理库.	0.0.3	53.73380141290686	5	22	3	5	lightningminers		MIT	2019-03-19T13:31:33.000Z
2311	layoutr	Succinct utilities to help doing responsive layouts with less verbosity	1.0.0	53.70346292203008	7	9	0	1	olmps		MIT	2021-03-12T15:28:43.000Z
2312	torrent_streamer	A flutter plugin to stream videos directly from torrent&#x2F;magnet links.	0.0.2	53.69912885190482	8	3	0	1	Infinical		NOASSERTION	2021-12-07T17:51:59.000Z
2313	draw_on_image_plugin	Flutter plugin for drawing text on images.	1.0.0	53.686126641529064	2	0	0	0	Nikolaiko		WTFPL	2022-10-04T02:40:20.000Z
2314	studip	A simple-to-use wrapper for Stud.IP's RestAPI service in Dart.	2.1.1	53.62978372990075	1	0	0	0	ThexXTURBOXx	femtopedia.de	GPL-3.0	2022-04-24T16:53:11.000Z
2315	flutter_twilio	Provides an interface to Twilio's Programmable Voice SDK to allow adding voice-over-IP (VoIP) calling into your Flutter applications.	0.0.18	53.603779309149225	4	1	7	5	fedeamura		MIT	2022-07-13T20:09:54.000Z
2316	pdf_bitmaps	A flutter PDF pages images genrator which also helps with few other common pdf related things.	1.0.1	53.59944523902397	2	1	0	0	chaudharydeepanshu	deepanshuchaudhary.com	BSD-3-Clause	2022-12-08T20:18:24.000Z
2317	cbl_dart	Couchbase Lite for pure Dart apps: An embedded, NoSQL JSON Document Style database, supporting Blobs, Encryption, N1QL Queries, Live Queries, Full-Text Search and Data Sync.	2.1.5	53.551770467646165	4	72	10	29	cbl-dart	gabriel.terwesten.net	Apache-2.0	2022-12-16T21:42:23.000Z
2318	list_wheel_scroll_view_nls	A flutter project which add scroll direction to ListWheelScrollView allowing you to have horizontal ListWheelScroolView.	0.0.3	53.54310232739565	1	0	0	1	JoDeveloper		MIT	2022-03-09T09:21:56.000Z
2319	smart_page_navigation	This package will provide a full navigation through tabs at the bottom of the application screen.	1.1.2	53.5301001170199	17	3	0	0	claudiooliveira		MIT	2021-10-09T17:10:49.000Z
2320	adb	Simple Dart wrapper around Android Debug Bridge.	0.2.4	53.521431976769385	3	250	22	83	leancodepl	leancode.co	Apache-2.0	2022-12-17T15:21:24.000Z
2321	simulate	Simulate application or add device mock on your app or your flutter project suppoer cross platform android ios , linux , macos, windows.	0.0.14	53.51709790664413	4	9	1	0	azkadev		NOASSERTION	2022-11-28T13:28:49.000Z
2322	qrolo	QR code scanning plugin with web compatibility! Nullsafe web QR scanner for Flutter web projects. Scan QR codes and capture images all from the comfort of your own desktop or mobile browser.	0.1.0-nullsafety.01.2.12.0-259.9.beta	53.49976162614312	4	2	1	6	QRolo		NOASSERTION	2021-02-28T04:30:06.000Z
2323	x_message	Show Toast, Message and Loading in Flutter.	0.1.0	53.48675941576735	0	0	0	0	TaipaXu		MIT	2022-02-24T08:34:15.000Z
2324	suntime	Simple sunrise and sunset time calculation for a given location.	0.1.0	53.456420924890566	0	0	0	0	diego-garro		LGPL-3.0	2022-06-07T06:04:28.000Z
2325	scalable_data_table	Data Table package that uses builder property to only build the active rows at the moment. Similar to ListView.builder, it improves the performance in tables with many rows.	0.0.2	53.439084644389546	2	1	1	0	LucaDillenburg		MIT	2022-02-06T04:28:37.000Z
2326	countrycodes_field	Choose Country Codes Efficiently	0.1.0	53.42174836388853	2	0	2	0	HeySreelal		BSD-3-Clause	2022-04-06T18:47:12.000Z
2327	pusher_beams_platform_interface	A common platform interface from Pusher Beams for Flutter, intended to be the platform interface package.	1.1.1	53.387075802886486	0	8	11	7	pusher	pusher.com	MIT	2022-09-19T13:11:43.000Z
2328	cnpj_cpf_helper	This library helps with CNPJ and CPF validations. Both of them are a brazilian documentation where CNPJ is a business document and CPF is a person document.	1.0.8	53.378407662635986	2	0	1	0	evandrofuhr		NOASSERTION	2020-07-06T17:30:56.000Z
2329	cnpj_cpf_helper_nullsafety	This library helps with CNPJ and CPF validations. Both of them are a brazilian documentation where CNPJ is a business document and CPF is a person document.	1.1.1	53.36107138213496	0	0	0	0	kaiquecruz		NOASSERTION	2021-09-14T13:45:19.000Z
2330	starfruit	A mathematical library extending and bettering provided dart and dart:math functions.	2.0.0	53.33506696138344	8	8	1	0	AKushWarrior	kishoredev.live	MPL-2.0	2021-09-02T05:51:26.000Z
2331	fast_rich_text	A package that let you write beautiful texts easily with simple tags, e.g *bold* will be bold, etc.	0.0.1	53.33073289125818	13	3	0	0	intellect4all		MIT	2022-07-27T13:55:17.000Z
2332	multi_state_bloc	multi_state_bloc allows you to easily use different states in one bloc.	0.0.3	53.31339661075716	3	0	0	0	LazyTaz		BSD-3-Clause	2022-09-07T11:34:04.000Z
2333	cron_parser	A cron parser. Spits out next cron dates starting from now or a specific date.	0.5.0	53.29606033025615	5	4	3	4	rbubke		BSD-3-Clause	2022-05-04T19:55:20.000Z
2334	single_option_picker	SingleOptionPicker is a widget to easily manage especially forms that have a single choice picker. Things like locale, configs are great examples.	1.0.1+2	53.28305811988038	3	1	0	0	rodrigobastosv	rodrigobastos.dev	MIT	2021-11-24T20:24:54.000Z
2335	flutter_form_field_validator	The flutter-form-field-validator package comes with several common validations and removes the boiler plate code from your project.	1.0.0	53.27872404975512	4	4	0	0	srikanthmadasu		BSD-3-Clause	2020-06-12T23:34:26.000Z
2336	bisection	Searching in sorted lists. Adding items while maintaining the sort order. Port of the Python bisect library.	0.4.3+1	53.25705369912885	2	1	0	0	rtmigo	revercode.com	MIT	2021-11-29T22:55:54.000Z
2337	mangopay_card	A new Flutter package.	0.0.2	53.23971741862783	4	1	3	0	spiritinlife		MIT	2021-10-18T12:38:36.000Z
2338	draggable_container	A Very Smooth Draggable Widget Container. Each children is Draggable, Deletable and Fixable. Support SliverGridDelegate!	1.0.7+2	53.22238113812682	19	25	5	0	fluttercandies		MIT	2021-04-03T20:23:15.000Z
2339	bluejay	A curated collection of useful Flutter and Dart widgets, classes, and extensions	1.5.0	53.21804706800156	0	3	0	0	GroovinChip	groovinchip.dev	MIT	2022-06-11T23:31:31.000Z
2340	blockies	A tiny library for generating blocky identicons. Port of JS library @download/blockies.	0.1.2	53.21371299787631	0	0	0	0	nextchapterstudio	thenextchapter.studio	MIT	2022-07-07T04:14:23.000Z
2341	flutter_mrmilu	Mr Milú's official shared package for Flutter projects	0.7.0	53.13569973562172	3	1	0	0	mrmilu		MIT	2022-12-15T12:11:55.000Z
2342	one_logger	Easy to use logger for single line logging. [date level service:module msg]	1.0.4	53.109695314870194	0	0	0	0	buraktabn		MIT	2022-12-14T21:36:51.000Z
2343	named_routes	Add names to routes without a declarative pattern and without build_runner	0.8.0	53.092359034369174	2	0	0	1	Tienisto	tienisto.com	MIT	2022-11-15T02:34:03.000Z
2344	signals_slots	An implementation of a managed signals and slots system based on the boost signals2 C++ library.	1.0.1	53.08369089411866	1	1	0	0	voidari	voidari.com	MIT	2022-12-17T00:27:51.000Z
2345	reactive_code_text_field	Wrapper around code_text_field to work with reactive_forms	0.4.0	53.07068868374291	1	47	23	2	artflutter		MIT	2022-12-15T16:51:57.000Z
2346	dji	A Flutter plugin for DJI Mobile SDK - easily integrate your Flutter App with the DJI SDK for Drones on iOS and Android.	1.0.10	52.997009491613575	14	21	4	5	DragonX-cloud	dragonx.cloud	BSD-3-Clause	2022-11-19T00:10:17.000Z
2347	lexicographical_order	A string generator that helps to implement real-time editing of an ordered sequence. this makes reordering transactions faster and simpler.	1.3.5	52.98400728123781	4	3	0	0	sylfreee	sylfree.com	MIT	2022-05-01T03:28:24.000Z
2348	surround_sound	A package to create surround sound effects with a frequency generator using Web Audio API	0.3.2	52.9753391409873	5	6	4	5	fcodelabs	fcodelabs.com	MIT	2021-10-10T14:45:42.000Z
2349	ackee_dart	Analytics tracker for Ackee (Self-hosted, Node.js based analytics tool for those who care about privacy) implemented in Dart	0.0.2	52.96233693061154	2	1	0	0	marchellodev	mark.vin	MIT	2021-06-18T08:09:39.000Z
2350	hydrated_notifier	An extension to the state_notifier library which automatically persists and restores states.	1.0.1	52.949334720235775	3	1	0	0	herveGuigoz	herve-guigoz.com	MIT	2022-05-05T06:18:56.000Z
2351	modern_themes	A Package to implement, change and use Themes. This Package uses the most modern Material Design to create beautiful Themes	1.5.2	52.90165994885797	1	2	0	1	Jules-Media		Apache-2.0	2022-11-05T08:34:23.000Z
2352	popup_button	A widget( can be a button) trigger a popup.	0.0.1	52.866987387855936	1	0	0	0	duhongwei		MIT	2022-06-15T07:31:16.000Z
2353	mediaindex_dart	mp4 and webm media files sidx segment and ebml box parser for dart	0.0.2	52.82798075672864	0	0	0	0	suconghou		BSD-3-Clause	2022-06-05T11:11:36.000Z
2354	simple_mysql_orm	A simple ORM wrapper for mysql with Transaction support.	3.0.5	52.81931261647813	1	7	0	1	onepub-dev	onepub.dev	MIT	2022-06-09T01:33:16.000Z
2355	isbndb	Dart service for isbndb.com API. Returns book details from an ISBN, or a list of books from an author name, etc.	0.3.0	52.80631040610238	6	1	0	0	julienlebren	julienlebren.dev	MIT	2022-03-23T11:08:47.000Z
2356	flutter_jsettings	JSON settings	0.1.0	52.79764226585186	1	9	1	0	ubuntu-flutter-community		MPL-2.0	2022-11-25T08:06:11.000Z
2357	multi_snackbar	A set of commands that allows you to display more than one snackbar at the same time.	2.0.0	52.77163784510034	5	1	0	0	armin1440		BSD-3-Clause	2021-12-23T12:07:25.000Z
2358	cancelable_retry	Utility for wrapping an asynchronous function in automatic retry logic with ability to cancel it.	0.1.0+1	52.74129935422355	3	1	0	0	Innim	innim.ru	BSD-3-Clause	2022-07-27T14:05:58.000Z
2359	multiscreen	Support multiscreen(different resolution and size of display) for mobile application.	3.1.0	52.73696528409829	3	3	3	2	studio-b-co-kr		BSD-3-Clause	2022-09-30T00:10:17.000Z
2360	boot_completed	Flutter plugin to execute dart code on boot completed. Currently only lightly tested with Android (Kotlin). iOS will probably not be supported.	1.1.0	52.72829714384779	5	9	10	2	michael-cheung-thebus		NOASSERTION	2020-07-15T19:50:34.000Z
2361	flutter_avataaar	Flutter wrapper widget for Avataaars API allowing to generate and display avatar images.	0.1.14	52.69362458284576	17	8	4	0	frananleo	fj-anleo.es	BSD-3-Clause	2022-07-14T09:42:11.000Z
2362	loadmore_listview	Provide an easy-to-use Listview with load more items and refresh function	1.0.6	52.684956442595244	4	1	0	0	stevenBang		MIT	2022-12-02T03:50:55.000Z
2363	logging_flutter	An extension of the Logging package for Flutter.	2.0.1	52.60694318034066	1	0	0	0	levin-riegner		MIT	2022-06-30T19:34:17.000Z
2364	riverpod_navigator_core	Simple but powerfull Flutter navigation with riverpod and Navigator 2.0.	1.0.10	52.57660468946388	4	20	1	4	PavelPZ		MIT	2022-10-03T22:35:49.000Z
2365	sql_utils	A set of utility functions to facilitate dart interoperability with MS-SQL server. Please take a look at [dart_mssql] package for a usage example	0.2.1	52.572270619338624	0	26	6	7	MoacirSchmidt		BSD-2-Clause	2019-09-23T22:26:13.000Z
2366	web3_browser	Support for using web3 dart with browser clients such as MetaMask.	0.0.1	52.56360247908811	1	0	0	0	xclud		MIT	2022-05-02T15:06:58.000Z
2367	public_address_wallet	A package to get verified public address from wallet using WalletConnect protocol v1.	0.0.6	52.52892991808608	3	0	4	2	phanvantai		MIT	2022-02-21T11:27:28.000Z
2368	autostarter	A Flutter Plugin for bringing up the autostart permission of a phone.	0.0.1	52.52459584796082	4	2	1	0	yetunnaing18121996		NOASSERTION	2022-05-26T09:35:17.000Z
2369	paymongo_sdk	Unofficial PayMongo SDK written in Dart for flutter.	1.6.1	52.5072595674598	8	6	2	1	vinceramcesoliveros		MIT	2022-09-08T03:30:28.000Z
2370	multi_screen_layout	A collection of Widgets that make multi screen user experiences easy to build	3.1.0	52.489923286958785	18	75	9	1	MisterJimson	jasonrai.ca	MIT	2021-12-21T18:39:01.000Z
2371	simple_block_markup_language	A simple markup language that describes block elements in an easy-to-see format.	1.0.0	52.459584796082005	0	0	0	0	MasahideMori-SimpleAppli		MIT	2022-11-25T11:49:52.000Z
2372	xayn_swipe_it	A performant, animated swipe widget with left and right customizable options provided by Xayn.	1.0.4	52.455250725956745	12	5	0	0	xaynetwork		Apache-2.0	2022-03-23T15:35:19.000Z
2373	porter_2_stemmer	Reduce a word to its root form using the Porter English stemming algorithm.	3.0.2	52.42924630520521	0	0	0	0	GM-Consult-Pty-Ltd	gmconsult.dev	NOASSERTION	2022-11-02T01:52:31.000Z
2374	dart_minecraft	Utilities for Minecraft and Mojang Web-APIs, authentication, and using NBT Files.	0.5.2	52.4119100247042	13	10	2	0	spnda		MIT	2022-11-16T13:30:56.000Z
2375	bootpay_api	Bootpay Flutter plugin. This plugin supports both Android and iOS.	3.1.33	52.377237463702166	15	0	0	0	bootpay		NOASSERTION	2022-04-18T00:38:38.000Z
2376	balanced_text	A Flutter widget that simply balances the lines of two-line text	0.0.3	52.35990118320114	5	3	0	0	rasitayaz		MIT	2022-11-10T16:28:32.000Z
2377	flutter_process_text	Flutter plugin to listen the process text stream to get continuous process text intent data.	1.1.2	52.355567113075885	20	14	3	3	DevsOnFlutter	hackthedeveloper.com	BSD-3-Clause	2021-07-02T01:59:21.000Z
2378	wave_image	With flutter Wave image you can have a simple circular image with wave and some customization.	0.0.6	52.342564902700126	1	0	0	0	mahdibagjani		MIT	2021-10-19T13:21:00.000Z
2379	flutter_weather_forecast	A custom weather forecast widget for Turkey.Weather data provided by the General Directorate of Meteorology.	1.2.0	52.325228622199106	7	7	5	0	coskuncay	justec.dev	MIT	2022-09-23T08:07:35.000Z
2380	reactive_validator	Type safe validation controller with base validators. Allows to manage validation state manually or validate when reactive value changes.	2.0.3	52.30355827157284	6	11	1	0	TatsuUkraine		BSD-3-Clause	2021-08-11T10:54:48.000Z
2381	stx_flutter_form_bloc	Easy Form State Management using BLoC pattern. Separate the Form State and Business Logic from the User Interface.	1.0.0	52.29922420144758	0	0	0	0	VolodymyrSydorko		MIT	2022-09-27T10:22:43.000Z
2382	round_spot	Customizable, easy to use heat map interface analysis library	0.5.0	52.28622199107181	70	31	6	6	stasgora	sgora.dev	MIT	2021-09-11T18:00:20.000Z
2383	alquran_cloud	un-official dart client wrapper for the quran.cloud api consume the holy book of quran	0.0.1	52.22554500931825	25	1	0	0	maxzod		MIT	2021-09-26T18:53:57.000Z
2384	video_compressor	A flutter plugin used to compress the videos with customized configurations	0.0.5	52.21687686906774	0	0	1	0	DSTKCA		MIT	2022-07-02T02:27:29.000Z
2385	livechat_inc	A flutter livechat plugin for embedding mobile chat window into your mobile application.	0.0.2	52.16053395743943	3	0	1	1	jiankeong		MIT	2020-06-20T13:46:32.000Z
2386	bc_image_editor	Do you need quick image editing? You can do it with this package. It is very useful and quick tool.	0.0.2	52.11719325618689	29	9	0	0	berkayceylan	berkayceylan.com	MIT	2022-08-11T15:37:55.000Z
2387	lightstreamer_flutter_client	A Flutter plugin for Lightstreamer.	1.0.3	52.108525115936374	3	0	0	0	Lightstreamer	lightstreamer.com	Apache-2.0	2022-09-29T10:12:28.000Z
2388	master_detail_flow	A package that provides a simple master-detail-flow with material 3	2.3.0	52.09985697568587	4	5	3	0	2-5-perceivers		MIT	2022-11-17T11:09:21.000Z
2389	hequest	Simple and hackable request for dart. Built on top of the http package.	0.0.3	52.091188835435354	1	2	0	0	teixeirazeus	thiagoteixeira.dev	MIT	2022-10-20T14:40:14.000Z
2390	freedesktop_desktop_entry	A Dart package for parsing freedesktop (XDG) desktop entries on Linux.	0.4.0	52.082520695184854	0	2	0	0	roscale		MIT	2022-11-07T14:00:51.000Z
2391	camera_macos	macOS camera package implementation	0.0.5	52.06951848480909	1	0	0	2	riccardo-lomazzi		MIT	2022-11-19T21:11:15.000Z
2392	flutter_hashtags	A new Flutter package project.	0.0.1	52.06518441468383	0	0	0	0	mateushvenancio		MIT	2022-01-05T15:36:52.000Z
2393	screenshot_detector	Flutter plugin that allows you to detect mobile screenshot and execute callback functions on iOS and Android.	2.0.2	52.03917999393231	12	0	0	0	iehsanamiri		MIT	2022-06-26T06:25:53.000Z
2394	animated_popup_dialog	An animated dialog to display a child, text or textfield in a modern look.	0.0.3	52.03484592380705	2	0	0	0	C4s4r	roundbased.de	BSD-3-Clause	2021-04-23T14:01:44.000Z
2395	heroicons_flutter	Heroicons from Tailwind Labs as Flutter icons set. Includes all solid, outline and mini Heroicons.	0.2.3	52.026177783556534	4	0	0	1	TunNandaAung		MIT	2022-11-10T11:48:32.000Z
2396	objd	objd is an Object Oriented framework for Building Minecraft Datapacks with ease	0.4.4	52.01317557318077	3	37	5	4	Stevertus	stevertus.com	BSD-2-Clause	2022-04-15T20:21:48.000Z
2397	pot	An easy and safe DI (Dependency Injection) solution for Dart with support for scoping.	0.4.2	51.995839292679754	2	1	0	0	kaboc	kaboc.cc	MIT	2022-12-14T03:09:34.000Z
2398	graceful	Handle exit signals gracefully and pipe console output to log files.	1.2.0	51.97416894205348	2	1	0	0	doodlezucc		MIT	2022-09-07T23:18:20.000Z
2399	whatsapp_camera	This is a package to open a camera along with a photo gallery, to simplify the steps of the end user	1.0.0	51.96116673167772	14	1	0	0	welitonsousa		MIT	2022-10-23T21:05:36.000Z
2400	ngtest	Testing runner and library for AngularDart. This package is necessary to write component tests for AngularDart components.
	4.1.1	51.92649417067569	3	40	4	5	angulardart-community	angulardart.xyz	MIT	2022-12-03T19:31:43.000Z
2401	check_network	Checking Internet and Testing Server availability with just few line.	0.0.1	51.896155679798895	1	2	1	4	Vedsaga		BSD-3-Clause	2022-09-03T16:30:19.000Z
2402	flutter_good_ads	A package help you use google_mobile_ads with safety and easy..	0.0.1	51.82247648766957	3	0	1	0	tbm98	tbm98.dev	MIT	2022-07-31T10:43:56.000Z
2403	reactable	a reactive state management library that automatically updates the UI when values of an reactable objects change .It is easy, light, fast and well tested.	0.1.4	51.80947427729381	6	0	0	0	SchabanBo	qlevar.de	MIT	2022-09-26T06:45:10.000Z
2404	koala	A poor man's version of a pandas Dataframe. Collect, access & manipulate related data.	0.1.1	51.79647206691804	8	3	0	0	w2sv		BSD-3-Clause	2022-09-15T20:10:37.000Z
2405	wearable_communicator	Communication layer between a Flutter project for Android and IOS.	0.0.1	51.783469856542276	21	33	10	4	gardyna		MIT	2022-12-09T18:27:21.000Z
2406	dart_pubspec_licenses	A library to make it easy to extract OSS license information from Dart packages using pubspec.yaml	2.0.2	51.75746543579075	1	30	9	3	espresso3389	espresso3389.jp	MIT	2022-10-22T13:07:06.000Z
2407	screen_observer	Similar to RouteObserver, but watch for screen transitions instead of route	1.0.0	51.73579508516448	0	0	0	0	Danopie		MIT	2021-11-04T02:41:13.000Z
2408	swayze_math	Classes for math operations in the context of a spreadsheet UI	1.1.0	51.70979066441295	5	73	13	5	rows	rows.com	BSD-3-Clause	2022-11-03T00:28:16.000Z
2409	hlc	Dart port of a hybrid logical clock (HLC).	1.0.3	51.68378624366142	1	0	0	0	misha		MIT	2021-12-31T05:30:49.000Z
2410	flutter_tailwindcss_defaults	This library provides Tailwind CSS default colors and theme for Flutter	0.2.0	51.65344775278464	2	0	0	0	fabianMendez	fabianmendez.dev	BSD-3-Clause	2021-04-04T04:19:45.000Z
2411	cosmic_frontmatter	Parse frontmatter from a YAML file. Use this along-side a markdown plugin such as flutter_markdown.	1.0.2	51.64477961253413	2	9	1	1	cosmic-horse		MIT	2021-10-26T08:37:51.000Z
2412	retrieval	A trie data structure Dart implementation — useful for autocomplete.	1.0.1	51.62744333203311	3	3	2	0	rohanchandra	rohanchandra.dev	BSD-3-Clause	2021-08-01T06:05:58.000Z
2413	adonis_websok	Adonis (adonisjs) high level web sockets. Implements the websocket protocol specified by adonisjs.	1.0.3	51.6187751917826	7	6	4	2	ConsoleTVs	erik.cat	MIT	2020-10-02T10:29:46.000Z
2414	firebase_notification_scheduler	Package to schedule firebase notifications in cloud	0.0.2	51.60143891128158	2	0	0	0	magnolabs	magnolabs.in	MIT	2022-04-09T12:16:35.000Z
2415	wp_notify	Send push notification from WordPress using Firebase Cloud Messaging. This package automatically pushes your FCM token to WordPress to start sending notifications. Features include the ability to assign a WordPress user with an FCM token and send push notifications to IOS/Android devices using our API in WordPress.	1.0.0	51.59710484115633	21	4	1	0	woosignal	woosignal.com	NOASSERTION	2021-04-13T19:43:41.000Z
2416	mbmessages	MBMessages plugin for MBurger, that lets you manage push notifications and in-app messages.	2.0.4	51.506089368525984	6	0	0	0	Mumble-SRL	mburger.cloud	MIT	2022-11-29T15:33:00.000Z
2417	rabbitx_converter	Rabbit converter with null safety	0.0.1	51.4757508776492	0	4	0	0	saturngod		NOASSERTION	2021-03-27T03:28:49.000Z
2418	rx_permissions	This package provides a reactive cross-platform (iOS, Android) API to request and check permissions for the permission_handler package.	1.0.3	51.47141680752395	2	1	0	0	mi-sch-ka		Apache-2.0	2022-07-09T22:33:48.000Z
2419	awesome_flutter_widgets	Awesome flutter widget is a customized package with easy-to-use, animated widgets from Flutter.	0.5.1	51.46274866727344	2	3	1	0	GiYeongUM		MIT	2022-12-14T11:16:12.000Z
2420	mouse_event	Mouse event plugin for Flutter Desktop(Windows)	0.1.1	51.458414597148185	0	0	1	0	rtugeek		MIT	2022-09-13T00:42:33.000Z
2421	bip_topl	SDK for the cryptography components for building Topl blockchain mobile apps using Flutter	0.0.2	51.454080527022924	2	0	1	0	Topl		MPL-2.0	2021-09-10T18:03:29.000Z
2422	selector	Multi type supported platform selector to write functional programming.	3.0.0	51.406405755645125	20	2	2	0	ssk-flutter		MIT	2022-09-25T22:55:40.000Z
2423	stack_canvas	A simple customizable canvas for placing widgets in a free style canvas-like manner by wrapping the widget in a Canvas Object and specifying its offset and size.	0.2.0+2	51.40207168551987	9	1	1	0	Ali-Elganzory	alielganzory.me	MIT	2021-05-14T23:29:40.000Z
2424	connectme	WebSocket connection management library to handle client-server communication in event-based manner or await-query style (using PackMe messages).	2.1.0	51.3804013348936	9	5	0	1	sourcecaster	minimagic.games	MIT	2022-07-10T19:33:52.000Z
2425	blockies_ethereum	Generate metamask kind of blockies with ethereum address.	0.0.2	51.35439691414207	1	0	0	0	Imdavyking		NOASSERTION	2022-10-03T10:10:16.000Z
2426	alphabet_search_view	A scrollable ListView which you can search by dragging, normal scrolling, letter scrolling or letter clicking.	1.0.1	51.3327265635158	4	0	0	0	ericferreira1992		MIT	2022-09-28T18:44:04.000Z
2427	bluetooth_identifiers	Codification of Bluetooth specificiers for manufacturer & service data.	1.0.5	51.29805400251376	5	4	0	0	LEMUSADR000		MIT	2022-12-01T17:17:48.000Z
2428	eartho_one	Login and authentication of all sources with 1 line of code ! Google, Twitter, Github, Facebook, Apple, Microsoft, Twitch, SMS, Metamask, VK	1.2.3	51.129025267628826	43	8	0	1	eartho-group	eartho.world	Apache-2.0	2022-08-16T14:42:12.000Z
2429	multi_validator	A starting point for Dart libraries or applications.	1.0.1	51.06834828587527	0	0	0	0	alfredoUcar		BSD-3-Clause	2021-12-25T09:44:43.000Z
2430	dynamic_tabs	A Flutter plugin for letting the user edit the bottom tabs like the Cupertino iTunes App.	1.1.2	51.051012005374254	9	4	2	1	rodydavis	rodydavis.com	MIT	2021-09-27T18:05:53.000Z
2431	ficcanaso	The Dart analyzer settings and best practices used. forked from pedantic	4.0.0	51.00333723399645	4	9	2	0	dbbd59	davidebolzoni.com	MIT	2022-05-16T08:12:33.000Z
2432	flexible_expansion_list	A Flutter widget provide expansion lists in a flexible way.	0.0.2	50.98166688337017	3	0	0	0	horam		MIT	2022-01-22T18:54:22.000Z
2433	glados	A simple testing framework that tries to break your properties.	1.1.6	50.97299874311967	22	34	9	3	MarcelGarus		MIT	2022-10-18T21:26:48.000Z
2434	context	Set of utility functions for flutter android.	0.0.2	50.942660252242874	1	0	0	0	xclud		MIT	2021-01-25T15:56:17.000Z
2435	scope	A Dependency injection (Inversion of Control) library. Supports nested Scopes and multiple values of the same type.	3.0.0	50.933992111992374	8	2	1	2	onepub-dev	onepub.dev	MIT	2022-10-16T04:01:19.000Z
2436	framy_annotation	Annotations for framy_generator. This package does nothing without framy_generator.
	0.1.5+1	50.92532397174187	29	146	15	31	Fidev-io	fidev.io	LGPL-3.0	2021-08-13T06:41:43.000Z
2437	flutter_native_alert	flutter_native_alert offers the ability to display Android and iOS native dialog and toast	1.2.1	50.886317340614575	4	3	3	0	fengerwoo		BSD-2-Clause	2021-05-02T14:33:20.000Z
2438	docker2	Simple library for viewing and controlling docker images and containers.	2.2.8	50.881983270489314	6	4	4	0	onepub-dev	onepub.dev	MIT	2022-07-20T00:07:40.000Z
2439	nested_navigator_tabs	Tabs with nested navigators and multiple backstack handling stategy. Also includes correct visibility detection for the inner pages.	0.2.3	50.84297663936203	9	4	1	2	Kodam-zz		MIT	2020-11-26T09:50:35.000Z
2440	social_share_plus	A plugin supports variety of sharing contents and sharing platforms.	0.0.3	50.834308499111515	4	0	0	0	chejdj		MIT	2022-09-19T12:20:15.000Z
2441	lamsz_quran_api	A mixed of offline and cloud Al Quran API for flutter. Basic Al Quran is provided offline	0.0.3	50.825640358861	6	0	1	0	lamsz	lamsz.id	MIT	2022-09-06T07:06:27.000Z
2442	monarch_definitions	Types and channel definitions for Monarch. Monarch is a tool for building Flutter widgets in isolation. It makes it easy to build, test and debug complex UIs.	1.2.0	50.77796558748321	0	334	10	8	Dropsource	monarchapp.io	MIT	2022-12-14T20:57:36.000Z
2443	pop_network	The plug-in built to simplify internet requests, validate the internet and help the developer to make good use of the API's.	0.0.13	50.747627096606415	2	1	0	1	PopcodeMobile	popcode.com.br	NOASSERTION	2022-09-09T18:15:31.000Z
2444	sql_recase	A set of functions used to transform map keys in camelCase or snake_case. Please take a look at dart_mssql package for a usage example	0.2.2	50.73029081610541	0	26	6	7	MoacirSchmidt		BSD-2-Clause	2019-09-23T22:26:13.000Z
2445	handy_extensions	Handy Extension is just a simple library with extensions to the core libraries to make them more handy and quicker to use.	0.0.8+1	50.721622675854896	3	3	1	0	iamngoni	iamngoni.co.zw	NOASSERTION	2022-11-25T12:28:44.000Z
2446	cached_value	A simple way to cache values that result from rather expensive operations.	0.2.0	50.70862046547913	13	27	2	1	bluefireteam	blue-fire.xyz	MIT	2022-08-16T11:05:33.000Z
2447	intel_hex_encoder	A intel hex encoder for your flutter project.	0.0.6	50.69995232522862	1	0	0	1	mfriedlvaricon		MIT	2022-02-09T14:19:43.000Z
2448	list_picker_dialog_plus	List Dialog Picker with search and keyboard navigation.	0.0.2	50.65227755385082	4	1	0	0	crawlinknetworks	crawlink.com	MIT	2021-06-10T05:14:48.000Z
2449	button3d	Simple 3D button for Flutter	0.1.1	50.639275343475056	8	5	4	2	nguyenvanduocit		MIT	2021-07-14T12:52:29.000Z
2450	flutter_horizontal_date_picker	A Flutter package to create a Horizontal Date Picker. It will be useful for your awesome app.	1.1.0	50.63060720322456	14	0	1	0	minhhung2556	romanticdeveloper.com	Apache-2.0	2022-05-25T05:47:32.000Z
2451	snap	An extensive snap tool/widget for Flutter that allows very flexible snap management and snapping between your widgets.	2.0.0	50.61327092272353	19	101	6	2	aliyigitbireroglu	cosmossoftware.coffee	MIT	2021-05-04T11:32:59.000Z
2452	reactives	A new way to extract/group/reuse common logic of StatefulWidget. Think of them like React hooks but for and of flutter.	0.2.0	50.608936852598276	35	28	5	4	ripemango	ripemango.us	BSD-3-Clause	2022-05-02T20:41:59.000Z
2453	reorderable_carousel	A carousel in that allows one to reorder the contents of it via drag and drop	0.4.0+1	50.58293243184675	12	4	4	0	TNorbury	tylernorbury.com	MIT	2022-08-24T17:44:28.000Z
2454	access_control	Check access control via permissions.	0.9.0	50.5785983617215	0	0	0	0	karbunkul		MIT	2022-05-23T07:56:15.000Z
2455	altogic_dart	Dart client for Altogic. Altogic is a backend application development and execution platform, enabling people and businesses to design, deploy and manage scalable applications.	1.0.0	50.51792137996792	13	57	3	0	altogic	altogic.com	MIT	2022-11-17T12:37:43.000Z
2456	renderer	A Falcon micro-framework package to manage UI states reactively based on custom BLoC and reactive extenstions	0.0.19	50.474580678715384	0	0	0	2	AKWAD-Dragons		BSD-3-Clause	2022-02-02T14:23:20.000Z
2457	riverpod_persistent_state	Persistent store for riverpod package based on hive	2.0.0	50.47024660859013	2	0	0	0	massa-org		MIT	2022-11-02T21:22:53.000Z
2458	volc_engine_rtc	This Flutter plugin provides rtc sdk native APIs for you to implement real-time audio & video communication functions in your application.	3.46.1	50.43990811771335	3	1	0	1	volcengine	volcengine.com	MIT	2022-11-14T13:28:45.000Z
2459	dimens	Android-like dimens generator	0.0.6	50.422571837212324	2	1	1	1	vasyafromrussia		MIT	2021-07-08T12:39:41.000Z
2460	pagseguro_flutter	Facilitando os métodos de pagamento com o PagSeguro, implemetamos o PlugPag, agora Flutter e as maquininhas ficam perfeitas.	0.0.6	50.41823776708707	11	9	5	2	gabuldev	gabul.dev	NOASSERTION	2020-06-01T14:13:55.000Z
2461	date_form_field	DateFormField wraps a TextField and integrates it with the enclosing Form. This provides additional functionality, such as validation and integration with other FormField widgets.	0.0.2	50.392233346335544	4	2	1	0	sanpyaelin	sanpyaelin.dev	BSD-3-Clause	2020-09-07T12:18:14.000Z
2462	dart_discord_rpc	Discord Rich Presence for Flutter & Dart apps & games.	0.0.2	50.374897065834524	10	22	3	2	alexmercerind		MIT	2022-08-15T12:41:46.000Z
2463	vk_login	Service for authorization via VK. Authorization takes place via webview. You do not need to have a registered VK standalone application	1.0.1	50.348892645083	1	2	1	1	kuthort		BSD-3-Clause	2021-08-13T12:54:09.000Z
2464	productbarcode	Flutter package for fast search country of product by barcode	1.1.0+5	50.32722229445672	9	1	0	0	BruSD		MIT	2021-05-20T17:35:39.000Z
2465	moye	A lightweight Flutter package that aims to reduce the amount of code needed to build beautiful UI.	0.0.6	50.30555194383045	0	0	0	4	mohyghb	mohyaghoub.com	NOASSERTION	2022-05-23T17:34:36.000Z
2466	ristek_material_component	Material Design Component for future Ristek Universitas Indonesia project	0.0.15	50.27521345295367	15	1	0	0	fauziridwan1709		MIT	2022-09-21T03:32:02.000Z
2467	widget_crop	Crop for Flutter. Crop any widget/image in Android, iOS, Web and Desktop with fancy and customizable UI, in 100% pure Dart code.	0.0.1	50.27087938282841	0	1	0	0	kitimark		MIT	2021-09-17T03:20:48.000Z
2468	flutter_nakama	Nakama is an open-source scalable game server that lets you focus on building games.	0.2.0	50.231872751701125	1	0	0	0	aminalaee		MIT	2022-09-09T09:44:06.000Z
2469	base_api_client	Base API Client to handle API calling and errors easily with loading.	0.0.3	50.22320461145061	3	1	0	0	swarupbhc		MIT	2021-08-20T17:40:44.000Z
2470	seeip_client	A library that makes it easy to fetch data from SeeIP - A simple IP address API.	0.1.2	50.2145364712001	1	1	1	1	madaboutbrighton	madaboutbrighton.net	BSD-3-Clause	2021-06-09T14:05:04.000Z
2471	flutter_batteries	A set of typical classes, extensions and utilities for dart and flutter that help in development.
	0.0.6-dev	50.19286612057383	1	10	1	7	PlugFox	plugfox.dev	MIT	2022-07-17T13:50:37.000Z
2472	responsive_navigation	A HOLISTIC approach to get your Bleeding Edge flutter app to work on all devices.	1.0.1	50.13218913882027	0	0	0	0	OutdatedGuy	outdatedguy.rocks	BSD-3-Clause	2022-08-18T19:23:57.000Z
2473	nagraj_utils	Just first package.	0.0.2	50.12352099856976	0	0	0	0	nagraj0308		Apache-2.0	2022-11-17T10:35:51.000Z
2474	remedi_permission	A new Flutter package.	0.3.0	50.119186928444506	0	1	0	0	studio-b-co-kr		BSD-3-Clause	2022-10-31T01:57:16.000Z
2475	binance_futures	Unofficial Dart wrapper for Binance SPOT API (REST endpoints + Websockets).	0.0.1	50.10618471806873	4	3	0	0	AmauryBuguet		MIT	2022-03-16T18:37:36.000Z
2476	unleash_proxy	Unleash Flutter Proxy SDK. Unleash is an open-source feature flag service.	0.2.4	50.08018029731721	0	1	1	6	rizentium		MIT	2022-12-13T08:20:53.000Z
2477	flutter_direct	Design System for Home Credit Indonesia Tippers App.	0.1.0	50.01950331556364	2	3	3	0	oss-homecredit-id	teknokarma.com	MIT	2021-07-08T05:06:09.000Z
2478	realm_generator	Generates RealmObject classes from Realm data model classes. This package is part of the official Realm Flutter and Realm Dart SDKs.	0.8.0+rc	49.99349889481211	1	525	44	124	realm	realm.io	Apache-2.0	2022-12-17T14:16:25.000Z
2479	route_animation_helper	RouteAnimationHelper class, assists you to animate your route transitions.	2.0.0+7	49.98049668443635	9	0	0	0	gerominoapps	geromino-apps.com	MIT	2021-06-13T20:31:20.000Z
2480	dump_widget_tree	Flutter helper function that print Widget/Element/RenderObject/Layer trees, side-by-side.	0.1.3	49.932821913058554	5	7	2	0	Ticore		MIT	2020-04-27T23:21:28.000Z
2481	step_tracker	A Flutter Step Tracker plugin for collect information from user and display progress through a sequence of steps.	0.0.4	49.915485632557534	2	5	1	0	Roshannahak		MIT	2022-10-27T07:06:49.000Z
2482	etch	A simplified, declarative way to use CustomPainter in Flutter	0.2.2	49.867810861179734	80	57	1	1	deven98	joshi.dev	BSD-2-Clause	2022-04-23T20:05:52.000Z
2483	gsm_info	A GSM info plugin.	0.0.1	49.850474580678714	2	1	0	0	danijel-tolj	that-dev.me	MIT	2022-04-06T07:50:09.000Z
2484	history_state_notifier	Extends state_notifier to add a history feature that allows for undo/redo operations.	0.0.5	49.81146794955143	15	5	1	0	timcreatedit	timcreated.it	MIT	2022-02-15T09:19:59.000Z
2485	eo_color	An elegant, object-oriented implementation of the color palettes and swatches of the Material Design standard; an alternative to Flutter's built-in colors.	2.2.0	49.772461318424135	17	8	2	1	dartoos-dev	dartoos.dev	MIT	2022-09-16T22:05:21.000Z
2486	easy_form_kit	A set of widgets for processing form field data in one common handler. Convenient for saving data to a database, sending via API, etc.	4.1.0	49.71178433667057	6	5	2	0	andyduke	amazingsoftworks.com	BSD-3-Clause	2022-05-15T17:33:03.000Z
2487	json_ld_processor	JSON-LD Processor according to JSON-LD Processing API 1.1 with support for URDNA2015 normalization.	1.0.0	49.70745026654531	0	1	0	0	b2cm		BSD-3-Clause	2022-09-23T08:14:56.000Z
2488	toor	Compile-time safe and easy to manage service locators.	1.2.1	49.69444805616955	5	5	1	0	f-person	fperson.dev	MIT	2022-12-03T17:21:39.000Z
2489	instagram_share_plus	Plugin allowing to share images or videos to Instagram	0.0.3	49.690113986044295	4	1	1	3	milan-ciganovic		MIT	2021-07-12T13:08:09.000Z
2490	m_login_sdk	Flutter-native SDK to simply access the M-Login identity- and user-data system.	0.7.0	49.655441425042255	2	2	0	1	SWM-IT		BSD-3-Clause	2022-12-07T16:16:17.000Z
2491	agconnect_appmessaging	You can use App Messaging of AppGallery Connect to send relevant messages to target users.	1.5.0+300	49.63810514454124	1	9	1	3	AppGalleryConnect		Apache-2.0	2022-12-07T01:06:33.000Z
2492	sigepweb	Utilize serviços dos Correios no seu App como buscar CEP ou calcular preços e prazos de encomendas	1.0.8	49.62943700429073	16	5	1	3	marcobraghim		MIT	2021-03-12T20:33:04.000Z
2493	simple_date	A simple date model for Dart.	1.0.0	49.61643479391496	9	4	0	0	jeroen-meijer	jfk.dev	MIT	2021-08-14T01:44:20.000Z
2494	customizable_multiselect_field	A Flutter package that provides a highly customizable multiselect field.	1.0.1	49.607766653664456	11	12	1	4	thoffart		BSD-3-Clause	2021-03-10T19:18:33.000Z
2495	better_audio_picker_plugin	Audio picker for Flutter.	0.0.6	49.590430373163436	0	0	0	0	WangYng		BSD-2-Clause	2022-01-15T02:37:55.000Z
2496	google_ml_face_detection	A standalone face recognition extracted from google_ml_kit_plugin.	0.0.3	49.547089671910896	1	0	1	1	danjodanjo		MIT	2021-11-08T07:58:36.000Z
2497	stx_easy_localization_generator	Easy localization generator.	1.0.1	49.525419321284616	0	0	0	0	VolodymyrSydorko		MIT	2022-05-26T16:22:40.000Z
2498	stx_data_search	General search package for dart collections.	1.0.2	49.51675118103411	0	0	0	0	VolodymyrSydorko		MIT	2022-03-01T19:31:02.000Z
2499	thirds	SHA-3, BLAKE3, and EdDSA/Ed448 implementations in Dart, with EdDSA/Ed448 JWT support	0.2.0-alpha.1	49.51241711090885	0	0	0	0	mnito	mike.nitow.ski	BSD-3-Clause	2022-04-10T20:11:01.000Z
2500	extensions_pack	Collection of dart extensions.	1.1.1	49.48207862003207	0	1	0	0	jorgelrj		MIT	2022-03-23T12:00:21.000Z
2501	rating_summary	Create a summary statistic Widget to display the rating and average rating of a product.	1.0.1+1	49.47774454990682	17	0	0	0	floodoo	flo-dev.me	MIT	2022-11-02T19:47:17.000Z
2502	reactive_cupertino_slider	Wrapper around CupertinoSlider to use with reactive_forms.	0.4.0	49.45607419928054	1	47	23	2	artflutter		MIT	2022-12-15T16:51:57.000Z
2503	dateable	A Dart package to help you with managing dates easily. Can be used to store, format, convert, construct, parse and serialise dates.	3.0.0+3	49.41706756815325	17	6	0	0	SugaR256	jakubkrapiec.dev	MIT	2021-12-02T21:14:00.000Z
2504	widget_tree_depth_counter	Widget to count the amount of nested widget tree, useful in the dynamic construction of the interface when it is important to know the depth of widget.	1.0.1	49.39973128765223	10	4	1	0	rickypid	rcprogrammer.net	BSD-3-Clause	2022-01-25T13:43:59.000Z
2505	table_plus	The plugin supports the table search and export option to export CSV files.	1.0.8	49.378060937025964	10	0	1	0	ITPLMobilePlugins		MIT	2022-01-24T06:39:31.000Z
2506	klutter	The Klutter Pub Plugin makes it possible to write a Flutter plugin for both Android and iOS using Kotlin only.	0.2.4	49.343388376023924	32	31	0	1	buijs-dev	buijs.dev	MIT	2022-09-10T14:41:44.000Z
2507	interactive_i18n	Package for translation and let user choose the language	0.0.3	49.278377324145104	1	0	0	0	ivofernandes	incaview.com	MIT	2022-12-07T00:41:58.000Z
2508	dragdropwindows	A Flutter plugin modify windows style to accept Drag&Drop text or files.	0.0.3	49.25670697351883	2	2	1	0	xuqiqiang		BSD-3-Clause	2022-10-18T09:48:20.000Z
2509	kraken_webview	Kraken `<iframe />` tags support.	2.5.0	49.25237290339358	1	11	8	3	openkraken	openkraken.com	Apache-2.0	2022-06-24T11:25:14.000Z
2510	collection_providers	A group of pre-built providers the wrap the basic dart collections - list, set, map	0.2.0+1	49.213366272266285	3	1	1	0	flutter-institute	flutter.institute	BSD-3-Clause	2022-09-27T20:54:56.000Z
2511	lifx_http_api	A dart implementation of the LIFX HTTP API for smart LED bulbs.	0.0.13	49.17435964113899	2	1	0	1	nathanielgreen		MIT	2022-09-20T18:09:14.000Z
2512	starxpand	A flutter wrapper around the Star Micronics StarXpand API.	0.0.2	49.17002557101374	0	2	1	0	ovatu		MIT	2022-09-13T06:48:21.000Z
2513	path_animator	A flutter package to draw path with animation on the canvas	0.0.1	49.165691500888485	11	27	1	0	DevsOnFlutter	hackthedeveloper.com	BSD-3-Clause	2022-04-10T05:47:55.000Z
2514	mastodon_oauth2	Provides the optimized and easiest way to integrate OAuth 2.0 with Mastodon API in Flutter.	0.1.1	49.16135743076323	8	6	1	2	mastodon-dart	shinyakato.dev	BSD-3-Clause	2022-12-14T05:43:13.000Z
2515	weather_animation	The package contains beautiful weather animations. Easy setup with the weather configurator!	0.0.1	49.06167381788237	8	1	0	6	PackRuble		Apache-2.0	2022-11-28T13:16:05.000Z
2516	bottom_sheet_scroll_physics	A custom ScrollPhysics for bottom sheets with nested scroll views.	1.0.0	48.99666276600355	2	1	1	0	weakvar		BSD-3-Clause	2022-11-07T21:18:35.000Z
2517	stager	A Flutter productivity tool that allows developers to isolate pieces of UI.	0.1.0	48.97932648550253	1	0	1	11	bryanoltman		MIT	2022-09-15T21:05:07.000Z
2518	flutter_lints_plus	Recommended lints for Flutter apps, packages, and plugins to encourage good coding practices.	2.0.1	48.97499241537729	2	1	0	0	ronjb	ronbooth.com	MIT	2022-06-06T12:11:25.000Z
2519	pubspec_lock_parse	Simple package for parsing pubspec.lock files with a type-safe API and rich error reporting.	2.2.0	48.970658345252026	1	3	1	0	matthewnitschke		NOASSERTION	2022-10-15T18:45:34.000Z
2520	remedi_vimeo_player	This package provide 2 fucntions. First is getting vimeo resource data, Seconds play vod or live streaming in BetterPlayer.	0.2.1	48.96632427512677	3	3	3	2	studio-b-co-kr		BSD-3-Clause	2022-09-30T00:10:17.000Z
2521	shelf_helmet	A port of the NodeJS helmet package to Dart. Helmet helps you secure your Dart Shelf/Frog apps by setting various HTTP headers.	1.1.0	48.96199020500151	6	2	0	0	jxstxn1	jxstxn.dev	Apache-2.0	2022-12-05T18:13:45.000Z
2522	appmetrica_push	The AppMetrica Push SDK is a set of libraries for working with push notifications.	1.0.0	48.95765613487626	7	6	0	4	MadBrains	madbrains.ru	MIT	2022-09-09T11:32:46.000Z
2523	words	A curated collection of lints for use by Dart packages to ensure higher program safety and to promote best practices, selected and maintained by WordCollector.	0.1.1	48.94898799462575	0	0	0	0	WordCollector	wordcollector.co.uk	AGPL-3.0	2022-07-06T21:25:12.000Z
2524	flutter_versio_frigidus	A tool for easily selecting Flutter version on project basis	1.1.0	48.94031985437524	1	3	0	0	stelynx		GPL-3.0	2021-10-05T11:48:47.000Z
2525	maths	Advanced Math library for Dart with support for Complex, FFT and Convolutions.	0.0.2	48.83196810124388	1	0	0	0	xclud		MIT	2022-11-07T10:32:44.000Z
2526	convenient_test_common_dart	Write and debug tests easily, with full action history, time travel, screenshots, rapid re-execution, video records, interactivity, isolation and more	1.2.1	48.80596368049235	1	323	18	11	fzyzcjy	cjycode.com	MIT	2022-12-17T13:46:13.000Z
2527	l10n_translator	Allows you to easily provide translations of your local text to other supported languages.	4.1.1	48.78429332986608	0	4	0	0	AndriousSolutions	andrioussolutions.com	NOASSERTION	2021-12-20T03:50:22.000Z
2528	dial_picker	A simple widget to pick Duration values. Forked with updated dependencies from https://github.com/juliansteenbakker/duration_picker.	1.0.1+1	48.766957049365054	1	0	1	1	rilpires		MIT	2022-09-14T17:51:48.000Z
2529	xml_crypto	Xml digital signature library for Dart. For signing and verifying XML documents.
	2.1.4	48.72795041823777	2	1	1	2	rikulo	quire.io	MIT	2022-10-05T10:49:37.000Z
2530	graphql_cache_inspector	A Flutter Plugin that helps to inspect the graphql cache on device.	0.0.2+1	48.706280067611495	1	1	0	0	sodality-tech		BSD-3-Clause	2022-08-30T08:56:24.000Z
2531	opensea_dart	dart wrapper for opensea REST API the api for NFT's through OpenSea, made for dart and flutter	0.0.2	48.671607506609455	6	1	3	2	copypasteearth		MIT	2022-11-27T03:26:10.000Z
2532	colorful_print	R-Dap is a young team from Taiwan, this package can print colored message on the terminal at the place you want to print conspicuously.	0.1.2	48.64993715598319	4	0	0	0	Ryan45758	r-dap.com	BSD-3-Clause	2021-06-14T11:37:55.000Z
2533	fresh_grpc	An grpc link for token refresh. Built on top of package:grpc and manages authentication tokens transparently.	0.3.0	48.63693494560742	0	0	1	0	amondnet		MIT	2021-06-16T04:56:13.000Z
2534	message_handler	This package aims to facilitate the use of alert messages for customers, as well as the execution of middlewares if necessary.	1.1.0	48.61526459498114	2	0	0	0	netogdn999		BSD-3-Clause	2022-08-04T22:03:54.000Z
2535	apple_health_clinical_records	Fetch clinical records from apple health in form of FHIR json.	0.0.3	48.58926017422962	1	0	0	0	mayank042		MIT	2022-07-08T12:29:01.000Z
2536	dooz_color_picker	A Flutter package that provides widgets to enable a user to select a color and some other params of a RGB light using circular sliders.	0.1.0	48.5719238937286	1	3	0	0	OZEO-DOOZ		BSD-3-Clause	2022-03-05T18:13:05.000Z
2537	dart_bip21	A BIP21 compatible URL encoding package developed for DartLang.	1.0.0	48.558921683352835	0	0	0	0	dart-bitcoin-lib	mahsumurebe.com	MIT	2021-12-21T23:24:07.000Z
2538	tezart	A Dart library to connect to Tezos clients. Send transactions and interact with smart contracts!	2.0.5	48.55025354310233	11	21	10	10	moneytrackio	moneytrack.io	MIT	2022-10-27T18:55:16.000Z
2539	voltron_ffi	voltron ffi module	0.0.1	48.53725133272656	0	7221	855	25	Tencent	openhippy.com	Apache-2.0	2022-12-17T14:16:29.000Z
2540	persistent_context	A Flutter widget that provides a simple and synchronous interface to store persistent variables, relying on shared preferences under the hood	0.0.2	48.53291726260131	2	0	0	0	alesdi		BSD-3-Clause	2021-08-13T20:56:18.000Z
2541	enhanced_meteorify	Carefully extended meteorify package to interact with the Meteor framework.
Connect your web or flutter apps, written in Dart, with the Meteor framework.
	3.2.0	48.48090842109825	7	3	3	2	wendellrocha		BSD-2-Clause	2022-07-04T20:00:26.000Z
2542	custom_response	Response class for Flutter projects	1.0.0	48.46790621072249	0	0	0	0	iemektar		BSD-2-Clause	2021-02-28T13:55:57.000Z
2543	cobi_flutter_settings	An application settings screen for flutter that persists values via the shared_preferences package	2.0.0	48.39856108871842	2	1	0	0	Cobinja		BSD-3-Clause	2022-05-01T10:38:49.000Z
2544	text_analysis	Tokenize text, compute readibility scores for a document and evaluate similarity of terms.	1.0.0+2	48.38555887834265	0	5	0	0	GM-Consult-Pty-Ltd	gmconsult.dev	NOASSERTION	2022-11-25T06:15:57.000Z
2545	dfapi_auth	DfApi Authetication based on flutter_appauth package and identity server.	2.0.0	48.34655224721536	0	0	0	0	iemektar		BSD-2-Clause	2021-05-15T20:50:20.000Z
2546	dqoi	A Dart implementation of the "Quite OK Image Format", with a command line interface for console use and a library for use in applications.	1.2.0	48.33788410696485	2	4	0	0	JaffaKetchup	jaffaketchup.dev	AGPL-3.0	2022-09-18T17:05:27.000Z
2547	api_helper	Api Helper based on Dio	1.0.0	48.32921596671434	0	0	0	0	iemektar		BSD-2-Clause	2021-07-18T18:55:26.000Z
2548	single_value_cubit	Simple single value cubit. Works as a simple state manager for inputs, scrolls, flags etc. Works best as injected and observed by other blocs/cubits.	1.0.0	48.294543405712304	1	0	0	0	thecodebrothers	thecodebrothers.pl	Apache-2.0	2022-07-08T23:09:14.000Z
2549	simple_chess_board	A simple chess board widget which do not handle game state, but with several options for board orientation, adding arrows, and others.	0.6.2	48.281541195336544	3	2	0	0	loloof64		MIT	2022-12-12T10:54:55.000Z
2550	eventstore_client	A community developed gRPC client library for EventStoreDB. EventStoreDB is an open-source, functional database with Complex Event Processing capabilities.	0.7.1	48.26853898496078	3	3	0	0	DISCOOS	discoos.org	BSD-2-Clause	2022-11-05T17:13:27.000Z
2551	rrule_generator	RRuleGenerator is a widget for generating recurrence rules, such as described in the iCalendar RFC	0.2.0	48.25553677458501	8	2	1	0	tkortekaas	jelter.net	ISC	2022-12-15T18:43:00.000Z
2552	nasa_apis	A wrapper for the NASA Open APIs with caching and helpful utilities for seamless integration.	0.0.4	48.246868634334504	0	0	0	0	voidari	voidari.com	MIT	2022-12-04T22:08:27.000Z
2553	multi_crop_picker	instagrammable multi crop picker. this package do multiple image select, with ratio, length, grid(crossAxisCount), etc args. (crop featrue based on xclud/flutter_crop, gallery feture based on CaiJingLong/flutter_photo_manager)	0.0.5	48.229532353833484	5	1	1	0	ukkoon		MIT	2022-04-05T02:19:34.000Z
2554	flutter_settings_screen_ex	A Simple plugin to implement settings UI screens for your flutter apps. Customize what you want, From UI elements, behaviour or underlying storage library. This library is a null compliant version of flutter_settings_screens.	0.0.1+5	48.22519828370823	0	142	59	26	GAM3RG33K		MIT	2022-11-22T14:25:42.000Z
2555	cloudimage_360_view	A simple, interactive resource that can be used to provide a virtual tour of your product.	1.0.3	48.212196073332464	40	7	0	2	abdelrahmanmostafa21		MIT	2022-05-08T21:37:42.000Z
2556	linked_text_splitter	Convert text containing hyperlinks, etc., into a "TextSpan" list. It supports hyperlinks, @ marks, and hashtags like Twitter.	0.0.3	48.199193862956704	0	0	0	0	HirokiIshimori		BSD-3-Clause	2022-04-21T20:59:30.000Z
2557	kraken_video_player	Kraken video player plugin.	2.5.0	48.15585316170415	1	11	8	3	openkraken	openkraken.com	Apache-2.0	2022-06-24T11:25:14.000Z
2558	super_responsive	Utils and widgets to make your flutter apps and websites fully responsive.	0.1.6	48.14285095132839	22	5	1	1	namzug16		MIT	2022-03-08T13:10:53.000Z
2559	platform_widgets	A Flutter plugin for Platform widgets. This package simplifies the usage of specific widgets for both Android and iOS.	0.1.1	48.134182811077885	6	3	1	4	Flutterista	flutterista.dev	BSD-3-Clause	2021-03-19T09:51:09.000Z
2560	anni_mpris_service	D-Bus MPRIS controls for Linux.	0.1.0	48.099510250075845	2	0	0	0	ProjectAnni	anni.rs	Apache-2.0	2022-09-06T15:27:58.000Z
2561	mindful_minutes	A Flutter plugin for saving mindful minutes to Apple Health.	1.0.2+2	48.086508039700085	4	2	0	0	nohli	achim.io	BSD-3-Clause	2022-11-29T07:09:53.000Z
2562	omnimodel	Model complex data and access it in an easy and safe way	1.0.6	48.064837689073805	1	0	0	0	tratteo		BSD-3-Clause	2022-12-17T17:23:17.000Z
2563	voltron	A flutter plugin project to render hippy page.	0.0.7	48.06050361894855	0	7221	855	25	Tencent	openhippy.com	Apache-2.0	2022-12-17T14:16:29.000Z
2564	pos	Dart Implementation of the ISO-8583 banking protocol for Point of Sale (POS) Devices.	0.3.1	48.04750140857279	3	11	2	0	xclud	pwa.ir	MIT	2022-05-03T09:53:32.000Z
2565	ir_datetime_picker	Iranian (Persian - Farsi - Shamsi - Jalali) DateTime picker with cupertino style and responsive UI.	3.0.1	48.038833268322286	4	5	0	0	alikhajavi74		MIT	2022-09-30T04:29:34.000Z
2566	butter	A thin application framework for flutter making use of async_redux	1.6.2	48.01716291769601	6	8	0	0	kbaylosis	zoogtech.com	MIT	2022-06-21T04:40:17.000Z
2567	jars	JARS is a super-effective and lightweight solution for Flutter.	0.0.5	48.01282884757075	8	1	1	0	rahulsharmadev-community		MIT	2022-11-14T18:59:20.000Z
2568	bitalino	A Flutter plugin that integrates the communication with BITalino devices.	2.0.1	48.0084947774455	3	1	2	0	afonsocraposo	scientisst.com	GPL-3.0	2022-05-05T17:17:35.000Z
2569	dotenv_gen	Generate environment variable dart files from an `.env` file.	0.0.2	48.004160707320246	1	0	0	0	North101		MIT	2022-06-23T09:43:55.000Z
2570	ff_bloc	FF bloc for creating awesome apps easy	1.0.2	47.973822216443466	1	0	0	0	Gorniv		MIT	2022-12-05T09:03:16.000Z
2571	velocity_bloc	Minimalist and Easy State Management for Bloc Inspired from Dart Generics.	1.1.1	47.96515407619295	4	8	1	0	codersangam	velocitybloc.dev	MIT	2022-12-02T17:33:31.000Z
2572	dchisel	A simple dart web framework for create REST API. DChisel support Custom Middleware and Mysql & PostgreSQL ORM.	1.1.0+13	47.9608200060677	46	22	3	2	alalawy	alphacsoft.com	BSD-3-Clause	2022-12-01T12:22:30.000Z
2573	reactive_pin_input_text_field	Wrapper around pin_input_text_field to use with reactive_forms.	0.4.0	47.94781779569193	1	47	23	2	artflutter		MIT	2022-12-15T16:51:57.000Z
2574	grab	A flutter package providing BuildContext extension methods to trigger a rebuild on change in Listenable (ChangeNotifier, ValueNotifier, etc).	0.3.0+1	47.94348372556668	10	5	0	0	kaboc	kaboc.cc	MIT	2022-12-03T14:15:58.000Z
2575	fit_curve	Dart implementation of Philip J. Schneider's \"Algorithm for Automatically Fitting Digitized Curves\" from the book \"Graphics Gems\"	1.0.4	47.93481558531617	1	3	0	0	bjartebore		MIT	2021-08-04T11:11:20.000Z
2576	altogic	Dart client for Altogic. Altogic is a backend application development and execution platform, enabling people and businesses to design, deploy and manage scalable applications.	1.0.0	47.921813374940406	7	47	1	0	altogic	altogic.com	MIT	2022-11-17T12:34:20.000Z
2577	vite	A dart library for the Vite blockchain. Send transactions and interact with smart contracts!	0.3.1	47.90881116456464	0	1	1	0	viterium	viterium.io	MIT	2022-09-30T11:30:04.000Z
2578	secure_control_protocol	Dart client library for secure-control-protocol devices (see https://github.com/HouseOS/secure-control-protocol)	0.0.11	47.88280674381312	1	2	1	2	houseos		GPL-3.0	2022-03-18T10:49:37.000Z
2579	flutter_screen_capture	A plugin to capture the entire screen or part of it on desktop platforms.	1.0.2	47.86113639318684	12	9	0	3	albemala	albemala.me	MIT	2022-09-09T16:59:10.000Z
2580	face_detection	A flutter plugin for detecting face and detecting landmark on face, it use Go language for native	0.0.6	47.83946604256057	3	2	0	1	thuanpham98		MIT	2022-08-23T12:03:41.000Z
2581	asset_fill	A package to generate assets in pubspec.yaml. Goes throw all the subdirectories in assets folder.	1.0.1	47.778789060807	9	3	2	0	L3odr0id		MIT	2022-12-01T12:53:07.000Z
2582	json_locale_generator	A generation tool that builds a class to get your json locale paths from dart code	0.2.4	47.752784640055474	1	2	0	0	ronw98	reblochor.dev	MIT	2022-08-22T07:44:01.000Z
2583	pub_version_plus	Easily increment version numbers in pubspec.yaml files with a single command.	1.0.2	47.74845056993022	9	0	0	1	mrgnhnt96	mrgnhnt.com	MIT	2021-09-11T14:25:33.000Z
2584	r_crypto	Rust backend support crypto flutter library, much faster than Dart-implementation library, light-weight library. Some crypto support hardware accelerate.	0.5.0	47.71811207905344	7	27	6	1	TinoGuo	tinocheng.app	MIT	2022-08-07T07:03:36.000Z
2585	pano_rtc	Flutter plugin for PanoRtc SDK.	1.0.7	47.709443938802934	0	2	0	0	PanoVideo	pano.video	BSD-3-Clause	2022-03-25T06:58:50.000Z
2586	sunmi_printer_service	商米打印服务	0.1.3	47.705109868677674	2	0	2	0	laiiihz	laihz.tech	MIT	2021-10-20T01:23:06.000Z
2587	runtime_lints	Recommended linting/analysis rules for OpenRuntime Github Organization	0.4.0	47.67910544792615	2	0	0	0	open-runtime	runtime.dev	MIT	2022-06-15T22:17:39.000Z
2588	pulsing_button	A fully customizable pulsing button for Flutter. Works the same way RawMaterialButton works.	0.0.6	47.640098816798854	4	0	0	0	nubcake94		BSD-2-Clause	2021-03-14T12:04:49.000Z
2589	uni_payments	A Flutter plugin for making payments via razorpay, paystack, paytm and flutterwave Payment Gateway for accepting online payments in Flutter app.	0.0.2	47.609760325922075	13	5	2	4	NehilKoshiya		MIT	2022-05-25T09:44:25.000Z
2590	sunrise_sunset	Dart API that provides sunset and sunrise times for a given latitude and longitude	1.0.4	47.592424045421055	10	8	0	1	aeyrium	aeyrium.com	GPL-3.0	2020-04-13T06:33:20.000Z
2591	stash_sembast	Sembast storage extension for the stash API. Provides support to store vaults and  caches in the local file system in binary format using the msgpack json format	4.4.1	47.523078923416975	2	72	10	0	ivoleitao	ivoleitao.dev	MIT	2022-12-05T23:19:18.000Z
2592	journey	This package helps you run one-time migrations in your app incrementally, while trying to reduce impact on app start-up time as much as possible.	1.1.1	47.51874485329173	4	2	0	0	JordyLangen	jordylangen.com	MIT	2022-02-19T13:40:09.000Z
2593	angular_sentry	Helper to implements sentry with Angular	0.1.0	47.50574264291596	1	9	1	0	leftyio		MIT	2021-10-23T13:31:42.000Z
2594	json_at	Dart implementation of RFC 6901 JSON pointer specification .
	2.1.0	47.50140857279071	2	5	0	0	Softmotions	softmotions.com	MIT	2021-06-22T03:45:15.000Z
2595	i10n_translator	Allows you to easily provide translations of your local text to other supported languages.	2.2.1	47.47107008191392	5	4	0	0	AndriousSolutions	andrioussolutions.com	NOASSERTION	2021-12-20T03:50:22.000Z
2596	meta_validator	A tidy utility to handle validation of strings like a pro. It provides support for both iOS, Android, Web, Linux platforms (offcourse).	0.0.2	47.45806787153816	23	8	1	0	abhishh1		MIT	2022-04-23T06:52:46.000Z
2597	dart_base_x	Fast base encoding / decoding of any given alphabet using bitcoin style leading zero compression.	1.0.0	47.4450656611624	0	0	0	0	dart-bitcoin-lib	mahsumurebe.com	MIT	2021-11-22T12:27:17.000Z
2598	progress_value_button	A Flutter package that creates a progress button with smooth animation with the supplied value in percentage.	0.0.1	47.43639752091189	2	1	0	0	shrijanRegmi		BSD-3-Clause	2021-08-01T05:14:48.000Z
2599	cupertino_controllers	A Flutter plugin with Cupertino Controller Examples. This includes a Table View Controller, Master Detail Controller, Cupertino Cell with Xcode Storyboard templates (basic detail, subtitle...), and detail examples	1.1.0	47.41906124041087	2	7	3	0	rodydavis	rodydavis.com	MIT	2021-09-27T16:50:57.000Z
2600	flutter_series	Improved row and column widgets to include spacing and interleaved dividers.
	0.1.2	47.40605903003511	2	0	0	0	danjoemybro	danjoemybro.dev	NOASSERTION	2022-01-11T16:27:20.000Z
2601	swipe_plus	Simple way to implement horizontal drag interaction.	0.8.1	47.384388679408836	10	2	0	0	DK070202		MIT	2022-11-06T17:08:39.000Z
2602	itertools	Package for advanced simple and easy work with Dart iterators	0.2.4	47.367052398907816	5	4	0	0	avdosev		MIT	2022-04-05T08:19:11.000Z
2603	datadog_grpc_interceptor	A plugin for use with the DatadogSdk, used to track performance of gRPC and enable Datadog Distributed Tracing.	1.0.0-beta.1	47.31937762753001	1	17	12	7	DataDog	datadoghq.com	Apache-2.0	2022-12-16T21:24:54.000Z
2604	reactive_dropdown_field	Wrapper around DropdownButton to work with reactive_forms	0.4.0	47.3107094872795	1	47	23	2	artflutter		MIT	2022-12-15T16:51:57.000Z
2605	yonomi_platform_sdk	The Yonomi Platform SDK aims to lower the curve to getting an application connected to the Yonomi Platform and working with objects in the IoT domain.	5.2.1	47.297707276903736	3	2	0	1	Yonomi	yonomi.co	Apache-2.0	2022-12-16T18:10:22.000Z
2606	raavailability	Plugin to check if AR is available on android and ios devices.	0.1.6	47.29337320677849	1	1	1	0	gabrielchaves7		NOASSERTION	2020-06-19T13:18:03.000Z
2607	shortuuid	Generate short uuid (shorter version of 32 bit Guid). It will be useful if you need unque id that is in shorter format.	2.1.1	47.28037099640272	8	4	2	3	coolmate		NOASSERTION	2022-04-12T15:03:32.000Z
2608	bonsoir_linux_dbus	Linux platform interface for bonsoir package. This package is useful for Linux desktop systems where Avahi is a commonly installed mDNS daemon.	0.2.0	47.2543665756512	2	5	3	0	Piero512		MIT	2022-08-03T13:29:00.000Z
2609	wav_io	Wave audio files IO for dart	1.0.0	47.24136436527543	1	1	1	0	gnudles		MIT	2022-06-15T12:16:05.000Z
2610	agconnect_cloudfunctions	AppGallery Connect Cloud Functions plugin for Flutter. Cloud Functions enables serverless computing.	1.5.0+300	47.232696225024924	2	9	1	3	AppGalleryConnect		Apache-2.0	2022-12-07T01:06:33.000Z
2611	flutter_kinescope_sdk	Flutter plugin for the Kinescope player.	0.1.4	47.22836215489966	5	0	0	0	kinescope	kinescope.io	Apache-2.0	2021-09-28T20:28:15.000Z
2612	ui_tool	With UI Tool you can easily make your app responsive for different screen sizes.	0.2.0	47.20235773414814	6	2	0	0	kasun-u	kazcore.com	BSD-3-Clause	2022-04-03T21:51:43.000Z
2613	daktela_connector	Daktela Connector is SDK by Daktela s.r.o. for Dart/Flutter apps that allows you communicate with standard Daktela V6 REST API.	1.0.5	47.17635331339661	3	0	0	0	Daktela	daktela.com	Apache-2.0	2022-09-22T15:04:55.000Z
2614	voltron_vfs	voltron vfs module	0.0.1	47.163351103020844	0	7221	855	25	Tencent	openhippy.com	Apache-2.0	2022-12-17T14:16:29.000Z
2615	hooks_state_notifier	Flutter hooks for StateNotifier.	1.0.0	47.150348892645084	9	0	0	0	TarekkMA		MIT	2021-10-09T19:01:54.000Z
2616	debouncer_widget	A Debounce widget that allows a user to perform actions after they are finished making changes.	1.0.0	47.146014822519824	1	0	0	0	methompson	methompson.com	BSD-3-Clause	2022-05-18T17:53:29.000Z
2617	voltron_renderer	voltron renderer	0.0.1	47.14168075239457	1	7221	855	25	Tencent	openhippy.com	Apache-2.0	2022-12-17T14:16:29.000Z
2618	karee	Another way to build Flutter applications for mobile, web and desktop using Karee Architecture.	2.2.3+2	47.133012612144064	2	44	9	1	ChamplainLeCode	flutter.bixterprise.com	MIT	2022-11-27T05:56:59.000Z
2619	boleto	A package to handle banking billets (Also known as "Boleto") conversion and validation.	0.0.1	47.120010401768305	2	1	0	0	viniciusamelio		MIT	2022-03-19T18:22:05.000Z
2620	ipfs_http_rpc	Yet another IPFS (HTTP RPC) client implementation for Dart. This package allows easy access to IPFS methods over HTTP with clear documentation.	0.0.4	47.06366749013999	5	1	0	0	tobimd		MIT	2022-10-11T23:48:48.000Z
2621	cross_file_picker	A package that allows you to use the native file explorer to pick single or multiple files/image/video, with extensions filtering support.	0.1.0	47.0246608590127	3	2	1	1	BreX900		MIT	2022-10-06T09:32:52.000Z
2622	jopen	JOpen is a Plugin that allows you to open any files in Android, JOpen provides a way to open files by file path.	0.0.2	46.98998829801066	2	0	1	0	AymanYassinn	jucodes.com	MIT	2022-09-05T20:53:44.000Z
2623	secure_app_switcher	Apply a safe masking effect to the app screen on the app switcher or task list.	0.1.0+1	46.920643176006585	7	0	0	0	arkwycr		MIT	2022-09-27T02:51:51.000Z
2624	snackstack	Flutter package for pretty snackbars	1.0.0	46.91197503575608	0	0	0	0	justjew		MIT	2022-08-07T22:27:53.000Z
2625	date_only_field	A Date only flutter field (Pure dart). It helps with splitting the datetime object to date and time fields to be picked easily and saved to database separated for easy queries.	0.0.13	46.89897282538031	4	0	0	0	a7mdragab		MIT	2022-11-16T11:27:24.000Z
2626	number_to_word_english	NumberToWord converts numbers(integers) to the English language number representation system and in many different customizable formats.	1.0.2	46.855632124127766	1	0	1	0	ron4fun		NOASSERTION	2021-05-02T03:10:10.000Z
2627	convenient_architecture	The collection of useful utils and architecture base classes.	0.1.0+1	46.838295843626746	0	0	0	1	Maksimka101		MIT	2022-12-12T00:33:39.000Z
2628	time_text	A time text widget. You can use it to show current time.	0.1.0	46.8339617735015	4	0	0	0	MrHeer		BSD-3-Clause	2021-06-22T09:46:08.000Z
2629	auto_animated_icon	A Flutter package to simplify the process of creating an AnimatedIcon	1.1.4	46.78628700212369	2	3	0	0	Arjunraj-k		MIT	2021-07-15T15:54:01.000Z
2630	payu_payment	Simple PayU integration using WebView. Flexible and easy to set up.	0.0.3	46.75161444112166	13	4	1	0	lukeurban	lukeurban.tech	MIT	2021-04-22T19:14:07.000Z
2631	persistent_bottom_nav_bar_custom	A do all, highly customizable persistent/static bottom navigation bar for flutter. Includes up-to 20 styles. Based on persistent_bottom_nav_bar which currently is not continued.	6.0.0	46.73427816062064	0	26	21	32	jb3rndt		BSD-3-Clause	2022-11-28T23:06:20.000Z
2632	whois	Lightweight and performant WHOIS client supporting hundreds of TLDs.	1.0.0	46.72994409049539	0	0	0	0	xeost	xeost.com	MIT	2022-02-09T03:08:28.000Z
2633	sign	Basic state management base for dart. Sign inspired QT framework signal-slot architecture.	0.0.3	46.67793524899233	6	1	0	0	Mehmetyaz	styledart.dev	MIT	2022-09-10T09:06:11.000Z
2634	audio_query	Flutter plugin to query data about artists, albums, songs, genres and playlists from device storage.	0.0.2	46.656264898366054	1	0	0	0	Khuntarpit		MIT	2022-07-09T19:55:25.000Z
2635	curl_generator	A Flutter package to create simple curl (bash) with params, headers and body.	0.0.9	46.63459454773978	2	0	0	0	P-B1101		MIT	2022-12-12T10:25:41.000Z
2636	isolate_agents	Agents are state that lives on a background isolate.	0.2.0	46.608590126988254	34	47	2	1	gaaclarke		BSD-3-Clause	2022-12-07T19:05:32.000Z
2637	sbt_auth_dart	SBTAuth flutter sdk	0.4.6	46.5565812854852	2	4	0	1	ABMatrix		MIT	2022-12-14T07:36:01.000Z
2638	text_indexing	Dart library for creating an inverted index on a collection of text documents.	1.0.0	46.52624279460842	0	0	0	0	GM-Consult-Pty-Ltd	gmconsult.dev	NOASSERTION	2022-11-25T06:31:21.000Z
2639	carapacik_lints	The most necessary lints for Flutter to encourage good coding practices.	1.2.2	46.51757465435791	6	0	0	0	Carapacik	carapacik.dev	BSD-3-Clause	2022-09-05T13:04:26.000Z
2640	bd_l10n	Tools that help manage localization for a dart/flutter application.	1.2.0	46.50023837385689	7	1	1	2	bitsydarel		BSD-3-Clause-Clear	2022-09-06T08:05:36.000Z
2641	api_utils	Convenient api utilities to make working with REST APIs easier	4.0.0	46.491570233606375	4	6	0	1	HomeXLabs	homex.com	MIT	2021-05-06T19:17:29.000Z
2642	data_format	Flutter library to format data into readable form.	0.0.3	46.48723616348113	1	0	0	0	hsbijarniya	ensorta.com	MIT	2022-03-02T12:13:26.000Z
2643	shared_preferences_debugger	Debugger for `shared_preferences` plugin	0.0.6	46.48290209335587	0	0	0	0	HTsuruo	htsuruo.com	MIT	2022-10-09T08:28:31.000Z
2644	fancy_cursor	Make your web site look unique with simple yet powerful custom cursor package for you app.	0.1.2	46.461231742729595	25	8	2	0	ZeshanGIT		MIT	2022-08-13T21:38:11.000Z
2645	curve	A simple command-line application.	1.2.0	46.448229532353835	1	0	0	0	bjartebore		MIT	2021-08-05T05:48:32.000Z
2646	skeletor	It provides an elegant way to show skeleton animation.	0.0.3	46.44389546222858	2	0	0	0	markgravity		MIT	2021-05-14T09:52:12.000Z
2647	gammal_tech	A companion package to the Gammal Tech courses.	0.0.1	46.430893251852815	1	1	2	0	Gammal-Tech		BSD-3-Clause	2022-08-09T07:49:13.000Z
2648	belatuk_http_server	A collection of useful utility classes for building HTTP server.	3.0.0	46.42655918172756	2	1	0	0	dart-backend	dukefirehawk.com	BSD-3-Clause	2022-07-07T00:25:40.000Z
2649	share_plus_dialog	A package that improves sharing on desktop and web from the share_plus plugin with a sharing dialog	1.1.1	46.39188662072552	3	0	0	0	2-5-perceivers		NOASSERTION	2022-09-28T14:31:07.000Z
2650	download_network_images_for_offline	A simple flutter package that saves network images for whenever the user is offline	0.0.5	46.36154812984874	5	0	0	0	Mart100	martvenck.com	BSD-3-Clause	2021-09-09T00:20:53.000Z
2651	kinetic	The official Kinetic Dart SDK brought to you by the Kin Foundation.	1.0.0-rc.8	46.335543709097216	0	3	0	2	kin-labs	kin.org	MIT	2022-11-21T21:39:03.000Z
2652	convenient_test_common	Write and debug tests easily, with full action history, time travel, screenshots, rapid re-execution, video records, interactivity, isolation and more	1.2.1	46.29653707796992	0	323	18	11	fzyzcjy	cjycode.com	MIT	2022-12-17T13:46:13.000Z
2653	to_string_pretty	to pretty string.	1.1.7	46.2792007974689	1	0	0	0	sylfreee	sylfree.com	MIT	2022-04-18T13:07:59.000Z
2654	auth0_spa_dart	A dart wrapper for auth0-spa-js	1.0.2	46.253196376717376	3	1	2	1	jfacoustic		MIT	2022-02-16T16:11:45.000Z
2655	cached_query	A simple library for dealing with server state in dart and flutter.	0.4.0	46.24452823646686	13	19	1	0	D-James-GH	cachedquery.dev	MIT	2022-12-17T11:30:57.000Z
2656	package_file_loader	Simple utility functions for loading a file from packages	0.2.0	46.24019416634162	0	0	1	0	oliatienza		MIT	2022-11-16T06:36:14.000Z
2657	pexels	Unofficial wrapper of Pexels REST API for the Dart Language.	0.1.1	46.2315260260911	0	3	1	0	xenoken		BSD-3-Clause	2019-06-29T01:25:01.000Z
2658	fxendit	The easy way to use Xendit Software Development Kit (SDK) in Flutter.	0.0.3	46.21418974559008	10	5	7	8	salkuadrat		MIT	2022-02-03T10:52:36.000Z
2659	bouncy_widget	A simple bouncing widget.	2.0.1	46.166514974212284	4	1	0	0	sshipman		MIT	2022-05-27T23:49:04.000Z
2660	fetch_tray	A set of flutter_hooks to make fetching and working with data from apis easier.	0.2.3	46.09283578208295	1	0	2	1	marqably	marqably.digital	MIT	2022-12-04T20:36:28.000Z
2661	time_of_day_widget	A widget that changes state over TimeOfDay.	1.0.0	46.07983357170719	1	0	0	0	rocaforarnelo		BSD-3-Clause	2021-06-23T11:17:19.000Z
2662	mbaudience	MBAudience is a plugin libary for MBurger, that lets you track user data and behavior inside your and to target messages only to specific users or groups of users.	2.0.4	46.06683136133143	6	0	0	0	Mumble-SRL	mburger.cloud	MIT	2022-11-29T15:26:48.000Z
2663	flutter_bouncing_widgets	Flutter Bouncing Widgets | Bounceable Flutter Widget Kit | by APPISM	1.0.3	46.01482251982837	5	3	0	0	kerimbr	appism.dev	MIT	2022-09-19T12:37:52.000Z
2664	mpesa_sdk_dart	A Dart package for M-Pesa API (Mozambique). This package can be used in every dart frameworks as it's written in plain dart.	2.0.1	46.01048844970312	10	15	12	1	realrgt		MIT	2022-05-12T08:16:19.000Z
2665	flutter_loading_button	A package wrapper around material buttons to display a loading widget while waiting for the onPressed method to finish	0.0.2	46.006154379577865	3	2	0	0	jksevend		MIT	2021-07-25T17:15:22.000Z
2666	future_builder_ex	An improved version of FutureBuilder	2.1.1	46.001820309452604	1	1	0	0	onepub-dev	onepub.dev	MIT	2022-11-10T02:00:00.000Z
2667	caldav_client	A CalDAV client for dart. It allows to make CalDAV requests to a server easily and quickly.	1.1.0	45.97581588870108	3	3	2	1	julisanchez		MIT	2021-07-27T17:34:31.000Z
2668	aes_crypt2	(Null safety) Dart encryption library for encrypting/decrypting files, plain text and binary data in AES Crypt file format.	2.0.1	45.919472977072765	2	2	0	0	fsmdeveloper		MIT	2022-06-08T21:23:14.000Z
2669	graph_collection	Provides numerous graph theory based Graph Collections: Graph[LinkGraph[UndirectedGraph, DirectedGraph], UndirectedValueGraph, DirectedValueGraph]	2.1.0	45.91513890694752	13	9	3	3	MeowType		MIT	2021-11-07T05:27:42.000Z
2670	flutter_bargraph	Bar Graph Indicator for Flutter. It graphically displays the current value on a bar graph with animation when the value changes. orientation/direction of the bar is castumizable.	1.1.1	45.88480041607073	8	3	0	0	rickypid	rcprogrammer.net	BSD-3-Clause	2022-01-25T12:27:57.000Z
2671	get_image_cache_network	Get image from the cache if exist or from network. In case of error show your placeholder, this package use Dio and Hive.	1.0.0	45.876132275820225	7	0	0	0	alcampospalacios		MIT	2022-07-30T03:33:03.000Z
2672	ipapi	Geolocation plugin for Flutter based on ip-api.com. Supports both free and pro access.	1.0.1	45.86746413556971	0	0	0	0	mk-dev-1		MIT	2022-09-17T12:43:46.000Z
2673	pdf_platform_view	Flutter plugin for displaying PDF files on IOS and Android platforms using Platform Views.	0.7.0	45.83279157456768	3	4	1	4	HTD-Health	htdhealth.com	MIT	2022-02-16T13:36:24.000Z
2674	ruler_picker_bn	Flutter package for ruler type value picker. You can get horizontal and vertical ruler view with the package.	0.0.6	45.81545529406666	7	3	0	0	BoredNerdy	borednerdy.com	MIT	2022-10-12T18:30:28.000Z
2675	login_screen	Login Screen Template. Provide template with customizable parameters.	0.6.0	45.806787153816146	0	1	0	0	LCostaN		BSD-3-Clause	2020-07-20T03:14:41.000Z
2676	ai_chart	A new chart widget Flutter package.	0.0.2	45.79811901356564	1	1	0	0	pdliuw		BSD-3-Clause	2020-04-24T07:59:31.000Z
2677	code_coverage	A CLI tool and package useful for reporting code coverage of a given dart package	1.4.0	45.793784943440386	4	1	0	0	gustavo-hillesheim	gustavohill.dev	BSD-3-Clause	2022-01-07T12:19:28.000Z
2678	ibans	Validate and parse IBAN strings and provide useful information about, such as country, bank name, number currency.	0.0.2-alpha	45.78511680318987	3	2	1	1	open-ibans		MIT	2021-02-22T14:56:34.000Z
2679	shelf_session	The `shelf_session` is the implementation of `cookiesMiddleware` and  `sessionMiddleware` for `shelf`.	0.1.2	45.75044424218784	0	0	0	0	mezoni		BSD-3-Clause	2022-11-25T17:09:58.000Z
2680	fabler_icons	set of Tabler icons for flutter platforms	1.2.3	45.73744203181207	4	3	1	0	miladimos		MIT	2022-12-16T18:46:50.000Z
2681	flutter_desktop_audio_recorder	Flutter Desktop Audio Recorder	0.0.1	45.73310796168682	3	0	1	1	karostudio		BSD-3-Clause	2022-05-14T13:53:45.000Z
2682	neo4driver	Dart driver to manipulate the Neo4J database with the Neo4J HTTP API.	1.0.6	45.67243097993325	6	3	1	1	ClementG63		NOASSERTION	2022-11-07T12:32:46.000Z
2683	clip_shadowx	Adds shadows to `Widget` which is clipped by a `Path`. Applies a `CustomClipper` and a list of `BoxShadows` to a `Widget`.	0.0.1	45.629090278680714	0	0	0	0	xErik	novelplotter.com	MIT	2022-09-28T13:41:30.000Z
2684	flutter_cep2	Uma biblioteca para consulta de CEP para desenvolvedores Dart (Console, Web e Flutter).	0.0.13	45.60741992805444	3	0	0	0	vitoramaral10		LGPL-2.1	2022-09-14T13:14:20.000Z
2685	settings_panel_android	Launch Android's Settings.Panel right from your Flutter app. Android-only plugin.	0.1.3	45.59441771767867	8	5	2	1	dartsidedev	dartside.dev	BSD-2-Clause	2019-10-09T14:38:37.000Z
2686	logly	A simple logging tool that uses color coding to indicate severity and offers a clickable link to the printing line.	0.3.1+readme3	45.56407922680189	4	0	0	0	krista-koivisto		MIT	2021-08-02T11:19:06.000Z
2687	behaviour	This package adds support for behaviours. Behaviours are classes of which the instances are used as functions.	1.0.0	45.546742946300874	1	0	0	0	wim07101993		MIT	2022-12-05T15:08:39.000Z
2688	color_chooser	Provides a Color Chooser Screen for Flutter. Available for Mobile and Desktop OS.	0.4.11	45.542408876175614	0	1	0	0	Jules-Media		Apache-2.0	2022-09-10T11:58:26.000Z
2689	end_credits	Show a simple and cinematic end credits screen in your Flutter app.	2.0.0	45.512070385298834	4	3	1	0	pblinux	pixela.tech	MIT	2022-03-20T04:17:32.000Z
2690	cities	A dataset containing 2.6 million cities that can be used by benchmarks or demos. Zero third party dependencies and completely self-contained.	1.0.0	45.3907164217917	4	1	0	4	modulovalue		MIT	2022-09-24T21:19:19.000Z
2691	bicolor_icon	Flutter library for creating two tone icon, you can customize color/ratio/direction etc...	0.0.2	45.364712001040175	3	0	0	0	linnefromice		MIT	2021-03-03T05:15:15.000Z
2692	maid	Maids handle your chores. By focusing on the most duplicated and messy parts of your code, maid was designed to make your life easier.	0.0.3	45.36037793091492	0	0	0	1	kj415j45	okinawa.loli.land	MIT	2022-12-05T08:58:57.000Z
2693	random_nickname	a Dart package that provides random nickname with various languages.	0.0.2	45.33003944003814	2	2	0	1	Holder-inc	dev.holder.team	GPL-3.0	2022-10-14T03:53:43.000Z
2694	remote_config	Works with Flutter Remote Config plugin to retrieve an array of values from a typical Firebase project's Remote Config settings.	1.2.0	45.317037229662375	2	1	1	0	AndriousSolutions	andrioussolutions.com	Apache-2.0	2022-03-10T19:22:09.000Z
2695	argon2_ffi	Argon2 implementation by using ffi as flutter plugin. use argon2_ffi_base for the actual dart code.	1.0.0	45.29103280891085	1	2	1	0	authpass	codeux.design	MIT	2021-03-07T10:45:07.000Z
2696	flutter_spinbox_fork	SpinBox is a numeric input widget with an input field for entering a specific value, and spin buttons for quick, convenient, and accurate value adjustments.	0.4.1	45.26502838815932	0	0	2	0	DinhNam99		MIT	2021-04-24T04:39:01.000Z
2697	base_map_osm_google	Permite crear un mapa base de OpenStreetMap o Google, además poder insertar capas adicionales y otras configuraciones adicionales.	0.0.6	45.24335803753305	5	0	0	0	danielquisbert		MIT	2022-10-25T19:16:42.000Z
2698	advanced_navigator	Flutter's Navigator 2.0 as one easy-to-use widget with full page history manipulation operations, simplified pop event delegation and powerful nesting.	1.0.1	45.18268105577948	11	10	0	0	LucasAschenbach		MIT	2022-10-09T15:58:30.000Z
2699	pubspec2	A library for manipulating pubspec.yaml files. This is a place holder until the pubspec library is updated with PR	2.4.1	45.17401291552897	1	1	0	0	onepub-dev	onepub.dev	BSD-3-Clause	2022-07-17T01:12:55.000Z
2700	yamltools	Some tools for making your yaml life easier.	1.1.1	45.16534477527846	0	0	0	0	fischerscode		BSD-3-Clause	2022-03-26T10:50:07.000Z
2701	flutter_amplify_auth_ui	Flutter plugin that automatically generates authentication widget templates based on your Amplify CLI Authentication configuration.	0.1.6	45.13067221427643	2	2	1	1	finkmoritz		BSD-3-Clause	2022-09-16T04:39:30.000Z
2702	equalizer_flutter	A Flutter plugin to open device equalizer. You can also create a custom equalizer for Android.	0.0.1	45.11767000390066	1	0	0	0	Khuntarpit		MIT	2022-08-09T16:42:06.000Z
2703	intel_hex	A Dart library that can read and write Intel HEX files. The Intel HEX format is a file format that contains binary information as ASCII text.	1.2.1	45.017986391019804	0	0	0	0	domohuhn		BSD-3-Clause	2022-10-29T20:00:30.000Z
2704	pusher_beams_ios	The iOS implementation from Pusher Beams for Flutter, intended to be a platform-specific package.	1.1.1	44.95297533914099	0	8	11	7	pusher	pusher.com	MIT	2022-09-19T13:11:43.000Z
2705	rc	Dart environment variables for runtime configuration, `Platform.environment` wrapper.	0.2.2	44.94430719889048	1	0	0	1	odroe	odroe.com	BSD-3-Clause	2022-10-16T06:33:23.000Z
2706	dogma	Dogma for Dart.	0.0.1	44.93563905863997	2	3	3	2	dogmatists	dogma.dev	Unlicense	2022-10-06T04:02:41.000Z
2707	total_lints	A very strict set of lints.	2.18.0	44.92697091838946	9	1	0	0	alexeyinkin	ainkin.com	MIT-0	2022-09-02T03:48:14.000Z
2708	cancelable_compute	Flutter based compute operation, that can be canceled with null or with value.	1.3.0	44.892298357387425	3	8	0	0	ykmnkmi		MIT	2022-06-13T17:19:00.000Z
2709	data_table_plus	In-place replacement for Flutter's DataTable	0.0.1	44.88363021713691	1	0	0	0	ReniDelonzek		BSD-3-Clause	2021-08-12T03:40:43.000Z
2710	android_signature	Android signature provider for Flutter.	0.0.1	44.82295323538335	1	0	0	0	WangYng		BSD-2-Clause	2022-05-12T09:28:00.000Z
2711	nv_tooling	An assortment of useful classes used for development at NonVanilla.	0.2.2+2	44.80561695488233	2	1	0	0	nonvanilla-shop	nonvanilla.shop	BSD-3-Clause	2021-11-10T11:08:35.000Z
2712	window_paint	WindowPaint lets you pan, zoom and paint over any other widget. It uses the new InteractiveViewer together with a CustomPainter, giving you the bare minimum to get you started.	0.6.1	44.79694881463182	10	2	0	1	Allvis-AS	allvis.io	MIT	2021-06-23T13:21:52.000Z
2713	packme	Simple and extremely fast binary serialization using classes generated from JSON manifest files.	1.2.1	44.78828067438131	11	6	0	0	sourcecaster	minimagic.games	MIT	2022-07-10T21:45:32.000Z
2714	okito	Your best flutter coding friend. All in one flutter helper with state, route, navigation, localization, dependency injection and local storage management!	1.3.0	44.779612534130806	42	37	6	0	ragokan		MIT	2022-07-10T18:55:52.000Z
2715	convenience_types	A package to ensamble convenience types commonly used through flutter projects developed by Capyba.	0.1.2	44.762276253629786	4	4	0	0	CapybaHub	capyba.com	MIT	2022-11-07T22:25:14.000Z
2716	socketlabs	An API client for the SocketLabs email service, that allows you to send emails using their REST API.	0.1.0	44.749274043254026	1	0	0	0	enyo		MIT	2022-02-25T10:19:18.000Z
2717	webview_version	A flutter plugin to get webview version installed on the device.	0.0.2	44.71893555237724	2	0	0	0	madpocket		BSD-3-Clause	2021-07-05T13:58:16.000Z
2718	music_slider	music_slider is used to create beautiful wavy SeekBar. Can also animate with timed wave function.	0.0.1	44.6365882199974	14	6	1	2	RutvikRana		MIT	2020-10-15T20:42:57.000Z
2719	ffr_hex_color	A hex color string converter which can be used in flutter and dart by the ffr-devteam.	0.0.2	44.61925193949638	0	0	0	0	ffr-devteam		BSD-3-Clause	2021-06-21T07:50:00.000Z
2720	inkblob_navigation_bar	A custom navigation bar with smooth & dynamic ink blob transition effect.	0.1.2	44.5889134486196	15	0	1	0	Jellepepe	byme.dev	BSD-3-Clause	2022-10-08T12:42:26.000Z
2721	web3d	klaytn support for web3d	1.0.2	44.57157716811858	0	0	0	0	somnium-labs		NOASSERTION	2022-07-11T07:53:14.000Z
2722	google_sign_in_web_redirect	A package helps you login with google by redirect	0.0.1	44.55857495774281	2	2	0	0	kunkaamd		MIT	2022-11-14T04:48:28.000Z
2723	fb2_parse	Flutter package for parsing fb2 files. Returns html content	1.0.1	44.53690460711655	3	0	1	0	kuthort		BSD-3-Clause	2021-08-24T10:15:57.000Z
2724	loading_bloc_builder	A special BlocBuilder for displaying the lifecycle of a state with a LoadingStatus.	0.0.1-dev.3	44.50656611623976	3	2	0	0	mtwichel		MIT	2022-01-04T01:25:40.000Z
2725	wx_image_editor	仿微信的图片编辑器 Flutter 插件，iOS 端依赖 longitachi/ZLImageEditor，Android 端依赖 minetsh/Imaging。	0.0.7	44.47622762536298	3	4	2	1	weichengwu	nqbi.cc	MIT	2022-06-20T06:52:24.000Z
2726	flutter_countries	Query and retrieve country details by property type from a database of 250 countries.	1.0.2	44.45022320461145	2	0	0	0	p4-k4		BSD-3-Clause	2022-06-05T10:36:30.000Z
2727	convex_bottom_app_bar	customisable bottom app bar	1.0.2	44.4068825033589	3	1	0	0	dwikyhardi		MIT	2021-07-30T09:08:52.000Z
2728	network_utils	A new Flutter package.	0.0.3	44.39388029298314	0	0	1	0	velmie		BSD-3-Clause	2020-06-12T07:57:39.000Z
2729	rad	A zero-dependency frontend framework for creating high-performant web apps using Dart.
	1.4.0	44.385212152732635	39	70	2	0	erlage	erlage.com	BSD-3-Clause	2022-10-22T15:27:19.000Z
2730	poker	A Dart implementation of Texas Hold'em matchup simulator based on Henry Lee's Poker Hand Evaluator.	0.10.0	44.38087808260738	8	10	3	3	axross	kohei.dev	Apache-2.0	2022-08-22T17:43:11.000Z
2731	flutter_icons_plus	Customizable Icons for Flutter with over 3K+ icons. It is the null safe version of the flutter_icons package	1.0.3	44.37220994235687	3	0	0	0	Bakri-Alkhateeb	verify.pharmart.sy	Apache-2.0	2022-02-21T16:16:49.000Z
2732	icon_broken	A package that helps you add more beautiful icons to your next project in flutter	1.1.0	44.34187145148009	1	0	0	0	HanySameh		MIT	2022-09-30T21:06:29.000Z
2733	flutter_lyra	This package allows you to use the methods from the lyra android and ios native sdks in Flutter	0.1.1	44.33753738135483	2	0	0	0	bamlab	bam.tech	MIT	2022-11-03T15:19:18.000Z
2734	dart_dotenv	A simple bridge between dotenv and dartlang.	1.0.1	44.32886924110432	1	3	0	0	BLUE-DEVIL1134		AGPL-3.0	2021-10-15T16:07:24.000Z
2735	peek_and_pop	Peek & Pop implementation for Flutter based on the iOS functionality of the same name.	1.0.3	44.320201100853815	53	226	18	4	aliyigitbireroglu	cosmossoftware.coffee	MIT	2020-10-16T10:02:25.000Z
2736	desktop_window_utils	A plugin for you to control the windows, their properties and toolbar/titlebars.	0.0.3	44.30719889047805	14	14	0	0	salihgueler	salih.dev	Apache-2.0	2021-03-24T21:54:42.000Z
2737	dropfiles_window	A flutter plugin project to support Drag&Drop a file	0.0.2	44.29853075022754	16	9	6	2	gregoryyoon		NOASSERTION	2021-05-11T02:38:23.000Z
2738	dart_dev_utils	Package criada para externalizar função uteis que auxiliará no desenvolvimento de Apps dart e flutter para todos as plataformas.	1.1.0	44.25085597884974	1	0	0	0	Suebersson		BSD-3-Clause	2022-12-06T04:54:31.000Z
2739	fire_tv_listener	Provides a `FireTVRemoteListener` Widget to listen to events from a Fire TV Remote Control.	0.0.6	44.24218783859923	2	1	0	0	jeffmikels	jeffmikels.com	MIT	2021-08-20T15:59:53.000Z
2740	obsobject	An observable/computed object can notify value changed to observers that listen on it Built-in validation with support for localize and extends.	1.3.1	44.2161834178477	5	2	1	0	hientrung		MIT	2022-05-20T04:09:39.000Z
2741	gg_value	GgValue allows managing a value in a dart application. It provides a stream, a flag preventing too many updates, and a custom transform and a comparison function.	1.3.6+4	44.19451306722143	0	0	0	0	inlavigo	inlavigo.com	MIT	2022-09-07T04:03:58.000Z
2742	custom_marker_icon	A package to use local image, network image and icons as google_maps_flutter's marker icon.	0.2.0	44.18151085684566	8	2	4	0	abhishekduhoon	abhishekduhoon.com	BSD-3-Clause	2021-01-24T20:27:44.000Z
2743	phone_number_mask	☎️ Dart package of simple parsing of phone numbers and various masking options.	1.1.0	44.155506436094136	2	0	0	0	ivangalkindeveloper		NOASSERTION	2022-11-21T17:53:50.000Z
2744	osumlog	The osum logging library by osumpi	0.1.0	44.13383608546786	2	2	0	0	osumpi		LGPL-2.1	2022-01-01T15:08:14.000Z
2745	bloc_implementation	A easy and simple Implementation of the BLoC (Buisness Logic Component) Pattern in Flutter / Dart	1.1.3	44.107831664716336	1	3	0	0	Jules-Media		Apache-2.0	2022-06-30T17:51:56.000Z
2746	dio_client_deta_api	Implementation of the `client_deta_api` package using the Dio package.	0.0.1	44.103497594591076	0	6	2	6	yeikel16		MIT	2022-11-27T20:16:31.000Z
2747	crypted_preferences	Flutter preferences management with crypto capabilities	0.0.2	44.09916352446582	5	7	3	1	jaumard	jaumard.com	MIT	2020-02-18T16:43:44.000Z
2748	sealed_class	Make a sealed class hierarchy	3.0.0	44.090495384215316	9	18	1	2	vrtdev	vrt.be	MIT	2019-12-11T17:57:46.000Z
2749	split_screen_menu	A split-screen menu navigation system that automatically adapts to the tablet or mobile phone to display the corresponding menu effect	0.0.2	44.0818272439648	5	4	0	0	chansLam	chans.vip	NOASSERTION	2022-01-24T08:03:50.000Z
2750	hermep	State management library which let developer full access to widget state	0.1.9+2	44.073159103714296	8	1	0	0	istornz	dimitridessus.fr	MIT	2022-11-25T16:35:37.000Z
2751	autologin_plugin	Library for offering automatic logins with platform methods like smartlock or the keychain.	0.0.3	44.06015689333854	4	0	0	0	romreed	romreed.dev	MIT	2022-04-05T08:36:02.000Z
2752	flutter_up	Horizech Flutter App Engine is a flutter kit with many ready to use components.	0.6.2	44.02981840246175	0	0	0	0	horizech	horizech.com	MIT	2022-12-02T09:35:14.000Z
2753	win32_gamepad	A package that provides a friendly Dart API for accessing gamepads connected to a Windows machine.	1.0.2	44.0254843323365	18	13	0	0	timsneath	sneath.org	BSD-3-Clause	2022-02-19T20:51:10.000Z
2754	universal_feed	Universal parser for RSS and Atom feeds with support for some extensions (dc, dcterms, media, itunes, georss, syndication, content)	0.2.0	43.99514584145972	2	1	0	0	kascote	netflux.com.ar	MIT	2022-12-11T00:23:09.000Z
2755	torrent_task	BitTorrent download client package written by pure Dart language.	0.3.0	43.9778095609587	18	12	0	6	eclipseglory		BSD-3-Clause	2021-03-24T02:03:20.000Z
2756	stated	A neat set of tools aimed at making the state management easier.	1.2.10	43.956139210332424	8	2	2	0	swipelab	swipelab.co	MIT	2022-12-03T13:32:03.000Z
2757	dumble	A Mumble transport client framework supporting multiple Mumble features such as fully encrypted udp transport or user management	0.8.9	43.93446885970615	3	16	6	4	EPNW	epnw.eu	BSD-2-Clause	2022-04-30T01:00:38.000Z
2758	schema_dart	Generate dart type definitions from PostgreSQL database schema.	0.0.1+4	43.91713257920513	6	8	3	0	osaxma	osaxma.com	MIT	2022-08-19T08:03:01.000Z
2759	flutter_carousel_intro	A Carousel widget for introductory presentation.	0.0.9	43.91279850907988	8	8	3	0	eliezerantonio		MIT	2022-12-17T05:12:25.000Z
2760	flet	Write entire Flutter app in Python or add server-driven UI experience into existing Flutter app.	0.1.65	43.90846443895462	14	2960	120	123	flet-dev	flet.dev	Apache-2.0	2022-12-17T20:52:06.000Z
2761	perks	Perks is a simple-to-use persistent data storage.	1.0.0	43.843453387075805	0	0	0	0	zyrouge		MIT	2022-07-17T09:25:15.000Z
2762	kubernetes	A feature-rich and fully-fledged Kubernetes client for Dart/Flutter.	0.1.4	43.76977419494648	15	8	4	2	xclud	pwa.ir	MIT	2022-07-18T08:33:35.000Z
2763	r	A responsiveness helper to make your life easier.	0.0.1	43.68309279244138	2	2	0	0	edgarfroes		MIT	2021-03-30T18:19:31.000Z
2764	flutter_privacy_policy	A better UX to present your privacy policy	0.0.6	43.65708837168986	1	3	1	1	ahna92		MIT	2021-12-04T23:44:15.000Z
2765	socks5_proxy	Socks5 server and client with ability to catch packet in both direction, chain proxies and more.	1.0.3+dev.3	43.63975209118884	1	1	0	0	LacticWhale		MIT	2022-10-31T09:59:26.000Z
2766	dart_frog_cli	The official command line interface for Dart Frog. Built by Very Good Ventures.	0.3.1	43.600745460061546	27	1022	64	18	VeryGoodOpenSource	verygood.ventures	MIT	2022-12-16T19:12:34.000Z
2767	lint_factory	Dart / Flutter lint rules and dart_code_metrics configuration used internally by innFactory GmbH.	1.2.2	43.566072899059506	1	0	0	0	innFactory	innfactory.de	MIT	2022-06-15T20:59:23.000Z
2768	avataaars	An avatar generator for anyone to make their beautiful personal avatar easily!	0.5.1	43.531400338057466	10	1	0	1	jlnrrg	teavelopment.com	MIT	2022-06-19T18:17:22.000Z
2769	flutter_storyboard	A Flutter package to show a storyboard of all your widgets.	0.1.7	43.51839812768171	134	194	17	6	rodydavis	rodydavis.com	MIT	2021-09-27T18:18:04.000Z
2770	authorize_net_plugin	A plugin that wraps the andriod and ios AuthorizeNet SDKs. This is not an offical plugin, however I will maintain this and will accept PR's	0.1.2	43.48805963680492	4	3	2	1	jeremiahlukus		NOASSERTION	2022-11-03T16:26:04.000Z
2771	integer	Dart's native integers in custom bit-width format like i2, i4, i8, i16, i32, ix and u1, u2, u4, u8, u16, u32, ux...	2.0.1	43.483725566679674	2	2	1	0	AldrinMathew	aldrinsartfactory.com	NOASSERTION	2022-03-05T10:22:40.000Z
2772	table	Display tabular data with ease. Perform paging, sorting and filtering without extra code.
	0.0.1-dev	43.45338707580289	2	2	0	0	PlugFox	archive.plugfox.dev	MIT	2022-04-27T19:50:27.000Z
2773	google_maps_pagination	Pagination with pageView and markers throw google map	0.0.3	43.44905300567763	6	2	2	1	masreplay	matheer.com	NOASSERTION	2022-08-17T06:37:47.000Z
2774	theseus_navigator	Theseus Navigator is based on Navigator 2.0 / Router and offers declarative navigation scheme, easy API, supports deeplinks, nested navigators and more.	0.4.1	43.43605079530187	12	4	1	0	echedev	eche.dev	MIT	2022-11-27T18:56:51.000Z
2775	flagsmith_flutter_core	Core Package of Flutter Client SDK for https://www.flagsmith.com/, Flagsmith is 100% Open Source. Host yourself or let us take care of the hosting.	2.3.1	43.36237160317254	0	0	1	1	Flagsmith	flagsmith.com	MIT	2022-08-31T08:43:27.000Z
2776	in_app_purchases_intl	Intl Package for common translations in your In App Purchase App. made by www.linkfive.io	0.0.6	43.319030901919994	1	6	5	0	LinkFive	linkfive.io	MIT	2022-09-09T14:14:17.000Z
2777	precis	An implementation of the PRECIS Language Rules as defined by RFC 8265	0.0.3	43.29736055129372	0	0	0	0	flutter-institute	flutter.institute	BSD-3-Clause	2022-09-27T21:01:54.000Z
2778	protoc_builder	A build script for compiling Protocol Buffers without needing to manually install protoc or the protoc_plugin.	0.3.0	43.27569020066745	11	10	4	3	pikaju	byte-sapling.io	MIT	2022-10-26T11:00:50.000Z
2779	item_picker	Item picker widgets package. Provides a single and a multiple item picker.	2.0.0	43.26268799029168	3	1	0	0	dariof28		MIT	2021-05-22T12:56:40.000Z
2780	tafqit	Tafqit a  Dart/Flutter  package  to convert a numbers to Arabic text words.	0.0.3	43.25835392016643	10	1	0	0	kflihan		MIT	2022-06-27T07:56:32.000Z
2781	unities_helper	A library to help you convert unities and a few other things	3.0.0	43.236683569540155	5	3	0	0	bdlukaa		BSD-3-Clause	2021-03-05T14:42:26.000Z
2782	uic	A set of high-level Flutter UI components and stand-alone widgets that helps building your app.	0.11.0	43.22801542928965	75	37	3	0	echedev	eche.dev	MIT	2022-08-05T15:12:12.000Z
2783	fnv	FNV hash algorithm for Dart language (see http://isthe.com/chongo/tech/comp/fnv/)	1.0.1	43.202011008538115	1	4	0	1	Midi12		MIT	2021-08-16T07:19:19.000Z
2784	delayed_tween_animation_builder	Mimics the TweenAnimationBuilder but with an optional delay.	0.5.1	43.158670307285576	1	0	0	0	timcreatedit	timcreated.it	MIT	2022-05-19T14:15:22.000Z
2785	reactive_checkbox	Wrapper around Checkbox to work with reactive_forms	0.5.0	43.154336237160315	0	47	23	2	artflutter		MIT	2022-12-15T16:51:57.000Z
2786	isolated_download_manager_flutter	Flutter ready-to-use widgets to simplify usage of isolated_download_manager package	1.0.1	43.13266588653404	4	0	0	0	starkdmi		BSD-3-Clause	2022-10-04T18:34:12.000Z
2787	dehancer_slider	Flutter package that provides configurable and easy to use slider UI value picker.	1.0.4	43.123997746283536	4	0	0	0	dehancer	dehancer.com	Apache-2.0	2022-08-03T06:27:10.000Z
2788	signed_json	An implementation to read signed jsons	0.0.2	43.11099553590777	1	0	0	3	icapps	icapps.com	MIT	2022-03-23T15:49:46.000Z
2789	sms_user_consent_manager	Request user's phone number (supports dual sim) and/or consent to read SMS without adding any permissions	1.1.2	43.08065704503099	1	8	16	5	pharshdev		MIT	2022-11-28T17:15:52.000Z
2790	mbautomation	MBAutomation plugin for MBurger that lets you present push and in app messages based on the behavior of the user.	2.0.2	43.06332076452997	6	1	0	0	Mumble-SRL	mburger.cloud	MIT	2022-11-29T15:36:25.000Z
2791	show_network_interface_info	The support of getting network card information in Windows Android	0.0.1	43.05465262427946	4	1	0	0	au-top	autopc.top	MIT	2021-04-28T02:58:10.000Z
2792	jsend	Implementation of jsend specification in dart.	1.0.13	43.0503185541542	3	0	0	0	arjunQ21		MIT	2021-10-11T16:12:13.000Z
2793	local_file_screenshot_processor	Custom processor for screenshots taken with the Device Preview utility	0.0.2	43.01131192302691	4	1	0	0	AlabasterAxe	thkp.co	Apache-2.0	2021-01-06T19:55:37.000Z
2794	aliyun_log_flutter_sdk	Aliyun Log service producer For flutter.	0.0.4	42.993975642525896	4	1	4	0	zhyc9de		MIT	2021-07-28T06:43:46.000Z
2795	owoify_dart	Turning your worst nightmare into a Dart package. This is a Dart port of mohan-cao's owoify-js, which will help you turn any string into nonsensical babyspeaks.	2.0.1	42.96363715164912	2	1	0	0	deadshot465		MIT	2021-09-05T19:03:31.000Z
2796	fcode_common	Common algorithms and Widgets that are used by fcode labs (pvt) ltd for thier flutter apps production	0.1.2	42.911628310146064	3	16	9	1	fcodelabs	fcodelabs.com	MIT	2021-10-10T14:44:26.000Z
2797	websocket_universal	Convenient websocket handler for all platforms (both IO and web/HTML).
Websocket messages routing, statuses and other features have easy-to-use
interface.
	0.3.6	42.85528539851775	8	7	1	0	dvmatyun	dvmatyun.ru	BSD-3-Clause	2022-11-13T08:30:57.000Z
2798	mollie_flutter	Implement the Mollie checkout process easily into your Flutter app	1.1.4	42.837949118016724	1	0	0	0	gauravmehta13		BSD-2-Clause	2022-11-05T16:54:52.000Z
2799	sprint	A tiny, simple-to-use and fully documented library for printing messages to the web console or to the terminal in a variety of modes.	1.0.4	42.82061283751571	1	1	0	0	WordCollector	wordcollector.co.uk	MIT	2022-08-10T15:25:15.000Z
2800	responsive_notebook_background	A notebook background which is responsive to the system text size settings.	0.1.2	42.811944697265204	2	0	0	0	cosee	cosee.biz	BSD-3-Clause	2022-02-15T16:17:52.000Z
2801	dartorrent_common	A common library for Dart torrent client development. Include some common methods and class.	1.0.3	42.79027434663893	0	2	0	0	eclipseglory		BSD-3-Clause	2021-01-06T04:10:58.000Z
2802	destiny	An package which generates mock-data using the PCG algorithm.	1.0.0	42.78594027651367	7	11	1	0	AKushWarrior	kishoredev.live	MPL-2.0	2021-05-11T00:02:33.000Z
2803	applocale	A Flutter plugin to enable support for internationalization (i18n) or different language with json files.	2.0.1	42.777272136263164	3	0	0	0	Terran-Source	marganam.com	MIT	2022-01-27T20:19:45.000Z
2804	pl_grid	A grid to display data that has pagination feature and more. Good for mobile and web apps	0.2.1	42.75560178563689	16	2	1	3	playlinesdev		MIT	2020-06-13T20:34:38.000Z
2805	flutter_ioc_container	A Flutter extension for the ioc_container package	0.0.3-beta	42.72092922463486	0	3	0	0	MelbourneDeveloper	christianfindlay.com	BSD-3-Clause	2022-12-04T07:37:47.000Z
2806	purchase_paywall	In-app purchase, subscription, purchase paywall page. PurchasePayWall is providing different types of PayWalls to satisfy different purchase types and design needs. Paywall classes does not provide any functionality for purchase operations. You have to implement the purchase and pass the necessary callback functions to the desired PayWall class to make use of it.	0.0.2	42.70792701425909	5	5	1	1	arutkayb		MIT	2021-03-21T17:51:26.000Z
2807	flutter_fcm_wrapper	A Flutter wrapper package for FCM REST API to make it easier to send FCM from Flutter.	0.0.2	42.69059073375807	6	0	0	0	CottonWhiteSheep		MIT	2022-06-29T02:44:54.000Z
2808	flutter_media_info	Library for use LibMediaInfo in flutter with support for macos, windows, linux.	0.0.2	42.68625666363282	3	0	1	2	pcpl2	pcpl2.ovh	BSD-2-Clause	2022-12-06T22:48:05.000Z
2809	slide_done_nully	Flutter widget, slide to finish. SlideDone is inspired by sliding unlocking, which can be defined as a slide switch that can be unidirectional or bidirectional. You can customize the parameters of SlideDone to make it look what you want. Ideal para ser usado no seu projeto e proporcionar um visual satisfatório para o usuário.	0.0.2+1	42.681922593507565	3	0	0	0	ulisseshen		MIT	2022-02-17T20:09:45.000Z
2810	diffie_hellman	Pure Dart implementation of modular DH groups. Based on PKCS#3.	0.1.0	42.647250032505525	9	1	0	0	mrpurpleknight		BSD-3-Clause	2022-09-07T10:26:20.000Z
2811	is_wear	Flutter plugin to check if current device is a wearable.	0.0.1+1	42.534564209248906	1	0	0	0	imrhk		Apache-2.0	2022-11-09T10:01:39.000Z
2812	flutter_ali_cloud_auth	A new flutter plugin project.	0.1.8	42.52156199887314	0	0	0	0	copycatmaster		NOASSERTION	2021-04-16T17:56:03.000Z
2813	scenekit_plugin	Flutter Plugin rendering 3d Scenes - 3d renderer development platform for iOS and Android mobile devices.	0.0.15	42.517227928747886	7	3	0	0	take2make		MIT	2022-08-25T10:40:26.000Z
2814	stx_top_snackbar	Top snack bar package was created for nice and convenient way to inform users about what happened.	0.0.2	42.50855978849738	0	0	0	0	VolodymyrSydorko		MIT	2022-03-04T17:33:21.000Z
2815	sliver_table	A table widget that can be used inside of a [CustomScrollView].	0.0.1	42.504225718372126	13	3	1	1	omarsahl	omarsahl.com	MIT	2021-11-18T11:48:11.000Z
2816	digital_lcd_number	An automatic sizer digital single-digit number with LCD style widget.	0.1.1	42.486889437871106	6	1	0	1	immadisairaj	immadisairaj.dev	BSD-3-Clause	2022-07-13T03:16:41.000Z
2817	monarch_http	Http utilities for Monarch. Monarch is a tool for building Flutter widgets in isolation. It makes it easy to build, test and debug complex UIs.	1.2.0	42.469553157370086	0	334	10	8	Dropsource	monarchapp.io	MIT	2022-12-14T20:57:36.000Z
2818	gsheets_get	Flutter package to obtain data from a public Google sheets spreadsheet. 1-The spreadsheet must be published as a web page. 2-Enter the spreadsheet Id in GSheetsGet	0.0.4	42.43488059636805	3	1	1	0	rovannlinhalis		BSD-3-Clause	2020-07-17T18:01:22.000Z
2819	otpauth_migration	A Dart package to encode and decode the otpauth-migration URI format used to import into and export 2FA secrets from the Google Authenticator app.	0.0.7	42.43054652624279	1	1	0	1	johncallahan	quiznoob.app	MIT	2022-02-17T22:26:42.000Z
2820	convert_extensions	Common convert methods exposed as static extensions method from the Dart core library and the convert package. Base64, ASCII, UTF8, Latin1, JSON, and more.	1.0.0+2	42.42187838599229	2	1	0	0	dartsidedev	dartside.dev	BSD-3-Clause	2022-04-16T14:52:13.000Z
2821	calculus	The Calculus package lets you calculate one-sided limits, derivatives, integrals, slopes & more.	0.8.0	42.40454210549127	2	147454	24016	11351	flutter		BSD-3-Clause	2022-12-17T21:28:50.000Z
2822	month_calculator	Calculates the number of days and months in a givin dateTimeRange.	0.1.4	42.35686733411347	1	0	0	0	Keatr0n		NOASSERTION	2021-12-26T23:47:01.000Z
2823	flutter_google_places_ex	A simple package that provides google places autocomplete widgets for flutter.	0.0.1+1	42.34819919386295	0	263	301	28	fluttercommunity		NOASSERTION	2022-11-23T14:20:47.000Z
2824	keyboard_info	Provides API for querying information about the system's keyboard.	0.2.0	42.31352663286092	1	1	0	0	jpnurmi		BSD-3-Clause	2021-09-02T10:55:29.000Z
2825	document_measure	This package lets you measure distances in documents. The main use will probabily be technical documents and floorplans, but you are welcome to experiment with it.	0.0.1+2	42.252849651107354	11	8	4	12	arconsis		MIT	2022-04-27T08:46:00.000Z
2826	simple_dark_mode_webview	A simple implementation of dark mode or dark theme webview. The idea is very simple, this webview wraps the whole html text with a dark mode <body> tag.	0.3.1	42.235513370606334	4	2	1	0	Hiro07	hilog07.blogspot.com	BSD-3-Clause	2022-01-16T05:02:51.000Z
2827	dart_brompton	A library for controlling Brompton Tessera systems over a network	2.3.0	42.22684523035583	0	0	0	0	point-source		BSD-3-Clause	2022-12-13T22:52:24.000Z
2828	z		0.1.0	42.222511160230574	1	0	0	0	Zabadam	zaba.app	BSD-3-Clause	2021-09-19T20:10:14.000Z
2829	flutter_micro_ecc	micro-ecc plugin for Flutter. Allows ECDH Key Generation and Shared Secret Computation.	0.0.2+1	42.21817709010532	2	0	0	0	swanav		MIT	2021-10-25T09:22:24.000Z
2830	easy_api	Best way to handle API connection, Data model parsing and API Exceptions handling.	0.0.1	42.21384301998006	16	6	2	0	abhishh1		MIT	2022-05-22T14:20:11.000Z
2831	flame_signals	A lightweight signal system for Flame Games utilizing streams	0.0.3	42.20950894985481	0	0	0	0	pastordougdev	grace4all.tech	MIT	2022-11-15T13:25:00.000Z
2832	google_ml_barcode_scanner	A standalone barcode scanner plugin using Google Ml Kit.	0.0.2	42.19217266935379	1	0	4	2	danjodanjo		MIT	2022-03-22T08:58:19.000Z
2833	mt19937	Dart implementations of the Mersenne Twister pseudo-random number generator.	0.1.0	42.157500108351755	0	0	0	0	jamesderlin		NOASSERTION	2022-05-24T16:27:25.000Z
2834	bip21	Dart implementation of the BIP-21 Bitcoin URI scheme	1.0.0	42.122827547349715	0	4	2	0	videah		MIT	2019-02-12T22:41:12.000Z
2835	zxing_scanner	A Barcode scanner Widget that can be embedded inside flutter. It uses zxing-dart for all platforms.	0.1.2	42.07948684609717	1	0	0	0	shirne	shirne.com	Apache-2.0	2022-11-12T09:47:26.000Z
2836	before_publish_cli	Change Application's name, package name, icon and Splash in one shot.	1.0.2	42.07081870584666	51	10	1	1	moohammed-gaber		MIT	2022-02-19T12:53:11.000Z
2837	xunil_blue_connect	This plugin is bluetooth connect and management also check location setting and apply location permission.	0.1.1	42.010141724093096	1	1	0	0	mealinux	alikilic.com.tr	MIT	2022-06-23T21:54:58.000Z
2838	rettulf	Write widgets in reverse! Rettulf provides lots of wrappers for you build widgets with method chaining.	0.0.7	42.00580765396784	1	3	0	0	liplum		BSD-3-Clause	2022-12-17T00:53:35.000Z
2839	appsync_subscription	A plugin abstract subscribe to AppSync subscription topics.	1.0.2	41.927794391713256	0	0	0	1	mhd999		MIT	2021-01-11T10:24:09.000Z
2840	custom_flutter_callkit_incoming	Flutter Callkit Incoming to show callkit screen in your Flutter app.	1.2.3	41.84544705933342	0	70	95	46	hiennguyen92		MIT	2022-11-14T23:34:58.000Z
2841	dart_utils	A collection of useful helpers for Dart providing solutions for different situations.	2.0.0	41.83244484895766	0	5	2	1	Jesway	jesway.com	NOASSERTION	2021-12-11T12:26:05.000Z
2842	test_rail_dart	This package is a thin wrapper around the Test Rail API that will allow for automated test reporting in dart	0.0.4	41.81510856845664	2	2	1	1	GetDutchie		MIT	2022-04-03T22:49:46.000Z
2843	strict	A heavily opinionated analysis_options for Dart/Flutter projects with strict - but justified - lint rules	1.4.0	41.810774498331384	6	11	2	3	olmps		MIT	2022-12-05T02:12:13.000Z
2844	squadron_builder	Dart code generator for Squadron workers. Implement your worker service and let squadron_builder bridge the gap with Web Workers and Isolates!	1.0.2	41.780436007454604	0	2	0	0	d-markey		MIT	2022-10-26T08:20:56.000Z
2845	web_view_tts	A flutter plugin to add Text-To-Speech Support in Flutter WebView Android	0.0.1	41.75876565682833	1	0	0	0	rohitsangwan01	rohitsangwan.site	MIT	2022-08-26T10:41:24.000Z
2846	flutter_animations	easy for animations,When you do a lot of calculation, you need this animation. When you make a network error or finish downloading files, you also need this animation。	0.0.1+10	41.745763446452564	3	7	0	0	ifgyong		MIT	2020-09-27T06:10:09.000Z
2847	in_date_range	Encapsulates a start and end DateTime that represent the range of dates.	1.0.1	41.7327612360768	1	2	0	0	Innim	innim.ru	BSD-3-Clause	2022-01-11T16:02:53.000Z
2848	torrent_model	A Dart library for parsing .torrent file to Torrent model/saving Torrent model to .torrent file.	1.0.3	41.680752394573744	1	5	1	0	eclipseglory		BSD-3-Clause	2021-01-04T19:48:47.000Z
2849	sparrow_image_picker	Flutter plugin for selecting images from the Android and iOS image library, and taking new pictures with the camera.	0.0.4	41.667750184197985	0	0	0	0	hanguangbaihuo		Apache-2.0	2021-11-18T03:20:10.000Z
2850	cached_streamable	Simple interface for creating a streamable data source that caches it latest value.	1.1.1	41.663416114072724	1	0	0	0	Luckey-Elijah		MIT	2022-09-06T16:19:43.000Z
2851	tdk_bouncingwidget	A light-weight flutter package to acheive bouncing animation in flutter widgets while clicking.Three types of bouncing animations are provided.	1.0.4	41.64607983357171	11	0	0	0	ThiruDev50		MIT	2022-10-03T10:23:19.000Z
2852	turf_equality	Comparison of two GeoJSON objects, based on the turf pub-package	0.0.2	41.59407099206865	0	3	0	0	dartclub	dartlang.rocks	MIT	2022-07-11T15:54:04.000Z
2853	dargon2_interface	An interface for all dargon2 hashing functions. Provides the base outline for all implementations.	1.1.0	41.585402851818145	1	11	5	1	tmthecoder	tmthecoder.dev	MIT	2022-10-09T01:03:43.000Z
2854	motion_platform_interface	The platform interface for the Motion plugin.	1.3.3	41.581068781692885	0	14	4	3	mrcendre	cendre.me	GPL-3.0	2022-08-30T13:55:59.000Z
2855	innim_l10n	Localizations dependency for Innim Team projects.	0.2.1	41.555064360941365	0	1	0	0	Innim	innim.ru	BSD-3-Clause	2022-03-11T09:08:23.000Z
2856	byte_extensions	Extensions for handling common types and converting them to/from byte arrays	0.0.2	41.550730290816105	0	0	0	0	flutter-institute	flutter.institute	BSD-3-Clause	2022-10-21T23:32:53.000Z
2857	my_target_flutter	Implementation MyTarget ads SDK.	0.1.0+3	41.52905994018983	2	3	1	1	Innim	innim.ru	BSD-3-Clause	2022-11-01T06:57:37.000Z
2858	download_task	Resumable http download request - pause, resume, cancel, realtime progress and error handling	1.0.1	41.52039179993932	2	0	0	0	starkdmi		BSD-3-Clause	2022-10-04T07:13:06.000Z
2859	codenic_logger	A logger extension for providing structured and mutable log messages.	1.0.1+1	41.503055519438306	6	0	0	0	CodenicCoders	codenic.dev	MIT	2022-12-05T22:33:50.000Z
2860	json_rpc_client	Dart library to write JSON RPC v1 and v2 clients	1.0.2	41.4943873791878	0	1	0	0	tejainece		BSD-3-Clause	2021-08-18T00:53:12.000Z
2861	json_by_path	Get, Set, create, delete Json Maps using path relative keys. No dependencies, as simple as possible!	1.0.0	41.45104667793525	4	0	0	0	GnRSlash		BSD-3-Clause	2022-03-08T03:27:34.000Z
2862	json_schema_document	A library for handling JSON Schema Documents.	0.0.4	41.44237853768474	0	0	2	1	Instituto-Iracema	lapada.ifce.edu.br	MIT	2022-06-18T04:47:41.000Z
2863	mineral_ioc	The Container package is one of the core components of the Mineral framework	2.0.0	41.42937632730897	0	2	0	0	mineral-dart	mineral-foundation.org	MIT	2022-11-16T20:15:44.000Z
2864	flutter_page_view_nested_utils	Help pageview to scroll nested in another pageview	0.0.1	41.420708187058466	1	0	1	0	AWarmHug		Apache-2.0	2021-12-30T09:07:11.000Z
2865	local_biometrics_auth	This package provide a means to authenticate a user with biometrics and securely cache sensitive information like password and tokens	0.0.1	41.338360854678626	1	2	0	0	isiyemijoe		NOASSERTION	2022-09-24T22:15:37.000Z
2866	paddinger_annotations	Annotations for the paddinger Flutter code-generator. This package does nothing without paddinger too.
	0.2.0	41.32969271442812	2	14	2	0	ema987	emanuelepapa.dev	MIT	2022-05-12T13:39:06.000Z
2867	shared_ui_components	A shared library for `BeWell-Consumer` and `SladeAdvantage` that is responsible for rendering and exposing dumb widgets and ui components	0.2.4	41.29935422355134	2	1	1	0	savannahghi	savannahghi.org	MIT	2022-09-29T08:20:59.000Z
2868	batteries	A set of typical classes, extensions and utilities for dart and flutter that help in development.
	0.0.4-dev	41.26901573267455	7	10	1	7	PlugFox	plugfox.dev	MIT	2022-07-17T13:50:37.000Z
2869	web3_storage	Port of web3.storage SDK in Dart	0.0.1	41.26034759242405	2	1	0	0	dart-pacotes		MIT	2022-09-13T21:48:52.000Z
2870	switcher_xlive	Fork with null-safety update from xlive_switch, Flutter custom switch based Oleg Frolov's animation design	1.0.4+1	41.25601352229879	1	0	0	0	Rileyjrjohns	studiobidibou.fr	BSD-3-Clause	2022-07-18T08:27:54.000Z
2871	simple_bounce_effect	An interactive bouncing animation that can be wrapped to widgets.	1.0.0	41.208338750920994	3	0	0	0	kodoshi		MIT	2021-11-14T21:12:26.000Z
2872	msal_guard	Guard widget for the Msal Flutter library	0.0.2	41.125991418541155	2	0	1	2	Muljin	muljin.com	BSD-3-Clause	2022-11-27T07:19:23.000Z
2873	collapsible_app_bar	A widget that has a collapsible app bar.	0.1.3	41.11732327829064	6	3	0	0	aJIEw	ajiew.me	MIT	2022-08-23T07:01:10.000Z
2874	awesome_spiderchart	A radar charts	0.0.1	41.11298920816539	7	3	2	2	g-apparence		NOASSERTION	2021-04-28T13:25:30.000Z
2875	event_bloc	Event Bloc is an event-based implementation of the BLoC pattern, the recommended State Management Pattern for Flutter by Google!	4.2.0	41.039310016036055	5	1	0	0	VHCBlade		MIT	2022-12-03T12:33:51.000Z
2876	flipper_util	flutter plugin for flipperUtil	1.0.3	41.03064187578555	1	0	0	0	hss01248	hss01248.tech	Apache-2.0	2022-10-17T10:32:42.000Z
2877	pendulum	A dynamic, Stream-based API for job scheduling in Dart, capable of processing on different triggers.	0.1.3+1	41.008971525159275	8	1	0	0	AKushWarrior	kishoredev.live	MPL-2.0	2020-02-22T01:01:56.000Z
2878	elastic_autocomplete	ElasticAutocomplete is a widget combines Autocomplete and Localstorage.	0.1.0	40.99163524465826	0	1	0	1	ksw2000		MIT	2022-07-03T08:26:50.000Z
2879	weather_kit	A dart library for interfacing with the Apple WeatherKit API.	0.2.0	40.943960473280455	8	5	0	4	mafreud	mafreud.dev	BSD-3-Clause	2022-10-09T14:32:06.000Z
2880	reader	Lightweight library that allows to read single strings, ints and doubles from stdin in a simple and straightforward way.	1.0.0	40.9396264031552	1	1	1	1	Diviloper		BSD-3-Clause	2020-12-19T03:26:10.000Z
2881	responsive_x	A simple Flutter package to handle responsiveness using extensions	0.1.1	40.91795605252893	14	3	1	0	thisisyusub		BSD-2-Clause	2020-08-04T16:46:02.000Z
2882	super_ranges	Powerful yet intuitive Ranges for dart. Open, closed, reversed and by steps ranges.	1.4.0	40.878949421401636	0	2	0	1	illescasDaniel		MIT	2019-06-15T09:59:57.000Z
2883	circular_progress_bar_with_lines	Simple configurable circular progress bar built out of the lines.	0.0.7	40.86161314090062	1	0	0	0	G33kFreak		BSD-3-Clause	2022-10-13T13:15:04.000Z
2884	xinput_gamepad	Add support to XInput controllers.	1.2.2	40.85727907077536	1	1	1	2	LuanRoger		MIT	2022-12-17T13:22:20.000Z
2885	gcoord_dart	A starting point for Dart libraries or applications.	0.2.3	40.831274650023836	3	1	1	0	TonyStark106		MIT	2020-08-25T04:16:46.000Z
2886	screen_breakpoints	A new flutter layout package.	1.0.5	40.79226801889654	9	3	0	0	JakubWasilczyk		BSD-3-Clause	2022-09-26T13:39:57.000Z
2887	teleprompter	Flutter package to create a teleprompter from a text, record and save to gallery feature	0.0.4	40.77926580852078	9	2	0	0	ivofernandes	incaview.com	MIT	2022-10-27T23:40:56.000Z
2888	rpmtw_dart_common_library	RPMTW common library for dart.	0.0.4	40.75326138776925	0	0	0	0	RPMTW	rpmtw.com	GPL-3.0	2022-04-11T11:37:41.000Z
2889	concur	A helper for making multithreaded web applications using Web Workers.  Seamlessly downgrades to async on one thread when asked or when Web Workers are not supported.	0.1.2	40.72292289689247	9	5	0	0	cthonianmessiah		MIT	2021-08-13T22:27:38.000Z
2890	signal	Stream-based multiple state management.Multiple state management in one channel. Similar to the bloc structure, but current states are always accessible.	1.1.6	40.71425475664196	1	3	0	0	XPersPective	flutterdersleri.com	MIT	2022-05-24T18:46:36.000Z
2891	stx_bottom_nav_bar	Highly customizable bottom navigation bar for flutter.	0.0.1	40.69258440601569	0	0	0	0	VolodymyrSydorko		MIT	2022-03-04T18:14:42.000Z
2892	enumset	A Dart implementation EnumSet (or bit fields)	1.0.0	40.662245915138904	4	1	0	0	Levi-Lesches		BSD-3-Clause	2021-08-13T20:31:49.000Z
2893	liveroom	Super simple WebSocket Room kit	1.0.6	40.631907424262124	0	0	0	0	rbdog	flut.rbdog.biz	MIT	2022-12-11T05:43:51.000Z
2894	scrollable_timeline	A scrollable and draggable timeline that can be driven by an external time stream, for example, the current playing time of a YouTube video.	1.0.4	40.61023707363585	14	2	0	0	beyondeye	beyond-eye.com	BSD-3-Clause	2022-10-31T10:23:35.000Z
2895	reactive_macos_ui	Wrapper around macos_ui to use with reactive_forms	0.7.0	40.584232652884324	4	47	23	2	artflutter		MIT	2022-12-15T16:51:57.000Z
2896	scrollable	A powerful set of scrollable widgets including haptics, keyboard dismissing, and more.	1.0.3	40.53222381138127	12	1	0	0	mattrltrent	matthewtrent.me	MIT	2022-11-14T10:27:46.000Z
2897	centered_singlechildscrollview	You can choose distribution of children on scrollDirection by specifying mainAxisAlignment like Column.	0.1.8	40.51055346075499	2	0	0	0	ilham-asgarli		MIT	2022-11-14T10:02:32.000Z
2898	sahha_flutter	Sahha Flutter Plugin	0.1.2	40.50621939062974	0	1	0	0	sahha-ai		NOASSERTION	2022-08-31T05:14:29.000Z
2899	cloudkit_flutter	CloudKit support for Flutter via CloudKit Web Services on Android & iOS	0.1.4	40.49755125037923	3	7	2	0	jacksonjude	jacksonjude.com	BSD-3-Clause	2022-12-15T00:28:45.000Z
2900	country_state_picker	A Package for Picking Countries and States from a Dropdown Field. Compactible with IOS,ANDROID AND WEB. Feel free to make PR's and suggestions.	0.0.4	40.471546829627705	2	1	0	0	iamevansobeng	acloe.com	BSD-3-Clause	2022-09-08T18:42:27.000Z
2901	router_management	A plugin that wraps the Navigator 2.0 with a syntax sugar for Flutter Developers	3.1.0	40.4628786893772	9	3	0	0	JonathanVegasP	vegasdevelopments.com	MIT	2021-11-05T04:00:15.000Z
2902	ai_decimal_accuracy	A new Flutter package about decimal accuracy.	1.1.0	40.41520391799939	1	1	0	0	pdliuw		BSD-3-Clause	2021-02-15T03:15:33.000Z
2903	simple_tiles_map	Crea fondos de mapa de OpenStreetMap, google, Stamen, CartoMap, Esri de forma sencilla.	1.2.0	40.40220170762363	7	0	0	0	danielquisbert		MIT	2022-11-28T18:52:11.000Z
2904	rx_state_machine	A library for finite state machine realization in Dart similar to the [Tinder StateMachine library](https://github.com/Tinder/StateMachine).	1.0.2	40.3761972868721	3	2	0	0	mi-sch-ka		Apache-2.0	2022-07-09T23:14:22.000Z
2905	nop	Isolate 通信	0.0.3+1	40.371863216746846	0	0	0	0	sersr		MIT	2022-12-13T02:42:45.000Z
2906	logo	Log for Dart. Simple log package for debug and issue tracking. No extra dependency.	1.2.1	40.36319507649634	0	0	0	0	SudoDotDog		MIT	2022-05-14T18:42:25.000Z
2907	near_flutter	A near-flutter package.	0.0.1	40.33285658561955	1	3	1	0	Yonas-T		NOASSERTION	2022-04-13T21:53:57.000Z
2908	localdb	JsonDb is a library to make it easier to create local databases and currently only supports json.
I created this library because it was inspired by the library lowdb.	0.0.3	40.29818402461752	3	35	2	0	azkadev		NOASSERTION	2022-11-28T13:28:47.000Z
2909	dgis_flutter	Plugin sdk 2gis	0.0.31	40.241841112989206	5	4	2	3	flyyyxxxy		NOASSERTION	2022-07-14T12:33:35.000Z
2910	omniversify_core	The Foundation of the the Omniversify Project, this package started as a way for the Omniversify design language to be shared across its apps, but it could be used by everyone.	0.0.6	40.21583669223768	1	0	0	0	phaylali	omniversify.com	MIT	2022-11-13T03:30:50.000Z
2911	mastodon_api	The easiest and powerful Dart/Flutter library for Mastodon API.	0.2.1	40.189832271486154	12	23	2	38	mastodon-dart	shinyakato.dev	BSD-3-Clause	2022-12-17T13:33:41.000Z
2912	tiamat	This is an emulator of the COMET2 and a compiler of the CASL2.	0.4.1	40.18116413123564	0	1	0	1	a-skua		MIT	2022-12-17T07:18:09.000Z
2913	auth0_flutter2	Cross-platform Auth0 authentication integration, in minutes, for mobile and web.	0.0.8	40.16816192085988	7	0	2	0	apogee23		BSD-3-Clause	2022-12-12T19:23:10.000Z
2914	wheel_spinner	A simple Flutter widget for updating a number using a pitch bender-like spinner	0.7.1	40.03813981710224	5	5	2	0	chenasraf	casraf.dev	BSD-2-Clause	2022-11-02T08:02:12.000Z
2915	flutter_kpay_kit	KBZ mobile pay for Flutter.	0.0.3	40.025137606726474	0	0	0	0	WinKoKo91		Apache-2.0	2022-11-14T08:24:46.000Z
2916	flutter_barcode_scan	A new flutter plugin project.	0.0.1	40.012135396350715	0	0	0	0	eishon		MIT	2021-10-13T06:24:38.000Z
2917	custom_numpad	Provide customizable numpad widget.	0.0.1+2	39.95145841459715	0	0	0	0	blklmn345	blacklemon.dev	MIT	2022-07-11T16:42:47.000Z
2918	extension_nullable	extends nullable	1.0.1	39.93412213409613	1	0	0	0	stoneream		MIT	2022-10-24T08:13:31.000Z
2919	semantic_announcement_tester	This package provides a set of matchers that make testing semantic announcements made using SemanticsService.announce dead simple.	0.0.6	39.8604429419668	0	0	1	1	abhaysood		MIT	2021-10-02T18:44:36.000Z
2920	paddinger	Code generation for Flutter Padding widgets based on your constants.
	0.2.0	39.83443852121527	18	14	2	0	ema987	emanuelepapa.dev	MIT	2022-05-12T13:39:06.000Z
2921	playbook_generator	Playbook Generator Package	0.0.6	39.817102240714256	0	42	5	5	playbook-ui		BSD-3-Clause	2022-10-24T02:17:33.000Z
2922	animated_explode_button	An exploding animation with physics based particles to spice up those boring button clicks.	0.0.4	39.71308455770814	11	0	0	0	SaubhagyaDubey		BSD-3-Clause	2021-04-17T12:17:49.000Z
2923	fluttium_cli	The CLI for Fluttium, a user flow testing framework for Flutter	0.1.0-dev.15	39.70875048758289	9	176	4	14	wolfenrain	fluttium.dev	MIT	2022-12-15T02:09:45.000Z
2924	dflutter_lint_rules	Lint rules for "Dizoft Team" company for Dart and Flutter projects.	1.0.1+1	39.69141420708187	3	0	0	0	DizoftTeam	dizoft.ru	Apache-2.0	2022-10-13T14:39:04.000Z
2925	yao_odoo_service	odoo api using endpoint /web/dataset/call_kw	0.0.2+8	39.6697438564556	2	2	7	0	aikosiadotcom	aikosia.com	NOASSERTION	2022-01-15T13:25:18.000Z
2926	epitaph_ips	Utilities for indoor navigation purposes	0.0.1	39.66107571620509	2	24	4	8	it-at-m		MIT	2022-05-25T14:53:41.000Z
2927	excel_localization	This excel localization is project that user can use to generate variable values for using localisation. and manage localization without context.	0.1.8	39.635071295453564	16	1	0	0	parmeetmaster		MIT	2022-07-28T10:08:17.000Z
2928	python_shell	Python Environment Manager and Executor for dart and flutter	0.0.7	39.62640315520305	4	0	2	4	eseunghwan		MIT	2022-12-06T17:45:43.000Z
2929	text_field_widget	Makes an interesting Text Field Widget	0.0.2	39.6220690850778	0	6	0	1	j-j-gajjar		MIT	2021-10-01T10:49:37.000Z
2930	agora_rtc_rawdata	A new flutter plugin project.	0.1.0	39.60473280457678	5	9	18	4	AgoraLibrary		MIT	2022-11-29T03:58:50.000Z
2931	pusher_beams_web	The Web implementation from Pusher Beams for Flutter, intended to be a platform-specific package.	1.1.1	39.57872838382525	0	8	11	7	pusher	pusher.com	MIT	2022-09-19T13:11:43.000Z
2932	bootpay_webview_flutter_platform_interface	webview_flutter_platform_interface 를 국내 결제환경에 맞게 fork 떠서 관리하는 프로젝트 입니다.	1.9.51	39.57006024357474	0	0	0	0	bootpay		BSD-3-Clause	2022-10-18T07:15:40.000Z
2933	motion_web	The web implementation for the Motion plugin.	1.3.3	39.55705803319898	0	14	4	3	mrcendre	cendre.me	GPL-3.0	2022-08-30T13:55:59.000Z
2934	swifty_chat_data	Data package for the swifty_chat package.	0.1.0	39.54405582282322	0	3	0	0	EnesKaraosman		MIT	2022-06-28T15:58:35.000Z
2935	formdator	A collection of form field validators that can be selected and grouped into various combinations through composition — Decorator Pattern.	1.1.0	39.518051402071684	22	10	2	3	dartoos-dev	dartoos.dev	MIT	2022-06-20T17:17:03.000Z
2936	fly_networking	A dart package to handle network requests and response parsing	3.0.2	39.505049191695925	0	2	0	4	AKWAD-Dragons		BSD-3-Clause	2022-01-25T11:06:18.000Z
2937	model_interfaces	Common interfaces for your models that have IDs, titles, etc.	0.3.0	39.422701859316085	8	1	0	0	alexeyinkin	ainkin.com	MIT-0	2022-07-21T04:18:16.000Z
2938	routeborn	A crossplatform routing based on Navigator 2.0 capable of handling nested navigation with ease.	0.4.3	39.392363368439305	8	5	1	0	KristianBalaj		MIT	2022-08-28T10:08:03.000Z
2939	responsive_units	A Flutter package that provides responsive units that scale with the device's screen size.	0.2.0+1	39.37936115806354	5	1	0	0	peter-sidra		MIT	2021-08-12T03:49:40.000Z
2940	codenic_bloc_use_case	A suite of abstract cubits to reduce boilerplate code and construct app use cases.	2.1.0+4	39.36202487756252	4	0	0	0	CodenicCoders	codenic.dev	MIT	2022-11-18T08:27:26.000Z
2941	simpleblue	A simple package you can handle bluetooth devices with.	0.1.3	39.357690807437265	1	5	0	1	infiniteloopcloud	infiniteloop.cloud	MIT	2022-08-02T13:39:38.000Z
2942	sorted_chips_row	Material widget displaying a row of Chip buttons that get sorted, and their position gets animated, according to the given comparison function.	0.1.0+1	39.340354526936245	4	29	5	2	callstackincubator		Apache-2.0	2019-04-29T09:36:06.000Z
2943	clickable_pattern_text	Clickable patternable text widget.	0.0.1+2	39.33602045681099	2	0	0	8	idozahavy		NOASSERTION	2021-08-28T20:56:39.000Z
2944	simple_mapper	Maps objects of different types to other objects using configured expressions.	1.2.0	39.292679755558446	7	1	0	0	jacobmcgowan		MIT	2021-08-11T05:42:22.000Z
2945	mineral_package	Develop your own packages thanks to this base offering you access to Mineral's core	1.1.0	39.27100940493217	0	0	0	0	mineral-dart	mineral-foundation.org	MIT	2022-11-16T20:28:22.000Z
2946	xiao_mi_push_plugin	This plug-in is packaged based on the xiaomi Push SDK, providing common methods and listeners	2.0.0	39.227668703679626	1	11	11	1	JiangJuHong	huic.top	Apache-2.0	2021-04-07T11:05:30.000Z
2947	aws_cloudfront_signed_url	Create a signed AWS cloudfront url using a custom policy	0.0.1	39.18866207255233	0	1	0	0	TarekMedhat		MIT	2021-03-05T21:14:56.000Z
2948	stacked_mvvm	MVVM architecture implementation	0.2.0	39.17132579205131	0	1	0	0	studio-b-co-kr		BSD-3-Clause	2022-10-31T01:57:16.000Z
2949	video_meta_info	A flutter plugin can retrieve the meta info of the selected video file.	1.0.1	39.16699172192606	0	0	2	4	DSTKCA		MIT	2022-07-02T02:27:34.000Z
2950	usedesk	Pure dart SDK implementation of usedesk.com service. Includes client realtime chat	0.7.0	39.16265765180081	1	0	0	0	ScerIO	serge.software	MIT	2022-08-16T01:02:40.000Z
2951	funcy	Utility classes and functions for comfortable and "safe" functional programming.	3.1.0	39.14532137129979	0	2	0	0	LiLoGandalph		BSD-3-Clause	2021-02-12T09:15:01.000Z
2952	flutter_upgrade_version	A Flutter plugin for Android, iOS allowing get informations about package, version info. Support to get Package Information(app name, package name, version, build number), get information of version on store (CH Play and Apple Store).	1.0.1	39.093312529796734	0	0	0	0	TrangLeQuynh		BSD-3-Clause	2022-12-16T08:00:21.000Z
2953	very_commons	Common classes for very libraries	0.1.0	38.98929484679062	0	0	0	0	akurnaz		BSD-3-Clause	2022-11-18T13:59:38.000Z
2954	app_navigator	This package helps to manage the navigate between screens in an easy way. A Navigator 2.0 implementation.	0.0.5	38.98496077666537	3	0	0	0	vmquintanasnow		BSD-3-Clause	2022-09-03T07:56:17.000Z
2955	bloobit	State management, as simple as it gets. Inspired by BloC, but stripped right back.	1.0.5-beta	38.980626706540114	11	4	0	0	MelbourneDeveloper	christianfindlay.com	BSD-3-Clause	2022-12-15T22:19:47.000Z
2956	omnilog	OmniLog.	0.0.1	38.928617865037054	0	0	0	0	k1zerX		MIT	2022-12-07T14:25:03.000Z
2957	oauth_interceptor	Oven-ready Dio interceptor for handling OAuth 2.0	1.3.0	38.91994972478655	0	0	0	0	netsells		MIT	2022-11-15T10:55:10.000Z
2958	stx_widgets_extensions	Provides some useful extensions for Widget class.	0.0.1	38.91561565466129	0	0	0	0	VolodymyrSydorko		MIT	2022-08-08T13:19:47.000Z
2959	double_linked_list	A Generic Double Linked List data structure. Allows constant time inserting at elements at both ends, before and after any element and constant time element deletion.	2.0.1	38.91128158453604	11	4	0	0	Diviloper		BSD-3-Clause	2021-11-25T00:53:46.000Z
2960	image_slider_button	A slider with images.	0.0.7	38.90261344428553	6	3	0	0	JonatasDPorto		MIT	2020-11-23T01:37:46.000Z
2961	quick_scanner	A new flutter plugin project.	0.1.0	38.85493867290773	6	5	3	1	woodemi	woodemi.com	BSD-3-Clause	2021-07-29T01:03:52.000Z
2962	stx_tree_view	A Flutter package for a fully customisable base tree view. Using this package you can build nested tree view with the possibility of making each child widget a parent.	0.0.5	38.84193646253196	0	0	0	0	VolodymyrSydorko		MIT	2022-06-28T11:15:12.000Z
2963	img	Easily paint mirror-tiling images for seamless edge-to-edge textures from any source. Defines Repeat, an expansion on ImageRepeat that enables mirroring, as well as the Widgets, extensions, and methods to support it.
	0.1.0	38.83760239240671	3	0	0	0	Zabadam	zaba.app	BSD-3-Clause	2021-06-07T23:57:10.000Z
2964	data_repository	A data repository for flutter, manages both local and remote api access	0.1.10	38.833268322281455	1	1	0	0	wiseminds	wiseminds.cc	MIT	2022-10-10T23:32:38.000Z
2965	virgil_e3kit	Virgil e3kit implementation	0.0.2	38.82460018203094	5	6	7	9	VirgilSecurity	virgilsecurity.com	BSD-3-Clause	2022-05-01T09:37:55.000Z
2966	ziggurat	A library for making fully-featured audio games using Dart and SDL.
	0.55.0	38.7812594807784	0	3	1	0	chrisnorman7	backstreets.site	MPL-2.0	2022-11-07T20:44:57.000Z
2967	firestore_api_parser	A Flutter and Dart plugin allowing you to convert the JSON format used by firestore to represent its documents or collections to the conventional JSON data format	1.0.4	38.763923200277375	5	0	1	2	stvndelucis		BSD-3-Clause	2021-10-13T17:32:56.000Z
2968	getx_translator	A command-line application for generating language strings file for Getx Flutter. Easy translation with google sheet for Getx.	1.0.1	38.75525506002687	11	0	0	0	bikram0000		MIT	2022-10-03T12:02:56.000Z
2969	length	A terrible esolang. Uses length of lines to determine how the code runs	0.3.0	38.71624842889958	1	3	0	0	LengthLang	nailuj29gaming.com	GPL-3.0	2021-05-22T21:42:19.000Z
2970	honeywell_plugin	Flutter plugin for connecting to honeywell hardware.	1.0.8	38.69457807827331	4	1	2	1	ln-sergey		BSD-3-Clause	2022-10-03T15:01:24.000Z
2971	flutter_sanity_image_url	A flutter package to quickly generate sanity image urls.	0.0.3	38.668573657521776	2	2	0	0	techurve	techurve.nl	BSD-3-Clause	2022-10-26T19:19:07.000Z
2972	nova_places_autocomplete	TextField lets you search for place information using a variety of categories, including establishments, prominent points of interest, and geographic locations.	1.0.0	38.61223074589347	0	0	0	0	nova-flutter		MIT	2022-11-10T10:18:37.000Z
2973	flutter_woocommerce	Woocommerce api integration with flutter supporting various features	0.0.3	38.59489446539245	17	3	1	1	yhhCh405	yehtethein.me	BSD-3-Clause	2020-06-11T03:31:15.000Z
2974	web3lib	Dart library to connect to Ethereum clients. Send transactions and interact with smart contracts! We folk from https://github.com/xclud/web3dart	2.3.5	38.59056039526719	2	0	0	0	thinktodo-dev	thinktodo.net	MIT	2022-04-30T16:26:38.000Z
2975	root_jailbreak_detector	Flutter Plugin To Detect Root and Jailbreak on Android-iOS Devices	0.5.2	38.57755818489143	1	0	0	0	ozanorfa		MIT	2022-11-24T16:21:36.000Z
2976	fcm_token_sync	A widget which keeps your FCM token in sync with your backend	1.0.4	38.53421748363888	2	2	0	0	netsells		MIT	2022-04-21T12:51:28.000Z
2977	gizmos_hud	A Flutter package for displaying custom HUD's, Toasts, or other screen overlays.	0.1.0-nullsafety.1	38.516881203137864	7	15	1	1	GizmosDev	gizmos.dev	BSD-3-Clause	2021-05-09T22:41:30.000Z
2978	date_text_masked	This plugin uses the TextFormField with mask for dates and converts from string to DateTime automatically.	1.0.0	38.499544922636844	6	3	2	2	LucazzP	polazzo.dev	BSD-3-Clause	2020-01-31T18:55:36.000Z
2979	flutter_date_difference	Calculates the difference between two dates. It allows customization.	1.0.1	38.45187015125905	7	1	0	0	erbasaran	erbasaran.com	BSD-2-Clause	2022-11-26T08:23:35.000Z
2980	warble	An audio-playing plugin for the go-flutter desktop embedding engine.	0.1.0	38.43019980063278	4	1	0	2	jslater89		NOASSERTION	2021-12-02T16:13:31.000Z
2981	gg_periodic_timer	A timer that can be started, stopped and restarted again. Also multiple listners can be added.	1.0.0+beta.1	38.42586573050752	0	0	0	0	inlavigo	inlavigo.com	MIT	2022-10-04T05:38:29.000Z
2982	easy_mvvm	An easy mvvm solution that includes ways to manage routes, views, viewmodels, and the mvvm architecture	0.0.2	38.39552723963074	2	1	0	0	rjs580	rutvik.dev	BSD-3-Clause	2022-08-22T14:43:28.000Z
2983	easysms	Easy to use, simple configuration can send SMS messages to Phone.  Easily expandable gateways, messages customized according to scenarios.	1.0.0	38.37819095912972	2	5	2	0	odroe	odroe.com	BSD-3-Clause	2021-11-09T12:30:27.000Z
2984	pokedex	A Dart wrapper for PokeAPI that provides everything Pokémon-related.	0.2.0	38.36952281887921	8	2	0	0	galatea21		MIT	2022-10-05T19:31:13.000Z
2985	flutter_outbrain_ads	Flutter package to show outbrain ads for Android and iOS.	0.0.1	38.30017769687514	3	3	0	0	cubeta-io		MIT	2022-11-23T06:54:11.000Z
2986	ipfinder	Official Dart client library for IPfinder. - IP address details. - ASN details. - Firewall by supported formats details. - IP Address Ranges by the Organization name details. - service status details. - Get Domain IP. - Get Domain IP history. - Get list Domain By ASN, Country,Ranges.	1.0.1	38.291509556624625	6	7	1	2	ipfinder-io		Apache-2.0	2019-09-20T20:39:18.000Z
2987	reactive_extended_text_field	Wrapper around extended_text_field to use with reactive_forms.	0.5.0	38.2655051358731	2	47	23	2	artflutter		MIT	2022-12-15T16:51:57.000Z
2988	wp_chessboard	A very customizable Chessboard with awesomeness already onboard.	0.0.3	38.243834785246825	7	7	2	1	mono424	khad.im	MIT	2022-08-28T20:57:16.000Z
2989	game	A Library flutter for make game in native flutter widget.	0.0.1	38.23083257487106	1	13	1	2	azkadev		MIT	2022-12-07T21:41:37.000Z
2990	witnet	A library to interface with the Witnet Protocol. - Ability to recover - build, sign, and send value transfers and data requests - communicate with a rust node or wallet server - communicate with the explorer	0.1.4	38.22649850474581	1	0	0	0	parodyBit		GPL-3.0	2022-11-24T06:13:01.000Z
2991	viteconnect	Dart library for ViteConnect.	0.0.2	38.2178303644953	0	0	1	0	viterium	viterium.io	MIT	2022-10-21T13:00:24.000Z
2992	tiki_sdk_flutter	A package for adding TIKI's decentralized infrastructure to Flutter projects. Add tokenized data ownership, consent, and rewards to your app in minutes.	0.0.22	38.21349629437004	0	0	1	2	tiki	mytiki.com	MIT	2022-12-17T15:22:26.000Z
2993	places_picker	A Flutter plugin which provides 'Picking Place' using Google Maps widget.	2.1.3	38.20049408399428	1	2	0	0	drexsoftorg	drexsoft.tech	MIT	2022-12-05T14:18:16.000Z
2994	bdaya_flutter_common	Base Library for Bdaya Development Projects	0.0.6	38.178823733368006	0	0	0	0	Bdaya-Dev	bdaya-dev.com	MIT	2022-12-16T07:29:23.000Z
2995	flutter_expandable_widget	An expandable widget with the easy control expands and closes	1.0.5	38.161487452866986	3	0	0	0	stevenBang		MIT	2022-12-12T03:06:14.000Z
2996	flutter_sinhala	Collection of Sinhala Fonts to be used with Flutter development.	2.0.0	38.11814675161444	2	5	0	0	iamchathu	chathu.me	NOASSERTION	2021-06-06T05:52:35.000Z
2997	albiruni	A wrapper to easily access IIUM's Course Schedule website data.	1.2.0	38.02713127898409	0	1	1	3	iqfareez	iqfareez.com	MIT	2022-11-30T00:20:13.000Z
2998	ziqx_auth	A fast and easy way to authenticate users with Ziqx Auth	0.0.6	37.940449876479	2	0	0	0	Ziqx	ziqx.in	MIT	2022-11-24T00:56:37.000Z
2999	studyu_flutter_common	StudYou common flutter components and functions for app and designer	1.3.22	37.92311359597798	0	15	4	45	hpi-studyu	studyu.health	MIT	2022-12-16T21:31:18.000Z
3000	chatgpt	A reverse chatgpt by open ai.	0.0.0	37.914445455727474	0	0	0	0	azkadev		NOASSERTION	2022-12-09T00:14:16.000Z
