No.	Name	Description	Version	Popularity	Likes	Stars	Forks	Issues	Owner	Publisher	License	Last Commit	Repository URL
1	http	A composable, multi-platform, Future-based API for HTTP requests.	0.13.5	99.97832495231489	5630	887	292	158	dart-lang	dart.dev	BSD-3-Clause	2022-12-14T23:56:15.000Z	https://github.com/dart-lang/http/tree/master/pkgs/http
2	intl	Contains code to deal with internationalized/localized messages, date and number formatting and parsing, bi-directional text, and other internationalization issues.	0.18.0	99.97398994277788	3635	497	168	104	dart-lang	dart.dev	BSD-3-Clause	2022-12-20T08:41:21.000Z	https://github.com/dart-lang/intl
3	flutter_svg	An SVG rendering and widget library for Flutter, which allows painting and displaying Scalable Vector Graphics 1.1 files.	1.1.6	99.96965493324085	3419	1469	388	138	dnfield	dnfield.dev	MIT	2022-12-16T04:07:41.000Z	https://github.com/dnfield/flutter_svg
4	provider	A wrapper around InheritedWidget to make them easier to use and more reusable.	6.0.5	99.9609849141668	7833	4568	466	13	rrousselGit	dash-overflow.net	MIT	2022-12-15T22:07:16.000Z	https://github.com/rrousselGit/provider
5	permission_handler	Permission plugin for Flutter. This plugin provides a cross-platform (iOS, Android) API to request and check permissions.	10.2.0	99.93930986648171	3331	1700	664	156	Baseflow	baseflow.com	MIT	2022-12-22T01:27:08.000Z	https://github.com/baseflow/flutter-permission-handler
6	google_fonts	A Flutter package to use fonts from fonts.google.com.	3.0.1	99.92630483787065	4219	668	88	17	material-foundation	material.io	Apache-2.0	2022-12-06T15:25:08.000Z	https://github.com/material-foundation/google-fonts-flutter
7	path	A string-based path manipulation library. All of the path operations you know and love, with solid support for Windows, POSIX (Linux and Mac OS X), and the web.	1.8.3	99.90896479972255	950	158	38	13	dart-lang	dart.dev	BSD-3-Clause	2022-12-05T23:13:55.000Z	https://github.com/dart-lang/path
8	file_picker	A package that allows you to use a native file explorer to pick single or multiple absolute file paths, with extension filtering support.	5.2.4	99.89162476157448	2894	977	435	27	miguelpruivo	miguelruivo.com	MIT	2022-12-12T17:26:48.000Z	https://github.com/miguelpruivo/flutter_file_picker
9	equatable	A Dart package that helps to implement value based equality without needing to explicitly override == and hashCode.	2.0.5	99.88728975203746	2040	740	91	15	felangel	fluttercommunity.dev	MIT	2022-10-17T14:47:51.000Z	https://github.com/felangel/equatable
10	carousel_slider	A carousel slider widget, support infinite scroll and custom child widget.	4.2.1	99.88295474250043	3817	1385	446	168	serenader2014	serenader.me	MIT	2022-12-13T16:32:08.000Z	https://github.com/serenader2014/flutter_carousel_slider
11	font_awesome_flutter	The Font Awesome Icon pack available as Flutter Icons. Provides 1600 additional icons to use in your apps.	10.3.0	99.86127969481532	3186	728	179	6	fluttercommunity	fluttercommunity.dev	NOASSERTION	2022-12-04T13:24:44.000Z	https://github.com/fluttercommunity/font_awesome_flutter
12	collection	Collections and utilities functions and classes related to collections.	1.17.0	99.82226460898214	712	270	69	35	dart-lang	dart.dev	BSD-3-Clause	2022-12-21T13:48:05.000Z	https://github.com/dart-lang/collection
13	lottie	Render After Effects animations natively on Flutter. This package is a pure Dart implementation of a Lottie player.	2.1.0	99.81792959944512	2460	887	163	95	xvrh	xaha.dev	MIT	2022-12-14T13:12:23.000Z	https://github.com/xvrh/lottie-flutter
14	sqflite	Flutter plugin for SQLite, a self-contained, high-reliability, embedded, SQL database engine.	2.2.2	99.81359458990809	3534	2532	452	127	tekartik	tekartik.com	BSD-2-Clause	2022-12-20T09:40:07.000Z	https://github.com/tekartik/sqflite/tree/master/sqflite
15	rxdart	RxDart is an implementation of the popular reactiveX api for asynchronous programming, leveraging the native Dart Streams api.	0.27.7	99.80492457083405	1960	3198	266	48	ReactiveX	fluttercommunity.dev	NOASSERTION	2022-11-28T15:48:04.000Z	https://github.com/ReactiveX/rxdart
16	crypto	Implementations of SHA, MD5, and HMAC cryptographic functions	3.0.2	99.791919542223	1034	191	42	23	dart-lang	dart.dev	BSD-3-Clause	2022-11-10T17:45:46.000Z	https://github.com/dart-lang/crypto
17	flutter_secure_storage	Flutter Secure Storage provides API to store data in secure storage. Keychain is used in iOS, KeyStore based solution is used in Android.	7.0.1	99.78758453268597	2441	889	227	71	mogol	steenbakker.dev	BSD-3-Clause	2022-12-21T15:24:43.000Z	https://github.com/mogol/flutter_secure_storage/tree/develop/flutter_secure_storage
18	shimmer	A package provides an easy way to add shimmer effect in Flutter project	2.0.0	99.77457950407491	3237	1552	185	29	hnvn	hunghd.dev	BSD-3-Clause	2022-07-08T03:27:47.000Z	https://github.com/hnvn/flutter_shimmer
19	flutter_native_splash	Customize Flutter's default white native splash screen with background color and splash image. Supports dark mode, full screen, and more.	2.2.16	99.76590948500088	4986	939	142	14	jonbhanson	jonhanson.net	MIT	2022-11-27T17:58:46.000Z	https://github.com/jonbhanson/flutter_native_splash
20	async	Utility functions and classes related to the 'dart:async' library.	2.10.0	99.75723946592683	367	215	44	13	dart-lang	dart.dev	BSD-3-Clause	2022-11-09T17:20:16.000Z	https://github.com/dart-lang/async
21	flutter_inappwebview	A Flutter plugin that allows you to add an inline webview, to use an headless webview, and to open an in-app browser window.	5.7.2+3	99.74856944685278	1536	2315	973	589	pichillilorenzo	inappwebview.dev	Apache-2.0	2022-12-16T14:49:41.000Z	https://github.com/pichillilorenzo/flutter_inappwebview
22	http_parser	A platform-independent package for parsing and serializing HTTP formats.	4.0.2	99.73989942777874	132	24	23	4	dart-lang	dart.dev	BSD-3-Clause	2022-10-31T00:30:28.000Z	https://github.com/dart-lang/http_parser
23	html	APIs for parsing and manipulating HTML content outside the browser.	0.15.1	99.72689439916768	394	232	56	71	dart-lang	tools.dart.dev	NOASSERTION	2022-11-09T23:34:42.000Z	https://github.com/dart-lang/html
24	mime	Utilities for handling media (MIME) types, including determining a type from a file extension and file contents.	1.0.3	99.71388937055661	253	78	38	21	dart-lang	tools.dart.dev	BSD-3-Clause	2022-12-13T15:49:04.000Z	https://github.com/dart-lang/mime
25	args	Library for defining parsers for parsing raw command-line arguments into a set of options and values using GNU and POSIX style options.	2.3.1	99.70521935148258	261	171	60	39	dart-lang	dart.dev	BSD-3-Clause	2022-11-09T20:45:35.000Z	https://github.com/dart-lang/args
26	logging	Provides APIs for debugging and error logging, similar to loggers in other languages, such as the Closure JS Logger and java.util.logging.Logger.	1.1.0	99.70088434194555	483	239	41	15	dart-lang	dart.dev	BSD-3-Clause	2022-12-06T22:23:52.000Z	https://github.com/dart-lang/logging
27	dart_code_metrics	Software analytics tool that helps developers analyse and improve software quality.	5.3.0	99.69654933240854	753	741	83	56	dart-code-checker	dartcodemetrics.dev	MIT	2022-12-20T19:15:48.000Z	https://github.com/dart-code-checker/dart-code-metrics
28	archive	Provides encoders and decoders for various archive and compression formats such as zip, tar, bzip2, gzip, and zlib.	3.3.5	99.69221432287151	418	297	85	72	brendan-duncan	loki3d.com	MIT	2022-12-20T22:13:11.000Z	https://github.com/brendan-duncan/archive
29	flutter_rating_bar	A simple yet fully customizable ratingbar for flutter which also include a rating bar indicator, supporting any fraction of rating.	4.0.1	99.68787931333449	1584	323	75	39	sarbagyastha	sarbagyastha.com.np	MIT	2022-11-28T13:51:05.000Z	https://github.com/sarbagyastha/flutter_rating_bar
30	json_serializable	Automatically generate code for converting to and from JSON by annotating Dart classes.	6.5.4	99.66620426564938	2421	1378	350	73	google	google.dev	BSD-3-Clause	2022-12-19T23:41:14.000Z	https://github.com/google/json_serializable.dart/tree/master/json_serializable
31	pin_code_fields	A flutter package which will help you to generate pin code fields. Can be useful for OTP for example.	7.4.0	99.66186925611237	1629	549	247	14	adar2378	theadar.xyz	MIT	2022-12-15T16:10:20.000Z	https://github.com/adar2378/pin_code_fields
32	yaml	A parser for YAML, a human-friendly data serialization standard	3.1.1	99.63585919889024	175	121	53	18	dart-lang	tools.dart.dev	MIT	2022-11-15T20:27:41.000Z	https://github.com/dart-lang/yaml
33	convert	Utilities for converting between data representations. Provides a number of Sink, Codec, Decoder, and Encoder types.	3.1.1	99.63152418935321	64	45	21	8	dart-lang	dart.dev	BSD-3-Clause	2022-10-12T21:53:57.000Z	https://github.com/dart-lang/convert
34	web_socket_channel	StreamChannel wrappers for WebSockets. Provides a cross-platform WebSocketChannel API, a cross-platform implementation of that API that communicates over an underlying StreamChannel.	2.2.0	99.61418415120514	767	312	81	85	dart-lang	tools.dart.dev	BSD-3-Clause	2022-12-22T02:56:10.000Z	https://github.com/dart-lang/web_socket_channel
35	source_span	A library for identifying source spans and locations.	1.9.1	99.583839084446	18	21	14	12	dart-lang	tools.dart.dev	BSD-3-Clause	2022-10-25T17:24:45.000Z	https://github.com/dart-lang/source_span
36	string_scanner	A class for parsing strings using a sequence of patterns.	1.2.0	99.57950407490897	150	51	13	5	dart-lang	tools.dart.dev	BSD-3-Clause	2022-12-13T00:08:03.000Z	https://github.com/dart-lang/string_scanner
37	typed_data	Utility functions and classes related to the dart:typed_data library.	1.3.1	99.57083405583492	30	29	10	3	dart-lang	dart.dev	BSD-3-Clause	2022-11-10T17:39:40.000Z	https://github.com/dart-lang/typed_data
38	shelf	A model for web server middleware that encourages composition and easy reuse.	1.4.0	99.5664990462979	560	701	102	29	dart-lang	tools.dart.dev	BSD-3-Clause	2022-12-08T17:24:18.000Z	https://github.com/dart-lang/shelf/tree/master/pkgs/shelf
39	pub_semver	Versions and version constraints implementing pub's versioning policy. This is very similar to vanilla semver, with a few corner cases.	2.1.3	99.5448239986128	71	47	22	8	dart-lang	tools.dart.dev	BSD-3-Clause	2022-11-12T00:56:02.000Z	https://github.com/dart-lang/pub_semver
40	term_glyph	Useful Unicode glyphs and ASCII substitutes.	1.2.1	99.54048898907577	21	10	10	0	dart-lang	tools.dart.dev	BSD-3-Clause	2022-11-15T22:30:35.000Z	https://github.com/dart-lang/term_glyph
41	bloc	A predictable state management library that helps implement the BLoC (Business Logic Component) design pattern.	8.1.0	99.53181897000172	2082	9893	3024	95	felangel	bloclibrary.dev	MIT	2022-12-11T03:56:07.000Z	https://github.com/felangel/bloc/tree/master/packages/bloc
42	clock	A fakeable wrapper for dart:core clock APIs.	1.1.1	99.5274839604647	119	34	13	1	dart-lang	tools.dart.dev	Apache-2.0	2022-11-09T23:23:34.000Z	https://github.com/dart-lang/clock
43	stack_trace	A package for manipulating stack traces and printing them readably.	1.11.0	99.51881394139068	148	102	19	18	dart-lang	tools.dart.dev	BSD-3-Clause	2022-12-01T20:24:46.000Z	https://github.com/dart-lang/stack_trace
44	shelf_static	Static file server support for the shelf package and ecosystem.	1.1.1	99.49713889370557	53	24	25	3	dart-archive	tools.dart.dev	BSD-3-Clause	2022-05-09T20:32:05.000Z	https://github.com/dart-lang/shelf/tree/master/pkgs/shelf_static
45	qr_code_scanner	QR code scanner that can be embedded inside flutter. It uses zxing in Android and MTBBarcode scanner in iOS.	1.0.1	99.49280388416855	1499	855	577	127	juliuscanute		BSD-2-Clause	2022-12-14T08:23:47.000Z	https://github.com/juliuscanute/qr_code_scanner
46	webkit_inspection_protocol	A client for the Chrome DevTools Protocol (previously called the Webkit Inspection Protocol).	1.2.0	99.47112883648343	4	24	26	4	google	google.dev	BSD-3-Clause	2022-11-14T17:14:57.000Z	https://github.com/google/webkit_inspection_protocol.dart
47	io	Utilities for the Dart VM Runtime including support for ANSI colors, file copying, and standard exit code values.	1.0.3	99.44945378879834	26	32	16	19	dart-lang	tools.dart.dev	BSD-3-Clause	2022-11-15T20:27:29.000Z	https://github.com/dart-lang/io
48	flutter_riverpod	A simple way to access state from anywhere in your application while robust and testable.	2.1.1	99.44078376972429	1327	3849	617	92	rrousselGit	dash-overflow.net	MIT	2022-12-21T16:37:59.000Z	https://github.com/rrousselGit/riverpod
49	csslib	A library for parsing and analyzing CSS (Cascading Style Sheets)	0.17.2	99.42777874111323	22	69	32	21	dart-lang	tools.dart.dev	BSD-3-Clause	2022-11-15T15:46:59.000Z	https://github.com/dart-lang/csslib
50	petitparser	A dynamic parser framework to build efficient grammars and parsers quickly.	5.1.0	99.42344373157621	190	383	51	5	petitparser	lukas-renggli.ch	MIT	2022-12-18T16:27:51.000Z	https://github.com/petitparser/dart-petitparser
51	glob	A library to perform Bash-style file and directory globbing.	2.1.1	99.41477371250217	39	36	14	6	dart-lang	tools.dart.dev	BSD-3-Clause	2022-11-09T23:20:11.000Z	https://github.com/dart-lang/glob
52	package_config	Support for reading and writing Dart Package Configuration files.	2.1.0	99.40610369342812	6	13	16	6	dart-lang	tools.dart.dev	BSD-3-Clause	2022-11-15T20:29:54.000Z	https://github.com/dart-lang/package_config
53	stream_channel	An abstraction for two-way communication channels based on the Dart Stream class.	2.1.1	99.4017686838911	28	38	20	4	dart-lang	tools.dart.dev	BSD-3-Clause	2022-11-10T11:30:32.000Z	https://github.com/dart-lang/stream_channel
54	watcher	A file system watcher. It monitors changes to contents of directories and sends notifications when files have been added, removed, or modified.	1.0.2	99.39309866481706	115	104	26	19	dart-lang	tools.dart.dev	BSD-3-Clause	2022-10-14T17:19:59.000Z	https://github.com/dart-lang/watcher
55	fixnum	Library for 32- and 64-bit signed fixed-width integers with consistent behavior between native and JS runtimes.	1.0.1	99.38876365528004	25	36	25	16	dart-lang	dart.dev	BSD-3-Clause	2022-12-08T16:13:54.000Z	https://github.com/dart-lang/fixnum
56	coverage	Coverage data manipulation and formatting	1.6.1	99.38442864574301	60	90	55	27	dart-lang	tools.dart.dev	BSD-3-Clause	2022-11-14T22:55:10.000Z	https://github.com/dart-lang/coverage
57	shelf_web_socket	A shelf handler that wires up a listener for every connection.	1.0.3	99.36708860759494	81	22	15	6	dart-archive	tools.dart.dev	BSD-3-Clause	2022-05-09T20:49:07.000Z	https://github.com/dart-lang/shelf/tree/master/pkgs/shelf_web_socket
58	http_multi_server	A dart:io HttpServer wrapper that handles requests from multiple servers.	3.2.1	99.35841858852089	31	22	13	1	dart-lang	tools.dart.dev	BSD-3-Clause	2022-11-09T23:47:30.000Z	https://github.com/dart-lang/http_multi_server
59	pool	Manage a finite pool of resources. Useful for controlling concurrent file system or network requests.	1.5.1	99.34541355990983	45	35	20	5	dart-lang	tools.dart.dev	BSD-3-Clause	2022-11-09T23:47:56.000Z	https://github.com/dart-lang/pool
60	source_maps	A library to programmatically manipulate source map files.	0.10.11	99.3367435408358	0	12	14	13	dart-lang	tools.dart.dev	BSD-3-Clause	2022-10-19T17:16:50.000Z	https://github.com/dart-lang/source_maps
61	shelf_packages_handler	A shelf handler for serving a `packages/` directory.	3.0.1	99.31506849315068	2	3	4	0	dart-archive	tools.dart.dev	BSD-3-Clause	2022-05-09T20:49:46.000Z	https://github.com/dart-lang/shelf/tree/master/pkgs/shelf_packages_handler
62	tuple	A library providing a tuple data structure.	2.0.1	99.30206346453963	356	171	27	11	google	google.dev	BSD-2-Clause	2022-10-06T20:21:52.000Z	https://github.com/google/tuple.dart
63	matcher	Support for specifying test expectations via an extensible Matcher class. Also includes a number of built-in Matcher implementations for common cases.	0.12.14	99.29339344546558	28	54	32	27	dart-lang	dart.dev	BSD-3-Clause	2022-12-13T19:01:10.000Z	https://github.com/dart-lang/matcher
64	source_map_stack_trace	A package for applying source maps to stack traces.	2.1.1	99.28905843592855	5	5	7	0	dart-lang	tools.dart.dev	BSD-3-Clause	2022-10-18T18:16:18.000Z	https://github.com/dart-lang/source_map_stack_trace
65	flutter_image_compress	Compress image with native (Objective-C/Kotlin) with faster speed. Support Android/iOS.	1.1.3	99.28472342639154	818	508	132	60	fluttercandies		MIT	2022-09-22T08:48:55.000Z	https://github.com/fluttercandies/flutter_image_compress
66	sync_http	Synchronous HTTP client for Dart.	0.3.1	99.28038841685452	4	10	14	5	google	google.dev	BSD-3-Clause	2022-12-02T18:53:11.000Z	https://github.com/google/sync_http.dart
67	webdriver	Provides WebDriver bindings for Dart. Supports WebDriver JSON interface and W3C spec. Requires the use of WebDriver remote server.	3.0.1	99.27171839778048	29	121	59	23	google	google.dev	Apache-2.0	2022-12-15T01:13:15.000Z	https://github.com/google/webdriver.dart
68	dropdown_search	Simple and robust Searchable Dropdown with item search feature, making it possible to use an offline item list or filtering URL for easy customization.	5.0.5	99.25871336916941	1185	241	221	14	salim-lachdhaf	salimdev.ovh	MIT	2022-12-21T21:31:30.000Z	https://github.com/salim-lachdhaf/searchable_dropdown
69	wakelock	Plugin that allows you to keep the device screen awake, i.e. prevent the screen from sleeping on Android, iOS, macOS, Windows, and web.	0.6.2	99.25437835963238	1122	336	57	7	creativecreatorormaybenot	creativemaybeno.dev	BSD-3-Clause	2022-09-13T04:03:51.000Z	https://github.com/creativecreatorormaybenot/wakelock/tree/main/wakelock
70	boolean_selector	A flexible syntax for boolean expressions, based on a simplified version of Dart's expression syntax.	2.1.1	99.24137333102134	9	15	12	1	dart-lang	tools.dart.dev	BSD-3-Clause	2022-11-10T17:41:56.000Z	https://github.com/dart-lang/boolean_selector
71	json_rpc_2	Utilities to write a client or server using the JSON-RPC 2.0 spec.	3.0.2	99.21969828333623	56	63	33	6	dart-lang	tools.dart.dev	BSD-3-Clause	2022-11-09T23:47:44.000Z	https://github.com/dart-lang/json_rpc_2
72	shelf_proxy	A shelf handler for proxying HTTP requests to another server.	1.0.2	99.20235824518814	49	24	15	10	dart-archive	tools.dart.dev	BSD-3-Clause	2022-05-09T20:50:00.000Z	https://github.com/dart-lang/shelf/tree/master/pkgs/shelf_proxy
73	completion	A package to add shell command completion to your Dart application	1.0.1	99.19802323565112	26	53	11	1	kevmoo	j832.com	BSD-3-Clause	2022-12-14T20:13:37.000Z	https://github.com/kevmoo/completion.dart
74	flutter_keyboard_visibility	Flutter plugin for discovering the state of the soft-keyboard visibility on Android and iOS.	5.4.0	99.18501820704006	557	301	61	17	MisterJimson	jasonrai.ca	MIT	2022-12-08T13:51:05.000Z	https://github.com/MisterJimson/flutter_keyboard_visibility
75	fake_async	Fake asynchronous events such as timers and microtasks for deterministic testing.	1.3.1	99.17634818796601	49	69	13	5	dart-lang	dart.dev	Apache-2.0	2022-11-09T23:22:10.000Z	https://github.com/dart-lang/fake_async
76	browser_launcher	Provides a standardized way to launch web browsers for testing and tools.	1.1.1	99.15900814981794	5	10	9	2	dart-lang	tools.dart.dev	BSD-3-Clause	2022-12-13T18:32:41.000Z	https://github.com/dart-lang/browser_launcher
77	sse	Provides client and server functionality for setting up bi-directional communication through Server Sent Events (SSE) and corresponding POST requests.	4.1.2	99.15467314028092	24	50	18	5	dart-lang	tools.dart.dev	BSD-3-Clause	2022-12-14T21:03:50.000Z	https://github.com/dart-lang/sse
78	sentry_flutter	Sentry SDK for Flutter. This package aims to support different Flutter targets by relying on the many platforms supported by Sentry with native SDKs.	6.18.1	99.14600312120687	497	603	160	82	getsentry	sentry.io	MIT	2022-12-21T12:55:31.000Z	https://github.com/getsentry/sentry-dart
79	usage	A Google Analytics wrapper for command-line, web, and Flutter apps.	4.1.0	99.14166811166984	60	139	48	15	dart-lang	tools.dart.dev	BSD-3-Clause	2022-10-20T20:09:59.000Z	https://github.com/dart-lang/usage
80	pdf	A pdf producer for Dart. It can create pdf files for both web or flutter.	3.8.4	99.12866308305878	1750	951	372	121	DavBfr	nfet.net	Apache-2.0	2022-12-06T09:29:55.000Z	https://github.com/DavBfr/dart_pdf
81	internet_connection_checker	A pure Dart library that checks for internet by opening a socket to a list of specified addresses, each with individual port and timeout. Defaults are provided for convenience.	1.0.0+1	99.11999306398475	617	61	16	14	RounakTadvi		NOASSERTION	2022-09-22T10:54:54.000Z	https://github.com/RounakTadvi/internet_connection_checker
82	vector_math	A Vector Math library for 2D and 3D applications.	2.1.4	99.11565805444772	198	261	78	20	google	google.dev	NOASSERTION	2022-11-01T09:39:33.000Z	https://github.com/google/vector_math.dart
83	ffi	Utilities for working with Foreign Function Interface (FFI) code.	2.0.1	99.10698803537367	161	126	28	21	dart-lang	dart.dev	BSD-3-Clause	2022-11-21T11:11:52.000Z	https://github.com/dart-lang/ffi
84	pinput	Pin code input (OTP) text field, iOS SMS autofill, Android SMS autofill One Time Code, Password, Passcode, Captcha, Security, Coupon, Wowcher, 2FA, Two step verification	2.2.19	99.09831801629963	1314	449	110	6	Tkko	fman.ge	MIT	2022-12-20T12:01:56.000Z	https://github.com/Tkko/Flutter_PinPut
85	youtube_player_flutter	Flutter plugin for playing or streaming inline YouTube videos using the official iFrame player API. This plugin supports both Android and iOS.	8.1.1	99.0896479972256	1045	556	563	314	sarbagyastha	sarbagyastha.com.np	BSD-3-Clause	2022-12-21T11:22:51.000Z	https://github.com/sarbagyastha/youtube_player_flutter
86	flutter_downloader	Powerful plugin making it easy to download files.	1.9.1	99.08531298768857	1053	786	426	269	fluttercommunity	fluttercommunity.dev	BSD-3-Clause	2022-12-21T20:41:25.000Z	https://github.com/fluttercommunity/flutter_downloader
87	timezone	Time zone database and time zone aware DateTime.	0.9.0	99.06797294954049	241	76	38	31	srawlins		BSD-2-Clause	2022-11-07T12:23:11.000Z	https://github.com/srawlins/timezone
88	flutter_hooks	A flutter implementation of React hooks. It adds a new kind of widget with enhanced code reuse.	0.18.5+1	99.05930293046644	1532	2558	147	29	rrousselGit	dash-overflow.net	MIT	2022-07-20T09:57:15.000Z	https://github.com/rrousselGit/flutter_hooks/tree/master/packages/flutter_hooks
89	quiver	Quiver is a set of utility libraries for Dart that makes using many Dart libraries easier and more convenient, or adds additional functionality.	3.2.1	99.01161782555921	411	901	140	51	google	google.dev	Apache-2.0	2022-12-21T22:04:43.000Z	https://github.com/google/quiver-dart
90	jiffy	Jiffy is a date dart package inspired by momentjs for parsing, manipulating and formatting dates	5.0.0	98.98560776833709	569	401	80	32	jama5262		MIT	2022-11-02T17:46:17.000Z	https://github.com/jama5262/jiffy
91	flutter_map	A versatile mapping package for Flutter, based off leaflet.js, that's simple and easy to learn, yet completely customizable and configurable.	3.1.0	98.98127275880006	1111	2234	712	24	fleaflet	fleaflet.dev	BSD-3-Clause	2022-12-21T15:39:27.000Z	https://github.com/fleaflet/flutter_map
92	hooks_riverpod	A simple way to access state from anywhere in your application while robust and testable.	2.1.1	98.93358765389284	558	3849	617	92	rrousselGit	dash-overflow.net	MIT	2022-12-21T16:37:59.000Z	https://github.com/rrousselGit/riverpod
93	win32	A Dart library for accessing common Win32 APIs using FFI. No C required!	3.1.3	98.90757759667072	562	602	96	31	timsneath	sneath.org	BSD-3-Clause	2022-12-17T10:19:39.000Z	https://github.com/timsneath/win32
94	googleapis	Auto-generated client libraries for accessing Google APIs described through the API discovery service.	9.2.0	98.89457256805964	670	329	103	33	google	google.dev	BSD-3-Clause	2022-12-19T19:06:11.000Z	https://github.com/google/googleapis.dart/tree/master/generated/googleapis
95	printing	Plugin that allows Flutter apps to generate and print documents to compatible printers on Android, iOS, macOS, Windows, and Linux, as well as web print.	5.9.3	98.89023755852263	975	951	372	121	DavBfr	nfet.net	Apache-2.0	2022-12-06T09:29:55.000Z	https://github.com/DavBfr/dart_pdf
96	socket_io_client	Dartlang port of socket.io-client for web, flutter, dartvm to use	2.0.0	98.8859025489856	888	553	141	95	rikulo		MIT	2022-12-17T13:34:57.000Z	https://github.com/rikulo/socket.io-client-dart
97	flutter_form_builder	This package helps in creation of forms in Flutter by removing the boilerplate code, reusing validation, react to changes, and collect final user input.	7.7.0	98.87289752037455	1721	1193	442	52	flutter-form-builder-ecosystem	flutterformbuilderecosystem.com	BSD-3-Clause	2022-12-21T15:11:23.000Z	https://github.com/flutter-form-builder-ecosystem/flutter_form_builder
98	pubspec_parse	Simple package for parsing pubspec.yaml files with a type-safe API and rich error reporting.	1.2.1	98.85989249176347	24	42	16	5	dart-lang	tools.dart.dev	BSD-3-Clause	2022-12-12T22:14:20.000Z	https://github.com/dart-lang/pubspec_parse
99	mockito	A mock framework inspired by Mockito with APIs for Fakes, Mocks, behavior verification, and stubbing.	5.3.2	98.85122247268944	897	553	146	56	dart-lang	dart.dev	Apache-2.0	2022-12-14T21:34:39.000Z	https://github.com/dart-lang/mockito
100	event_bus	A simple Event Bus using Dart Streams for decoupling applications	2.0.0	98.8425524536154	464	698	75	0	marcojakob	jakobservices.ch	MIT	2022-03-01T17:38:59.000Z	https://github.com/marcojakob/dart-event-bus
101	dotted_line	This package allows you to draw dotted lines with Flutter. You can draw a beautiful dotted line.	3.1.0	98.83821744407838	178	33	12	4	umechanhika		BSD-3-Clause	2022-09-04T08:08:54.000Z	https://github.com/umechanhika/dotted_line
102	video_thumbnail	A flutter plugin for creating a thumbnail from a local video file or from a video URL.	0.5.3	98.80353736778221	343	153	114	28	justsoft		MIT	2022-11-14T15:45:18.000Z	https://github.com/justsoft/video_thumbnail
103	mobile_scanner	A universal barcode and QR code scanner for Flutter based on MLKit. Uses CameraX on Android, AVFoundation on iOS and Apple Vision & AVFoundation on macOS.	2.1.0	98.77752731056009	692	324	199	81	juliansteenbakker	steenbakker.dev	BSD-3-Clause	2022-12-19T22:02:55.000Z	https://github.com/juliansteenbakker/mobile_scanner
104	awesome_notifications	A complete solution to create Local and Push Notifications, customizing buttons, images, sounds, emoticons and applying many different layouts for Flutter apps.	0.7.4+1	98.76452228194901	1942	561	212	23	rafaelsetragni	carda.me	Apache-2.0	2022-11-28T13:30:31.000Z	https://github.com/rafaelsetragni/awesome_notifications
105	grouped_list	A Flutter ListView where the list items can be grouped into sections.	5.1.2	98.75585226287498	916	276	78	46	Dimibe	begnis.dev	MIT	2022-12-21T23:09:56.000Z	https://github.com/Dimibe/grouped_list
106	flutter_staggered_animations	Easily add staggered animations to your ListView, GridView, Column and Row children as shown in Material Design guidelines	1.1.1	98.74284723426392	1320	1232	119	10	The-ring-io	dailyn.app	MIT	2022-11-09T20:05:42.000Z	https://github.com/mobiten/flutter_staggered_animations
107	cli_util	A library to help in building Dart command-line apps.	0.3.5	98.73851222472689	40	45	22	5	dart-lang	tools.dart.dev	BSD-3-Clause	2022-11-15T15:54:18.000Z	https://github.com/dart-lang/cli_util
108	characters	String replacement with operations that are Unicode/grapheme cluster aware.	1.2.1	98.72117218657881	274	54	11	3	dart-lang	dart.dev	BSD-3-Clause	2022-11-09T23:30:34.000Z	https://github.com/dart-lang/characters
109	stream_transform	A collection of utilities to transform and manipulate streams.	2.1.0	98.6994971388937	161	104	18	11	dart-lang	tools.dart.dev	BSD-3-Clause	2022-12-12T18:24:29.000Z	https://github.com/dart-lang/stream_transform
110	rive	Rive 2 Flutter Runtime. This package provides runtime functionality for playing back and interacting with animations built with the Rive editor available at https://rive.app.	0.10.0	98.6778220912086	983	757	127	53	rive-app	rive.app	MIT	2022-12-14T22:15:44.000Z	https://github.com/rive-app/rive-flutter
111	protobuf	Runtime library for protocol buffers support. Use https://pub.dev/packages/protoc_plugin to generate dart code for your '.proto' files.	2.1.0	98.65181203398647	130	57482	14657	691	protocolbuffers	google.dev	NOASSERTION	2022-12-22T05:20:31.000Z	https://github.com/google/protobuf.dart/tree/master/protobuf
112	responsive_framework	Easily make Flutter apps responsive. Automatically adapt UI to different screen sizes. Responsiveness made simple.	0.2.0	98.63013698630137	2107	925	110	50	Codelessly	codelessly.com	0BSD	2022-09-18T16:01:30.000Z	https://github.com/Codelessly/ResponsiveFramework
113	lints	Official Dart lint rules. Defines the 'core' and 'recommended' set of lints suggested by the Dart team.	2.0.1	98.60412692907924	162	66	23	23	dart-lang	tools.dart.dev	BSD-3-Clause	2022-11-14T22:19:20.000Z	https://github.com/dart-lang/lints
114	animate_do	Beautiful animations inspired on Animate.css, every animation is a widget that contains default but customizable values that look attractive.	3.0.2	98.58678689093115	2898	157	30	7	Klerith	fernando-herrera.com	MIT	2022-11-24T13:47:31.000Z	https://github.com/Klerith/animate_do_package
115	gcloud	High level idiomatic Dart API for Google Cloud Storage, Pub-Sub and Datastore.	0.8.7	98.55210681463498	57	89	40	42	dart-lang	labs.dart.dev	BSD-3-Clause	2022-11-22T08:56:54.000Z	https://github.com/dart-lang/gcloud
116	marquee	A Flutter widget that scrolls text infinitely. Provides many customizations including custom scroll directions, durations, curves as well as pauses after every round.	2.2.3	98.50008670019074	665	218	64	36	MarcelGarus		MIT	2022-06-04T20:38:07.000Z	https://github.com/MarcelGarus/marquee
117	photo_manager	A Flutter plugin that provides assets abstraction management APIs on Android, iOS, and macOS.	2.5.2	98.49575169065372	409	519	216	24	fluttercandies	fluttercandies.com	Apache-2.0	2022-12-19T03:32:43.000Z	https://github.com/fluttercandies/flutter_photo_manager
118	country_picker	A flutter package to select a country from a list of countries.	2.0.19	98.46540662389457	161	59	83	20	Daniel-Ioannou		MIT	2022-12-17T15:43:54.000Z	https://github.com/Daniel-Ioannou/flutter_country_picker
119	flutter_animate	Add beautiful animated effects & builders in Flutter, via an easy, customizable, unified API.	2.0.1	98.45673660482052	592	348	19	19	gskinner	gskinner.com	BSD-3-Clause	2022-12-19T00:11:20.000Z	https://github.com/gskinner/flutter_animate
120	persistent_bottom_nav_bar	A do all, highly customizable persistent/static bottom navigation bar for flutter. Includes up-to 20 styles.	5.0.2	98.42639153806138	1592	421	257	152	BilalShahid13		BSD-3-Clause	2022-10-09T22:19:51.000Z	https://github.com/BilalShahid13/PersistentBottomNavBar
121	charcode	Constants for ASCII and common non-ASCII character codes. Integer constants corresponding to the code points of individual characters.	1.3.1	98.4090514999133	28	21	10	2	lrhn	infimum.dk	BSD-3-Clause	2022-10-14T16:50:53.000Z	https://github.com/lrhn/charcode
122	multi_select_flutter	A flexible multi select package for Flutter. Make multi select widgets the way you want.	4.1.3	98.36570140454309	478	177	142	98	CHB61		BSD-2-Clause	2022-12-08T10:41:19.000Z	https://github.com/CHB61/flutter-multi-select
123	timeline_tile	A package to help you build highly customisable timelines with Flutter.	2.0.0	98.34836136639501	1342	544	123	23	JHBitencourt	juliobitencourt.com	MIT	2022-10-26T12:08:15.000Z	https://github.com/JHBitencourt/timeline_tile
124	sliver_tools	A set of useful sliver tools that are missing from the flutter framework	0.2.8	98.32235130917289	753	411	39	16	Kavantix	pietervanloon.com	MIT	2022-11-28T10:51:07.000Z	https://github.com/Kavantix/sliver_tools
125	decimal	The decimal package allows you to deal with decimal numbers without losing precision.	2.3.2	98.31368129009884	204	146	40	2	a14n		Apache-2.0	2022-12-07T14:19:22.000Z	https://github.com/a14n/dart-decimal
126	wechat_assets_picker	An audio/video/image picker in pure Dart which is the same with WeChat,support multi picking, custom item and delegates override.	8.2.0	98.30934628056181	439	1118	311	4	fluttercandies	fluttercandies.com	Apache-2.0	2022-12-19T03:15:36.000Z	https://github.com/fluttercandies/flutter_wechat_assets_picker
127	youtube_player_iframe	Flutter port of the official YouTube iFrame player API. Supports web & mobile platforms.	3.1.0	98.3050112710248	358	556	563	314	sarbagyastha	sarbagyastha.com.np	BSD-3-Clause	2022-12-21T11:22:51.000Z	https://github.com/sarbagyastha/youtube_player_flutter
128	in_app_update	Enables In App Updates on Android using the official Android APIs.	4.0.1	98.30067626148778	627	234	57	10	jonasbark	jonasbark.de	NOASSERTION	2022-11-28T11:08:00.000Z	https://github.com/jonasbark/flutter_in_app_update
129	form_builder_validators	Form Builder Validators set of validators for FlutterFormBuilder. Provides common validators and a way to make your own.	8.4.0	98.29634125195076	109	7	15	5	flutter-form-builder-ecosystem	flutterformbuilderecosystem.com	BSD-3-Clause	2022-12-21T10:30:20.000Z	https://github.com/flutter-form-builder-ecosystem/form_builder_validators
130	flutter_phoenix	Easily restart your application from scratch, losing any previous state	1.1.0	98.27466620426564	362	119	9	8	The-ring-io	dailyn.app	MIT	2022-08-23T16:00:34.000Z	https://github.com/mobiten/flutter_phoenix
131	flutter_sound	Europe Stand With Ukraine. Pray for Ukraine. A complete api for audio playback and recording. Audio player, audio recorder.	9.2.13	98.27033119472863	1029	762	460	245	Canardoux	tau.canardoux.xyz	MPL-2.0	2022-10-21T03:07:36.000Z	https://github.com/canardoux/flutter_sound
132	formz	A unified form representation in Dart which aims to simplify form representation and validation in a generic way.	0.4.1	98.21397607074735	429	217	28	9	VeryGoodOpenSource	verygood.ventures	MIT	2022-12-13T02:08:36.000Z	https://github.com/ChicagoFlutter/formz
133	loading_animation_widget	Loading animation or loading spiner or loader. It's used to show loading animation when the app is in loading state or something is processing for uncertain time.	1.2.0+4	98.20964106121033	530	68	20	1	watery-desert	waterydesert.com	BSD-3-Clause	2022-12-14T11:04:34.000Z	https://github.com/watery-desert/loading_animation_widget
134	nb_utils	Collection of Widgets and helpful Methods that every developer needs.	4.6.25	98.20530605167332	208	50	20	5	bhoominn	bhoominn.com	MIT	2022-11-24T17:43:31.000Z	https://github.com/bhoominn/nb_utils
135	nested	A Flutter Widget which helps nest multiple widgets without needing to manually nest them.	1.0.0	98.16629096584012	266	113	12	1	rrousselGit	dash-overflow.net	MIT	2021-02-20T16:36:28.000Z	https://github.com/rrousselGit/nested
136	mocktail	A Dart mock library which simplifies mocking with null safety support and no manual mocks or code generation.	0.3.0	98.1619559563031	666	428	63	21	felangel	felangel.dev	MIT	2022-12-06T12:35:53.000Z	https://github.com/felangel/mocktail
137	workmanager	Flutter Workmanager. This plugin allows you to schedule background work on Android and iOS.	0.5.1	98.12727588000693	1257	698	173	59	fluttercommunity	fluttercommunity.dev	MIT	2022-11-07T20:00:35.000Z	https://github.com/fluttercommunity/flutter_workmanager
138	drift	Drift is a reactive library to store relational data in Dart and Flutter applications.	2.3.0	98.1229408704699	842	1799	238	99	simolus3	simonbinder.eu	MIT	2022-12-22T03:57:42.000Z	https://github.com/simolus3/drift
139	data_table_2	In-place substitute for Flutter's DataTable and PaginatedDataTable with fixed/sticky headers and few extra features	2.3.10	98.11860586093289	408	118	69	19	maxim-saplin	saplin.blogspot.com	BSD-3-Clause	2022-12-18T19:30:21.000Z	https://github.com/maxim-saplin/data_table_2
140	hydrated_bloc	An extension to the bloc state management library which automatically persists and restores bloc states.	9.0.0	97.98422056528524	507	189	25	0	felangel	bloclibrary.dev	MIT	2020-07-09T03:23:09.000Z	https://github.com/felangel/bloc/tree/master/packages/hydrated_bloc
141	purchases_flutter	Flutter in-app purchases and subscriptions made easy. The plugin supports Apple, Android, and the web.	4.5.4	97.97988555574823	407	412	115	15	RevenueCat	revenuecat.com	MIT	2022-12-21T18:17:51.000Z	https://github.com/RevenueCat/purchases-flutter
142	barcode_widget	Barcode generation widget for Flutter with support for standard barcodes.	2.0.3	97.97121553667418	180	89	26	7	DavBfr	nfet.net	Apache-2.0	2022-12-07T16:49:31.000Z	https://github.com/DavBfr/dart_barcode
143	flutter_login_facebook	Login via Facebook. Easily add Facebook login feature in your application. User profile information included.	1.7.0	97.91052540315589	177	64	42	14	Innim	innim.ru	BSD-3-Clause	2022-12-07T15:09:34.000Z	https://github.com/Innim/flutter_login_facebook
144	amplify_flutter	The top level Flutter package for the AWS Amplify libraries.	0.6.10	97.79348014565632	111	1128	176	197	aws-amplify	aws-amplify.com	Apache-2.0	2022-12-22T02:27:29.000Z	https://github.com/aws-amplify/amplify-flutter
145	flutter_phone_direct_caller	Simple flutter plugin to call a number directly, without going to phone dialer, from app	2.1.1	97.7674700884342	225	21	20	9	yanisalfian		MIT	2022-10-26T15:29:16.000Z	https://github.com/yanisalfian/flutter-phone-direct-caller
146	amplify_auth_cognito	The Amplify Flutter Auth category plugin using the AWS Cognito provider.	0.6.10	97.7457950407491	66	1128	176	197	aws-amplify	aws-amplify.com	Apache-2.0	2022-12-22T02:27:29.000Z	https://github.com/aws-amplify/amplify-flutter
147	flutter_cached_pdfview	A package to show Native PDF View for iOS and Android, support Open from a different resource like Path, Asset or Url and Cache it.	0.4.1	97.74146003121207	293	94	34	39	binSaed	abdosaed.ml	MIT	2022-05-16T21:31:57.000Z	https://github.com/AbdOoSaed/flutter_cached_pdfview
148	flutter_ringtone_player	A simple player for system default ringtones, alarms and notifications	3.2.0	97.71978498352696	173	61	37	9	inway	inway.dev	MIT	2022-12-21T05:10:03.000Z	https://github.com/inway/flutter_ringtone_player
149	riverpod	A simple way to access state from anywhere in your application while robust and testable.	2.1.1	97.68943991676781	2204	3849	617	92	rrousselGit	dash-overflow.net	MIT	2022-12-21T16:37:59.000Z	https://github.com/rrousselGit/riverpod
150	flutter_chat_ui	Actively maintained, community-driven chat UI implementation with an optional Firebase BaaS.	1.6.6	97.67643488815675	699	631	329	26	flyerhq	flyer.chat	Apache-2.0	2022-12-19T08:27:02.000Z	https://github.com/flyerhq/flutter_chat_ui
151	geocode	Package to make Geocode requests. It exposes two methods to translate coordinates into locations and addresses into coordinates.	1.0.2	97.66342985954569	84	6	7	4	imvalient	imanol.dev	BSD-3-Clause	2022-07-24T11:27:50.000Z	https://github.com/imvalient/geocode
152	flutter_windowmanager	A Flutter plugin for manipulating Android WindowManager LayoutParams.	0.2.0	97.65909485000867	197	39	17	9	adaptant-labs	adaptant.io	Apache-2.0	2021-08-26T10:45:43.000Z	https://github.com/adaptant-labs/flutter_windowmanager
153	shrine_images	Image assets for the Material Components for Flutter codelabs based on an app called Shrine.	2.0.2	97.63308479278653	5	18	19	0	material-components		NOASSERTION	2022-12-07T19:48:40.000Z	https://github.com/material-components/material-components-flutter-codelabs-packages
154	android_id	A Flutter plugin for getting the Android ID. Only for Android.	0.1.3+1	97.6244147737125	38	13	3	1	fluttercommunity	achim.io	BSD-3-Clause	2022-11-28T22:33:32.000Z	https://github.com/fluttercommunity/android_id
155	flex_color_scheme	A Flutter package to use and make beautiful Material design based themes.	6.1.1	97.59840471649038	1371	454	59	3	rydmike	rydmike.com	NOASSERTION	2022-12-11T20:12:08.000Z	https://github.com/rydmike/flex_color_scheme
156	velocity_x	A minimalist Flutter framework for rapidly building custom designs.	3.6.0	97.59406970695336	1084	1161	161	11	iampawan	codepur.dev	MIT	2022-10-12T13:25:49.000Z	https://github.com/iampawan/VelocityX
157	sentry	A crash reporting library for Dart that sends crash reports to Sentry.io. This library supports Dart VM and Web. For Flutter consider sentry_flutter instead.	6.18.1	97.58539968787932	382	603	160	82	getsentry	sentry.io	MIT	2022-12-21T12:55:31.000Z	https://github.com/getsentry/sentry-dart
158	adaptive_dialog	Show alert dialog or modal action sheet adaptively according to platform.	1.8.0+1	97.53337957343507	708	244	46	11	mono0926	mono0926.com	MIT	2022-09-01T00:24:24.000Z	https://github.com/mono0926/adaptive_dialog
159	data_connection_checker	A pure Dart library that checks for internet by opening a socket to a list of specified addresses, each with individual port and timeout. Defaults are provided for convenience.	0.3.4	97.49436448760187	415	103	71	19	komapeb		NOASSERTION	2021-12-14T10:00:14.000Z	https://github.com/komapeb/data_connection_checker
160	flutter_quill	A rich text editor supporting mobile and web (Demo App @ bulletjournal.us)	6.1.7	97.49002947806486	921	1668	453	60	singerdmx	bulletjournal.us	MIT	2022-12-19T22:47:10.000Z	https://github.com/singerdmx/flutter-quill
161	dart_style	Opinionated, automatic Dart source code formatter. Provides an API and a CLI tool.	2.2.4	97.44667938269464	69	571	107	100	dart-lang	tools.dart.dev	BSD-3-Clause	2022-12-19T23:17:17.000Z	https://github.com/dart-lang/dart_style
162	isar	Extremely fast, easy to use, and fully async NoSQL database for Flutter.	3.0.5	97.40766429686145	1048	2021	160	53	isar	isar.dev	Apache-2.0	2022-12-21T12:48:17.000Z	https://github.com/isar/isar/tree/main/packages/isar
163	flutter_vibrate	A Haptic Feedback plugin.	1.3.0	97.40332928732444	129	81	54	2	rodydavis		MIT	2022-02-26T16:48:22.000Z	https://github.com/rodydavis/flutter_vibrate
164	stop_watch_timer	Simple CountUp timer / CountDown timer. It easily create app of stopwatch.	2.0.0	97.39899427778741	172	75	39	1	hukusuke1007	neverjp.com	MIT	2022-09-10T08:14:40.000Z	https://github.com/hukusuke1007/stop_watch_timer
165	isar_flutter_libs	Isar Core binaries for the Isar Database. Needs to be included for Flutter apps.	3.0.5	97.38598924917635	13	2021	160	53	isar	isar.dev	Apache-2.0	2022-12-21T12:48:17.000Z	https://github.com/isar/isar
166	grpc	Dart implementation of gRPC, a high performance, open-source universal RPC framework.	3.1.0	97.36431420149124	247	729	208	66	grpc	dart.dev	Apache-2.0	2022-12-13T20:46:41.000Z	https://github.com/grpc/grpc-dart
167	image_editor	Edit your image data and output to file/memory on Android and iOS.	1.3.0	97.32529911565805	210	314	94	15	fluttercandies	fluttercandies.com	Apache-2.0	2022-11-15T13:26:26.000Z	https://github.com/fluttercandies/flutter_image_editor
168	build	A package for authoring build_runner compatible code generators.	2.3.1	97.24293393445465	58	677	192	176	dart-lang	dart.dev	BSD-3-Clause	2022-12-22T01:09:47.000Z	https://github.com/dart-lang/build/tree/master/build
169	flick_video_player	Flick Video Player is a video player for flutter. The video_player plugin gives low level access for the video playback.	0.5.0	97.20825385815849	350	194	167	34	GeekyAnts	geekyants.com	NOASSERTION	2022-11-04T11:04:21.000Z	https://github.com/GeekyAnts/flick-video-player
170	expandable_text	Widget that only shows the first lines of a text and adds a link to expand the full text.	2.3.0	97.19091382001041	167	33	30	12	fweinaug		MIT	2022-06-13T05:36:21.000Z	https://github.com/fweinaug/expandable_text
171	source_gen	Source code generation builders and utilities for the Dart build system	1.2.6	97.17790879139933	100	416	93	24	dart-lang	tools.dart.dev	BSD-3-Clause	2022-12-01T20:41:01.000Z	https://github.com/dart-lang/source_gen
172	dynamic_color	A Flutter package to create Material color schemes based on a platform's implementation of dynamic color.	1.5.4	97.17357378186232	153	53	12	6	material-foundation	material.io	BSD-3-Clause	2022-12-07T11:11:46.000Z	https://github.com/material-foundation/material-dynamic-color-flutter
173	mixpanel_flutter	Official Flutter Tracking SDK for Mixpanel Analytics developed and maintained by Mixpanel, Inc.	2.0.0	97.13022368649212	65	43	33	22	mixpanel		Apache-2.0	2022-12-12T13:51:32.000Z	https://github.com/mixpanel/mixpanel-flutter
174	external_app_launcher	A Flutter plugin which helps you to open another app from your app	3.1.0	97.10854863880701	163	4	12	5	GeekyAnts	geekyants.com	BSD-3-Clause	2022-08-04T13:42:48.000Z	https://github.com/GeekyAnts/external_app_launcher
175	markdown	A portable Markdown library written in Dart that can parse Markdown into HTML.	6.0.1	97.10421362926999	174	348	159	39	dart-lang	tools.dart.dev	BSD-3-Clause	2022-12-16T18:04:09.000Z	https://github.com/dart-lang/markdown
176	http_interceptor	A lightweight, simple plugin that allows you to intercept request and response objects and modify them if desired.	1.0.2	97.09120860065892	136	87	51	4	CodingAleCR	codingale.dev	MIT	2022-08-24T21:03:52.000Z	https://github.com/CodingAleCR/http_interceptor
177	file_saver	This package will help you save file with a single method on any platform including macOS, iOS, Android, Windows, Web, Linux.	0.1.1	97.06086353389978	178	32	40	19	incrediblezayed		BSD-3-Clause	2022-07-27T07:31:34.000Z	https://github.com/incrediblezayed/file_saver
178	brasil_fields	O jeito mais fácil de utilizar padrões e formatos brasileiros em seu projeto Dart.	1.9.0	97.05219351482573	400	98	32	10	flutterbootcamp	flutterbootcamp.com.br	NOASSERTION	2022-12-16T23:09:29.000Z	https://github.com/flutterbootcamp/brasil_fields
179	styled_text	Text widget with formatted text using tags. Makes it easier to use formatted text in multilingual applications.	6.0.0	97.0435234957517	288	59	36	1	andyduke	amazingsoftworks.com	BSD-3-Clause	2022-10-11T16:57:09.000Z	https://github.com/andyduke/styled_text_package
180	lint	An opinionated, community-driven set of lint rules for Dart and Flutter projects. Like pedantic but stricter	2.0.1	97.01317842899255	741	254	73	15	passsy	pascalwelsch.com	Apache-2.0	2022-11-30T14:52:38.000Z	https://github.com/passsy/dart-lint
181	objectbox	Flutter database for super-fast NoSQL ACID compliant object persistence.	1.7.0	96.99583839084445	823	720	88	54	objectbox	objectbox.io	Apache-2.0	2022-12-19T15:22:03.000Z	https://github.com/objectbox/objectbox-dart
182	flutter_archive	Create and extract ZIP archive files in Android, iOS and macOS. Zip all files in a directory recursively or a given list of files.	5.0.0	96.98283336223341	108	46	33	10	kineapps	kineapps.com	BSD-3-Clause	2022-10-21T10:29:33.000Z	https://github.com/kineapps/flutter_archive
183	pinch_zoom	A widget based on Flutter's new Interactive Viewer that makes picture pinch zoom, and return to its initial size and position when released.	1.0.0	96.93081324778915	140	35	13	3	tkortekaas	jelter.net	ISC	2021-07-16T19:20:08.000Z	https://github.com/tkortekaas/pinch_zoom
184	objectbox_flutter_libs	Superfast NoSQL Flutter / Dart database. This package contains Flutter runtime libraries for ObjectBox.	1.7.0	96.89179816195596	18	720	88	54	objectbox	objectbox.io	Apache-2.0	2022-12-19T15:22:03.000Z	https://github.com/objectbox/objectbox-dart
185	barcode	Barcode generation library for Dart that can generate generic drawing operations for any backend.	2.2.3	96.85711808565979	331	89	26	7	DavBfr	nfet.net	Apache-2.0	2022-12-07T16:49:31.000Z	https://github.com/DavBfr/dart_barcode
186	flutter_sms	A Flutter plugin to Send SMS and MMS on iOS and Android. If iMessage is enabled it will send as iMessage on iOS. This plugin must be tested on a real device on iOS.	2.3.3	96.84411305704873	249	208	96	28	fluttercommunity	fluttercommunity.dev	MIT	2022-08-02T13:56:14.000Z	https://github.com/fluttercommunity/flutter_sms
187	flutter_login	A login widget with login/signup functionalities to help speed up development	4.1.1	96.82677301890065	1060	1225	657	61	NearHuscarl		MIT	2022-12-07T07:52:51.000Z	https://github.com/NearHuscarl/flutter_login
188	qr	A QR code generation library for Dart and Flutter. Supports QR code version 1 through 40, error correction and redundancy.	3.0.1	96.81376799028958	134	234	54	2	kevmoo	j832.com	BSD-3-Clause	2022-12-20T17:43:52.000Z	https://github.com/kevmoo/qr.dart
189	twitter_login	Flutter Twitter Login Plugin. Library for login with Twitter APIs OAuth service	4.2.3	96.80943298075255	84	44	32	6	0maru		MIT	2022-11-12T14:45:11.000Z	https://github.com/0maru/twitter_login
190	copy_with_extension	Annotation for generating `copyWith` extensions code using `copy_with_extension_gen`.	5.0.0	96.80076296167852	70	57	23	8	numen31337	oleksandrkirichenko.com	MIT	2022-12-02T23:18:09.000Z	https://github.com/numen31337/copy_with_extension
191	iconsax	Iconsax for flutter (1000+ icons 6 diferent styles, total 6000+ icons).	0.0.8	96.78775793306745	219	14	5	8	luisDanielRoviraContreras		GPL-3.0	2022-06-28T08:48:23.000Z	https://github.com/luisDanielRoviraContreras/flutter_iconsax
192	bitsdojo_window	A package to help with creating custom windows with Flutter desktop (custom border, titlebar and minimize/maximize/close buttons) and common desktop window operations (show/hide/position on screen) for Windows and macOS	0.1.5	96.76174787584533	655	602	143	99	bitsdojo	bitsdojo.com	MIT	2022-11-19T14:48:02.000Z	https://github.com/bitsdojo/bitsdojo_window
193	amplitude_flutter	Amplitude Flutter plugin	3.13.0	96.75307785677128	72	80	39	19	amplitude		MIT	2022-12-12T20:30:44.000Z	https://github.com/amplitude/Amplitude-Flutter
194	custom_refresh_indicator	Flutter Widget that make it easy to implement custom refresh indicator.	2.0.1	96.7357378186232	393	315	47	0	gonuit	klyta.it	MIT	2022-11-04T16:56:56.000Z	https://github.com/gonuit/flutter-custom-refresh-indicator
195	custom_pop_up_menu	Wrap a widget with CustomPopupMenu, Tap or Long Press this widget, a popup menu would display in a suitable position.	1.2.4	96.73140280908618	189	88	34	9	malikwang	malikwang.com	MIT	2022-10-29T19:46:59.000Z	https://github.com/malikwang/custom_pop_up_menu
196	flutter_chat_types	Utility library for the flutter_chat_ui and flutter_firebase_chat_core libraries which contains shared type declarations.	3.6.0	96.64036760880875	23	14	48	1	flyerhq	flyer.chat	MIT	2022-10-29T07:17:39.000Z	https://github.com/flyerhq/flutter_chat_types
197	drift_dev	Dev-dependency for users of drift. Contains a the generator and development tools.	2.3.3	96.6316975897347	16	1799	238	99	simolus3	simonbinder.eu	MIT	2022-12-22T03:57:42.000Z	https://github.com/simolus3/drift
198	flutter_exif_rotation	Flutter plugin that fixes the picture orientation when it's took in landscape for some devices.	0.5.1	96.53632737992024	56	23	46	14	NGhebreial		BSD-3-Clause	2022-04-03T10:36:06.000Z	https://github.com/NGhebreial/flutter_exif_rotation
199	very_good_analysis	Lint rules for Dart and Flutter used internally at Very Good Ventures.	3.1.0	96.52765736084619	334	242	30	1	VeryGoodOpenSource	verygood.ventures	MIT	2022-12-13T14:47:03.000Z	https://github.com/VeryGoodOpenSource/very_good_analysis
200	web3dart	Dart library to connect to Ethereum clients. Send transactions and interact with smart contracts!	2.5.2	96.50164730362407	370	91	45	58	xclud	pwa.ir	MIT	2022-12-14T20:38:05.000Z	https://github.com/xclud/web3dart
201	simple_gradient_text	Create fast and simple gradient texts, whether linear or radial, you just decide the colors and the text to display, very easy.	1.2.4	96.47130223686491	39	5	5	0	astudilloalex	alexastudillo.com	Apache-2.0	2022-09-24T19:09:38.000Z	https://github.com/astudilloalex/flutter_gradient_text
202	algolia	Algolia is a pure dart SDK, wrapped around Algolia REST API for easy implementation for your Flutter or Dart projects.	1.1.1	96.4669672273279	192	112	67	17	knoxpo	knoxpo.com	NOASSERTION	2022-10-08T11:49:40.000Z	https://github.com/knoxpo/dart_algolia
203	dart_jsonwebtoken	A dart implementation of the famous javascript library 'jsonwebtoken' (JWT).	2.6.2	96.45396219871684	99	29	19	5	jonasroussel	jroussel.fr	MIT	2022-12-11T19:08:14.000Z	https://github.com/jonasroussel/dart_jsonwebtoken
204	amplify_api	The Amplify Flutter API category plugin, supporting GraphQL and REST operations.	0.6.10	96.44095717010578	30	1128	176	197	aws-amplify	aws-amplify.com	Apache-2.0	2022-12-22T02:27:29.000Z	https://github.com/aws-amplify/amplify-flutter
205	webview_cookie_manager	Have you been turned into a cookie management problem? This package can help. It has all of the cookie management functionality you have been looking for.	2.0.6	96.42795214149471	63	40	29	6	fryette	mobilepeople.dev	MIT	2021-11-15T11:07:33.000Z	https://github.com/fryette/webview_cookie_manager
206	custom_info_window	A widget based custom info window for google_maps_flutter package.	1.0.1	96.41494711288365	91	21	16	6	abhishekduhoon	abhishekduhoon.com	BSD-3-Clause	2022-09-19T00:18:17.000Z	https://github.com/abhishekduhoon/custom_info_window
207	supabase_flutter	Flutter integration for Supabase. This package makes it simple for developers to build secure and scalable products.	1.2.2	96.4062770938096	175	240	54	54	supabase	supabase.io	MIT	2022-12-02T09:07:59.000Z	https://github.com/supabase/supabase-flutter
208	wechat_camera_picker	A camera picker based on WeChat's UI which is a separate runnable extension to wechat_assets_picker.	3.6.5	96.39760707473557	138	264	84	5	fluttercandies	fluttercandies.com	Apache-2.0	2022-12-19T03:18:04.000Z	https://github.com/fluttercandies/flutter_wechat_camera_picker
209	tab_indicator_styler	Add beautiful and trending tab indicators directly to your default Flutter TabBar	2.0.0	96.37593202705045	204	50	16	3	adar2378	theadar.xyz	MIT	2022-04-20T05:11:00.000Z	https://github.com/adar2378/tab_indicator_styler
210	pluto_grid	PlutoGrid is a dataGrid that can be controlled by the keyboard on desktop and web. Of course, it works well on Android and IOS. (DataGrid, DataTable, Data Grid, Data Table, Sticky)	5.4.9	96.37159701751344	557	446	136	95	bosskmk	weblaze.dev	MIT	2022-12-15T13:38:25.000Z	https://github.com/bosskmk/pluto_grid
211	scroll_snap_list	A Flutter widget that allows "snaping" event to an item at the end of user-scroll.	0.9.1	96.36292699843939	289	84	30	13	MSVCode	msvcode.com	NOASSERTION	2022-05-29T10:59:44.000Z	https://github.com/MSVCode/scroll_snap_list
212	oauth2	A client library for authenticating with a remote service via OAuth2 on behalf of a user, and making authorized HTTP requests with the user's OAuth2 credentials.	2.0.1	96.35425697936535	211	173	116	44	dart-lang	tools.dart.dev	BSD-3-Clause	2022-12-20T07:34:18.000Z	https://github.com/dart-lang/oauth2
213	accordion	An expandable Flutter widget list where each item can be expanded or collapsed simply by clicking on the header.	2.5.1	96.34558696029131	174	29	21	5	GotJimmy	vulcansoft.com	NOASSERTION	2022-07-10T20:10:18.000Z	https://github.com/GotJimmy/accordion
214	whatsapp_unilink	Dart package helping your app interact with WhatsApp via HTTP links (universal links). Works with Flutter.	2.1.0	96.31524189353216	192	18	7	0	dartsidedev	dartside.dev	BSD-3-Clause	2022-11-20T16:10:41.000Z	https://github.com/dartsidedev/whatsapp_unilink
215	searchfield	A highly customizable, simple and easy to use flutter Widget to add a searchfield to your Flutter Application. This Widget allows you to search and select from list of suggestions.	0.7.2	96.31090688399514	157	45	29	19	maheshmnj	maheshjamdade.com	MIT	2022-11-21T21:23:07.000Z	https://github.com/maheshmnj/searchfield
216	search_choices	Highly versatile Widget to search through a single or multiple choices list in a dialog box or a menu. Supports pagination and future/API/webservice searches with sort and filter.	2.2.1	96.28489682677301	388	43	26	8	lcuis	jod.li	MIT	2022-12-15T02:41:53.000Z	https://github.com/lcuis/search_choices
217	expandable_bottom_sheet	This is a BottomSheet with a draggable height like the Google Maps App on Android.	1.1.1+1	96.25021675047685	139	32	19	9	torbenkeller	torben-keller.de	MIT	2022-07-01T17:32:48.000Z	https://github.com/torbenkeller/expandable_bottom_sheet
218	beamer	A routing package built on top of Router and Navigator's pages API, supporting arbitrary nested navigation, guards and more.	1.5.3	96.2415467314028	928	482	117	70	slovnicki	beamer.dev	MIT	2022-10-17T09:41:39.000Z	https://github.com/slovnicki/beamer
219	buttons_tabbar	A Flutter package that implements a TabBar where each label is a toggle button.	1.3.6	96.23287671232876	201	55	17	0	afonsocraposo	afonsoraposo.com	MIT	2022-06-12T13:27:25.000Z	https://github.com/Afonsocraposo/buttons_tabbar
220	flutter_translate	Flutter Translate is a fully featured localization / internationalization (i18n) library for Flutter.	4.0.3	96.22854170279174	178	330	102	2	Jesway	jesway.com	NOASSERTION	2022-11-25T20:40:11.000Z	https://github.com/Jesway/Flutter-Translate
221	mvc_pattern	To develop apps using a framework following the MVC design pattern separating the app's 'interface' from its 'business logic' and from its 'data source' if any.	8.12.0	96.21553667418068	179	163	30	0	AndriousSolutions	andrioussolutions.com	NOASSERTION	2022-08-26T01:39:37.000Z	https://github.com/AndriousSolutions/mvc_pattern
222	dio_smart_retry	Retry library for Dio package made with love. By default, the request will be retried only for appropriate retryable http statuses.	1.4.0	96.18085659788451	81	43	15	1	rodion-m	rodion-m.ru	MIT	2022-12-08T19:04:58.000Z	https://github.com/rodion-m/dio_smart_retry
223	flutter_bluetooth_serial	A basic Flutter Bluetooth Serial library	0.4.0	96.15051153112537	250	374	349	71	edufolly	3daysapp.com.br	MIT	2022-10-25T11:46:33.000Z	https://github.com/edufolly/flutter_bluetooth_serial
224	app_review	Request and Write Reviews and Open Store Listing for Android and iOS in Flutter.	2.1.2+1	96.13317149297728	250	271	69	14	fluttercommunity	fluttercommunity.dev	MIT	2022-11-22T09:07:27.000Z	https://github.com/fluttercommunity/app_review
225	simple_html_css	This package allows you to use simple HTML and inline CSS styles to style your text in flutter. A fork of css_text package.	4.0.0	96.12450147390325	92	27	18	5	ali-thowfeek		NOASSERTION	2022-10-26T14:44:53.000Z	https://github.com/ali-thowfeek/simple_html_css_flutter
226	code_builder	A fluent, builder-based library for generating valid Dart code	4.4.0	96.10716143575516	147	326	58	18	dart-lang	tools.dart.dev	BSD-3-Clause	2022-12-20T21:20:05.000Z	https://github.com/dart-lang/code_builder
227	fpdart	Functional programming in Dart and Flutter. All the main functional programming types and patterns fully documented, tested, and with examples.	0.4.0	96.06814634992197	288	273	24	6	SandroMaglione	sandromaglione.com	MIT	2022-12-19T04:43:09.000Z	https://github.com/SandroMaglione/fpdart
228	easy_refresh	A flutter widget that provides pull-down refresh and pull-up load.	3.1.0	96.04213629269984	116	3350	582	32	xuelongqy		MIT	2022-12-21T09:59:37.000Z	https://github.com/xuelongqy/flutter_easy_refresh
229	mailto	Simple Dart package for creating mailto links in your Flutter apps	2.0.0	96.03780128316282	101	21	6	4	smaho-engineering	smaho.dev	BSD-3-Clause	2021-04-13T19:22:03.000Z	https://github.com/smaho-engineering/mailto
230	image_picker_web	Flutter Web Plugin to pick Images (as Widget, File or Uint8List) and Videos (as File or Uint8List)	3.0.0+1	96.02913126408879	107	40	20	0	Ahmadre	rouxguillau.me	GPL-3.0	2022-11-21T12:19:51.000Z	https://github.com/Ahmadre/image_picker_web
231	gql	GraphQL tools for parsing, transforming and printing GraphQL documents.	0.14.0	96.01612623547771	33	240	100	57	gql-dart	gql-dart.dev	MIT	2022-12-21T18:48:29.000Z	https://github.com/gql-dart/gql
232	screen_brightness	A Plugin for controlling screen brightness with application life cycle reset implemented	0.2.2	95.97711114964453	59	13	6	2	aaassseee		MIT	2022-10-09T13:08:08.000Z	https://github.com/aaassseee/screen_brightness/tree/master/screen_brightness
233	flex_color_picker	A customizable Flutter primary, accent and custom color picker. Includes an optional HSV wheel color picker.	3.0.0	95.96410612103347	269	132	21	10	rydmike	rydmike.com	BSD-3-Clause	2022-11-23T19:49:46.000Z	https://github.com/rydmike/flex_color_picker
234	flow_builder	Flutter Flows made easy! A Flutter package which simplifies flows with a flexible, declarative API.	0.0.9	95.92075602566325	310	335	50	26	felangel	felangel.dev	MIT	2022-08-26T14:49:12.000Z	https://github.com/felangel/flow_builder
235	contained_tab_bar_view	Encapsulates TabController, TabBar and TabBarView into a single customizable Widget.	0.8.0	95.90775099705219	91	13	7	13	slovnicki	scipack.dev	MIT	2021-06-10T10:53:34.000Z	https://github.com/slovnicki/contained_tab_bar_view
236	amplify_storage_s3	The Amplify Flutter Storage category plugin using the AWS S3 provider.	0.6.10	95.85573088260794	51	1128	176	197	aws-amplify	aws-amplify.com	Apache-2.0	2022-12-22T02:27:29.000Z	https://github.com/aws-amplify/amplify-flutter
237	flutter_background	A plugin to keep flutter apps running in the background by using foreground service, wake lock and disabling battery optimizations	1.1.0	95.83405583492284	193	72	28	20	JulianAssmann		MIT	2022-08-23T10:06:18.000Z	https://github.com/JulianAssmann/flutter_background
238	sentry_dio	An integration which adds support for performance tracing for the Dio package.	6.18.1	95.82538581584879	14	603	160	82	getsentry	sentry.io	MIT	2022-12-21T12:55:31.000Z	https://github.com/getsentry/sentry-dart
239	otp_autofill	Android implementation of OTP autofill with using User Consent API and Retriever API. Add possibility to receive OTP code from another input.	2.1.0	95.80804577770071	127	37	14	11	surfstudio	surf.ru	Apache-2.0	2022-11-12T20:13:05.000Z	https://github.com/surfstudio/flutter-otp-autofill
240	either_dart	Error handler library for type-safe and easy work with errors on Dart and Flutter. Either is an alternative to Nullable value and Exceptions.	0.3.0	95.75169065371944	74	20	6	0	avdosev		MIT	2022-11-06T17:04:13.000Z	https://github.com/avdosev/either_dart
241	flutter_gen	The Flutter code generator for your assets, fonts, colors, … — Get rid of all String-based APIs.	5.1.0+1	95.74735564418242	768	1134	95	41	FlutterGen	wasabeef.jp	MIT	2022-12-21T01:49:22.000Z	https://github.com/FlutterGen/flutter_gen
242	line_awesome_flutter	The Line Awesome Icons pack for flutter. Provides 1542 additional icons to use in your apps.	2.0.0	95.70834055834922	141	12	2	1	clean		MIT	2021-07-19T10:41:13.000Z	https://github.com/clean/line_awesome_flutter
243	flutter_flavorizr	A flutter utility to easily create flavors in your flutter application	2.1.5	95.69100052020114	375	266	48	27	AngeloAvv	angelocassano.it	MIT	2022-12-09T04:21:29.000Z	https://github.com/AngeloAvv/flutter_flavorizr
244	any_link_preview	Dart package that helps with preview of any links. Fully customizable and has the ability to render from cached data. Useful for apps where we had chat feature.	2.0.9	95.66499046297902	174	33	37	9	sur950	suresh-konakanchi.in	MIT	2022-12-11T21:24:25.000Z	https://github.com/sur950/any_link_preview
245	stream_chat_flutter	Stream Chat official Flutter SDK. Build your own chat experience using Dart and Flutter.	5.1.0	95.61297034853476	251	657	239	73	GetStream	getstream.io	NOASSERTION	2022-12-21T15:33:43.000Z	https://github.com/GetStream/stream-chat-flutter
246	flutter_keyboard_visibility_web	An implementation for the web platform of `flutter_keyboard_visibility'	2.0.0	95.60863533899774	1	301	61	17	MisterJimson		MIT	2022-12-08T13:51:05.000Z	https://github.com/MisterJimson/flutter_keyboard_visibility
247	disk_space	A tiny Flutter Plugin to show free and total disk space.	0.2.1	95.58262528177562	54	12	20	8	mboeddeker		MIT	2022-03-25T22:53:03.000Z	https://github.com/mboeddeker/disk_space
248	http_mock_adapter	A simple to use mocking package for Dio intended to be used in tests. It provides various types and methods to declaratively mock request-response communication.	0.3.3	95.54361019594243	92	46	19	10	lomsa-dev	lomsa.com	MIT	2022-08-10T19:29:16.000Z	https://github.com/lomsa-dev/http-mock-adapter
249	flutter_advanced_drawer	An advanced drawer widget, that can be fully customized with size, text, color, radius of corners.	1.3.2	95.50893011964627	186	44	12	2	alex-melnyk	alexmelnyk.io	BSD-3-Clause	2022-04-03T16:04:36.000Z	https://github.com/alex-melnyk/flutter_advanced_drawer
250	flutter_gen_runner	The Flutter code generator for your assets, fonts, colors, … — Get rid of all String-based APIs.	5.1.0+1	95.49159008149817	82	1134	95	41	FlutterGen	wasabeef.jp	MIT	2022-12-21T01:49:22.000Z	https://github.com/FlutterGen/flutter_gen
251	amplify_datastore	The Amplify Flutter DataStore category plugin, providing a queryable, on-device data store.	0.6.10	95.48725507196116	26	1128	176	197	aws-amplify	aws-amplify.com	Apache-2.0	2022-12-22T02:27:29.000Z	https://github.com/aws-amplify/amplify-flutter
252	custom_sliding_segmented_control	Allows you to flexibly configure the widget for displaying controls. You can add color, speed, size, initial value, animation and more.	1.7.3	95.4352349575169	56	13	10	1	hadukin		MIT	2022-10-20T06:34:16.000Z	https://github.com/hadukin/custom_sliding_segmented_control
253	advertising_id	A Flutter plugin to access advertising ID.Wraps ASIdentifierManager.advertisingIdentifier (on iOS) and advertising ID (on Android).	2.3.0	95.42656493844287	18	8	24	3	operando		Apache-2.0	2022-05-23T18:46:59.000Z	https://github.com/operando/advertising_id
254	gql_http_link	GQL Terminating Link to execute requests via HTTP using JSON.	0.4.5	95.41789491936882	10	240	100	57	gql-dart	gql-dart.dev	MIT	2022-12-21T18:48:29.000Z	https://github.com/gql-dart/gql
255	persistent_bottom_nav_bar_v2	A do all, highly customizable persistent/static bottom navigation bar for flutter. Includes up-to 20 styles. Based on persistent_bottom_nav_bar which currently is not continued.	4.2.6	95.38321484307265	157	26	21	32	jb3rndt		BSD-3-Clause	2022-11-28T23:06:20.000Z	https://github.com/jb3rndt/PersistentBottomNavBarV2
256	custom_lint	Lint rules are a powerful way to improve the maintainability of a project. Custom Lint allows package authors and developers to easily write custom lint rules.	0.0.16	95.36587480492457	59	152	17	20	invertase	invertase.io	Apache-2.0	2022-12-20T17:26:56.000Z	https://github.com/invertase/dart_custom_lint
257	loading_animations	A Flutter package with a selection of simple yet very customizable set of loading animations.	2.2.0	95.30084966186926	219	171	22	2	cytryn		MIT	2021-03-09T18:19:44.000Z	https://github.com/cytryn/loading-animations
258	ffmpeg_kit_flutter	FFmpeg Kit for Flutter. Supports Android, iOS and macOS platforms.	5.1.0	95.2054794520548	144	2168	305	68	arthenica	arthenica.com	LGPL-3.0	2022-11-19T15:37:05.000Z	https://github.com/arthenica/ffmpeg-kit
259	sticky_grouped_list	A ScrollablePositionedList where the list items can be grouped into sections.	3.1.0	95.20114444251777	191	130	34	22	Dimibe	begnis.dev	MIT	2022-10-22T23:12:24.000Z	https://github.com/Dimibe/sticky_grouped_list
260	flutter_keyboard_visibility_platform_interface	A common platform interface for the flutter_keyboard_visibility plugin.	2.0.0	95.1664643662216	1	301	61	17	MisterJimson		MIT	2022-12-08T13:51:05.000Z	https://github.com/MisterJimson/flutter_keyboard_visibility
261	flutter_google_places_hoc081098	Google places autocomplete widgets for flutter. No wrapper, use https://pub.dartlang.org/packages/google_maps_webservice. Better flutter_google_places, updated by @hoc081098	1.1.0	95.15779434714756	29	10	10	4	hoc081098		NOASSERTION	2022-11-13T17:01:41.000Z	https://github.com/hoc081098/flutter_google_places
262	agora_rtm	Flutter wrapper around the Agora Real Time Message SDKs for Android and iOS.	1.5.0	95.14912432807353	51	92	55	28	AgoraIO	agora.io	MIT	2022-11-30T02:36:35.000Z	https://github.com/AgoraIO/Flutter-RTM
263	bottom_sheet	Flexible bottom sheet with the ability to scroll content even without a list.	3.1.2	95.14045430899948	214	92	25	6	surfstudio	surf.ru	Apache-2.0	2022-11-24T05:54:54.000Z	https://github.com/surfstudio/flutter-bottom-sheet
264	filesystem_picker	FileSystem file or folder picker dialog. Allows the user to browse the file system and pick a folder or file.	3.1.0	95.13178428992543	119	48	28	5	andyduke	amazingsoftworks.com	BSD-3-Clause	2022-09-01T14:03:18.000Z	https://github.com/andyduke/filesystem_picker
265	system_settings	Flutter plugin to open system and app settings on iOS and Android.	2.1.0	95.12744928038842	52	11	20	6	fweinaug		MIT	2022-04-03T12:17:03.000Z	https://github.com/fweinaug/system_settings
266	flutter_spinbox	SpinBox is a numeric input widget with an input field for entering a specific value, and spin buttons for quick, convenient, and accurate value adjustments.	0.11.0	95.11877926131437	94	26	23	10	jpnurmi		MIT	2022-12-16T12:14:30.000Z	https://github.com/jpnurmi/flutter_spinbox
267	darq	The power of lazy-evaluated enumerables in your hands! (A port of functional LINQ from the .NET library.)	1.2.1	95.11444425177736	118	75	7	0	Abion47		MIT	2022-09-18T18:01:58.000Z	https://github.com/abion47/darq
268	flutter_sound_lite	A complete api for audio playback and recording. Audio player, audio recorder, media player, media recorder, sound player, sound recorder.	8.5.0	95.10577423270331	108	762	460	245	Canardoux		MPL-2.0	2022-10-21T03:07:36.000Z	https://github.com/canardoux/flutter_sound
269	telephony	A Flutter plugin to use telephony features such as fetch network info, start phone calls, send and receive SMS, and listen for incoming SMS.	0.2.0	95.09276920409225	258	103	72	33	shounakmulay	shounakmulay.dev	MIT	2022-12-03T18:26:22.000Z	https://github.com/shounakmulay/Telephony
270	agora_uikit	Flutter plugin to simply integrate Agora Video Calling or Live Video Streaming to your app with just a few lines of code.	1.1.0	95.08409918501822	323	106	39	13	AgoraIO-Community	agora.io	MIT	2022-11-29T10:58:37.000Z	https://github.com/AgoraIO-Community/VideoUIKit-Flutter
271	flutter_map_location_marker	A flutter map plugin for displaying device current location.	5.0.0+1	95.07109415640714	53	40	41	3	tlserver	tlserver6y.net	BSD-3-Clause	2022-12-22T03:55:57.000Z	https://github.com/tlserver/flutter_map_location_marker
272	styled_widget	Simplifying your widget tree structure by defining widget using methods. Taking ispiration from CSS and SwiftUI	0.4.1	95.06675914687013	625	970	79	19	ReinBentdal		MIT	2022-11-07T22:26:11.000Z	https://github.com/ReinBentdal/styled_widget
273	envied	Explicitly reads environment variables into a dart file from a .env file for more security and faster start up times.	0.3.0	95.05375411825906	107	31	15	3	petercinibulk		MIT	2022-11-28T17:56:33.000Z	https://github.com/petercinibulk/envied
274	quickalert	With QuickAlert, instantly display animated alert dialogs such as success, error, warning, confirm, loading or even a custom dialog.	1.0.1	95.03207907057396	166	16	7	0	belovance	belovance.com	MIT	2022-12-02T08:02:27.000Z	https://github.com/belovance/QuickAlert
275	flutter_callkit_incoming	Flutter Callkit Incoming to show callkit screen in your Flutter app.	1.0.3+1	95.02774406103694	135	71	96	31	hiennguyen92	hiennv.com	MIT	2022-12-21T11:53:02.000Z	https://github.com/hiennguyen92/flutter_callkit_incoming
276	link_preview_generator	A cross-platform flutter package to convert your links into rich beautiful previews.	1.2.0	95.0017340038148	40	12	6	3	ghpranav		MIT	2021-11-08T07:26:36.000Z	https://github.com/ghpranav/link_preview_generator
277	flutter_segment	Flutter implementation of Segment Analytics for iOS, Android and Web	3.12.1	94.97572394659268	61	15	102	25	la-haus		MIT	2022-11-22T07:39:58.000Z	https://github.com/la-haus/flutter-library-segment
278	supabase	A dart client for Supabase. This client makes it simple for developers to build secure and scalable products.	1.2.0	94.94971388937056	394	389	63	0	supabase	supabase.io	MIT	2022-12-03T13:45:54.000Z	https://github.com/supabase/supabase-dart
279	video_editor	A flutter package for editing video written in pure Dart with fully customizable UI. Supports crop, trim, rotation and cover selection.	2.1.0	94.94537887983353	272	213	100	11	LeGoffMael	felipemurguia.com	MIT	2022-12-01T09:55:03.000Z	https://github.com/LeGoffMael/video_editor
280	queue	Queue up futures from multiple sources and await their return anywhere in your code.	3.1.0+2	94.94104387029651	66	37	7	5	rknell		MIT	2022-12-06T00:41:06.000Z	https://github.com/rknell/dart_queue
281	fijkplayer	A Video Player Flutter plugin based on ijkplayer, support most popular protocols and codecs	0.10.1	94.92370383214843	148	1381	255	180	befovy		MIT	2022-07-22T03:47:47.000Z	https://github.com/befovy/fijkplayer
282	location_android	Android implementation of the location plugin	5.0.0-dev.3	94.9193688226114	1	952	595	93	Lyokone		MIT	2022-12-21T13:06:49.000Z	https://github.com/Lyokone/flutterlocation
283	money2	Money and Currency classes with fixed precision maths, parsing and formatting. (Money.parse('$2010.00') * 10).format('S CC#,##0') -> $ US20,100	3.3.0	94.91503381307439	150	50	26	5	onepub-dev	onepub.dev	MIT	2022-11-02T04:43:07.000Z	https://github.com/onepub-dev/money.dart
284	location_ios	iOS implementation of the location plugin	5.0.0-dev.4	94.90636379400034	1	952	595	93	Lyokone		MIT	2022-12-21T13:06:49.000Z	https://github.com/Lyokone/flutterlocation
285	location_macos	MacOS implementation of the location plugin	5.0.0-dev.3	94.89769377492631	0	952	595	93	Lyokone		MIT	2022-12-21T13:06:49.000Z	https://github.com/Lyokone/flutterlocation
286	dual_screen	Foldable and dual-screen support, like the TwoPane widget and hinge angle sensor data.	1.0.3	94.88035373677822	68	39	4	0	microsoft	microsoft.com	MIT	2022-05-05T14:12:42.000Z	https://github.com/microsoft/flutter-dualscreen
287	glassmorphism	A Flutter package for implimentation of Glassmorphic UI easily.	3.0.0	94.8760187272412	337	47	19	2	RitickSaha		Apache-2.0	2022-09-13T13:48:25.000Z	https://github.com/RitickSaha/glassmorphism
288	flutter_inset_box_shadow	This package extends BoxShadow and BoxDecoration to support the inset property.	1.0.8	94.78498352696376	35	14	2	2	johynpapin	qoumo.dev	BSD-3-Clause	2022-04-08T12:26:18.000Z	https://github.com/qoumo/flutter_inset_box_shadow
289	flutter_link_previewer	Customizable link and URL preview extracted from the provided text with the ability to render from the cache. Ideal for chat applications.	3.2.0	94.76764348881568	172	47	45	2	flyerhq	flyer.chat	MIT	2022-10-29T07:36:56.000Z	https://github.com/flyerhq/flutter_link_previewer
290	graphs	Graph algorithms that operate on graphs in any representation	2.2.0	94.7546384602046	63	69	14	3	dart-lang	tools.dart.dev	BSD-3-Clause	2022-11-01T16:47:02.000Z	https://github.com/dart-lang/graphs
291	dropdown_plus	Simple and easy to use Dropdown in forms with search, keyboard navigation, offiline data source, remote data source and easy customization.	0.0.9	94.74163343159356	97	8	28	25	crawlinknetworks	crawlink.com	MIT	2022-11-08T09:05:50.000Z	https://github.com/crawlinknetworks/dropdown_plus
292	searchable_dropdown	Widget to let the user search through a keyword string typed on a customizable keyboard in a single or multiple choices list presented as a dropdown in a dialog box or a menu.	1.1.3	94.70695335529739	299	108	143	103	icemanbsi		MIT	2022-05-12T17:25:32.000Z	https://github.com/icemanbsi/searchable_dropdown
293	ferry	Ferry is a simple, powerful GraphQL Client for Flutter and Dart.	0.13.0	94.70261834576036	275	480	90	52	gql-dart	gql-dart.dev	MIT	2022-12-19T20:07:48.000Z	https://github.com/gql-dart/ferry
294	animated_toggle_switch	Simple and animated toggle switch for multiple choices. It's a good alternative if you don't want to use something like a dropdown menu.	0.5.2	94.69828333622334	251	20	6	2	SplashByte	splashbyte.dev	BSD-3-Clause	2022-12-21T17:25:57.000Z	https://github.com/SplashByte/animated_toggle_switch
295	currency_picker	A flutter package to select a currency from a list of currencies.	2.0.13	94.6896133171493	60	21	48	12	Daniel-Ioannou		MIT	2022-11-29T19:57:30.000Z	https://github.com/Daniel-Ioannou/flutter_currency_picker
296	flutter_breadcrumb	Flutter Widget that can easily create Breadcrumb in Flutter.	1.0.1	94.59424310733485	74	35	5	0	payam-zahedi	payamzahedi.com	BSD-3-Clause	2021-05-01T14:23:59.000Z	https://github.com/payam-zahedi/flutter_breadcrumb
297	credit_card_validator	A package that validates credit card numbers, expiration dates, and security codes (CVV/CVC) based on the type of credit card	2.0.1	94.55956303103868	58	21	14	1	cholojuanito		MIT	2022-11-01T18:06:45.000Z	https://github.com/cholojuanito/credit_card_validator
298	icons_launcher	A command-line tool that simplifies the task of updating your Flutter app's launcher icon.	2.0.6	94.49887289752037	208	48	5	3	mrrhak	mrrhak.com	MIT	2022-11-12T11:57:12.000Z	https://github.com/mrrhak/icons_launcher
299	home_widget	A plugin to provide a common interface for creating HomeScreen Widgets for Android and iOS.	0.1.6	94.49453788798336	698	402	92	27	ABausG	antonborri.es	BSD-3-Clause	2022-12-16T16:35:53.000Z	https://github.com/ABausG/home_widget
300	flutter_keyboard_visibility_macos	An implementation for the macOS platform of `flutter_keyboard_visibility'	1.0.0	94.47286284029825	0	301	61	17	MisterJimson		MIT	2022-12-08T13:51:05.000Z	https://github.com/MisterJimson/flutter_keyboard_visibility
301	flutter_keyboard_visibility_linux	An implementation for the linux platform of `flutter_keyboard_visibility'	1.0.0	94.4641928212242	0	301	61	17	MisterJimson		MIT	2022-12-08T13:51:05.000Z	https://github.com/MisterJimson/flutter_keyboard_visibility
302	realm	The official Realm SDK for Flutter. Realm is a mobile database - an alternative to SQLite and key-value stores.	0.8.0+rc	94.45552280215016	255	525	44	125	realm	realm.io	Apache-2.0	2022-12-21T14:20:53.000Z	https://github.com/realm/realm-dart
303	flutter_keyboard_visibility_windows	An implementation for the Windows platform of `flutter_keyboard_visibility'	1.0.0	94.45118779261314	0	301	61	17	MisterJimson		MIT	2022-12-08T13:51:05.000Z	https://github.com/MisterJimson/flutter_keyboard_visibility
304	freshchat_sdk	Freshchat is a modern messaging software for sales and customer engagement teams. freshchat_sdk (BETA) will help you integrate chat support in your mobile apps.	0.10.1	94.43818276400208	22	8	19	3	freshworks	freshworks.com	NOASSERTION	2022-12-06T09:02:47.000Z	https://github.com/freshworks/freshchat-flutter-sdk
305	avatars	An avatar widget that uses the best available data source among those provided (social images, gravatar, name initials, custom)	3.0.2	94.43384775446506	68	8	3	8	luckyseven	albertofecchi.com	MIT	2022-02-01T18:48:22.000Z	https://github.com/luckyseven/avatars
306	uri_to_file	A Flutter plugin for converting supported uri to file. Supports Android & iOS.	0.2.0	94.42517773539102	14	2	3	3	Nikhil1999		MIT	2022-11-01T18:15:56.000Z	https://github.com/Nikhil1999/uri-to-file
307	animate_icons	This is a plugin with the help of which you can animate between any two icons like we do in AnimatedIcon widget given to us by default.	2.0.0	94.40783769724294	160	17	17	11	Aman-Malhotra		MIT	2022-05-27T08:41:54.000Z	https://github.com/Aman-Malhotra/animate_icons
308	rally_assets	Assets for the app Rally, a Flutter sample app based on the Material study Rally.	3.0.1	94.37749263048379	0	18	19	0	material-components		NOASSERTION	2022-12-07T19:48:40.000Z	https://github.com/material-components/material-components-flutter-codelabs-packages
309	crop	Crop for Flutter. Crop any widget/image in Android, iOS, Web and Desktop with fancy and customizable UI, in 100% pure Dart code.	0.5.4	94.35148257326166	166	221	78	8	xclud	pwa.ir	MIT	2022-12-05T19:10:18.000Z	https://github.com/xclud/flutter_crop
310	flutter_rating_stars	A Flutter package to create Rating Stars bar. It will be useful for your awesome app.	1.0.3+4	94.27345240159528	63	1	4	1	minhhung2556	romanticdeveloper.com	Apache-2.0	2021-11-02T17:25:27.000Z	https://github.com/minhhung2556/romantic_project_flutter_rating_stars
311	flextras	A collection of Flex widgets (Columns and Rows) with additional functionality.	1.0.0	94.23877232529911	72	21	4	4	gskinnerTeam	gskinner.com	MIT	2022-11-07T16:23:15.000Z	https://github.com/gskinnerTeam/flutter-flextras
312	flutter_fortune_wheel	Visualize (random) selection processes with widgets like a spinning wheel of fortune or a fortune bar.	1.2.0	94.22576729668806	171	60	43	7	kevlatus	kevlatus.de	MIT	2022-07-30T19:34:13.000Z	https://github.com/kevlatus/flutter_fortune_wheel
313	gradient_borders	Gradient borders for inputs and containers. Borders package integrated with a basic flutter widgets as a container and input decorations. Easy in use, platform independent.	0.2.0	94.21709727761402	34	6	5	1	obiwanzenobi	warwas.dev	MIT	2022-09-02T11:17:30.000Z	https://github.com/obiwanzenobi/gradient-borders
314	loading_more_list	A loading more list which supports ListView,GridView,WaterfallFlow and Slivers.	5.0.2	94.20409224900294	103	292	42	7	fluttercandies	fluttercandies.com	MIT	2022-08-17T11:39:50.000Z	https://github.com/fluttercandies/loading_more_list
315	shamsi_date	A Flutter and Dart package for using Jalali (Shamsi, Solar, Persian or Jalaali) calendar. You can convert, format and manipulate Jalali and Gregorian (Miladi) date and times.	1.0.1	94.18241720131785	144	63	7	2	FatulM		BSD-3-Clause	2022-11-15T13:28:51.000Z	https://github.com/FatulM/shamsi_date
316	measure_size	A widget that provides a callback that is triggered when its size changes	4.0.0	94.1737471822438	12	4	2	1	mhrst	qrl.app	MIT	2022-06-01T16:00:14.000Z	https://github.com/mhrst/measure_size
317	datadog_flutter_plugin	Flutter bindings and tools for utilizing Datadog Mobile SDks	1.1.1	94.16507716316977	17	17	12	8	DataDog	datadoghq.com	Apache-2.0	2022-12-16T21:24:54.000Z	https://github.com/DataDog/dd-sdk-flutter
318	select_dialog	Package designed to select an item from a list, with the option to filter and even search the items online.	2.0.0	94.14773712502168	75	63	34	9	davidsdearaujo		MIT	2022-01-05T01:35:12.000Z	https://github.com/davidsdearaujo/select_dialog
319	flutter_logs	An extensive filebased logging framework for flutter apps. (ELK Stack Supported)	2.1.10	94.07404196289232	67	29	14	32	umair13adil	umairadil.com	Apache-2.0	2022-11-23T08:55:30.000Z	https://github.com/umair13adil/flutter_logs
320	oauth2_client	Flutter library for interacting with OAuth2 servers, with classes for transparent authorized requests, secure OAuth token storage, automatic token refeshing.	3.0.0	94.06537194381828	133	73	78	49	teranetsrl	teranet.it	BSD-2-Clause	2022-11-08T04:30:00.000Z	https://github.com/teranetsrl/oauth2_client
321	flutter_file_dialog	Dialogs for picking and saving files in Android and in iOS.	2.3.2	94.06103693428125	49	25	20	8	kineapps	kineapps.com	BSD-3-Clause	2022-11-04T13:28:42.000Z	https://github.com/kineapps/flutter_file_dialog
322	kt_dart	This project is a port of kotlin-stdlib for Dart/Flutter projects. It includes collections (KtList, KtMap, KtSet) with 150+ methods as well as other useful packages.	1.0.0	94.0523669152072	149	458	28	6	passsy	pascalwelsch.com	Apache-2.0	2022-10-05T20:22:02.000Z	https://github.com/passsy/kt.dart
323	amplify_authenticator	A prebuilt Sign In and Sign Up experience for the Amplify Auth category	0.2.4	93.99601179122594	20	1128	176	197	aws-amplify	aws-amplify.com	Apache-2.0	2022-12-22T02:27:29.000Z	https://github.com/aws-amplify/amplify-flutter
324	network_image_mock	Utility for providing mocked Image.network response in Flutter widget tests.	2.1.1	93.99167678168891	37	21	12	6	stelynx	stelynx.com	BSD-3-Clause	2022-06-28T07:41:55.000Z	https://github.com/stelynx/network_image_mock
325	flutter_firebase_chat_core	Actively maintained, community-driven Firebase BaaS for chat applications with an optional chat UI.	1.6.4	93.9873417721519	192	172	129	9	flyerhq	flyer.chat	Apache-2.0	2022-10-29T17:35:19.000Z	https://github.com/flyerhq/flutter_firebase_chat_core
326	webview_windows	A WebView2-powered webview implementation for the Windows platform.	0.2.2	93.96566672446679	128	123	64	48	jnschulze	jns.io	BSD-3-Clause	2022-11-26T11:49:29.000Z	https://github.com/jnschulze/flutter-webview-windows
327	image_fade	A widget that displays a placeholder and optional progress indicator while an image loads, then cross-fades to the loaded image. Improves on FadeInImage. Compatible with CachedNetworkImageProvider.	0.6.2	93.95699670539275	39	28	9	5	gskinner	gskinner.com	BSD-2-Clause	2022-12-19T20:25:48.000Z	https://github.com/gskinner/image_fade
328	fake_cloud_firestore	Previously known as cloud_firestore_mocks. Fake implementation of Cloud Firestore. Use this package to unit test apps that use Cloud Firestore.	2.1.0	93.95266169585574	69	95	71	41	atn832	wafrat.com	BSD-2-Clause	2022-12-11T04:47:43.000Z	https://github.com/atn832/fake_cloud_firestore
329	flutter_animarker	Marker Geo-Animation solution for Google Maps.	3.2.0	93.94832668631871	129	51	34	31	gauris26	gaurisjavier.com	BSD-3-Clause	2022-12-05T13:26:31.000Z	https://github.com/gauris26/flutter_animarker
330	dart_vlc	Flutter audio / video playback, broadcast & recording library for Windows & Linux. Based on libvlc.	0.4.0	93.94399167678169	212	416	109	28	alexmercerind		LGPL-2.1	2022-12-01T03:01:49.000Z	https://github.com/alexmercerind/dart_vlc
331	simple_logger	Provides super simple APIs for logging. The log also includes caller info by setting includeCallerInfo to true. On Android Studio, jump to called location by clicking the log.	1.9.0+1	93.93965666724466	77	50	7	1	mono0926	mono0926.com	MIT	2022-11-14T06:42:28.000Z	https://github.com/mono0926/simple_logger
332	credit_card_type_detector	A package that detects credit card types based on the current credit card number patterns	2.0.0	93.90064158141148	52	23	10	0	cholojuanito		MIT	2022-11-01T17:54:23.000Z	https://github.com/cholojuanito/credit_card_type_detector
333	map	Lightweight Map widget for flutter supporting different projections including EPSG4326/Mercator/WGS1984.	1.3.5+1	93.87896653372637	252	100	23	1	xclud	pwa.ir	MIT	2022-12-08T14:37:34.000Z	https://github.com/xclud/flutter_map
334	flutter_advanced_switch	An advanced switch control provides a rich API for widget customization that opens a new look and feel in your app.	3.0.1	93.84862146696723	82	13	3	0	alex-melnyk	alexmelnyk.io	BSD-3-Clause	2022-04-14T20:17:10.000Z	https://github.com/alex-melnyk/flutter_advanced_switch
335	unity_ads_plugin	Unity Ads plugin for Flutter Applications. This plugin is able to display Unity Banner Ads and Unity Video Ads.	0.3.7	93.8442864574302	104	23	11	14	pavelzaichyk	rebeloid.com	MIT	2022-10-16T09:16:25.000Z	https://github.com/pavelzaichyk/flutter_unity_ads
336	tap_debouncer	Tap debounce simplifying widget. Wrap your button widget in TapDebounce widget and any taps will be disabled while tap callback is in progress.	2.0.2	93.83995144789318	77	12	3	0	sla-000		MIT	2022-01-23T20:25:46.000Z	https://github.com/sla-000/flutter_debouncer
337	numeral	A Dart library for Format number into beautiful string, Format the number into a beautiful, readable and short string.	2.0.1	93.82261140974511	43	8	5	0	medz	odroe.com	MIT	2022-07-21T17:15:35.000Z	https://github.com/medz/numeral.dart
338	import_sorter	Automatically organize your dart imports	4.6.0	93.81394139067106	231	138	27	19	fluttercommunity	fluttercommunity.dev	MIT	2022-10-31T06:06:51.000Z	https://github.com/fluttercommunity/import_sorter
339	source_helper	Utilities to help with Dart source code generation. Includes utilities for properly generating String literals from any String value.	1.3.3	93.80093636206	13	9	2	1	google	google.dev	Apache-2.0	2022-10-30T00:39:25.000Z	https://github.com/google/source_helper.dart
340	amplify_core	The base package containing common types and utilities that are shared across the Amplify Flutter packages.	0.6.10	93.78359632391191	36	1128	176	197	aws-amplify	aws-amplify.com	Apache-2.0	2022-12-22T02:27:29.000Z	https://github.com/aws-amplify/amplify-flutter
341	vrouter	A navigation package that makes navigation and routing easy on every platform. Built on top of Navigator 2.	1.2.1	93.76625628576383	298	195	23	29	lulupointu	vrouter.dev	MIT	2022-05-12T08:29:07.000Z	https://github.com/lulupointu/vrouter
342	appwrite	Appwrite is an open-source self-hosted backend server that abstract and simplify complex and repetitive development tasks behind a very simple REST API	8.1.0	93.72724119993065	358	255	64	18	appwrite	appwrite.io	BSD-3-Clause	2022-12-19T21:02:56.000Z	https://github.com/appwrite/sdk-for-flutter
343	time_range_picker	A time range picker for flutter. This widget let's you open a dialog to choose a timeframe with start and end time.	2.2.0	93.69256112363448	125	26	24	10	Chris1234567899		NOASSERTION	2022-07-02T15:38:20.000Z	https://github.com/Chris1234567899/flutter_time_range_picker
344	pausable_timer	A timer implementation that can be paused, resumed and reset.	1.0.0+6	93.68389110456043	51	17	5	2	llucax	llucax.com	BSD-3-Clause	2022-09-02T20:58:21.000Z	https://github.com/llucax/pausable_timer
345	effective_dart	Linter rules corresponding to the guidelines in Effective Dart.	1.3.2	93.67088607594937	127	127	28	0	tenhobi	tenhobi.dev	MIT	2021-06-20T16:27:20.000Z	https://github.com/tenhobi/effective_dart
346	background_location	A Flutter plugin to get location updates in the background for both Android and iOS. Uses CoreLocation for iOS and FusedLocationProvider for Android.	0.8.1	93.63187099011617	279	179	158	39	Almoullim	faultyapp.com	NOASSERTION	2022-11-15T13:25:55.000Z	https://github.com/Almoullim/background_location
347	text_scroll	TextScroll Flutter widget adds text auto-scrolling functionality (marquee text).	0.1.1	93.62320097104214	57	9	3	4	yurii-khi	yurii-khi.dev	MIT	2022-11-14T09:09:42.000Z	https://github.com/yurii-khi/text_scroll
348	pusher_channels_flutter	Pusher Channels Flutter Plugin	2.1.0	93.61886596150512	54	57	40	7	pusher	pusher.com	MIT	2022-10-27T10:39:13.000Z	https://github.com/pusher/pusher-channels-flutter
349	blinking_text	A simple plugin to creating a blinking text. It allows to adjust duration of a blink and number of times text blinks before stopping.	1.0.2	93.58418588520895	23	0	1	2	androideen		MIT	2022-03-30T13:17:21.000Z	https://github.com/androideen/blinking_text
350	cupertino_will_pop_scope	Enables 'onWillPop' callbacks on Cupertino page transitions and improves visual feedback of rejected "Swipe to go back" gestures.	1.2.1	93.57551586613491	39	17	9	0	benPesso	benpesso.com	MIT	2022-07-31T09:44:38.000Z	https://github.com/benPesso/flutter_cupertino_will_pop_scope
351	eventify	A cancellable event emitter which supports context based event driven programming. 	1.0.1	93.56251083752383	33	11	4	0	iMeshAcademy		NOASSERTION	2022-06-16T04:22:31.000Z	https://github.com/iMeshAcademy/EventEmitter
352	dismissible_page	Creates page that is dismissed by swipe gestures, with Hero style animations, Inspired by Facebook, Instagram stories.	0.7.3	93.54950580891278	294	75	27	3	Tkko	fman.ge	NOASSERTION	2022-12-20T12:07:45.000Z	https://github.com/Tkko/Flutter_dismissible_page
353	tiengviet	🇻🇳 Converts vietnamese language sign to unsigned easily. 😍 Give me a string vietnamese language, i will respond you string vietnamese unsigned. 👍	0.5.0	93.53650078030171	72	16	1	0	tvc12	4pet.social	BSD-3-Clause	2021-03-27T14:06:50.000Z	https://github.com/tvc12/tiengviet
354	ua_client_hints	Provide User-Agent Client Hints to Flutter.	1.1.3	93.50182070400554	23	40	10	9	wasabeef	wasabeef.jp	MIT	2022-12-18T17:18:42.000Z	https://github.com/wasabeef/flutter_ua_client_hints
355	is_first_run	A simple package to check if it is the first time the app runs.	1.0.0	93.4931506849315	65	6	2	1	JulianAssmann		BSD-3-Clause	2022-07-20T17:58:55.000Z	https://github.com/JulianAssmann/flutter_is_first_run
356	charset_converter	Charset/encoding converter that uses underlying platform - no external dependencies	2.1.1	93.46280561817237	39	15	11	7	pr0gramista	pr0gramista.pl	BSD-3-Clause	2022-12-20T11:42:34.000Z	https://github.com/pr0gramista/charset_converter
357	data_connection_checker_tv	A pure Dart library that checks for internet by opening a socket to a list of specified addresses, each with individual port and timeout. Defaults are provided for convenience.	0.3.5-nullsafety	93.41945552280215	26	2	0	0	thorved		NOASSERTION	2021-05-15T16:48:21.000Z	https://github.com/thorved/data_connection_checker
358	flutter_js	A Javascript engine to use with flutter. It uses Quickjs on Android and JavascriptCore on IOS	0.6.0	93.40211548465408	186	329	75	32	abner		MIT	2022-12-21T12:22:09.000Z	https://github.com/abner/flutter_js
359	flutter_acrylic	Window acrylic, mica & transparency effects for Flutter on Windows, macOS & Linux.	1.0.0+2	93.39344546558003	297	433	37	9	alexmercerind		MIT	2022-12-05T08:19:20.000Z	https://github.com/alexmercerind/flutter_acrylic
360	flutter_acpcore	Official Adobe Experience Platform support for Flutter apps. The Mobile Core represents the core Adobe Experience Platform SDK that is required for every app implementation.	2.0.1	93.38044043696895	4	3	10	0	adobe	adobe.com	Apache-2.0	2022-01-26T23:50:26.000Z	https://github.com/adobe/flutter_acpcore
361	intl_translation	Contains code to deal with internationalized/localized messages, date and number formatting and parsing, bi-directional text, and other internationalization issues.	0.18.0	93.31975030345066	68	117	182	28	dart-lang	dart.dev	BSD-3-Clause	2022-12-21T10:13:24.000Z	https://github.com/dart-lang/intl_translation
362	country_state_city_picker	A flutter package for showing a country, states, and cities. In addition it gives the possibility to select a list of favorites countries.	1.2.8	93.29807525576557	60	18	38	14	prof22		BSD-3-Clause	2022-11-18T06:20:39.000Z	https://github.com/prof22/country_state_city_picker
363	sentry_logging	An integration which adds support for recording log from the logging package.	6.18.1	93.27640020808046	6	603	160	82	getsentry	sentry.io	MIT	2022-12-21T12:55:31.000Z	https://github.com/getsentry/sentry-dart
364	wiredash	Wiredash is an interactive user feedback tool for Flutter apps.	1.5.0	93.27206519854344	208	404	46	34	wiredashio	wiredash.io	NOASSERTION	2022-11-22T10:39:36.000Z	https://github.com/wiredashio/wiredash-sdk
365	amplify_analytics_pinpoint	The Amplify Flutter Analytics category plugin using the AWS Pinpoint provider.	0.6.10	93.2633951794694	16	1128	176	197	aws-amplify	aws-amplify.com	Apache-2.0	2022-12-22T02:27:29.000Z	https://github.com/aws-amplify/amplify-flutter
366	flutter_settings_screens	A Simple plugin to implement settings UI screens for your flutter apps. Customize what you want, From UI elements, behaviour or underlying storage library.	0.2.2+1	93.23305011271025	161	145	61	27	GAM3RG33K		MIT	2022-12-21T02:12:48.000Z	https://github.com/GAM3RG33K/flutter_settings_screens
367	firebase_auth_mocks	Fakes for Firebase Auth. Use this package with `google_sign_in_mocks` to write unit tests involving Firebase Authentication.	0.9.2	93.2027050459511	56	23	51	8	atn832	wafrat.com	BSD-2-Clause	2022-11-30T23:17:14.000Z	https://github.com/atn832/firebase_auth_mocks
368	webengage_flutter	WebEngage Flutter plugin.	1.2.1	93.18970001734004	9	4	17	6	WebEngage		NOASSERTION	2022-10-31T14:47:50.000Z	https://github.com/WebEngage/webengage-flutter
369	instabug_flutter	Instabug empowers mobile teams to monitor, prioritize, and debug  performance and stability issues throughout the app development lifecycle. 	11.5.0	93.17235997919195	32	148	38	5	Instabug	instabug.com	MIT	2022-12-22T05:43:27.000Z	https://github.com/Instabug/Instabug-Flutter
370	plaid_flutter	Plaid Link for Flutter. Integrates the native iOS, Android and Web SDKs.	3.0.0	93.1636899601179	58	45	30	4	jorgefspereira		MIT	2022-11-21T17:10:30.000Z	https://github.com/jorgefspereira/plaid_flutter
371	flutter_acpanalytics	Official Adobe Experience Platform support for Flutter apps. The Analytics extension allows for integration with Adobe Analytics.	2.0.1	93.15068493150685	5	3	8	1	adobe	adobe.com	Apache-2.0	2022-09-14T15:50:17.000Z	https://github.com/adobe/flutter_acpanalytics
372	touchable	Flutter library to add various gesture callbacks to each Shape you draw on your canvas in your CustomPainter	1.0.2	93.14634992196983	178	188	51	23	nateshmbhat		MPL-2.0	2022-10-07T21:50:26.000Z	https://github.com/nateshmbhat/touchable
373	photo_gallery	A Flutter plugin that retrieves images and videos from mobile native gallery.	1.1.1	93.13334489335875	81	32	25	21	Firelands128		BSD-3-Clause	2022-12-08T17:05:55.000Z	https://github.com/Firelands128/photo_gallery
374	gql_dio_link	Similar to gql_http_link, gql_dio_link is a GQL Terminating Link to execute requests via Dio using JSON	0.2.4	93.0813247789145	20	240	100	57	gql-dart	gql-dart.dev	MIT	2022-12-21T18:48:29.000Z	https://github.com/gql-dart/gql
375	phosphor_flutter	Implementation of Phosphoricons for Flutter. 772 icons and counting. Thin, Light, Regular, Bold, Fill.	1.4.0	93.05964973122941	51	53	2	4	phosphor-icons	phosphoricons.com	MIT	2021-12-24T07:21:29.000Z	https://github.com/phosphor-icons/phosphor-flutter
376	spider	A small dart command-line tool for generating dart references of assets from the assets folder.	4.1.0	93.03363967400729	211	159	14	10	BirjuVachhani	birju.dev	Apache-2.0	2022-11-16T12:47:35.000Z	https://github.com/BirjuVachhani/spider
377	web_browser_detect	Flutter Web browser detection package. This package allows you to detect which browser and its version is in use.	2.0.3	93.02496965493324	10	5	1	2	tomaschyly	tomas-chyly.com	MIT	2022-06-02T05:55:06.000Z	https://github.com/tomaschyly/web_browser_detect
378	slang	Localization / Internationalization (i18n) solution. Use JSON, YAML or CSV files to create typesafe translations via source generation.	3.7.0	93.00329460724814	82	184	18	10	Tienisto	tienisto.com	MIT	2022-12-19T15:54:13.000Z	https://github.com/Tienisto/slang
379	braze_plugin	This is the Braze plugin for Flutter. Effective marketing automation is an essential part of successfully scaling and managing your business.	3.0.1	92.97728455002601	26	13	14	5	braze-inc	braze.com	NOASSERTION	2022-12-21T23:25:39.000Z	https://github.com/braze-inc/braze-flutter-sdk
380	decorated_icon	A lightweight, efficient icon widget that supports a list of shadow effects.	1.2.1	92.972949540489	69	8	5	0	benPesso	benpesso.com	MIT	2021-07-04T06:35:38.000Z	https://github.com/benPesso/flutter_decorated_icon
381	http_proxy	http proxy plugin,get and set http proxy automatically.This package help you to use proxy tools.	1.2.1	92.95127449280388	23	8	12	4	wslaimin		MIT	2022-10-27T10:20:08.000Z	https://github.com/wslaimin/http_proxy
382	timing	A simple package for tracking the performance of synchronous and asynchronous actions.	1.0.0	92.94693948326686	14	10	5	2	dart-lang	tools.dart.dev	BSD-3-Clause	2022-11-09T23:30:57.000Z	https://github.com/dart-lang/timing
383	another_stepper	A flutter package to create easily customizable Horizontal and Vertical stepper.	1.1.6	92.92959944511878	37	8	5	0	RajnishOnly		MIT	2022-11-14T14:54:04.000Z	https://github.com/BlackNoir1/another_stepper
384	gql_link	A simple and modular AST-based GraphQL request execution interface.	0.5.0+1	92.90358938789666	16	240	100	57	gql-dart	gql-dart.dev	MIT	2022-12-21T18:48:29.000Z	https://github.com/gql-dart/gql
385	dio_logging_interceptor	Logging interceptor for DIO	1.0.1	92.87757933067454	9	1	2	2	granoeste		Apache-2.0	2022-07-08T07:23:58.000Z	https://github.com/granoeste/dio_logging_interceptor
386	material	Set of material design icons packed in a single ttf font file. Works on all platforms.	1.0.0+2	92.8732443211375	11	1	2	0	xclud		MIT	2021-05-25T20:29:52.000Z	https://github.com/xclud/flutter_material
387	draggable_widget	A flutter package which will help you to create a draggable widget that can be dragged around the screen.	2.0.0	92.86890931160049	78	31	17	2	adar2378	theadar.xyz	MIT	2021-08-12T06:09:31.000Z	https://github.com/adar2378/draggable_widget
388	walletconnect_dart	Open protocol for connecting decentralised applications to mobile wallets with QR code scanning or deep linking.	0.0.11	92.86023929252644	91	87	52	27	RootSoft		MIT	2022-11-05T16:26:26.000Z	https://github.com/RootSoft/walletconnect-dart-sdk
389	form_builder_image_picker	Images picker field for FlutterFormBuilder. Get images from gallery or camera	3.1.0	92.85156927345241	41	22	44	8	flutter-form-builder-ecosystem	flutterformbuilderecosystem.com	BSD-3-Clause	2022-11-20T19:29:04.000Z	https://github.com/flutter-form-builder-ecosystem/form_builder_image_picker
390	camera_camera	The easy plugin camera for your project, platforms Android and iOS.	2.0.2	92.84723426391538	150	96	80	29	gabuldev	gabul.dev	MIT	2022-10-09T02:35:47.000Z	https://github.com/gabuldev/camera_camera
391	kana_kit	A Dart library for for detecting and transliterating Hiragana, Katakana, and Romaji.	2.0.0	92.83856424484134	24	25	5	4	jeroen-meijer	jfk.dev	MIT	2022-06-06T00:39:41.000Z	https://github.com/jeroen-meijer/kana_kit
392	dartdoc	A non-interactive HTML documentation generator for Dart source code.	6.1.5	92.82989422576729	116	415	113	259	dart-lang	tools.dart.dev	BSD-3-Clause	2022-12-20T05:39:05.000Z	https://github.com/dart-lang/dartdoc
393	drop_down_list	A drop down list with single and multiple selection that will work with search.	0.0.4	92.78220912086007	142	47	15	3	Mindinventory	mindinventory.com	MIT	2022-12-14T16:42:18.000Z	https://github.com/Mindinventory/drop_down_list
394	flutter_libserialport	A simple wrapper around libserialport utilizing Flutter's build system to build and deploy the C-library for the target platform.	0.3.0	92.75186405410092	69	88	35	40	jpnurmi		MIT	2022-03-05T14:09:01.000Z	https://github.com/jpnurmi/flutter_libserialport
395	gql_exec	Basis for GraphQL execution layer to support Link and Client.	0.4.3	92.7475290445639	0	240	100	57	gql-dart	gql-dart.dev	MIT	2022-12-21T18:48:29.000Z	https://github.com/gql-dart/gql
396	slang_flutter	Flutter support for slang. This library provides helpful Flutter API.	3.7.0	92.73885902548986	2	184	18	10	Tienisto	tienisto.com	MIT	2022-12-19T15:54:13.000Z	https://github.com/Tienisto/slang
397	dio_logger	Simple logging library for DIO requests. Prints request and response information to a console.	4.0.8+8	92.63915380613838	18	6	3	0	Defuera		BSD-3-Clause	2022-10-31T09:21:19.000Z	https://github.com/Defuera/dio_logger
398	easy_web_view	A super simple webview for Flutter Web, Mobile and Desktop	1.6.0	92.6261487775273	162	479	83	1	rodydavis	rodydavis.com	MIT	2022-06-06T06:25:06.000Z	https://github.com/rodydavis/plugins
399	copy_with_extension_gen	Automatically generating `copyWith` extensions code for classes with `@CopyWith()` annotation.	5.0.0	92.61747875845326	122	57	23	8	numen31337	oleksandrkirichenko.com	MIT	2022-12-02T23:18:09.000Z	https://github.com/numen31337/copy_with_extension
400	system_theme	A plugin to get the current system theme info. Supports Android, Web and Windows	2.0.0	92.61314374891624	36	23	7	5	bdlukaa	bdlukaa.dev	BSD-3-Clause	2022-04-03T19:37:20.000Z	https://github.com/bdlukaa/system_theme
401	responsive_grid_list	A Flutter plugin to create responsive grid lists using ListView.builder() or SliverList with a SliverChildBuilderDelegate.	1.3.0	92.60447372984221	40	11	7	0	hauketoenjes	htoenjes.de	BSD-3-Clause	2022-09-07T13:32:13.000Z	https://github.com/hauketoenjes/responsive_grid_list
402	awesome_notifications_fcm	Awesome Notifications add-on plugin to send push notifications through Firebase Cloud Messaging, enabling all awesome notifications features.	0.7.4+1	92.59146870123114	42	7	7	7	rafaelsetragni	carda.me	NOASSERTION	2022-11-09T21:20:38.000Z	https://github.com/rafaelsetragni/awesome_notifications_fcm
403	loading_gifs	Loading indicator GIFs. Material and Cupertino (Android and iOS) loading indicators in assorted sizes. Use as placeholders for loading remote image assets.	0.3.0	92.54378359632392	74	30	6	2	Codelessly	codelessly.com	0BSD	2021-03-04T22:54:25.000Z	https://github.com/Codelessly/FlutterLoadingGIFs
404	cupertino_stepper	Stepper is a widget that displays progress through a sequence of steps. This is a Cupertino version of the stock Material Stepper in Flutter.	0.2.1	92.5004335009537	177	18	12	1	jpnurmi		BSD-3-Clause	2021-12-11T08:35:57.000Z	https://github.com/jpnurmi/cupertino_stepper
405	stream_chat_flutter_core	Stream Chat official Flutter SDK Core. Build your own chat experience using Dart and Flutter.	5.1.0	92.49176348187966	41	657	239	73	GetStream	getstream.io	NOASSERTION	2022-12-21T15:33:43.000Z	https://github.com/GetStream/stream-chat-flutter
406	flutter_session_manager	Easy to use session wrapper that adds support to session storage and management in flutter.	1.0.3	92.48309346280563	12	2	0	0	edumigueis		MIT	2021-11-12T19:13:27.000Z	https://github.com/edumigueis/flutter_session_manager
407	gql_transform_link	GQL Link to transform Requests and Responses. May be used to update context, document, variables, data, errors, etc.	0.2.2+1	92.4787584532686	0	240	100	57	gql-dart	gql-dart.dev	MIT	2022-12-21T18:48:29.000Z	https://github.com/gql-dart/gql
408	week_of_year	Adds extension method to get the ISO 8601 week of year from a date	2.0.0	92.47442344373158	32	12	1	1	KadaDev	kada.se	BSD-3-Clause	2021-03-28T17:15:40.000Z	https://github.com/KadaDev/week_of_year
409	shrink_sidemenu	A Side Menu plugin for flutter and compatible with liquid ui.	2.0.0+2-null-safety	92.46575342465754	208	18	12	9	raj457036	stackorient.com	MIT	2022-09-30T06:19:04.000Z	https://github.com/raj457036/shrink_sidemenu_flutter
410	expand_tap_area	Manually expand the tap area of a widget without changing its size or layout. Similar with the hitTest in iOS development.	1.1.1	92.44407837697243	32	35	5	2	malikwang	malikwang.com	MIT	2022-06-14T08:50:41.000Z	https://github.com/malikwang/expand_tap_area
411	weekday_selector	A collection of Flutter widgets and classes to help you select weekdays in your apps. Perfect for recurring events, alarms.	1.1.0	92.43974336743541	91	37	9	3	smaho-engineering	smaho.dev	BSD-3-Clause	2022-10-30T18:48:05.000Z	https://github.com/smaho-engineering/weekday_selector
412	internet_connection_checker_plus	A pure Dart library that checks for internet by opening a socket to a list of specified addresses, each with individual port and timeout.	1.0.1	92.42673833882435	14	3	1	0	OutdatedGuy	outdatedguy.rocks	NOASSERTION	2022-06-22T22:12:43.000Z	https://github.com/OutdatedGuy/internet_connection_checker_plus
413	jovial_svg	SVG - Robust rendering of Scalable Vector Graphic images, supporting a well-defined profile of SVG and a fast-loading binary storage format.	1.1.7	92.4180683197503	116	54	5	4	zathras	jovial.com	BSD-3-Clause	2022-12-03T19:17:10.000Z	https://github.com/zathras/jovial_svg
414	collapsible_sidebar	A collapsible sidebar for Flutter apps implementing the Material Design.	2.0.3+2	92.37471822438009	269	121	46	14	DrunkOnBytes		Apache-2.0	2022-12-04T23:06:42.000Z	https://github.com/DrunkOnBytes/flutter_collapsible_sidebar
415	throttling	Contain "throttling" and "debouncing" async helper classes with listeners	1.0.0	92.37038321484307	25	35	3	0	PlugFox	plugfox.dev	MIT	2021-03-08T13:16:46.000Z	https://github.com/PlugFox/throttling
416	unsplash_client	Unsplash provides free high-resolution photos. This is a client for their REST API.	2.1.0+3	92.34870816715797	45	17	5	5	blaugold	gabriel.terwesten.net	BSD-3-Clause	2022-11-16T22:27:39.000Z	https://github.com/blaugold/unsplash_client
417	firebase_core_desktop	Desktop implementation of firebase_core	1.0.2	92.34003814808392	37	287	36	18	invertase	invertase.io	NOASSERTION	2022-11-05T03:27:18.000Z	https://github.com/invertase/flutterfire_desktop
418	another_transformer_page_view	Yet another pageTransformer for flutter with null-safety support	2.0.1	92.30969308132478	31	3	4	2	juliansteenbakker	steenbakker.dev	MIT	2022-11-09T08:00:46.000Z	https://github.com/juliansteenbakker/another_transformer_page_view
419	crypton	A simple Dart library for asymmetric encryption and digital signatures	2.1.0	92.30535807178775	51	28	9	2	konstantinullrich	konstantinullrich.de	MIT	2022-10-28T11:44:43.000Z	https://github.com/konstantinullrich/crypton
420	swipe	The easy way to detect swipe up, down, left and right in Flutter.	0.0.1	92.26634298595457	36	4	4	1	salkuadrat		MIT	2021-11-06T19:30:00.000Z	https://github.com/salkuadrat/swipe
421	uri	Utilities for building and parsing URIs, including support for parsing URI templates as defined in RFC 6570.	1.0.0	92.24033292873244	18	70	51	8	google	google.dev	BSD-3-Clause	2022-07-14T13:38:15.000Z	https://github.com/google/uri.dart
422	dynamic_themes	Allows you to specify a number of color themes for the user to choose from. Persits the selected theme across app restarts.	1.1.0	92.20565285243627	31	8	2	3	JulianAssmann		MIT	2022-01-08T17:06:10.000Z	https://github.com/JulianAssmann/flutter_dynamic_themes
423	map_picker	A lovely Flutter package for creating pin in map center and animate it with a map movement so the user can select his location.	0.0.3	92.20131784289926	97	16	11	4	akbarpulatov		MIT	2021-09-15T13:23:14.000Z	https://github.com/akbarpulatov/flutter_map_picker
424	flutter_painter	A Flutter widget to draw scribbles, text, shapes and images on a background image or color	1.0.1	92.19264782382521	113	78	36	17	omarhurani		MIT	2022-10-27T19:17:57.000Z	https://github.com/omarhurani/flutter_painter
425	ar_flutter_plugin	Flutter Plugin for creating (collaborative) Augmented Reality experiences - Supports ARKit for iOS and ARCore for Android devices.	0.7.3	92.18831281428818	213	217	119	61	CariusLars	lars.carius.io	MIT	2022-12-19T15:34:39.000Z	https://github.com/CariusLars/ar_flutter_plugin
426	ai_barcode	barcode,qrcode,scan,scanning,Barcode generation,Barcode scanning,qrcode,qrcode generation,qrcode creator	3.2.4	92.18397780475117	124	108	69	32	pdliuw		BSD-3-Clause	2022-10-12T16:42:15.000Z	https://github.com/pdliuw/ai_barcode
427	gql_error_link	GQL Link to handle execution errors and exceptions	0.2.3+1	92.17530778567713	1	240	100	57	gql-dart	gql-dart.dev	MIT	2022-12-21T18:48:29.000Z	https://github.com/gql-dart/gql
428	awesome_bottom_bar	Awesome Bottom Bar	1.2.1	92.15796774752904	39	4	7	1	AppCheap	appcheap.io	BSD-3-Clause	2022-08-22T11:51:55.000Z	https://github.com/AppCheap/awesome_bottom_bar
429	lazy_load_indexed_stack	A package that extends IndexedStack to allow for lazy loading.	0.1.4	92.14496271891798	43	18	3	0	okaryo	okaryo.io	MIT	2022-06-14T11:05:24.000Z	https://github.com/okaryo/lazy_load_indexed_stack
430	barcode_image	Barcode generation library for Dart that can generate barcodes using the image library.	2.0.2	92.11895266169586	46	89	26	7	DavBfr	nfet.net	Apache-2.0	2022-12-07T16:49:31.000Z	https://github.com/DavBfr/dart_barcode
431	miniplayer	A lightweight flutter package to simplify the creation of a miniplayer.	1.0.1	92.09294260447372	246	80	48	11	peterscodee	peterscode.dev	MIT	2022-12-22T04:06:12.000Z	https://github.com/peterscodee/miniplayer
432	google_static_maps_controller	The package provides simple and declarative access to the Google Static Maps service.	1.0.0	92.07993757586267	39	15	6	1	gonuit	klyta.it	MIT	2022-04-07T17:25:32.000Z	https://github.com/gonuit/flutter_google_static_maps
433	shelf_cors_headers	CORS headers middleware for Shelf.	0.1.4	92.06259753771458	22	6	2	1	lenniezelk		MIT	2022-09-27T11:09:12.000Z	https://github.com/lenniezelk/shelf-cors-headers
434	ios_utsname_ext	Extension method for translation ios utsname to full product name.	2.2.0	92.03658748049246	14	4	0	0	stefandevo	stefandevo.dev	MIT	2022-11-04T17:19:48.000Z	https://github.com/stefandevo/flutter-ios-utsname-ext
435	smart_auth	Wrapper of Android SMS User Consent API, SMS Retriever API to read one time sms code, get/save/delete user phone number, OTP, OTC, sms autofill, android autofill	1.0.6	92.01924744234438	32	13	5	4	Tkko	fman.ge	MIT	2022-10-06T15:15:28.000Z	https://github.com/Tkko/flutter_smart_auth
436	painter	A simple widget to paint with your fingers. Supports setting a background color, undo and export to png!	2.0.0	92.01491243280735	161	132	62	15	EPNW	epnw.eu	NOASSERTION	2022-02-07T04:20:13.000Z	https://github.com/EPNW/painter
437	flutter_web_frame	Make Limit content size in Flutter Web/Desktop/PWA, Make your app that doesn't support responsiveness more focused on content	0.0.3	92.01057742327033	36	7	1	4	wisnuwiry		MIT	2022-05-18T06:07:57.000Z	https://github.com/wisnuwiry/flutter_web_frame
438	profanity_filter	Simple filter to check and censor strings against profanity, obscene words. A default English words list is provided (LDNOOBW).	2.0.0	91.98890237558523	72	13	7	3	roshanrahman		BSD-2-Clause	2021-06-29T16:56:38.000Z	https://github.com/roshanrahman/profanity_filter
439	side_navigation	Provides Flutter navigation by using a sidemenu similar to Drawer or BottomNavigationBar.	1.0.4	91.98023235651118	82	11	6	1	jksevend		MIT	2022-11-05T11:19:01.000Z	https://github.com/jksevend/side_navigation
440	azure_application_insights	A Dart client to integrate with Azure's Application Insights service	3.1.0	91.96722732790012	29	7	5	0	kentcb	kent-boogaart.com	MIT	2022-11-26T00:14:55.000Z	https://github.com/kentcb/azure_application_insights
441	datadog_tracking_http_client	A wrapping implementation of HttpClient for tracking resources with Datadog	1.1.0	91.9628923183631	3	17	12	8	DataDog	datadoghq.com	Apache-2.0	2022-12-16T21:24:54.000Z	https://github.com/DataDog/dd-sdk-flutter
442	polylabel	A fast algorithm for finding polygon pole of inaccessibility implemented as a Dart library.  Useful for optimal placement of a text label on a polygon.	1.0.1	91.95855730882609	7	2	2	0	beroso	beroso.dev	BSD-3-Clause	2022-08-15T15:26:33.000Z	https://github.com/beroso/dart_polylabel
443	flutter_rust_bridge	High-level memory-safe binding generator for Flutter/Dart <-> Rust	1.56.0	91.94555228021501	115	2080	124	52	fzyzcjy	cjycode.com	MIT	2022-12-22T00:12:27.000Z	https://github.com/fzyzcjy/flutter_rust_bridge
444	animated_snack_bar	Easily show beautiful snack bars directly using overlays. Create custom snack bars and show them with awesome animations.	0.3.0	91.92387723252992	29	10	4	2	JulyWitch		GPL-3.0	2022-09-10T04:12:43.000Z	https://github.com/JulyWitch/animated_snack_bar
445	vs_scrollbar	Customizable ScrollBar that can be dragged for quick navigation supporting both Horizontal and Vertical list.	0.2.1	91.86318709901163	54	9	7	3	VickySalunkhe	vickysalunkhe.in	MIT	2021-06-27T06:41:34.000Z	https://github.com/VickySalunkhe/vs_scrollbar
446	fast_contacts	A faster way of accessing device's contacts list	1.2.0	91.8588520894746	25	5	5	1	s0nerik	sonerik.dev	MIT	2022-12-21T15:39:06.000Z	https://github.com/s0nerik/fast_contacts
447	is_lock_screen	Detects if device is in lock screen. Useful for determining whether app entered background due to locking screen or leaving app.	2.0.0	91.85451707993758	32	4	2	3	chihimng	chihimng.com	MIT	2021-04-07T16:55:54.000Z	https://github.com/chihimng/flutter_is_lock_screen
448	linkedin_login	Library for login with LinkedIn OAuth V2 service. This library helps you to implement authorization with LinkedIn OAuth API's.	2.2.1	91.81983700364141	43	34	35	4	d3xt3r2909		MIT	2022-11-18T11:25:29.000Z	https://github.com/d3xt3r2909/linkedin_login
449	tab_container	Animated and customisable tab view widget. It's self-contained, so you can just pass in children and tabs, or also use a controller, change the tab side, add color(s), and more.	2.0.0	91.7981619559563	148	11	2	10	sourcemain	elew.dev	MIT	2022-12-18T02:31:51.000Z	https://github.com/sourcemain/tab_container
450	get_time_ago	A Flutter package to convert and format `DateTime` object into `get_time_ago` format to get String like `10 seconds ago`, `a minute ago`, `7 hours ago`, etc.	1.2.0	91.78515692734524	60	17	13	2	nixrajput	nixlab.co.in	GPL-3.0	2022-12-19T14:46:19.000Z	https://github.com/nixrajput/get-time-ago
451	flutter_shimmer	it creating Shimmer effect that indicate a loading status, so instead of using ProgressBar or usual loader use Shimmer for a better design and user interface.	2.1.2	91.76781688919715	171	41	8	0	skaran921		NOASSERTION	2021-09-23T11:22:24.000Z	https://github.com/skaran921/flutter_shimmer
452	material_color_generator	A package for generating a material color palette with HEX Color.	1.1.0	91.75481186058609	26	5	0	0	berkanaslan	berkanaslan.com	BSD-2-Clause	2022-12-16T08:46:38.000Z	https://github.com/berkanaslan/material-color-generator
453	light_compressor	A powerful and easy-to-use video compression plugin for Flutter.	2.0.1	91.74614184151206	89	38	18	10	AbedElazizShe		MIT	2022-12-13T17:02:29.000Z	https://github.com/AbedElazizShe/light_compressor
454	camerawesome	Easiest Flutter camera Plugin supporting capturing images, streaming images, video recording, switch sensors, autofocus, flash... on Android and iOS	0.3.3	91.71146176521589	382	485	68	27	Apparence-io	apparence.io	MIT	2022-12-21T14:27:01.000Z	https://github.com/Apparence-io/camera_awesome
455	ftpconnect	Simple and robust dart FTP Connect Library to interact with FTP Servers.	2.0.2	91.70279174614184	78	49	27	5	salim-lachdhaf	salimdev.ovh	MIT	2022-11-20T17:43:55.000Z	https://github.com/salim-lachdhaf/ftpConnect
456	isar_generator	Code generator for the Isar Database. Finds classes annotated with @Collection.	3.0.5	91.6941217270678	13	2021	160	53	isar	isar.dev	Apache-2.0	2022-12-21T12:48:17.000Z	https://github.com/isar/isar
457	connectivity_wrapper	A new Flutter package which provides network-aware widgets.It allows Flutter apps provide feedback on your app when it's not connected to it, or when there's no connection.	1.1.1	91.68111669845673	81	18	23	2	ProjectAJ14	dart.nonstopio.com	NOASSERTION	2022-12-21T07:35:08.000Z	https://github.com/ProjectAJ14/connectivity_wrapper
458	hashtagable	Widgets and functions to implement hashtag decorated text. Decorates the words which start with `#` like a Twitter.	2.1.0	91.66377666030866	125	27	35	19	santa112358	3tadev.work	MIT	2022-04-22T15:56:03.000Z	https://github.com/santa112358/hashtagable
459	linter	The implementation of the lint rules supported by the analyzer framework. This package is not intended to be used directly.	1.30.0	91.65510664123461	67	559	158	672	dart-lang	tools.dart.dev	BSD-3-Clause	2022-12-22T05:37:52.000Z	https://github.com/dart-lang/linter
460	environment_config	Environment specific config generator. Allows to specify env configuration during CI/CD build. Primarily created to simplify Flutter build configuration	3.1.0	91.61609155540143	81	86	7	8	TatsuUkraine		BSD-3-Clause	2022-05-26T10:57:47.000Z	https://github.com/TatsuUkraine/dart_environment_config
461	rnd	Extension methods & helpers for Random, and a globally accessible instance. Ex. rnd(10), rnd.getItem(list), rnd.getBit(0.8).	0.2.0	91.60742153632738	8	19	4	1	gskinner	gskinner.com	BSD-2-Clause	2022-03-23T03:07:07.000Z	https://github.com/gskinner/dart_rnd
462	model_viewer_plus	A Flutter widget for rendering interactive 3D models in the glTF and GLB formats.	1.4.0	91.5900814981793	74	34	25	20	omchiii		Unlicense	2022-12-08T08:43:11.000Z	https://github.com/omchiii/model_viewer_plus.dart
463	flutter_glow	complete and easy to use flutter glow ui kit that help you to create and use glow widgets. also you can create your own GlowTheme.	0.2.0	91.58141147910526	103	19	3	4	payam-zahedi	payamzahedi.com	BSD-3-Clause	2022-06-20T12:16:45.000Z	https://github.com/payam-zahedi/flutter-glow
464	scidart	Cross-platform scientific library for Dart. The main goal of SciDart is run where Dart can run, in other words, run on Flutter, Dart CLI, Dart web, etc.	0.0.2-dev.12	91.56407144095718	93	139	18	3	scidart		Apache-2.0	2022-12-21T23:26:48.000Z	https://github.com/scidart/scidart
465	reactive_multi_image_picker	Wrapper around multi_image_picker to use with reactive_forms	0.8.0	91.53806138373504	2	47	23	2	artflutter		MIT	2022-12-15T16:51:57.000Z	https://github.com/artflutter/reactive_forms_widgets
466	basics	A Dart library containing convenient extension methods on basic Dart objects.	0.9.0	91.51205132651292	76	150	14	3	google	google.dev	BSD-3-Clause	2022-11-01T15:09:23.000Z	https://github.com/google/dart-basics
467	weather_icons	Flutter library for using erikflowers/weather-icons. An icon pack with over 200 weather themed icons.	3.0.0	91.49904629790186	63	12	6	9	worldturtlemedia		MIT	2022-12-09T18:25:46.000Z	https://github.com/worldturtlemedia/weather_icons
468	styled_divider	Divider widget with different line styles.	1.0.4	91.48170625975376	0	1	0	0	KevinVan720		MIT	2022-12-05T07:41:16.000Z	https://github.com/KevinVan720/styled_divider
469	dart_geohash	A simple encode, decode, and neighbor finder for longitude/latitude and geohash.	2.0.2	91.46870123114272	28	6	11	0	nfrawley93	frawley.me	MIT	2022-02-02T01:41:03.000Z	https://github.com/nfrawley93/dart_geohash
470	cupertino_list_tile	This is a Cupertino version of the stock Material ListTile in Flutter.	0.2.1	91.46436622160569	34	12	11	1	jpnurmi		BSD-3-Clause	2021-12-10T12:51:09.000Z	https://github.com/jpnurmi/cupertino_list_tile
471	http2	A HTTP/2 implementation in Dart.	2.0.1	91.45136119299463	51	137	43	24	dart-lang	dart.dev	BSD-3-Clause	2022-12-15T02:04:06.000Z	https://github.com/dart-lang/http2
472	status_change	Status Change Package	2.0.0	91.43402115484655	280	42	29	1	usamaaelgendy		NOASSERTION	2021-12-08T10:40:34.000Z	https://github.com/UsamaElgendy/status_change
473	flutter_bounceable	A simple, interactive and customizable on-tap bounce animation that can be wrapped on any widgets that you like.	1.0.3	91.4036760880874	106	16	1	2	MingSern		MIT	2022-07-25T07:21:53.000Z	https://github.com/MingSern/flutter_bounceable
474	linear_progress_bar	Flutter and Dart advanced linear progress indicator like Native Android Progress Bar	1.1.0	91.39067105947633	22	1	0	0	Angopapo	angopapo.com	BSD-2-Clause	2022-03-03T14:36:03.000Z	https://github.com/Angopapo/linear_progress_bar
475	ios_insecure_screen_detector	A flutter plugin to detect the screenshot and screen recording on iOS.	0.0.2	91.3863360499393	10	3	1	0	crackerli		BSD-3-Clause	2021-09-16T12:55:23.000Z	https://github.com/crackerli/flutter_ios_insecure_screen_detector
476	dart_frog	A fast, minimalistic backend framework for Dart built by Very Good Ventures.	0.3.1	91.3820010404023	377	1029	65	18	VeryGoodOpenSource	verygood.ventures	MIT	2022-12-22T06:02:09.000Z	https://github.com/VeryGoodOpenSource/dart_frog
477	flutter_xupdate	A Flutter plugin for XUpdate(Android Version Update Library).	2.0.3	91.37333102132826	57	232	65	7	xuexiangjys	xuexiangjys.club	Apache-2.0	2022-12-04T14:51:38.000Z	https://github.com/xuexiangjys/flutter_xupdate
478	baseflow_plugin_template	A template for plugin examples	2.1.1	91.36032599271718	1	3	1	1	Baseflow		MIT	2022-09-13T07:30:10.000Z	https://github.com/Baseflow/baseflow_plugin_template
479	particle_field	A Flutter Widget for adding high performance custom particle effects to your UI.	0.0.1+1	91.34732096410612	32	5	0	0	gskinner	gskinner.com	BSD-3-Clause	2022-09-19T20:33:58.000Z	https://github.com/gskinner/particle_field
480	flutter_iconpicker	A Dialog for picking Icons in Flutter and use them anywhere. Can be used as a default Dialog or as a Adaptive Dialog.	3.2.2	91.3039708687359	81	91	56	2	Ahmadre	ahmadre.com	MIT	2022-11-01T17:59:33.000Z	https://github.com/Ahmadre/FlutterIconPicker
481	firebase_pagination	A flutter package to paginate realtime database and firestore with realtime updates.	3.0.0	91.29530084966187	13	2	1	0	OutdatedGuy	outdatedguy.rocks	BSD-3-Clause	2022-11-19T16:17:53.000Z	https://github.com/OutdatedGuy/firebase_pagination
482	download	Cross-Platform file downloader for Dart and Flutter projects.	0.0.1+1	91.29096584012485	37	4	2	4	xclud	pwa.ir	MIT	2021-09-02T08:05:23.000Z	https://github.com/xclud/dart_download
483	just_debounce_it	A simple debounce library for preventing continuous execution of functions	4.1.0	91.28663083058782	16	8	0	2	mhrst	qrl.app	MIT	2022-05-03T18:37:20.000Z	https://github.com/mhrst/just_debounce_it
484	multiple_localization	Support for multiple abr and messages localization files for intl package.	0.3.0	91.2606207733657	18	9	8	2	Innim	innim.ru	BSD-3-Clause	2022-03-10T12:46:08.000Z	https://github.com/Innim/flutter_multiple_localization
485	build_version	A builder for extracting a package version into code.	2.1.1	91.24761574475464	15	39	9	4	kevmoo	j832.com	BSD-3-Clause	2022-11-09T20:21:14.000Z	https://github.com/kevmoo/build_version
486	system_info2	Provides easy access to useful information about the system (architecture, bitness, kernel, memory, operating system, CPU, user).	2.0.4	91.2389457256806	28	9	3	0	onepub-dev	onepub.dev	BSD-3-Clause	2022-06-03T05:10:41.000Z	https://github.com/onepub-dev/system_info
487	macos_ui	Flutter widgets and themes implementing the current macOS design language.	1.7.5	91.20860065892144	493	1118	94	35	GroovinChip	macosui.dev	MIT	2022-11-18T13:24:13.000Z	https://github.com/GroovinChip/macos_ui
488	omni_datetime_picker	A datetime picker package with option to use a single datetime picker or a datetime range picker.	0.1.3	91.19993063984741	39	16	22	6	Type0N1	type0n1.com	MIT	2022-10-23T02:54:44.000Z	https://github.com/Type0N1/OmniDateTimePicker
489	firebase_auth_desktop	Windows and Linux implementation of firebase_auth	1.0.2	91.18692561123635	46	287	36	18	invertase	invertase.io	NOASSERTION	2022-11-05T03:27:18.000Z	https://github.com/invertase/flutterfire_desktop
490	flutter_dynamic_icon	A flutter plugin for dynamically changing app icon and app icon batch number	2.1.0	91.1782555921623	176	64	30	3	tastelessjolt		BSD-3-Clause	2022-12-07T02:17:06.000Z	https://github.com/tastelessjolt/flutter_dynamic_icon
491	paged_vertical_calendar	A simple paginated framework for implementing calendar based interfaces.	1.1.5	91.16958557308827	65	25	13	3	casvanluijtelaar	casvanluijtelaar.com	Apache-2.0	2022-10-21T08:08:11.000Z	https://github.com/casvanluijtelaar/paged_vertical_calendar
492	dio_http_formatter	A Dio interceptor for pretty printing the HTTP request/response to be printed in the console for easier debugging	2.1.0	91.15224553494018	23	8	4	2	assemmarwan		MIT	2022-03-26T10:31:23.000Z	https://github.com/assemmarwan/dio_http_formatter
493	image_editor_plus	Image Editor Plugin with filters, drawing, text and emoji like stories.	0.1.7	91.14791052540315	96	44	26	5	hsbijarniya	ensorta.com	MIT	2022-11-15T07:52:57.000Z	https://github.com/hsbijarniya/image_editor_plus
494	optional	An implementation of the Optional type, which helps avoid dealing with null references	6.1.0+1	91.12623547771805	32	35	7	0	tonio-ramirez	tech42solutions.com	BSD-2-Clause	2022-04-12T10:57:45.000Z	https://github.com/tonio-ramirez/optional.dart
495	flutter_zoom_sdk	Zoom SDK from ZOOM ported to flutter as plugin with all necessary features and with Null Safety which is implementation by EvilRATT	1.1.0+4	91.11756545864401	69	36	64	36	evilrat	evilrattechnologies.com	BSD-3-Clause	2022-11-17T06:24:03.000Z	https://github.com/evilrat/flutter_zoom_sdk
496	instant	A package that exports functions for converting, formatting, and nicening of dates/times in Dart.	0.4.1	91.0958904109589	27	10	3	5	AKushWarrior	kishoredev.live	AGPL-3.0	2021-03-07T05:36:50.000Z	https://github.com/AKushWarrior/instant
497	ffigen	Generator for FFI bindings, using LibClang to parse C header files.	7.2.4	91.09155540142189	162	288	39	69	dart-lang	tools.dart.dev	NOASSERTION	2022-12-16T08:25:30.000Z	https://github.com/dart-lang/ffigen
498	draggable_home	Draggable is a library for adding a beautiful draggable home page	1.0.4	91.07421536327381	374	106	28	6	DevsOnFlutter		BSD-3-Clause	2022-10-22T16:46:00.000Z	https://github.com/4-alok/draggable_home
499	hasura_connect	Connect your Flutter/Dart apps to Hasura simply. All the power of GraphQL and Postgres in Flutter.	4.0.0+4	91.06988035373678	194	202	57	14	Flutterando	flutterando.com.br	MIT	2022-11-16T08:36:59.000Z	https://github.com/Flutterando/hasura_connect/tree/master/packages/hasura_connect
500	list_tile_switch	A simple yet elegant widget combines Material ListTile with custom and original Material and Cupertino switch implementations.	1.0.0	91.06554534419976	63	20	2	1	firatcetiner		MIT	2021-03-06T13:06:41.000Z	https://github.com/firatcetiner/list_tile_switch
501	flutter_web3	Web3 Ethereum, Etherjs and Wallet Connect wrapper for Flutter Web. Made especially for developing Dapp.	2.1.9	91.05687532512572	123	103	31	20	y-pakorn		NOASSERTION	2022-02-07T16:35:22.000Z	https://github.com/y-pakorn/flutter_web3
502	fraction	A package that helps you working with fractions and mixed fractions.	4.1.4	90.97884515345935	39	14	3	0	albertodev01	fluttercompletereference.com	MIT	2022-08-30T23:20:40.000Z	https://github.com/albertodev01/fraction
503	kartal	Kartal is an extension package for easy to use at app development time. You can access more features with primitive variables(context, string etc.).	2.7.0	90.9485000867002	128	61	21	1	VB10	vb10.dev	MIT	2022-11-27T16:28:48.000Z	https://github.com/VB10/kartal
504	checkbox_formfield	This package contains checkbox widgets that can be used as FormField for Flutter beginners.	0.2.0	90.93983006762615	25	3	5	2	reidha		BSD-3-Clause	2022-01-02T10:09:55.000Z	https://github.com/reidha/checkbox_formfield
505	drop_shadow	Add highly customizable drop shadow effect for any widgets in flutter	0.0.2+1	90.83578983873764	41	10	1	0	rei-codes	rei.codes	MIT	2022-11-12T20:00:30.000Z	https://github.com/iisprey/drop_shadow
506	flutter_carousel_widget	A customizable carousel slider widget in Flutter which supports inifinte scrolling, auto scrolling, custom child widget, custom animations and built-in indicators.	2.0.0+1	90.83145482920062	33	7	2	2	nixrajput	nixlab.co.in	GPL-3.0	2022-12-16T17:52:01.000Z	https://github.com/nixrajput/flutter_carousel_widget
507	dialog_flowtter	A Flutter implementation of DialogFlow improved. Get your chatbots ready in no time.	0.3.3	90.80977978151552	43	36	16	1	Deimos-Applications	deimos.app	MIT	2022-12-05T21:29:21.000Z	https://github.com/Deimos-Applications/dialog_flowtter
508	mocktail_image_network	A Dart package which allows you to mock Image.network in your widget tests with confidence using the mocktail package.	0.3.1	90.75342465753424	33	428	63	21	felangel	felangel.dev	MIT	2022-12-06T12:35:53.000Z	https://github.com/felangel/mocktail
509	flutter_shake_animated	a new flutter shake animated project.	0.0.5	90.74908964799722	17	0	0	0	aiyakuaile		BSD-3-Clause	2022-01-30T14:40:29.000Z	https://github.com/aiyakuaile/flutter_shake_animated
510	flutter_map_tile_caching	Plugin for 'flutter_map' providing advanced caching functionality, with ability to download map regions for offline use.	6.2.0	90.74041962892319	58	68	28	4	JaffaKetchup	jaffaketchup.dev	GPL-3.0	2022-12-21T17:07:55.000Z	https://github.com/JaffaKetchup/flutter_map_tile_caching
511	find_dropdown	Simple and robust FindDropdown with item search feature, making it possible to use an offline item list or filtering URL for easy customization.	1.0.0	90.73174960984915	80	59	24	11	davidsdearaujo		MIT	2021-12-02T15:57:51.000Z	https://github.com/davidsdearaujo/find_dropdown
512	ferry_flutter	Flutter widgets for the Ferry GraphQL client	0.8.0	90.68406450494192	15	480	90	52	gql-dart	gql-dart.dev	MIT	2022-12-19T20:07:48.000Z	https://github.com/gql-dart/ferry
513	widget_mask	Use a widget to mask and blend another widget, for example to imprint text onto surfaces.	1.0.0+0	90.61470435234958	37	5	2	1	blaugold	gabriel.terwesten.net	MIT	2022-06-12T23:30:27.000Z	https://github.com/blaugold/widget_mask
514	steel_crypt	A comprehensive library of high-level, cryptographic APIs. This library supports hashing, password hashing, two-way encryption, MAC authentication, and key/IV generation.	3.0.0+1	90.59302930466447	69	41	10	8	AKushWarrior	kishoredev.live	MPL-2.0	2021-04-21T01:19:01.000Z	https://github.com/AKushWarrior/steel_crypt
515	flutter_reorderable_grid_view	Enables animated GridViews when updating children or when trying to reorder them by using drag and drop.	3.1.3	90.58435928559044	67	57	8	9	karvulf	karvulf.com	BSD-3-Clause	2022-11-12T18:49:09.000Z	https://github.com/karvulf/flutter-reorderable-grid-view
516	form_builder_file_picker	FilePicker Field for flutter_form_builder package. Used to select files as part of form input.	2.3.0	90.57568926651639	24	11	22	9	flutter-form-builder-ecosystem	flutterformbuilderecosystem.com	BSD-3-Clause	2022-12-21T01:09:18.000Z	https://github.com/flutter-form-builder-ecosystem/form_builder_file_picker
517	cupertino_tabbar	A highly customisable and simple widget for having iOS 13 style tab bars.	2.0.0	90.51066412346107	62	98	24	2	aliyigitbireroglu	cosmossoftware.coffee	MIT	2021-05-04T11:10:58.000Z	https://github.com/aliyigitbireroglu/flutter-cupertino-tabbar
518	stream_chat_persistence	Official Stream Chat Persistence library. Build your own chat experience using Dart and Flutter.	5.1.0	90.46731402809087	16	657	239	73	GetStream	getstream.io	NOASSERTION	2022-12-21T15:33:43.000Z	https://github.com/GetStream/stream-chat-flutter
519	flutter_tabler_icons	Tabler Icons for flutter using icons from https://github.com/tabler/tabler-icons by Csaba Kissi @csaba_kissi	1.1.2	90.44130397086873	40	4	1	3	bigbadbob2003	rob-b.co.uk	MIT	2022-11-04T14:12:35.000Z	https://github.com/bigbadbob2003/flutter_tabler_icons
520	scrollable_list_tabview	A Flutter widget which syncronize a ScrollView and a custom tab view.	0.1.6	90.4326339517947	148	21	25	11	firatcetiner		MIT	2022-12-01T07:27:44.000Z	https://github.com/firatcetiner/scrollable_list_tabview
521	ferry_hive_store	Hive-based Store implementation for Ferry GraphQL client	0.5.0	90.3936188659615	4	480	90	52	gql-dart	gql-dart.dev	MIT	2022-12-19T20:07:48.000Z	https://github.com/gql-dart/ferry
522	objectbox_generator	ObjectBox Flutter / Dart database binding code generator - finds annotated entities and adds them to the ObjectBox DB model.	1.7.0	90.37627882781342	14	720	88	54	objectbox	objectbox.io	Apache-2.0	2022-12-19T15:22:03.000Z	https://github.com/objectbox/objectbox-dart
523	container_tab_indicator	Build your own Tab indicator using familiar Container-like properties.	0.3.0	90.3719438182764	36	11	0	6	slovnicki	scipack.dev	MIT	2021-06-08T11:46:07.000Z	https://github.com/slovnicki/container_tab_indicator
524	flutter_screen_wake	A Flutter plugin to manage the device's screen on Android and iOS.	1.0.2	90.35893878966533	22	2	4	2	erickhaendel		MIT	2021-08-12T01:02:07.000Z	https://github.com/erickhaendel/flutter_screen_wake
525	udp	Lightweight, efficient, and easy-to-use UDP library for Dart. Supports Unicast, Broadcast, Multicast and Loopback communications.	5.0.3	90.35460378012831	52	40	16	7	xenoken		BSD-3-Clause	2022-03-27T12:21:20.000Z	https://github.com/xenoken/udp
526	swipeable_tile	A package to dismiss with animated background. Also Swipe to tigger action without dismiss.	2.0.0+3	90.34159875151725	122	28	7	2	watery-desert	waterydesert.com	BSD-3-Clause	2022-12-14T11:16:19.000Z	https://github.com/watery-desert/swipeable_tile
527	serverpod	Serverpod is an open-source, scalable app server, written in Dart for the Flutter community.	0.9.21	90.33726374198024	234	990	71	75	serverpod	serverpod.dev	BSD-3-Clause	2022-12-20T14:46:18.000Z	https://github.com/serverpod/serverpod
528	language_picker	Language picker dropdown and dialog.	0.4.2	90.28957863707299	18	2	3	2	atn832	wafrat.com	MIT	2022-12-02T07:18:59.000Z	https://github.com/atn832/language_picker
529	socket_io	Port of JS/Node library Socket.io. It enables real-time, bidirectional and  event-based communication cross-platform.	1.0.1	90.27657360846194	106	109	30	10	rikulo		MIT	2021-09-09T02:49:35.000Z	https://github.com/rikulo/socket.io-dart
530	pedantic_mono	[mono edition] Recommended lints for Flutter apps, packages, and plugins to encourage good coding practices.	1.20.1	90.24189353216578	55	62	21	0	mono0926	mono0926.com	MIT	2022-12-17T19:29:39.000Z	https://github.com/mono0926/pedantic_mono
531	data_tables	ListView on Mobile and Stateless Data Tables on Tablets and Desktops.	1.4.0	90.23755852262875	123	164	45	16	rodydavis	rodydavis.com	MIT	2022-12-08T01:18:17.000Z	https://github.com/rodydavis/data_tables
532	art_sweetalert	A beautiful, responsive, customizable, accessible replacement, easy use for flutter popup boxes. Both supported ios and android.	0.0.5	90.22455349401768	31	3	2	3	hsndmr	hasandemir.org	MIT	2022-08-22T15:30:46.000Z	https://github.com/hsndmr/art_sweetalert
533	loop_page_view	A simple Flutter PageView builder constructor wrapper that allows for endless scrolling on both directions.	1.2.0	90.22021848448067	43	16	9	12	wjuniorgit		BSD-2-Clause	2022-09-16T13:13:30.000Z	https://github.com/wjuniorgit/loop_page_view
534	cider	Tools for Dart package maintainers. Automates changelog and pubspec.yaml updates.	0.1.3	90.21154846540662	80	69	10	7	f3ath	karapetov.com	MIT	2022-12-17T23:10:13.000Z	https://github.com/f3ath/cider
535	division	Simple to use yet powerfull style widgets with syntax inspired by CSS.	0.9.0	90.19854343679556	183	266	35	15	ReinBentdal		MIT	2022-06-26T13:31:55.000Z	https://github.com/ReinBentdal/division
536	svg_path_parser	A Flutter/Dart utility to parse an SVG path into a equivalent Path object from dart:ui library.	1.1.1	90.18987341772153	40	13	3	1	masterashu	masterashu.codes	MIT	2021-12-06T16:25:17.000Z	https://github.com/masterashu/svg_path_parser
537	ms_undraw	Updated UnDraw library. These illustrations are designed by Katerina Limpitsouni.	3.1.0+3	90.17253337957344	45	5	2	1	Marcus-Software	marcussoftware.info	MIT	2022-08-09T20:05:47.000Z	https://github.com/Marcus-Software/ms_undraw
538	dart_frog_gen	Code generation tooling for Dart Frog. Built by Very Good Ventures.	0.3.0	90.15519334142536	11	1029	65	18	VeryGoodOpenSource	verygood.ventures	MIT	2022-12-22T06:02:09.000Z	https://github.com/VeryGoodOpenSource/dart_frog
539	eth_sig_util	Ethereum signature utility porting from JS	0.0.9	90.13785330327727	15	13	11	5	wakumo		MIT	2022-12-13T05:02:10.000Z	https://github.com/wakumo/eth-sig-util
540	add_to_cart_animation	A flutter plugin which provide you add to cart animation. I have prepared it to special to shopping apps however you can use it on the others apps too.	2.0.1	90.09450320790707	81	482	117	70	slovnicki		MIT	2022-10-17T09:41:39.000Z	https://github.com/slovnicki/beamer
541	os_detect	Platform independent OS detection.	2.0.1	90.09016819837004	18	13	6	2	dart-lang	dart.dev	BSD-3-Clause	2022-11-15T20:27:18.000Z	https://github.com/dart-lang/os_detect
542	multiple_result	Multiple results for dart. Inspired by dartz's Either and Kotlin's sealed classes	4.0.0	90.08149817929599	78	29	7	0	higorlapa		MIT	2022-12-21T18:03:08.000Z	https://github.com/higorlapa/result
543	stream_chat_localizations	The Official localizations for Stream Chat Flutter, a service for building chat applications	4.0.0	90.05115311253685	8	657	239	73	GetStream	getstream.io	NOASSERTION	2022-12-21T15:33:43.000Z	https://github.com/GetStream/stream-chat-flutter
544	vimeo_video_player	A Video Player that support videos from Vimeo platform in Flutter. This Package allow us to play any videos from Vimeo by using its Vimeo Video Id.	0.0.6	90.0424830934628	40	26	15	3	Mindinventory	mindinventory.com	MIT	2022-11-10T09:12:21.000Z	https://github.com/Mindinventory/vimeo_video_player
545	charts_painter	Highly customizable and extendable charts library for flutter made with custom painters	3.0.0	90.02514305531473	186	93	31	8	infinum	infinum.com	MIT	2022-11-16T08:54:07.000Z	https://github.com/infinum/flutter-charts
546	action_slider	A slider to confirm actions and provide feedback on the success of these after subsequent loading.	0.6.1	90.01647303624068	72	10	1	0	SplashByte	splashbyte.dev	BSD-3-Clause	2022-12-09T01:02:39.000Z	https://github.com/SplashByte/action_slider
547	reactive_date_time_picker	Wrapper around showDatePicker and showTimePicker to work with reactive_forms	0.5.0	90.00346800762962	9	47	23	2	artflutter		MIT	2022-12-15T16:51:57.000Z	https://github.com/artflutter/reactive_forms_widgets
548	functions_framework	FaaS (Function as a service) framework for writing portable Dart functions	0.4.1	89.96878793133345	124	484	49	26	GoogleCloudPlatform	cloud.google.com	Apache-2.0	2022-11-30T03:47:21.000Z	https://github.com/GoogleCloudPlatform/functions-framework-dart
549	handy_window	This package enhances the looks of Flutter applications on Linux by providingmodern-looking Handy windows with rounded bottom corners.	0.1.9	89.96445292179642	15	17	4	1	ubuntu-flutter-community	canonical.com	MPL-2.0	2022-12-01T19:17:54.000Z	https://github.com/ubuntu-flutter-community/handy_window
550	bezier_chart	A beautiful bezier line chart widget for flutter that is highly interactive and configurable.	1.0.17+1	89.94711288364834	241	428	132	38	aeyrium	aeyrium.com	Apache-2.0	2021-07-29T00:46:25.000Z	https://github.com/aeyrium/bezier-chart
551	objectid	Blazing fast, cross-platform ObjectId implementation for the dart language.	2.1.0	89.92543783596324	26	6	1	0	gonuit	klyta.it	MIT	2022-06-15T16:22:07.000Z	https://github.com/gonuit/dart_objectid
552	freerasp	Flutter library for improving app security and threat monitoring on Android and iOS mobile devices. Learn more about provided features on the freeRASP's homepage first.	3.0.2	89.9167678168892	138	62	3	6	talsec	talsec.app	MIT	2022-11-14T17:34:03.000Z	https://github.com/talsec/Free-RASP-Flutter
553	flutter_alarm_clock	A lightweight flutter package connecting android clock app intents.	0.0.2	89.89509276920408	43	12	4	5	mevljas		MIT	2021-12-22T21:26:59.000Z	https://github.com/mevljas/flutter_alarm_clock
554	flutter_advanced_segment	An advanced segment widget, that can be fully customized with bunch of properties, just try it and enjoy!	3.0.1	89.85174267383388	71	19	8	0	alex-melnyk	alexmelnyk.io	BSD-3-Clause	2022-05-24T15:23:30.000Z	https://github.com/alex-melnyk/flutter_advanced_segment
555	image_downloader_web	A Flutter plugin for downloading images from URL to user's device. This plugin only works for Flutter web.	1.0.2	89.84740766429687	17	1	3	3	hrvojecukman		MIT	2022-10-19T09:50:51.000Z	https://github.com/hrvojecukman/image_downloader_web
556	mysql_client	Native MySQL client written in Dart. Tested with MySQL Percona Server (5.7, 8), MariaDB (10). Supports TLS.	0.0.27	89.83440263568579	79	46	11	10	zim32		BSD-3-Clause	2022-12-20T17:09:36.000Z	https://github.com/zim32/mysql.dart
557	speech_balloon	This is a flutter widget that generates a simple speech bubble. This widget can display simple speech bubbles and reproduce speech bubbles with a border.	0.0.4	89.76504248309347	30	1	1	0	s-tyd	s-tyd.com	MIT	2021-07-22T13:39:46.000Z	https://github.com/s-tyd/speech_balloon
558	image_sequence_animator	A simple widget for animating a set of images with full custom controls as an alternative to using a GIF file.	2.0.0	89.70001734003816	67	132	27	5	aliyigitbireroglu	cosmossoftware.coffee	MIT	2022-04-11T00:16:32.000Z	https://github.com/aliyigitbireroglu/flutter-image-sequence-animator
559	bloc_provider	Provides bloc to descendant widget (O(1)), and the bloc is disposed appropriately by state which the bloc_provider holds internally.	1.0.0	89.68701231142708	24	115	18	4	mono0926	mono0926.com	MIT	2022-08-16T00:54:48.000Z	https://github.com/mono0926/bloc_provider
560	flutter_acpuserprofile	Adobe Experience Platform User Profile support for Flutter apps.	2.0.1	89.64366221605687	0	3	6	0	adobe	adobe.com	Apache-2.0	2022-01-13T23:54:56.000Z	https://github.com/adobe/flutter-acpuserprofile
561	reorderable_grid	A full reorderable grid implementations similar to flutter's native reorderable list.	1.0.5	89.61765215883474	64	35	3	3	casvanluijtelaar	casvanluijtelaar.com	MIT	2022-11-04T11:42:29.000Z	https://github.com/casvanluijtelaar/reorderable_grid
562	speed_test_dart	Internet speed tester (ping, upload, download) using speedtest.net	1.0.4+1	89.6046471302237	6	2	3	0	jorger5	jrincondev.com	NOASSERTION	2022-10-03T16:37:56.000Z	https://github.com/jorger5/speed_test_dart
563	either_option	The simple library for Error Handling with functionnal programming concept	2.0.0	89.58297208253857	39	34	8	1	cbyad		MIT	2022-10-31T09:36:48.000Z	https://github.com/cbyad/either_option
564	chucker_flutter	Chucker Flutter helps you inspect the HTTP(S) requests/responses. It stores data locally and provides a UI for inspecting network calls and sharing their content.	1.4.0	89.56996705392753	36	29	7	2	syedmurtaza108	syedmurtaza.site	MIT	2022-12-15T09:00:05.000Z	https://github.com/syedmurtaza108/chucker-flutter
565	hmssdk_flutter	The Flutter package for 100ms SDK. Video Conferencing infrastructure for a Video first world.	1.1.0	89.56129703485348	47	78	36	29	100mslive	100ms.live	MIT	2022-12-21T11:15:41.000Z	https://github.com/100mslive/100ms-flutter
566	platform_maps_flutter	A Flutter package that combines google_maps and apple_maps to provide a crossplatform native map implementation.	1.0.2	89.5049419108722	90	70	42	21	LuisThein	luisthein.de	BSD-2-Clause	2022-05-02T21:54:40.000Z	https://github.com/LuisThein/platform_maps_flutter
567	gql_code_builder	Dart code builders taking *.graphql documents and SDL to build useful classes.	0.7.0	89.50060690133517	2	240	100	57	gql-dart	gql-dart.dev	MIT	2022-12-21T18:48:29.000Z	https://github.com/gql-dart/gql
568	avatar_stack	Advanced and agile avatar stack with settings. It allows to place a lot of avatars or another widgets in small place.	1.1.2	89.4832668631871	69	11	1	0	cyrax111		BSD-3-Clause	2022-07-12T03:07:45.000Z	https://github.com/cyrax111/avatar_stack
569	flutter_gradient_colors	it's provide you more than 100 predefined Gradient Colors.	2.1.1	89.47893185365008	79	17	3	3	skaran921		NOASSERTION	2022-10-31T09:27:40.000Z	https://github.com/skaran921/flutter_gradient_colors
570	vertical_scrollable_tabview	A Flutter widget which syncronize a ScrollView and a custom tab view.	0.0.7	89.465926825039	59	12	18	9	wayne900204		MIT	2022-06-29T02:42:32.000Z	https://github.com/wayne900204/vertical_scrollable_tabview
571	yaml_edit	A library for YAML manipulation with comment and whitespace preservation.	2.0.3	89.46159181550199	17	16	5	7	dart-lang	tools.dart.dev	BSD-3-Clause	2022-11-10T11:31:16.000Z	https://github.com/dart-lang/yaml_edit
572	flutter_fancy_tree_view	A highly customizable TreeView Widget for visualization of nested data in Flutter.	0.5.3+2	89.45292179642796	64	81	39	9	mbaumgartenbr		MIT	2022-12-16T20:42:08.000Z	https://github.com/mbaumgartenbr/flutter_tree_view
573	pluto_menu_bar	A menu bar for flutter. You can add as many submenus as you want, and you can change the default style.	3.0.0	89.44858678689093	66	53	15	7	bosskmk	weblaze.dev	MIT	2022-11-30T06:54:57.000Z	https://github.com/bosskmk/pluto_menu_bar
574	list_ext	Dart extension methods for Iterable and List. You can easily sum, count elements and many more.	1.0.6	89.44425177735391	33	10	2	0	Innim	innim.ru	BSD-3-Clause	2022-10-04T06:24:39.000Z	https://github.com/Innim/dart_list_extensions
575	rudder_sdk_flutter	The RudderStack Flutter SDK allows you to track event data from your app. It can be easily integrated into your Flutter application. After integrating this SDK, you will also send the event data to your preferred analytics destination/s, such as Google Analytics, Amplitude, and more.	2.2.0	89.43124674874284	7	4	17	7	rudderlabs	rudderstack.com	MIT	2022-12-19T09:26:10.000Z	https://github.com/rudderlabs/rudder-sdk-flutter
576	file_manager	FileManager is a wonderful widget that allows you to manage files and folders, pick files and folders, and do a lot more. Designed to feel like part of the Flutter framework.	1.0.1	89.42691173920582	91	50	12	12	DevsOnFlutter		BSD-3-Clause	2022-10-23T09:00:34.000Z	https://github.com/DevsOnFlutter/file_manager
577	page_view_dot_indicator	A simple and animated page view indicator in the form of dots, which you can customise color, size, space and duration.	2.1.0	89.41390671059476	31	10	6	1	douglasiacovelli		MIT	2022-12-20T16:55:06.000Z	https://github.com/douglasiacovelli/page_view_dot_indicator
578	pull_down_button	Cupertino styled Pull-Down Button from iOS 14 with great customisation options.	0.4.1	89.40523669152071	59	16	3	0	notDmDrl		MIT	2022-12-03T19:07:59.000Z	https://github.com/notDmDrl/pull_down_button
579	credit_card_scanner	Fast, Accurate and Secure Credit & Debit card scanning library for flutter. This package is a fork of the original.	1.0.5	89.38356164383562	34	82	66	27	nateshmbhat		GPL-3.0	2021-05-29T23:53:21.000Z	https://github.com/nateshmbhat/card-scanner-flutter
580	flutter_locales	Easily localize your app to multiple languages	2.0.2	89.37055661522454	30	4	0	3	iampopal		MIT	2022-06-27T18:56:09.000Z	https://github.com/iampopal/flutter_locales
581	esys_flutter_share_plus	A Flutter plugin for sharing images & text with other applications. Fork by Innim	2.2.0	89.3575515866135	8	0	2	0	Innim	innim.ru	Apache-2.0	2022-08-12T11:58:41.000Z	https://github.com/Innim/esys-flutter-share
582	flutter_advanced_networkimage_2	An advanced image provider provides caching and retrying for flutter app. Now with zoomable widget and transition to image widget.	2.0.1	89.35321657707647	8	0	7	2	insinfo		MIT	2022-11-11T13:38:28.000Z	https://github.com/insinfo/flutter_advanced_networkimage
583	form_builder_phone_field	International phone number field for FlutterFormBuilder package	1.3.0	89.3402115484654	23	3	1	10	flutter-form-builder-ecosystem	flutterformbuilderecosystem.com	BSD-3-Clause	2022-12-21T19:07:56.000Z	https://github.com/flutter-form-builder-ecosystem/form_builder_phone_field
584	float_column	Flutter FloatColumn widget for building a vertical column of widgets and text where the text wraps around floated widgets, similar to how CSS float works.	1.3.1	89.33587653892839	29	12	0	1	ronjb	ronbooth.com	MIT	2022-12-10T23:07:25.000Z	https://github.com/ronjb/float_column
585	git	Git command line wrapper. Exposes a Git directory abstraction that makes it easy to inspect and manipulate a local Git repository.	2.2.0	89.30119646263222	28	112	16	15	kevmoo	j832.com	BSD-2-Clause	2022-11-09T23:27:57.000Z	https://github.com/kevmoo/git
586	serverpod_flutter	Flutter specific utilities for Serverpod.	0.9.21	89.26651638633605	0	990	71	75	serverpod		BSD-3-Clause	2022-12-20T14:46:18.000Z	https://github.com/serverpod/serverpod
587	firebase_installations	Firebase installations Flutter plugin	16.3.6	89.25351135772499	5	3	2	0	lidio601		MIT	2021-06-04T20:03:07.000Z	https://github.com/lidio601/flutter_installations
588	unifiedpush	Push notifications with the provider chosen by the user.	4.0.3	89.24050632911393	7	15	9	10	UnifiedPush	unifiedpush.org	Apache-2.0	2022-11-29T23:14:09.000Z	https://github.com/UnifiedPush/flutter-connector
589	qlevar_router	A router that helps you to manage your project routes. Create nested routes. navigation without context between your pages.	1.7.1	89.23183631003988	111	66	16	12	SchabanBo	qlevar.de	MIT	2022-11-23T07:02:31.000Z	https://github.com/SchabanBo/qlevar_router
590	typicons_flutter	Typicons pack with the code to support flutter, easy use, beautifully.	0.5.0	89.21449627189179	15	3	2	1	tvc12	4pet.social	MIT	2021-03-27T14:31:29.000Z	https://github.com/tvc12/typicons_flutter
591	serverpod_client	Base classes for communication with the server.	0.9.21	89.20582625281776	5	990	71	75	serverpod	serverpod.dev	BSD-3-Clause	2022-12-20T14:46:18.000Z	https://github.com/serverpod/serverpod
592	flutter_media_metadata	A Flutter plugin to read metadata of media files.	1.0.0+1	89.1928212242067	36	60	14	7	alexmercerind		MIT	2022-12-10T15:32:12.000Z	https://github.com/alexmercerind/flutter_media_metadata
593	flutter_mapbox_navigation	Add Turn By Turn Navigation to Your Flutter Application Using MapBox. Never leave your app when you need to navigate your users to a location.	0.0.26	89.17114617652159	199	162	103	65	eopeter	dormmom.com	Apache-2.0	2022-11-13T16:05:39.000Z	https://github.com/eopeter/flutter_mapbox_navigation
594	webviewx_plus	A cross-platform webview using webview_flutter for mobile and iFrame for web.	0.3.2	89.15814114791053	12	4	1	2	Mahad61	lazyus.com	BSD-3-Clause	2022-09-23T19:16:46.000Z	https://github.com/Mahad61/webviewx_plus
595	top_modal_sheet	A simple top modal sheet implementation in pure dart.	2.0.1	89.13646610022542	15	5	8	1	Pilaba		BSD-2-Clause	2022-07-29T18:25:48.000Z	https://github.com/Pilaba/TopModalSheet
596	aes_crypt	Dart encryption library for encrypting/decrypting files, plain text and binary data in AES Crypt file format.	0.1.1	89.11479105254033	83	27	22	17	alexgoussev	alexgusev.com	MIT	2022-03-19T07:11:46.000Z	https://github.com/alexgoussev/aes_crypt
597	gql_dedupe_link	GQL Link to deduplicate identical in-flight execution requests	2.0.3+1	89.10612103346628	1	240	100	57	gql-dart	gql-dart.dev	MIT	2022-12-21T18:48:29.000Z	https://github.com/gql-dart/gql
598	flutter_file_view	A file viewer plugin for Flutter, support local file and network link of Android, iOS.	2.1.2	89.06710594763308	18	18	13	3	LiWenHui96		Apache-2.0	2022-11-01T01:19:21.000Z	https://github.com/LiWenHui96/flutter_file_view
599	jitsi_meet_wrapper	A Flutter wrapper around the official JitsiMeetSDKs. With this package, you can launch Jitsi meetings in a native view.	0.0.5	89.05410091902202	20	11	25	25	saibotma		BSD-3-Clause	2022-12-16T03:07:06.000Z	https://github.com/saibotma/jitsi_meet_wrapper/tree/main/jitsi_meet_wrapper
600	flutter_web_auth_2	Flutter plugin for authenticating a user with a web service.	2.0.3	89.03242587133691	22	18	12	9	ThexXTURBOXx	femtopedia.de	MIT	2022-12-13T11:34:44.000Z	https://github.com/ThexXTURBOXx/flutter_web_auth_2
601	get_phone_number	Get real phone number from device - It only works on android device and also need to run in a real device.	2.0.1	89.0107508236518	30	1	0	5	ssk-flutter		BSD-3-Clause	2021-05-23T20:59:46.000Z	https://github.com/ssk-flutter/get_phone_number
602	lucide_icons	A Lucide icon library package for Flutter applications. Fork of Feather Icons, open for anyone to contribute icons.	0.104.0	88.99774579504076	30	2977	161	55	lucide-icons	lucide.dev	ISC	2022-12-21T13:30:41.000Z	https://github.com/lucide-icons/lucide
603	update_available	Know if there's any update for your Flutter app, based on published versions.	2.1.0	88.98040575689267	47	16	7	9	mateusfccp		MIT	2022-12-05T13:35:36.000Z	https://github.com/mateusfccp/update_available/tree/master/update_available
604	calendar_appbar	Flutter package for custom AppBar with full calendar view with many new features!	0.0.6	88.92838564244842	148	40	19	5	vpalcar		MIT	2022-06-10T10:14:54.000Z	https://github.com/vpalcar/calendar_appbar
605	tiktoklikescroller	A vertical fullscreen scroll implementation that snaps in place, similar to the TikTok app	0.2.3	88.9023755852263	124	35	12	4	dmt195	davidtaylor.io	Apache-2.0	2022-06-29T17:01:37.000Z	https://github.com/dmt195/tiktok-flutter-plugin
606	flutter_boxicons	Boxicons (https://boxicons.com) customization for Flutter. You can use 2K+ more Boxicons.	3.0.0	88.89370556615225	46	4	7	5	arifai		MIT	2021-07-07T00:24:25.000Z	https://github.com/arifai/flutter_boxicons
607	in_app_notification	A Flutter package to show custom in-app notification with any Widgets.	1.1.2	88.87636552800416	108	18	6	1	cb-cloud	cb-cloud.com	MIT	2022-12-01T08:40:43.000Z	https://github.com/cb-cloud/flutter_in_app_notification
608	markdown_editable_textinput	A TextField Widget that allow you to convert easily what's in the TextField to Markdown.	2.1.0	88.85469048031905	116	56	30	9	playmoweb	playmoweb.com	BSD-3-Clause	2022-11-17T08:38:14.000Z	https://github.com/playmoweb/markdown-editable-textinput
609	bugsnag_flutter	Bugsnag crash monitoring and reporting tool for Flutter apps	2.4.0	88.84602046124502	7	5	5	3	bugsnag	bugsnag.com	MIT	2022-12-08T17:24:22.000Z	https://github.com/bugsnag/bugsnag-flutter
610	pushy_flutter	The official Pushy SDK for Flutter apps.	2.0.12	88.841685451708	14	19	13	0	pushy		Apache-2.0	2022-10-09T12:05:25.000Z	https://github.com/pushy/pushy-flutter
611	simple_time_range_picker	A simple time range picker for flutter	0.0.5	88.82001040402288	10	4	8	5	trashfeed	trashfeed.net	MIT	2022-08-07T03:30:18.000Z	https://github.com/trashfeed/simple_time_range_picker
612	flutter_camera_overlay	A Flutter plugin to add common camera overlay components such as ID Card, Credit Card, Texts, prompts or custom components.	0.1.1	88.81134038494885	68	9	13	4	matwright	matwright.dev	MIT	2022-06-29T10:02:27.000Z	https://github.com/matwright/flutter_camera_overlay
613	ed25519_hd_key	BIP-0032 like derivation for ed25519 curve	2.2.0	88.80700537541183	9	12	6	1	alepop	alepop.dev	MIT	2021-09-16T06:40:18.000Z	https://github.com/alepop/dart-ed25519-hd-key
614	sliver_header_delegate	A flexible sliver header delegate that allows easily customize your SliverHeader	0.0.5	88.79833535633779	72	11	8	3	miroslava-podybailo		MIT	2022-11-01T03:43:58.000Z	https://github.com/miroslava-podybailo/flutter_sliver_header_delegate
615	apple_maps_flutter	This plugin uses the Flutter platform view to display an Apple Maps widget.	1.2.0	88.78099531818971	35	49	45	14	LuisThein	luisthein.de	BSD-2-Clause	2022-12-02T18:40:39.000Z	https://github.com/LuisThein/apple_maps_flutter
616	resizable_widget	Enables users to resize the internal widgets by dragging. This package contains simple APIs, but if needed, you can customize ResizableWidget flexibly.	1.0.5	88.75498526096757	119	35	24	13	ibako	ibako-piyo.com	BSD-3-Clause	2022-07-08T19:01:53.000Z	https://github.com/ibako/resizable_widget
617	faker_dart	generate massive amounts of fake data in Dart & Flutter! A dart port of the famous faker.js	0.1.11	88.68996011791226	60	26	5	0	casvanluijtelaar	casvanluijtelaar.com	NOASSERTION	2022-11-02T15:24:41.000Z	https://github.com/casvanluijtelaar/faker.dart
618	gauges	A library for customizable gauges (radial gauges only for now).	1.0.0	88.6769550893012	35	11	9	4	JulianAssmann		MIT	2022-01-08T17:05:01.000Z	https://github.com/JulianAssmann/flutter_gauges
619	zxcvbn	Dart port of DropBox's zxcvbn library.	1.0.0	88.64227501300503	10	7	4	2	careapp-inc	careapp.com.au	MIT	2021-05-27T03:14:44.000Z	https://github.com/careapp-inc/zxcvbn-dart
620	flutter_hooks_lint_plugin	a lint plugin for flutter_hooks	0.6.1	88.62493497485694	7	29	1	1	mj-hd		MIT	2022-11-03T21:36:14.000Z	https://github.com/mj-hd/flutter_hooks_lint_plugin
621	reactive_dropdown_search	Wrapper around searchable_dropdown to use with reactive_forms	0.12.0	88.5945899080978	6	47	23	2	artflutter		MIT	2022-12-15T16:51:57.000Z	https://github.com/artflutter/reactive_forms_widgets
622	socket_io_common	Socket.io common parser library.	2.0.2	88.52089474596843	4	6	17	0	rikulo		MIT	2022-10-25T03:16:39.000Z	https://github.com/rikulo/socket_io_common
623	spring_button	A simple widget for having child widgets that respond to gestures with a spring animation.	2.0.0	88.5122247268944	37	73	13	0	aliyigitbireroglu	cosmossoftware.coffee	MIT	2021-05-04T11:01:21.000Z	https://github.com/aliyigitbireroglu/flutter-spring-button
624	stats	Calculate common statistical values for a set of numbers: max, min, mean, median, standard deviation, and standard error.	2.0.0	88.4905496792093	23	8	5	2	kevmoo	j832.com	MIT	2022-10-26T00:49:30.000Z	https://github.com/kevmoo/stats
625	normalize	Normalization and denormalization of GraphQL responses in Dart	0.8.0	88.46887463152419	8	480	90	52	gql-dart	gql-dart.dev	MIT	2022-12-19T20:07:48.000Z	https://github.com/gql-dart/ferry
626	fuzzywuzzy	An implementation of the popular fuzzywuzzy package in Dart, to suit all your fuzzy string matching/searching needs!	0.2.0	88.43852956476505	48	22	3	3	SphericalKat	sphericalk.at	GPL-2.0	2022-06-26T07:19:47.000Z	https://github.com/sphericalkat/dart-fuzzywuzzy
627	flutter_calendar_week	Flutter calendar week UI package	3.0.0	88.429859545691	32	67	26	5	mduccc		MIT	2022-09-12T17:00:44.000Z	https://github.com/mduccc/flutter_calendar_week
628	json_store	A Flutter storage solution somewhat similar to a browser's localStorage (but super powered)	2.0.0	88.42552453615397	36	8	8	1	fstof		BSD-2-Clause	2022-08-15T22:42:46.000Z	https://github.com/fstof/flutter_json_store
629	nyxx	A Discord library for Dart. Simple, robust framework for creating discord bots for Dart language.	4.4.0	88.4081844980059	71	264	40	4	nyxx-discord	l7ssha.xyz	Apache-2.0	2022-12-12T17:07:06.000Z	https://github.com/nyxx-discord/nyxx
630	json_editor	A json editor on flutter.	0.0.8	88.39517946939483	19	12	8	4	youngchan1988	dev.apptoy.cc	BSD-3-Clause	2022-05-25T08:22:49.000Z	https://github.com/youngchan1988/json_editor
631	drift_sqflite	A Flutter-only implementation of a drift database, based on the `sqflite` package.	2.0.0	88.3908444598578	7	1799	238	99	simolus3	simonbinder.eu	MIT	2022-12-22T03:57:42.000Z	https://github.com/simolus3/drift
632	gson	Parses and encodes the json generated by GSON (Can parse minecraft's json)	0.1.4	88.38217444078377	14	2	2	3	MinimineLP		BSD-2-Clause	2021-03-21T13:09:29.000Z	https://github.com/MinimineLP/dart-gson
633	redis	Redis database (https://redis.io/) client, with both simplicity and performance as primary goals.	3.1.0	88.36916941217271	87	63	27	2	ra1u		AGPL-3.0	2022-05-08T11:03:46.000Z	https://github.com/ra1u/redis-dart
634	selectable	A Flutter widget that enables text selection over all the text widgets it contains.	0.2.8	88.36483440263568	31	9	4	6	ronjb	ronbooth.com	MIT	2022-12-11T02:16:12.000Z	https://github.com/ronjb/selectable
635	graphql_codegen	Simple, opinionated, codegen library for GraphQL. It allows you togenerate serializers and client helpers to easily call and parse your data.	0.11.2	88.35616438356165	57	85	37	16	heftapp	heft.app	MIT	2022-12-14T11:20:16.000Z	https://github.com/heftapp/graphql_codegen/tree/main/packages/graphql_codegen
636	animated_segmented_tab_control	A customizable segmented control that can be used with a TabView.	1.0.1	88.34315935495059	32	11	9	8	LanarsInc		NOASSERTION	2022-11-08T02:00:54.000Z	https://github.com/LanarsInc/animated-segmented-tab-control
637	apivideo_live_stream	Flutter RTMP live stream client for your audio/video application. Made with ♥ by api.video.	1.0.7	88.33448933587654	34	21	11	7	apivideo	api.video	MIT	2022-12-20T15:41:21.000Z	https://github.com/apivideo/api.video-flutter-live-stream
638	icons_plus	A collection of popular icon packs is available in icons_plus. Such as bootstrap, font awesome, eva icons, line awesome, ionicons, and many more.	3.0.0	88.31714929772846	80	12	2	1	chouhan-rahul	rahulchouhan.me	MIT	2022-09-03T14:28:00.000Z	https://github.com/chouhan-rahul/icons_plus
639	aes_crypt_null_safe	Dart encryption library for encrypting/decrypting files, plain text and binary data in AES Crypt file format.	2.0.2	88.29113924050634	14	3	1	0	CodingFries	codingfries.com	MIT	2021-12-15T06:47:17.000Z	https://github.com/CodingFries/aes_crypt_null_safe
640	change_case	An extension on String to transform a string between camelCase, PascalCase, Capital Case, snake_case, param-case, CONSTANT_CASE and others.	1.0.2	88.28680423096931	16	4	0	0	mrgnhnt96	mrgnhnt.com	MIT	2022-02-23T20:13:46.000Z	https://github.com/mrgnhnt96/change_case
641	window_location_href	Cross-platfrom window.location.href. Supports all platforms and is easy.	1.0.1+2	88.25212415467314	5	0	0	0	xclud		MIT	2022-10-24T20:06:12.000Z	https://github.com/xclud/window_location_href
642	just_throttle_it	A simple throttle library for limiting consecutive execution of functions	2.1.0	88.24778914513612	2	2	0	0	mhrst	qrl.app	MIT	2022-05-03T14:16:02.000Z	https://github.com/mhrst/just_throttle_it
643	antdesign_icons	AntDesign Icons implementation for dart projects.	0.0.3	88.20443904976591	9	4	0	1	elkhayder		MIT	2021-04-27T01:12:50.000Z	https://github.com/elkhayder/anticons
644	easy_table	A full customized data table that builds the cells on demand. Focused on Web/Desktop Applications. Bidirectional scroll bars.	2.3.0	88.14374891624762	46	19	5	8	caduandrade	caduandrade.net	MIT	2022-12-22T02:25:08.000Z	https://github.com/caduandrade/easy_table_flutter
645	firebase_core_dart	Pure Dart implementation of FlutterFire core API	1.0.1	88.12640887809953	7	287	36	18	invertase	invertase.io	NOASSERTION	2022-11-05T03:27:18.000Z	https://github.com/invertase/flutterfire_desktop
646	alphabet_scroll_view	A Scrollable ListView Widget with the dynamic vertical Alphabet List which you can drag and tap to scroll to the first item starting with that letter.	0.3.2	88.09172880180336	69	20	10	9	maheshmnj	maheshjamdade.com	MIT	2022-10-08T03:19:19.000Z	https://github.com/maheshmnj/alphabet_scroll_view
647	generic_bloc_provider	A generic BloC Provider for your Flutter apps. This package will help you avoid the boilerplate of writing BloC Providers.	2.1.1	88.08739379226634	22	26	6	1	robertohuertasm	robertohuertas.com	MIT	2022-02-14T09:54:59.000Z	https://github.com/robertohuertasm/generic_bloc_provider
648	sliding_clipped_nav_bar	Bottom Navigation Bar with sliding menu icon and text with clipping effect, it also has ripple effect when tapped.	3.1.0+4	88.07872377319231	177	55	9	0	watery-desert	waterydesert.com	BSD-3-Clause	2022-12-14T11:08:30.000Z	https://github.com/watery-desert/sliding_clipped_nav_bar
649	cr_calendar	Awesome calendar with customizations, range picking and event showing.	1.0.0+1	88.07438876365528	60	17	14	2	Cleveroad	cleveroad.com	MIT	2022-11-17T11:47:30.000Z	https://github.com/Cleveroad/cr_calendar
650	zego_uikit_prebuilt_call	PrebuiltCall is a full-featured call kit that provides a ready-made call invitation, voice/video chat, device detection, etc. Add a voice/video call to your app in minutes.	1.2.14	88.06571874458123	5	1	3	0	ZEGOCLOUD	zegocloud.com	MIT	2022-12-13T03:23:32.000Z	https://github.com/ZEGOCLOUD/zego_uikit_prebuilt_call_flutter
651	byte_size	ByteSize is a library that handles how byte sizes are represented and an easy to use interface to convert to other forms of representation also taking locale into consideration.	1.4.1	88.06138373504422	4	3	4	1	ron4fun		NOASSERTION	2022-10-22T12:46:21.000Z	https://github.com/ron4fun/byte_size
652	undo	A Undo/Redo Library for Flutter	1.4.0	88.04404369689614	66	55	13	2	rodydavis	rodydavis.com	MIT	2021-04-14T23:05:41.000Z	https://github.com/rodydavis/undo
653	shelf_plus	Shelf Plus is a quality of life addon for your server-side development within the Shelf platform.	1.5.0	88.03970868735911	75	53	9	0	felixblaschke	felix-blaschke.de	MIT	2022-09-09T19:13:55.000Z	https://github.com/felixblaschke/shelf_plus
654	flutter_mdns_plugin	Flutter mDNS plugin	0.0.3	88.00936362059997	4	46	37	10	terrabythia		MIT	2022-01-07T15:53:00.000Z	https://github.com/terrabythia/flutter_mdns_plugin
655	app_popup_menu	A more modular popup menu.	1.0.0	87.9530084966187	31	9	2	1	AndriousSolutions		NOASSERTION	2022-11-04T16:16:11.000Z	https://github.com/AndriousSolutions/app_popup_menu
656	interval_time_picker	A variant of the default Flutter Time Picker in which you can pick intervals.	2.0.0+5	87.92266342985955	14	2	11	0	Fleximex	fleximex.com	MIT	2022-09-01T19:57:30.000Z	https://github.com/Fleximex/interval_time_picker
657	whatsapp	A top package for whatsapp business api send messages, product, media, location through flutter app.	2.0.0	87.8923183631004	78	7	4	2	rohit-chouhan	rohitchouhan.com	MIT	2022-10-09T04:02:05.000Z	https://github.com/rohit-chouhan/whatsapp
658	toml	Parser and encoder for TOML v1.0.0 (Tom's Obvious, Minimal Language) configuration files.	0.13.1	87.85330327726722	19	31	5	1	just95		MIT	2022-12-19T08:09:57.000Z	https://github.com/just95/toml.dart
659	md5_file_checksum	Flutter plugin to calculate a file checksum as MD5 hash, using a platform native implementation.	1.0.4	87.84896826773019	5	4	1	2	albemala	albemala.me	MIT	2022-10-01T14:19:32.000Z	https://github.com/albemala/md5_file_checksum
660	flavor	An easy way to configure flavor settings and displaying flavor banner.	2.0.0	87.84029824865614	45	12	4	1	stefandevo	stefandevo.dev	MIT	2021-09-28T09:46:59.000Z	https://github.com/stefandevo/flutter-flavor
661	ensure_visible_when_focused	A handy Flutter widget to scroll to a certain widget every time this widget gains Focus.	1.1.1	87.83162822958211	22	9	3	1	rodrigobastosv	rodrigobastos.dev	MIT	2022-09-05T12:14:44.000Z	https://github.com/rodrigobastosv/ensure_visible_when_focused
662	pspdfkit_flutter	A Flutter plugin providing a feature-rich PDF viewing and editing experience to your users with the powerful PSPDFKit PDF SDK.	3.4.1	87.80561817235998	35	73	26	6	PSPDFKit	pspdfkit.com	NOASSERTION	2022-11-18T13:01:40.000Z	https://github.com/PSPDFKit/pspdfkit-flutter
663	horizontal_blocked_scroll_physics	A ScrollPhysics class that blocks movement in the horizontal axis.	4.0.1	87.80128316282297	23	10	3	0	koa-health	koahealth.tech	MIT	2022-03-07T08:05:10.000Z	https://github.com/Alpha-health/horizontal_blocked_scroll_physics
664	pocketbase	Multi-platform Dart SDK for PocketBase, an open source realtime backend in 1 file.	0.6.0	87.7882781342119	71	159	14	0	pocketbase	pocketbase.io	MIT	2022-12-16T15:27:44.000Z	https://github.com/pocketbase/dart-sdk
665	sentry_dart_plugin	A Dart Build Plugin that uploads symbols for Android, iOS/macOS, and Web to Sentry via sentry-cli.	1.0.0-beta.4	87.78394312467488	13	33	13	4	getsentry	sentry.io	MIT	2022-12-21T08:29:48.000Z	https://github.com/getsentry/sentry-dart-plugin
666	adapty_flutter	Adapty SDK is an open-source framework that makes implementing in-app subscriptions in Flutter applications fast and easy. It’s 100% open-source and lightweight.	2.2.1	87.77527310560083	37	46	8	3	adaptyteam	adapty.io	MIT	2022-12-16T09:39:09.000Z	https://github.com/adaptyteam/AdaptySDK-Flutter
667	flutter_update_dialog	A beautiful application version update dialog for flutter.You can customize your own version update pop-up window!	2.0.0	87.76226807698977	44	32	10	3	xuexiangjys	xuexiangjys.club	Apache-2.0	2022-12-04T15:20:44.000Z	https://github.com/xuexiangjys/flutter_update_dialog
668	auto_start_flutter	The plugin redirects the user to auto-start permission screen to allow auto-start and fix background problems in some phones.	0.1.1	87.75359805791572	22	4	5	3	seena98	techflow.ir	BSD-2-Clause	2022-11-02T09:41:57.000Z	https://github.com/seena98/auto_start_flutter
669	icon_decoration	Add decoration capabilities for the Icon widget with shadows, borders, gradients.	1.0.1	87.74926304837871	69	23	0	0	TesteurManiak	rouxguillau.me	BSD-2-Clause	2022-03-11T08:59:36.000Z	https://github.com/TesteurManiak/icon_decoration
670	youtube_api	YouTubeAPI is a plugin which directly interacts with YouTube server. Supports Searching video and playlist.	1.0.4	87.74492803884169	67	48	42	16	nstack-in	nstack.in	Apache-2.0	2021-11-09T07:03:17.000Z	https://github.com/nstack-in/youtube_api
671	dart_appwrite	Appwrite is an open-source self-hosted backend server that abstract and simplify complex and repetitive development tasks behind a very simple REST API	7.1.0	87.7059129530085	69	91	15	2	appwrite	appwrite.io	BSD-3-Clause	2022-12-14T09:25:38.000Z	https://github.com/appwrite/sdk-for-dart
672	flutter_zxing	A barcode scanner and generator natively in Flutter with Dart FFI based on ZXing.	0.9.0	87.68423790532339	29	32	12	6	khoren93		MIT	2022-12-18T18:23:15.000Z	https://github.com/khoren93/flutter_zxing
673	quickblox_sdk	Quickblox includes everything that brings messaging right into your application - chat, video calling, users, push notifications, etc.	0.11.0	87.65389283856425	44	6	0	24	QuickBlox		NOASSERTION	2022-09-30T13:13:32.000Z	https://github.com/QuickBlox/quickblox-flutter-sdk
674	onboarding_overlay	Flexible to control Onboarding overlay with or without target element (fork from onboard_overlay)	3.1.2	87.58453268597191	208	31	10	3	talamaska		MIT	2022-11-17T13:46:34.000Z	https://github.com/talamaska/onboarding_overlay
675	build_verify	Test utility to ensure generated Dart code within a package is up-to-date when using package:build.	3.1.0	87.56719264782382	31	52	11	2	kevmoo	j832.com	MIT	2022-12-02T20:46:45.000Z	https://github.com/kevmoo/build_verify
676	flutter_oss_licenses	A tool to generate detail and better OSS license list using pubspec.yaml/lock files.	2.0.1	87.50216750476851	40	30	9	3	espresso3389	espresso3389.jp	MIT	2022-10-22T13:07:06.000Z	https://github.com/espresso3389/flutter_oss_licenses
677	cunning_document_scanner	A document scanner plugin for flutter. Scan and crop automatically on iOS and Android.	1.1.2	87.47615744754638	55	17	11	1	jachzen	cunning.biz	MIT	2022-11-08T12:26:14.000Z	https://github.com/jachzen/cunning_document_scanner
678	bottom_sheet_bar	A toolbar that aligns to the bottom of a widget and expands into a bottom sheet.	2.3.8	87.46748742847234	52	9	2	3	mhrst	qrl.app	MIT	2022-10-18T15:06:35.000Z	https://github.com/mhrst/bottom_sheet_bar
679	msal_js	A Dart wrapper for the 'Microsoft Authentication Library for JavaScript (MSAL.js)'.	2.14.0	87.4588174093983	18	13	9	3	Francessco121		MIT	2022-05-12T03:53:46.000Z	https://github.com/Francessco121/msal-js-dart
680	libserialport	Serial Port for Dart (FFI bindings to libserialport, a minimal C-library created by the sigrok).	0.3.0+1	87.45448239986128	42	61	15	32	jpnurmi		LGPL-3.0	2022-08-27T14:23:26.000Z	https://github.com/jpnurmi/libserialport.dart
681	result_type	Result Type for Dart.	0.2.0	87.42847234263915	23	0	0	0	minikin	minikin.me	MIT	2022-12-21T15:06:30.000Z	https://github.com/minikin/result_type
682	schedulers	Dart library for running asynchronous functions on time. Useful for load balancing, rate limiting, lazy execution.	1.0.1	87.41113230449106	14	3	1	1	rtmigo	revercode.com	MIT	2022-11-25T05:28:46.000Z	https://github.com/rtmigo/schedulers
683	avoid_keyboard	This package enables convenient keyboard avoidance. It can be used to enable keyboard avoidance for specific view regions, without compressing the entire view.	0.3.0	87.38945725680597	15	1	0	0	HornMichaelS		MIT	2021-06-10T23:56:37.000Z	https://github.com/HornMichaelS/flutter_avoid_keyboard
684	ably_flutter	A wrapper around Ably's Cocoa and Java client library SDKs, providing iOS and Android support.	1.2.15	87.3764522281949	22	46	14	62	ably	ably.com	Apache-2.0	2022-12-13T18:41:49.000Z	https://github.com/ably/ably-flutter
685	qr_code_utils	Flutter plugin that provides tools for dealing with QR code. For now, just read.	0.0.1	87.37211721865789	1	0	0	1	atech-dev		MIT	2022-05-14T20:00:41.000Z	https://github.com/atech-dev/qr_code_utils/tree/main/qr_code_utils
686	star_menu	Contextual popup menu with different shapes and multiple ways to fine-tune animation and position. The menu entries can be almost any kind of widgets.	3.1.0+1	87.33743714236172	105	27	9	2	alnitak	marcobavagnoli.com	MIT	2022-12-12T17:15:50.000Z	https://github.com/alnitak/flutter_star_menu
687	datepicker_dropdown	A Dropdown Date picker for Flutter with customizable options.	0.0.7+2	87.3114270851396	15	3	5	2	Robertrobinson777	robertrobinson.in	MIT	2022-09-01T13:55:20.000Z	https://github.com/Robertrobinson777/dropdown_date_picker
688	loading_overlay_pro	A new Flutter project with a simple widget wrapper set of loading animations for Flutter projects.	2.1.1	87.28108201838045	28	2	0	0	HVLoc		MIT	2021-03-23T07:51:34.000Z	https://github.com/HVLoc/loading_overlay_pro
689	json_model	Gernerating Dart model class from Json files with one command.	1.0.0	87.25507196115831	35	623	114	48	flutterchina		NOASSERTION	2022-01-10T02:14:10.000Z	https://github.com/flutterchina/json_model
690	mixpanel_analytics	A dart wrapper on the mixpanel REST API to be used in Flutter applications. As this is using the http REST API it works both with Android and iOS.	2.1.1	87.24640194208428	17	18	22	3	koa-health	koahealth.tech	MIT	2021-07-12T20:02:40.000Z	https://github.com/Alpha-health/mixpanel_analytics
691	fluid_bottom_nav_bar	A beautiful bottom navigation with a fluid animation. Bar color, icons and animation speed are fully customizable.	1.4.0	87.24206693254725	136	24	23	13	eric-taix		MIT	2022-11-21T16:02:57.000Z	https://github.com/eric-taix/fluid-nav-bar
692	morphable_shape	A Flutter package for creating various shapes that are responsive and can morph betweem each other.	1.6.4	87.22039188486215	114	37	5	0	KevinVan720	wenkaifan.com	MIT	2022-09-05T13:48:35.000Z	https://github.com/KevinVan720/morphable_shape
693	prefs	A Library Package that utilizes the plugin, shared_preferences, to store and read an app’s preferences in both the Android and the iOS platform.	4.0.0	87.21605687532512	13	8	3	0	AndriousSolutions	andrioussolutions.com	NOASSERTION	2022-12-02T22:38:18.000Z	https://github.com/AndriousSolutions/prefs
694	nepali_utils	A pure dart package with collection of Nepali Utilities like Date converter, Date formatter, DateTime, Nepali Numbers, Nepali Unicode, Nepali Moments and many more.	3.0.3	87.20738685625108	36	23	13	3	sarbagyastha	sarbagyastha.com.np	MIT	2022-08-29T08:19:08.000Z	https://github.com/sarbagyastha/nepali_utils
695	contactus	contactus is the package which helps the developers to add their contact information with ease.Developers can add many important details such as website, email, phone number, etc.	1.2.0	87.17704178949194	52	19	12	0	AbhishekDoshi26		MIT	2021-11-24T11:47:56.000Z	https://github.com/AbhishekDoshi26/contactus
696	brightness_volume	Adjust the volume and brightness	1.0.3	87.14669672273278	7	3	2	5	tion126		MIT	2021-05-26T07:03:53.000Z	https://github.com/tion126/brightness_volume
697	nyxx_interactions	Nyxx Interactions Module. Discord library for Dart. Simple, robust framework for creating discord bots for Dart language.	4.5.0	87.13802670365874	7	7	6	2	nyxx-discord	l7ssha.xyz	Apache-2.0	2022-12-21T13:14:52.000Z	https://github.com/nyxx-discord/nyxx_interactions
698	vcard_maintained	A dart port of vCard JS by Eric J Nesser. Create vCards to import contacts into Outlook, iOS, Mac OS, and Android devices from your website or mobile application.	0.0.1+1	87.09034159875152	5	8	15	10	valerycolong	quds.cc	MIT	2021-10-27T09:07:00.000Z	https://github.com/valerycolong/vcard
699	skeleton_animation	Display skeleton animations in your app. It works on android, iOS and the web.	0.1.4	87.08600658921449	24	4	1	0	wjtje	wjtje.dev	MIT	2021-05-16T09:48:41.000Z	https://github.com/wjtje/flutter-skeleton-animation
700	isoweek	A lightweight Dart package which provides the class Week (based on the ISO 8601 format).	1.1.4	87.08167157967748	17	4	0	0	devj3ns	jensbecker.dev	BSD-3-Clause	2022-06-22T12:03:02.000Z	https://github.com/devj3ns/isoweek
701	background_app_bar	A background app bar plugin, use this plugin if you want to preserve background of sliver app bar when scrolling,	2.0.1	87.06866655106641	34	10	7	1	LeonColt		MIT	2022-03-19T19:57:03.000Z	https://github.com/LeonColt/background_app_bar
702	bonfire	(RPG maker) Create RPG-style or similar games more simply with Flame.	2.11.10	87.03832148430727	276	780	119	3	RafaelBarbosatec		MIT	2022-12-21T13:00:14.000Z	https://github.com/RafaelBarbosatec/bonfire
703	shared_storage	Flutter plugin to work with external storage and privacy-friendly APIs.	0.7.0	86.98630136986301	26	30	11	13	alexrintt	alexrintt.io	MIT	2022-11-19T03:40:15.000Z	https://github.com/alexrintt/shared-storage
704	water_drop_nav_bar	Bottom navigation bar, it has unique water drop effect. When water droplet falls it marks seleted item.	2.2.0+5	86.97329634125195	178	34	5	1	watery-desert	waterydesert.com	BSD-3-Clause	2022-12-14T11:12:35.000Z	https://github.com/watery-desert/water_drop_nav_bar
705	fhir	FHIR library of versions R4, STU3, DSTU2, and R5 (draft) for Dart & Flutter.	0.9.3	86.95162129356684	26	34	26	1	MayJuun	fhirfli.dev	MIT	2022-12-12T14:54:35.000Z	https://github.com/MayJuun/fhir/tree/main/fhir
706	mrx_charts	Simple, high-performance Flutter charts with beautiful animations.	0.1.3	86.94728628402983	76	54	7	3	merixstudio	merixstudio.com	MIT	2022-12-01T18:16:54.000Z	https://github.com/merixstudio/mrx-flutter-charts
707	dnd	Drag and Drop for Dart web apps with mouse and touch support.	2.0.1	86.93861626495578	47	136	92	5	marcojakob	jakobservices.ch	MIT	2021-10-07T20:03:58.000Z	https://github.com/marcojakob/dart-dnd
708	msh_checkbox	An animated checkbox, inspired by BEMCheckbox for iOS, using an API similar to Flutter's own Checkbox.	2.0.0	86.92127622680769	14	4	3	0	HornMichaelS		MIT	2022-12-14T18:52:36.000Z	https://github.com/HornMichaelS/msh_checkbox
709	benchmark_harness	The official Dart project benchmark harness.	2.2.0	86.8996011791226	22	76	25	8	dart-lang	tools.dart.dev	BSD-3-Clause	2022-11-10T17:41:50.000Z	https://github.com/dart-lang/benchmark_harness
710	perfect_freehand	Draw perfect pressure-sensitive freehand lines. A set of functions for turning input points into a polygon of outline points.	1.0.4	86.86492110282643	109	184	25	4	steveruizok		MIT	2022-07-14T06:01:25.000Z	https://github.com/steveruizok/perfect-freehand-dart
711	image_cropping	This package helps you to crop image with ratio and free scale.	0.0.13	86.85625108375238	72	40	14	1	Mindinventory	mindinventory.com	MIT	2022-09-01T07:14:05.000Z	https://github.com/Mindinventory/image_cropping
712	flutter_sensors	A flutter plugin to access the available sensors of the device.	1.0.1	86.85191607421537	28	28	26	14	LJaraCastillo		MIT	2022-02-23T13:22:29.000Z	https://github.com/LJaraCastillo/native_video_view
713	salesiq_mobilisten	Mobilisten enables you to give your users the best in-app live chat experience. Mobilisten provides drop-in in-app chat and knowledge base.	1.0.4	86.83024102653026	13	9	5	8	zoho	zoho.com	MIT	2022-12-08T15:54:42.000Z	https://github.com/zoho/salesiq-mobilisten-flutter
714	bcrypt	This package use jBCrypt modified code to work with Dart VM.	1.1.3	86.76088087393792	10	1	0	0	astudilloalex	alexastudillo.com	NOASSERTION	2022-03-23T21:03:10.000Z	https://github.com/astudilloalex/dart-bcrypt
715	hive_test	Initialize a temporary Hive database for testing	1.0.1	86.74787584532686	4	4	1	1	netsells		MIT	2021-05-11T10:03:48.000Z	https://github.com/netsells/hive_test
716	input_history_text_field	A input_history_text_field widget is automatically saved and suggest as you type.	0.2.0	86.72620079764175	44	8	4	4	trashfeed	trashfeed.net	MIT	2022-09-03T03:05:07.000Z	https://github.com/trashfeed/input_history_text_field
717	geocoder_buddy	Forward, Reverse geocoding and Search Address without any apikey.	1.0.1	86.71319576903069	15	3	5	4	flutterbuddy1	flutterbuddy.in	MIT	2022-11-20T16:56:40.000Z	https://github.com/flutterbuddy1/geocoder_buddy
718	alert	A Flutter plugin for showing native alert dialog in IOS and Toast messages in Android.	2.0.1	86.67851569273452	18	1	4	0	Oleksandr32		MIT	2021-05-25T19:50:37.000Z	https://github.com/Oleksandr32/flutter-alert
719	flutter_expandable_table	A Flutter widget for create an expandable table with header and first column fixed.	1.1.1	86.63083058782729	58	15	14	3	rickypid	rcprogrammer.net	BSD-3-Clause	2022-08-01T15:45:46.000Z	https://github.com/rickypid/flutter_expandable_table
720	fancy_password_field	A highly customizable password control input widget. It has features such as password strenght and rules validation	2.0.0	86.59615051153112	44	12	5	0	rodrigobastosv	rodrigobastos.dev	MIT	2022-10-13T13:25:35.000Z	https://github.com/rodrigobastosv/fancy_password_field
721	animated_notch_bottom_bar	This package helps you to achieve animated notch bottom navigation bar with any widget as children.	0.0.6	86.57447546384603	62	32	3	1	Mindinventory	mindinventory.com	MIT	2022-10-18T12:06:25.000Z	https://github.com/Mindinventory/animated_notch_bottom_bar
722	quds_popup_menu	A new way to show advanced popup menu in Flutter, the package is a part of quds_ui_kit package.	0.0.1+1	86.570140454309	56	18	11	2	MohammedAsaadAsaad	quds.cc	MIT	2022-05-03T07:57:51.000Z	https://github.com/MohammedAsaadAsaad/quds_ui_kit
723	icalendar_parser	Package to parse iCalendar (.ics) files written in pure Dart.	1.1.0	86.56147043523495	34	26	4	1	TesteurManiak	rouxguillau.me	MIT	2022-12-12T14:11:44.000Z	https://github.com/TesteurManiak/icalendar_parser
724	signalr_flutter	A flutter plugin for .net SignalR client. This client is for ASP.Net SignalR, not for .Net Core SignalR.	0.2.0	86.54413039708687	56	16	16	14	AS-Devs		MIT	2022-11-21T12:23:46.000Z	https://github.com/AS-Devs/signalr_flutter
725	reactive_phone_form_field	Wrapper around phone_form_field to use with reactive_forms	0.10.0	86.53979538754986	6	47	23	2	artflutter		MIT	2022-12-15T16:51:57.000Z	https://github.com/artflutter/reactive_forms_widgets
726	very_good_infinite_list	A library for easily displaying paginated data, created by Very Good Ventures. Great for activity feeds, news feeds, and more.	0.7.0	86.53112536847581	132	102	14	3	VeryGoodOpenSource	verygood.ventures	MIT	2022-11-28T18:02:53.000Z	https://github.com/VeryGoodOpenSource/very_good_infinite_list
727	dart_twitter_api	A dart wrapper for using the Twitter API with well documented interfaces for every endpoint.	0.5.8	86.52679035893878	41	54	23	0	robertodoering		BSD-3-Clause	2022-12-14T17:46:48.000Z	https://github.com/robertodoering/twitter_api
728	info_popup	The simple way to show the user some information on your selected widget.	2.4.6	86.5094503207907	37	9	1	0	SalihCanBinboga	salihcan.dev	MIT	2022-11-22T13:29:29.000Z	https://github.com/salihcanbinboga/info_popup
729	flutter_widgetkit	Flutter library for iOS Widgets Extensions. Integrate a Widget into your App	1.0.3	86.47910525403157	38	225	20	5	fasky-software		MIT	2021-03-22T09:10:11.000Z	https://github.com/fasky-software/flutter_widgetkit
730	ferry_generator	Generated types for Ferry GraphQL Client	0.7.0	86.47477024449454	15	480	90	52	gql-dart	gql-dart.dev	MIT	2022-12-19T20:07:48.000Z	https://github.com/gql-dart/ferry
731	statusbarz	A Flutter package for dynamically changing status bar color based on the background. Works with static colors and images.	1.0.12	86.46610022542049	38	6	2	0	Mapventure	mankeli.co	MIT	2022-10-20T11:18:02.000Z	https://github.com/Mapventure/statusbarz
732	stream_feed_flutter_core	Stream Feed official Flutter SDK Core. Build your own feed experience using Dart and Flutter.	0.8.0	86.45743020634646	11	67	25	31	GetStream	getstream.io	NOASSERTION	2022-11-15T01:27:16.000Z	https://github.com/GetStream/stream-feed-flutter
733	swagger_dart_code_generator	Have you been turned into a problem with writing code for Http requests? This package can help. It has all of the Http and model codegen functionality you have been looking for.	2.9.0	86.45309519680944	194	185	59	6	epam-cross-platform-lab	mobilepeople.dev	Apache-2.0	2022-12-19T13:06:56.000Z	https://github.com/epam-cross-platform-lab/swagger-dart-code-generator
734	webcrypto	Cross-platform implementation of Web Cryptography APIs for Flutter.	0.5.3	86.43142014912432	51	56	30	14	google	google.dev	Apache-2.0	2022-11-02T14:39:32.000Z	https://github.com/google/webcrypto.dart
735	multi_image_picker_view	A complete widget which can easily pick multiple images from device and display them in UI. Also picked image can be re-ordered and removed easily.	0.0.7	86.3447199583839	18	8	5	2	shubham-gupta-16		MIT	2022-12-19T14:53:32.000Z	https://github.com/shubham-gupta-16/multi_image_picker_view
736	custom_lint_builder	A package to help writing custom linters	0.0.16	86.29703485347667	3	152	17	20	invertase	invertase.io	Apache-2.0	2022-12-20T17:26:56.000Z	https://github.com/invertase/dart_custom_lint
737	scribble	Scribble is a lightweight library for freehand drawing in Flutter supporting pressure, variable line width and more!	0.9.1	86.27969481532858	108	73	18	9	fyzo-dev	fyzio.de	MIT	2022-12-02T11:21:07.000Z	https://github.com/timcreatedit/scribble
738	flutter_custom_cards	Flutter Custom Cards help developers to create beautiful custom cards and 3D cards with flutter.	0.2.1	86.24934974856944	12	2	0	0	pktintali	studentmitra.in	MIT	2021-11-21T05:31:04.000Z	https://github.com/pktintali/flutter_custom_cards
739	flutter_star	You can create a star easily and decide how many angle or color of the star, even the fat and progress of the star.	1.2.0	86.22767470088434	11	20	2	0	toly1994328	toly1994.com	NOASSERTION	2020-02-23T02:34:32.000Z	https://github.com/toly1994328/flutter_star
740	animated_card	Package to animate the initialization of any widget, with the possibility of using a custom dismissible.	2.0.0	86.22333969134732	58	15	3	1	davidsdearaujo		MIT	2021-04-16T19:55:32.000Z	https://github.com/davidsdearaujo/animated_card
741	google_language_fonts	Include easily Google Fonts which are compatible with your languages.	2.0.0	86.21900468181029	12	1	0	0	mzdm		Apache-2.0	2021-06-16T18:58:21.000Z	https://github.com/mzdm/google-language-fonts-flutter
742	matomo_tracker	A fully cross-platform wrap of the Matomo tracking client for Flutter, using the Matomo API.	2.0.0	86.20599965319924	18	11	8	0	Floating-Dartists	floating-dartists.dev	MIT	2022-12-02T16:13:09.000Z	https://github.com/Floating-Dartists/matomo-tracker
743	flutter_tagging	A flutter package with tagging or multiselect functionality. Useful for adding Tag or Label Selection Forms.	3.0.0	86.16698456736604	177	149	47	17	sarbagyastha	sarbagyastha.com.np	BSD-3-Clause	2021-10-04T11:12:52.000Z	https://github.com/sarbagyastha/flutter_tagging
744	http_status_code	HTTP Status Codes	0.0.2	86.16264955782903	9	4	3	0	salkuadrat		MIT	2021-10-30T10:07:24.000Z	https://github.com/salkuadrat/http_status_code
745	tabbar	Simple tabbar, rewritten using pagecontroller and facilitating internal PageView manipulation	0.1.1	86.12796948153286	23	7	11	3	davidsdearaujo		MIT	2021-03-26T16:38:37.000Z	https://github.com/davidsdearaujo/tabbar
746	tabbed_view	Flutter widget inspired by the classic Desktop-style tab component. Supports customizable themes.	1.15.0	86.12363447199584	60	29	9	5	caduandrade	caduandrade.net	MIT	2022-11-20T14:30:02.000Z	https://github.com/caduandrade/tabbed_view
747	flutter_scroll_shadow	ScrollShadow adds shadows to a scrollable child. Supports ScrollController and vertical or horizontal orientation.	1.0.2	86.1149644529218	9	4	1	0	rickypid	rcprogrammer.net	BSD-3-Clause	2022-01-25T12:39:32.000Z	https://github.com/rickypid/flutter_scroll_shadow
748	survey_kit	Create beautiful surveys with Flutter (inspired by iOS ResearchKit Surveys)	0.1.1	86.07594936708861	69	89	50	10	QuickBirdEng	quickbirdstudios.com	MIT	2022-12-15T12:56:25.000Z	https://github.com/quickbirdstudios/survey_kit
749	flutter_scale_tap	Scale and opacity animated Button for Flutter	1.0.5	86.06727934801457	24	7	4	3	fedeamura		MIT	2022-09-19T10:17:19.000Z	https://github.com/fedeamura/flutter_scale_tap
750	patrol	Simple yet powerful Flutter-native UI testing framework eliminating limitations of flutter_test, integration_test, and flutter_driver.	0.10.5	86.05860932894053	133	250	22	77	leancodepl	leancode.co	Apache-2.0	2022-12-21T23:51:01.000Z	https://github.com/leancodepl/patrol
751	zego_uikit_signaling_plugin	ZegoUIKitSignalingPlugin is a low-code plugin collection that provides the signal related function extensions for ZegoUIKit, helps you to integarte features easier and faster.	1.1.0	86.04993930986649	4	1	0	1	ZEGOCLOUD	zegocloud.com	MIT	2022-12-12T07:20:13.000Z	https://github.com/ZEGOCLOUD/zego_uikit_signaling_plugin_flutter
752	humanizer	A library to convert Dart values into human-friendly representations.	2.0.0	86.04560430032946	41	19	2	0	kentcb	kent-boogaart.com	MIT	2022-05-12T08:41:27.000Z	https://github.com/kentcb/humanizer
753	pusher_beams	Official Flutter Plugin for Pusher Beams, receive notifications easily on your Flutter application with Pusher Beams.	1.1.1	86.01959424310733	19	8	11	7	pusher	pusher.com	MIT	2022-09-19T13:11:43.000Z	https://github.com/pusher/push-notifications-flutter
754	google_sign_in_mocks	Mocks for Google Sign In. Use this package with `firebase_auth_mocks` to write unit tests involving Firebase Authentication.	0.2.1	86.01525923357032	17	6	9	4	atn832	wafrat.com	BSD-2-Clause	2022-08-20T09:17:39.000Z	https://github.com/atn832/google_sign_in_mocks
755	stream_chat	The official Dart client for Stream Chat, a service for building chat applications.	5.1.0	85.99358418588521	58	657	239	73	GetStream	getstream.io	NOASSERTION	2022-12-21T15:33:43.000Z	https://github.com/GetStream/stream-chat-flutter
756	firebase_storage_mocks	Mocks for Firebase Storage. Use this package to write unit tests involving Firebase Storage.	0.6.0+1	85.98057915727415	16	8	19	5	atn832	wafrat.com	BSD-2-Clause	2022-11-29T06:34:12.000Z	https://github.com/atn832/firebase_storage_mocks
757	test_process	Test processes: starting; validating stdout and stderr; checking exit code	2.0.3	85.97624414773712	8	15	11	1	dart-lang	tools.dart.dev	BSD-3-Clause	2022-11-01T15:02:42.000Z	https://github.com/dart-lang/test_process
758	theme_tailor_annotation	Annotations for the Theme Tailor code-generator. This package does nothing without Theme Tailor.	1.0.3	85.95456910005203	8	33	7	6	Iteo	iteo.com	MIT	2022-12-13T13:45:39.000Z	https://github.com/Iteo/theme_tailor
759	horizontal_picker	You can select your value on Horizontal Picker while scrolling on items.	1.2.0	85.9068839951448	53	10	6	3	leventkantaroglu	leventkantaroglu.com	BSD-3-Clause	2022-06-27T17:45:26.000Z	https://github.com/leventkantaroglu/horizontal_picker
760	flutter_randomcolor	A flutter package for generating attractive random colors. it can be used for data visualization, generative and lot more.	1.0.14	85.8895439569967	12	7	3	1	DAMMAK	dammak.dev	MIT	2022-07-31T19:36:45.000Z	https://github.com/DAMMAK/RandomColorDart
761	f_datetimerangepicker	Date and Time Range Picker for Flutter using Cupertino. Support pick date range, time range, date and time range.	0.2.0	85.88087393792266	36	20	8	7	longphanmn		Apache-2.0	2021-09-06T08:08:04.000Z	https://github.com/longphanmn/f-datetimerangepicker
762	flagsmith	Flutter Client SDK for https://www.flagsmith.com/, Flagsmith is 100% Open Source. Host yourself or let us take care of the hosting.	3.0.3	85.87220391884863	15	13	7	3	Flagsmith	flagsmith.com	BSD-3-Clause	2022-11-30T09:14:20.000Z	https://github.com/Flagsmith/flagsmith-flutter-client
763	gql_websocket_link	GQL Websocket Link	0.3.4+1	85.8505288711635	8	240	100	57	gql-dart	gql-dart.dev	MIT	2022-12-21T18:48:29.000Z	https://github.com/gql-dart/gql
764	iso_countries	A plugin for fetching ISOCountries data from device OS. Name of countries can be obtained in different languages.	2.1.0	85.8461938616265	14	4	12	2	anoop4real		MIT	2022-01-13T16:19:36.000Z	https://github.com/anoop4real/flutter_iso_countries
765	objectbox_sync_flutter_libs	Fast Flutter database for persisting Dart objects. This package contains Flutter runtime libraries for ObjectBox, including ObjectBox Sync.	1.7.0	85.78983873764521	8	720	88	54	objectbox	objectbox.io	Apache-2.0	2022-12-19T15:22:03.000Z	https://github.com/objectbox/objectbox-dart
766	nfc_in_flutter	Flutter plugin to read and write NFC tags on both Android and iOS. Currently it only supports reading NDEF formatted tags.	2.0.5	85.78116871857118	104	113	108	61	semlette	semler.dev	MIT	2021-05-22T20:19:03.000Z	https://github.com/semlette/nfc_in_flutter
767	advance_image_picker	Flutter plugin in pure Dart code for selecting/editing multiple images from the Android/iOS image library and taking new pictures with the camera in the same view.	0.1.7+1	85.75949367088607	102	91	33	15	weta-vn	weta.vn	BSD-3-Clause	2022-10-15T16:04:24.000Z	https://github.com/weta-vn/advance_image_picker
768	drawing_animation	An dart-only library for gradually painting SVG path objects on canvas (drawing line animation).	1.0.1	85.74648864227501	180	440	97	8	biocarl		BSD-2-Clause	2022-10-08T12:14:17.000Z	https://github.com/biocarl/drawing_animation
769	japx	Lightweight parser for the JSON:API (http://jsonapi.org/) structure.	2.0.5	85.72914860412692	34	23	11	3	infinum	infinum.com	MIT	2022-11-07T10:04:13.000Z	https://github.com/infinum/flutter-plugins-japx
770	flutter_timeline	a fully customizable & general timeline widget, based on real-world application references	0.3.0	85.72047858505289	125	285	24	6	softmarshmallow	softmarshmallow.com	MIT	2021-11-13T13:31:12.000Z	https://github.com/softmarshmallow/flutter-timeline
771	algorand_dart	Unofficial community SDK to interact with the Algorand network, for Dart & Flutter	1.0.3	85.71180856597884	32	35	11	3	RootSoft		MIT	2022-12-15T14:02:19.000Z	https://github.com/RootSoft/algorand-dart
772	openapi_dart_common	OpenAPI API common libraries so the generator doesn't generate them	4.1.2	85.6814634992197	4	4	5	0	dart-ogurets	bluebiscuitdesign.dev	BSD-2-Clause	2022-07-23T06:32:33.000Z	https://github.com/dart-ogurets/openapi_dart_common
773	flutter_advanced_calendar	An advanced calendar provides a rich API for widget customization that opens a new look and feel in your app.	1.3.0	85.67279348014566	36	13	12	2	alex-melnyk	alexmelnyk.io	BSD-3-Clause	2022-10-17T13:53:03.000Z	https://github.com/alex-melnyk/flutter_advanced_calendar
774	msal_flutter	A Microsoft Authentication Library wrapper for Android and iOS	2.0.1	85.66845847060863	18	4	7	4	Muljin	muljin.com	BSD-3-Clause	2022-11-21T09:41:41.000Z	https://github.com/muljin/msal-flutter
775	flutter_number_picker	A new custom Flutter Number Picker plugin by using add and minus buttons.	1.0.4	85.64678342292353	15	2	7	1	phuongtinhbien	phvit.blogspot.com	MIT	2022-07-04T10:29:00.000Z	https://github.com/phuongtinhbien/flutter_number_picker
776	interact	A collection of customizable interactive command-line components.	2.1.1	85.6424484133865	42	70	7	5	frencojobs	frenco.dev	MIT	2022-10-05T12:51:01.000Z	https://github.com/frencojobs/interact
777	camcode	A camera barcode scanner for Flutter Web using your favorite Javascript library	3.0.0	85.62077336570141	40	10	9	8	PiotrFLEURY		BSD-3-Clause	2022-07-23T18:21:05.000Z	https://github.com/PiotrFLEURY/camcode
778	flutter_map_dragmarker	Dragmarker class for flutter_map	4.1.2	85.58175827986821	10	40	26	8	ibrierley		BSD-3-Clause	2022-11-10T14:49:13.000Z	https://github.com/ibrierley/flutter_map_dragmarker
779	card_scanner	Fast, Accurate and Secure Credit & Debit card scanning library for flutter.	0.2.2	85.57308826079418	98	82	66	27	nateshmbhat		GPL-3.0	2021-05-29T23:53:21.000Z	https://github.com/nateshmbhat/card-scanner-flutter
780	melos	A tool for managing Dart & Flutter repositories with multiple packages (monorepo). Supports automated versioning via Conventional Commits. Inspired by JavaScripts Lerna package.	2.9.0	85.52106814634992	301	712	127	46	invertase	invertase.io	Apache-2.0	2022-12-20T19:52:55.000Z	https://github.com/invertase/melos/tree/main/packages/melos
781	flrx_validator	A powerful, extensible validator package to get validation messages based on a list of rules.	0.6.0	85.45170799375758	4	12	0	14	flrx		MIT	2022-12-11T01:39:56.000Z	https://github.com/flrx/validator
782	youtube_player_flutter_quill	Flutter plugin for playing or streaming inline YouTube videos using the official iFrame player API. This plugin supports both Android and iOS.	8.2.2	85.44737298422056	5	556	563	314	sarbagyastha		BSD-3-Clause	2022-12-21T11:22:51.000Z	https://github.com/sarbagyastha/youtube_player_flutter
783	open_app_settings	A remaster plugin of app_settings. app_setting use Kotlin and Swift may cause build issue, so this plugin used Java and ObjC.	2.0.1	85.43870296514652	6	3	2	0	mjl0602		MIT	2021-12-30T03:56:28.000Z	https://github.com/mjl0602/open_app_settings
784	envied_generator	Generator for the Envied package. See https://pub.dev/packages/envied.	0.3.0	85.43003294607247	5	31	15	3	petercinibulk		MIT	2022-11-28T17:56:33.000Z	https://github.com/petercinibulk/envied
785	flutter_translate_annotations	Defines the annotations used by flutter_translate_gen to create statically-typed localization keys.	2.1.0	85.42136292699844	2	6	7	0	Jesway	jesway.com	NOASSERTION	2021-12-11T11:54:21.000Z	https://github.com/bratan/flutter_translate_annotations
786	rate_limiter	A pure dart package to apply useful rate limiting strategies on regular functions.	1.0.0	85.36934281255418	37	24	4	0	GetStream	getstream.io	MIT	2022-12-14T13:07:39.000Z	https://github.com/GetStream/rate_limiter
787	flutter_animated_icons	Collection of 2400+ animations for your icons and buttons. They are implemented by Lottie animation. Effective icon animation tells a clear story amplifying the intended UX.	1.0.1	85.34766776486909	119	8	2	1	iconforest	iconforest.flutterplay.com	MIT	2022-07-24T16:14:57.000Z	https://github.com/iconforest/flutter_animated_icons
788	system_info_plus	A flutter plugin to get device (system) info including Random access memory (RAM).	0.0.5	85.33899774579504	8	2	0	0	SebghatYusuf		BSD-3-Clause	2022-05-05T13:44:36.000Z	https://github.com/SebghatYusuf/system_info_plus
789	flutter_hls_parser	dart plugin for parse m3u8 file for HLS. both of master and media file is supported.	2.0.0	85.2869776313508	19	12	3	1	HiroyukiTamura		Apache-2.0	2022-10-25T10:50:40.000Z	https://github.com/HiroyukTamura/flutter_hls_parser
790	permission_handler_web	My implementation of web part for permission_handler	0.0.2	85.27397260273972	1	0	0	0	johnwcchau		MIT	2022-07-11T04:57:08.000Z	https://github.com/johnwcchau/permission_handler_web
791	simple_icons	The Simple Icon pack available as Flutter Icons. Provides over 1500 Free SVG icons for popular brands.	7.10.0	85.26530258366569	65	18	1	3	jlnrrg	teavelopment.com	CC0-1.0	2022-12-12T04:02:35.000Z	https://github.com/jlnrrg/simple_icons
792	video_editor_sdk	The official Flutter plugin for VideoEditor SDK. Integrate the video editor into your own iOS or Android app - in minutes!	2.7.1	85.26096757412867	28	15	25	1	imgly	img.ly	NOASSERTION	2022-11-01T15:43:33.000Z	https://github.com/imgly/vesdk-flutter
793	cached_network_image_builder	A widget to cache your network image check it if it has already stored with downloading it through basic http request, so doesn't need to download it again.	0.2.0	85.2262874978325	17	3	3	1	malibayram91	dershub.com	MIT	2021-09-26T07:43:49.000Z	https://github.com/malibayram91/cached_network_image_builder
794	in_date_utils	Utils for DateTime. Easily modify, check and copy dates. Get numbers of days in year/month. And many more.	1.1.0	85.2046124501474	16	3	0	0	Innim	innim.ru	BSD-3-Clause	2022-06-15T17:42:48.000Z	https://github.com/Innim/in_date_utils
795	flex_seed_scheme	A more flexible version of Flutter's ColorScheme.fromSeed, use multiple seed colors, custom chroma and tone mapping.	1.1.0	85.19160742153633	21	9	0	0	rydmike	rydmike.com	NOASSERTION	2022-12-21T23:47:32.000Z	https://github.com/rydmike/flex_seed_scheme
796	touchable_opacity	This widget lets you provide a more visual feedback to users when they interact with your app, similar to TouchableOpacity in React Native.	1.2.0	85.16559736431421	13	14	2	1	nkshah2		BSD-2-Clause	2021-03-15T15:18:03.000Z	https://github.com/nkshah2/touchable_opacity
797	flutter_joystick	A virtual joystick for Flutter applications. Highly flexible and customizable.	0.0.3	85.15692734524016	24	9	5	1	pavelzaichyk	rebeloid.com	MIT	2022-12-21T18:23:47.000Z	https://github.com/pavelzaichyk/flutter_joystick
798	data_connection_checker_nulls	A pure Dart library that checks for internet by opening a socket to a list of specified addresses, each with individual port and timeout. Defaults are provided for convenience.	0.0.2	85.13091728801804	5	0	0	0	AntiDesert5		NOASSERTION	2022-03-04T19:47:53.000Z	https://github.com/AntiDesert5/data_connection_checker
799	mad_pay	Mad Pay will help you make payments through Apple Pay and Google Pay	2.2.14	85.10924224033293	58	23	13	1	MadBrains	madbrains.ru	MIT	2022-11-25T09:39:47.000Z	https://github.com/MadBrains/Mad-Pay-Flutter
800	animated_icon	This package support a animated icon with some customization like color, animate, hover, callback.	0.0.4	85.09190220218484	32	11	5	0	Mindinventory	mindinventory.com	MIT	2022-08-03T08:47:53.000Z	https://github.com/Mindinventory/animated_icons
801	twitter_api_v2	The most famous and powerful Dart/Flutter library for Twitter API v2.0.	4.7.0	85.08756719264782	50	139	25	7	twitter-dart	shinyakato.dev	BSD-3-Clause	2022-12-12T00:57:33.000Z	https://github.com/twitter-dart/twitter-api-v2
802	polyline_do	Polyline encoding algorithm for encoding and decoding a list of coordinates	0.1.0	85.0832321831108	21	4	0	1	Klerith	fernando-herrera.com	NOASSERTION	2021-08-31T23:29:39.000Z	https://github.com/Klerith/dart_polyline_do
803	alfred	A performant, expressjs like web server / rest api framework thats easy to use and has all the bits in one place.	1.0.0+1	85.05288711635166	283	449	23	9	rknell		NOASSERTION	2022-12-05T11:26:39.000Z	https://github.com/rknell/alfred
804	screen_recorder	Record your Flutter widgets and export the recordings as a GIF	0.2.0	85.04421709727762	76	28	11	4	ueman	uekoetter.dev	MIT	2022-11-29T15:24:14.000Z	https://github.com/ueman/screenrecorder
805	squadron	Multithreading and worker thread pool for Dart / Flutter, to offload CPU-bound and heavy I/O tasks to Isolate or Web Worker threads.	4.3.3	85.0398820877406	43	28	0	0	d-markey		MIT	2022-11-30T23:45:23.000Z	https://github.com/d-markey/squadron
806	map_pin_picker	A Flutter package for creating pin in map center and animate it with map movement so the user can select his location  .	0.0.1	84.99219698283336	36	0	5	1	pharous-flutter	pharous.com	MIT	2021-01-31T20:25:58.000Z	https://github.com/pharous-flutter/map_pin_picker
807	odoo_rpc	Odoo RPC Client library for Dart with session changes tracking via steam.	0.5.1	84.9791919542223	31	24	20	5	ERP-Ukraine	erp.co.ua	MIT	2022-10-14T09:02:42.000Z	https://github.com/ERP-Ukraine/odoo-rpc-dart
808	flutter_spinning_wheel	A customizable widget to use as a spinning wheel in Flutter.	1.1.0	84.96618692561123	84	110	59	12	davidanaya		MIT	2021-12-27T17:42:15.000Z	https://github.com/davidanaya/flutter-spinning-wheel
809	qiscus_chat_sdk	The Scalable In-App Chat SDK for Mobile & Web	2.0.1	84.96185191607421	6	11	6	1	qiscus		Apache-2.0	2022-11-16T08:34:53.000Z	https://github.com/qiscus/qiscus-chat-sdk-flutter
810	tim_ui_kit	UI components library and basic chat business logic for Tencent Cloud Chat service, helping you build In-APP Chat module easily.	1.0.1	84.90116178255592	16	19	4	0	TencentCloud	comm.qq.com	Apache-2.0	2022-12-07T09:13:26.000Z	https://github.com/TencentCloud/tc-chat-uikit-flutter
811	livechatt	A livechat package for embedding mobile chat window in your mobile application.	1.4.0	84.88382174440784	28	9	10	8	Mastersam07	mastersam.tech	MIT	2021-12-12T01:56:21.000Z	https://github.com/Mastersam07/livechat
812	flutter_assurance	Official Adobe Experience Platform support for Flutter apps. Assurance is a new, innovative product from Adobe to help you easily validate SDK implementations.	2.0.1	84.85347667764869	3	3	6	0	adobe	adobe.com	Apache-2.0	2022-01-15T01:54:27.000Z	https://github.com/adobe/flutter_assurance
813	flutter_flurry_sdk	A Flutter plugin for Flurry Analytics SDK. Flurry Push for messaging and Flurry Config for remote configuration are supported by our plugin as well!	3.0.0	84.84047164903762	18	5	1	1	flurry		Apache-2.0	2022-10-28T20:14:24.000Z	https://github.com/flurry/flutter-flurry-sdk
814	pdftron_flutter	A convenience wrapper to build Flutter apps that use the PDFTron mobile SDK for smooth, flexible, and stand-alone document viewing.	1.0.1-4	84.80579157274147	31	154	31	9	PDFTron	pdftron.com	NOASSERTION	2022-12-20T21:05:37.000Z	https://github.com/PDFTron/pdftron-flutter
815	redux_saga	redux_saga is a library that aims to make application side effects easier to manage, more efficient to execute, easy to test, and better at handling failures.	3.0.6	84.79712155366742	29	34	6	0	reduxsaga		MIT	2022-01-04T14:27:12.000Z	https://github.com/reduxsaga/redux_saga
816	dart_jts	An ongoing effort to port the Java Topology Suite to the dart programming language and make it available to its mobile, dektop and web environments.	0.2.1+1	84.74943644876018	17	18	12	5	moovida	hydrologis.com	NOASSERTION	2022-08-08T22:51:21.000Z	https://github.com/moovida/dart_jts
817	quick_usb	A cross-platform (Android/Windows/macOS/Linux) USB plugin for Flutter	0.4.0	84.73643142014913	59	39	27	5	woodemi	woodemi.com	BSD-3-Clause	2022-06-20T00:07:55.000Z	https://github.com/woodemi/quick.flutter/tree/master/packages/quick_usb
818	modern_form_esys_flutter_share	A Flutter plugin for sharing images & text with other applications.	1.1.2	84.7320964106121	6	0	2	2	apps-auth	appsauth.com	Apache-2.0	2022-01-23T17:07:20.000Z	https://github.com/apps-auth/modern_form_esys_flutter_share
819	compute	Flutter's compute function made available for all non-Flutter Dart programs	1.0.2	84.72776140107509	12	6	0	1	dartsidedev	dartside.dev	BSD-3-Clause	2022-08-14T13:21:31.000Z	https://github.com/dartsidedev/compute
820	flutter_3d_choice_chip	Simple 3D choice chip for Flutter with customizable color themes and sizing.	0.1.4	84.68441130570487	13	2	0	0	matwright	matwright.dev	MIT	2021-09-20T15:57:03.000Z	https://github.com/matwright/flutter_3d_choice_chip
821	spannable_grid	Custom grid widget that allows it's cells to span columns and rows and supports editing.	0.3.0	84.67574128663084	56	17	7	3	echedev	eche.dev	MIT	2022-02-21T13:54:50.000Z	https://github.com/ech89899/spannablegrid-flutter
822	hooked_bloc	Flutter package that simplifies injection and usage of Bloc/Cubit.	1.3.0	84.66707126755679	52	43	1	0	Iteo	iteo.com	MIT	2022-12-13T10:48:35.000Z	https://github.com/Iteo/hooked_bloc
823	saf	Flutter plugin that leverages Storage Access Framework (SAF) API to get access and perform the operations on files and folders.	1.0.3+4	84.65840124848275	29	8	6	10	ivehement	ivehement.com	MIT	2022-11-11T12:39:07.000Z	https://github.com/ivehement/saf
824	dropdown_search2	Simple and robust Searchable Dropdown with item search feature, making it possible to use an offline item list or filtering URL for easy customization.	1.0.2	84.64106121033467	4	0	1	0	artflutter		MIT	2022-03-06T19:29:49.000Z	https://github.com/artflutter/searchable_dropdown
825	hive_listener	A tiny widget to listen hive box changes, using the ValueListenableBuilder with removing unnecessary parts of it, like context and child widget of it.	1.2.1	84.63239119126062	17	7	2	1	malibayram91	dershub.com	MIT	2021-06-21T12:33:17.000Z	https://github.com/malibayram91/hive_listener
826	auth	Authorization Library Package to log into Google, Facebook, or by Username and Password.	8.2.0	84.6280561817236	49	46	13	3	AndriousSolutions	andrioussolutions.com	NOASSERTION	2022-12-14T19:49:06.000Z	https://github.com/AndriousSolutions/auth
827	pinch_zoom_release_unzoom	A Widget to let you have a pinch to zoom that returns to the old size after the pinch has ended. Is very similar to the way you can zoom pictures on instagram	0.0.10	84.61938616264956	20	7	1	0	ivofernandes	incaview.com	Apache-2.0	2022-09-29T22:47:27.000Z	https://github.com/ivofernandes/pinch_zoom_release_unzoom
828	native_video_view	A video player widget displayed using the platform native player (VideoView in Android and AVPlayer in iOS).	1.0.5	84.5673660482053	40	28	26	14	LJaraCastillo		MIT	2022-02-23T13:22:29.000Z	https://github.com/LJaraCastillo/native_video_view
829	flutter_dialpad	A phone dialer widget that can be added to any Flutter Application to enable ability to dial a number. This could be combined with a voip application to enable placing calls.	1.0.4	84.55436101959425	21	25	22	3	eopeter	eopeter.com	BSD-3-Clause	2022-02-21T14:57:37.000Z	https://github.com/eopeter/flutter_dialpad
830	scaled_list	A Horizontal List view With Lots of modification including a scaled current item and curved custom painting.	2.0.0	84.5240159528351	97	35	6	1	hosain-mohamed		MIT	2022-06-07T23:24:50.000Z	https://github.com/hosain-mohamed/scaled_list
831	gradient_progress_indicator	This package shows a circular progress indicator with gradient colors, and it is possible insert texts inside that.	1.0.0+5	84.50234090514999	13	2	3	0	otonielduarte		MIT	2021-07-12T14:48:42.000Z	https://github.com/otonielduarte/gradient-progress-indicator
832	nice_buttons	A beautiful, animated, and customizable 3D button for your flutter project with a built-in progress indicator and nice on press animations.	0.0.2	84.49800589561298	40	3	1	0	voonic	encerge.com	MIT	2021-08-05T15:58:04.000Z	https://github.com/voonic/nice_buttons
833	flutter_to_airplay	Flutter plugin that offers two widgets, one to play a video for given url or file path using native AVPlayer and second with an option to airplay it on available Apple devices.	2.0.2	84.42431073348361	19	19	11	8	MrJai		MIT	2022-02-25T11:46:16.000Z	https://github.com/MrJai/flutter_to_airplay
834	animated_login	Animated Login for Flutter. You can welcome your users with this beautiful animated screen that gives functionality for both login and sign up.	1.5.5	84.41564071440956	107	92	22	2	bahricanyesil		MIT	2022-10-19T19:48:27.000Z	https://github.com/bahricanyesil/flutter-animated-login
835	talker	Advanced and simple error handler and logger for dart and flutter apps with history, sharing, customization, etc.	2.2.0	84.41130570487255	88	101	8	5	Frezyx	frezycode.com	MIT	2022-12-21T13:47:56.000Z	https://github.com/Frezyx/talker
836	fl_toast	A simple yet powerful Toast Library for Flutter. Works in all the platforms	3.1.0	84.39396566672447	25	12	2	1	bdlukaa	bdlukaa.dev	BSD-3-Clause	2022-07-13T15:35:57.000Z	https://github.com/bdlukaa/fl_toast
837	postgrest	PostgREST client for Dart. This library provides an ORM interface to PostgREST.	1.2.1	84.37229061903936	73	127	32	0	supabase	supabase.io	MIT	2022-11-29T04:26:37.000Z	https://github.com/supabase/postgrest-dart
838	image_compare	Dart package for image comparison. Compare images for difference using a variety of algorithms.	1.1.2	84.35495058089127	32	17	1	3	nitinramadoss		BSD-3-Clause	2022-05-09T12:38:16.000Z	https://github.com/nitinramadoss/image_compare
839	airship_flutter	Cross-platform plugin interface for the native Airship iOS and Android SDKs. Simplifies adding Airship to Flutter apps.	6.2.1	84.35061557135425	9	17	11	8	urbanairship	airship.com	NOASSERTION	2022-12-14T10:10:29.000Z	https://github.com/urbanairship/airship-flutter
840	photo_editor_sdk	The official Flutter plugin for PhotoEditor SDK. Integrate the photo editor into your own iOS or Android app - in minutes!	2.7.1	84.33761054274319	59	17	11	0	imgly	img.ly	NOASSERTION	2022-10-19T12:56:35.000Z	https://github.com/imgly/pesdk-flutter
841	overlay_tutorial	A Flutter package for displaying overlay tutorial by cutting a hole on widget. It allows also to add hint aside the hole.	3.0.0	84.30293046644702	56	9	8	0	TabooSun	tech-creator.com	BSD-3-Clause	2022-05-12T14:42:44.000Z	https://github.com/TabooSun/overlay_tutorial
842	mask	This project is for you to be able to make validations and formatting in a simple and easy way in your projects	1.0.4	84.27258539968788	19	3	0	0	welitonsousa		MIT	2022-10-23T14:38:59.000Z	https://github.com/welitonsousa/mask
843	push_notification	Library for implementing push notifications. The module contains the main work with push notifications.	1.1.1	84.26825039015085	51	20	3	2	surfstudio	surf.ru	Apache-2.0	2022-05-18T14:20:57.000Z	https://github.com/surfstudio/flutter-push-notification
844	babylonjs_viewer	3D Model Rendering with BabylonJS Viewer	1.1.4	84.24224033292873	39	18	4	6	MarlonJD	radlof.com	MIT	2022-07-29T08:48:40.000Z	https://github.com/MarlonJD/babylonjs_viewer
845	sticky_infinite_list	Infinite list with sticky headers that can be rendered any direction. Supports header positioning.Can be customized or with config options or with override.	4.0.1	84.22056528524364	91	291	25	2	TatsuUkraine		BSD-2-Clause	2021-04-18T21:25:02.000Z	https://github.com/TatsuUkraine/flutter_sticky_infinite_list
846	flutter_native_screenshot	A Flutter plugin to take screenshot on Android & iOS with natively code.	1.1.2	84.21623027570661	6	4	2	0	nusanet	nusa.net.id	MIT	2021-12-31T03:16:51.000Z	https://github.com/nusanet/flutter-native-screenshot
847	dialogflow_grpc	Flutter package for Dialogflow CX, V2 and V2beta using gRPC. A faster integration with the Dialogflow API and also the possibility to do audio streaming.	0.2.9	84.21189526616959	31	4	6	5	savelee	leeboonstra.dev	Apache-2.0	2021-07-15T09:55:47.000Z	https://github.com/savelee/dialogflow_grpc_flutter
848	bazel_worker	Protocol and utilities to implement or invoke persistent bazel workers.	1.0.2	84.16421016126236	2	19	16	0	dart-lang	tools.dart.dev	BSD-3-Clause	2022-11-10T17:43:12.000Z	https://github.com/dart-lang/bazel_worker
849	circular_clip_route	A page route, which reveals its page by expanding a circular clip from an anchor widget.	0.2.0+3	84.13820010404022	103	26	2	0	blaugold	gabriel.terwesten.net	MIT	2022-06-12T23:31:48.000Z	https://github.com/blaugold/circular_clip_route
850	breakpoint	A Flutter plugin to calculate the material design breakpoints.	1.2.0	84.12519507542918	75	106	9	2	fluttercommunity	fluttercommunity.dev	MIT	2022-02-16T01:30:26.000Z	https://github.com/fluttercommunity/breakpoint
851	day	A date library Day.js in dart. Day.dart is inspired by Day.js. Write with nearly the same API. Build on the top of the powerful DateTime class.	0.8.0	84.10785503728108	18	60	3	0	dayjs		MIT	2022-02-04T03:55:29.000Z	https://github.com/dayjs/day.dart
852	splash_view	A splash view is the first screen the user sees when the application is launched.	2.0.1	84.09051499913299	26	3	1	0	chouhan-rahul	rahulchouhan.me	MIT	2022-09-30T05:13:27.000Z	https://github.com/chouhan-rahul/splash_view
853	walletconnect_secure_storage	Securely store WalletConnect sessions in your Flutter applications using walletconnect_dart.	1.0.0	84.08617998959598	9	3	3	3	RootSoft		MIT	2022-11-16T16:43:15.000Z	https://github.com/RootSoft/walletconnect-secure-storage
854	flutter_login_vk	Login via VK.com. Easily add VK login feature in your application. User profile information included.	2.2.1+2	84.07317496098491	43	16	13	10	Innim	innim.ru	BSD-3-Clause	2022-12-21T16:09:42.000Z	https://github.com/Innim/flutter_login_vk
855	shelf_hotreload	Wrapper to easily enable hot-reload for shelf applications.	1.3.0	84.05583492283682	35	25	3	0	felixblaschke	felix-blaschke.de	MIT	2022-06-13T18:09:16.000Z	https://github.com/felixblaschke/shelf_hotreload
856	derry	A script manager to help you define script shortcuts and use them effortlessly, and performantly.	1.4.3	84.03849488468875	157	161	18	10	frencojobs	frenco.dev	MIT	2022-10-31T19:59:18.000Z	https://github.com/frencojobs/derry
857	typesense	Dart client library for accessing the HTTP API of Typesense search engine.	0.3.0	84.0298248656147	28	39	9	5	typesense		Apache-2.0	2022-12-21T10:12:40.000Z	https://github.com/typesense/typesense-dart
858	flutter_circular_slider	A customizable widget to select intervals in a circular line.	2.5.0	84.01681983700364	73	193	65	20	davidanaya		MIT	2021-05-04T09:36:24.000Z	https://github.com/davidanaya/flutter-circular-slider
859	scrollable_list_tab_scroller	Customizable Flutter widget which synchronize a scrollable grouped items list with tabs	1.1.0	84.01248482746662	31	4	1	0	railson-ferreira	railson.dev	MIT	2022-11-10T03:04:06.000Z	https://github.com/railson-ferreira/scrollable_list_tab_scroller
860	windows_taskbar	Flutter plugin serving utilities related to Windows taskbar.	1.1.1	83.98213976070747	61	108	9	0	alexmercerind		MIT	2022-12-03T18:10:57.000Z	https://github.com/alexmercerind/windows_taskbar
861	swiping_card_deck	A widget for swiping through a deck of cards with gestures or buttons.	1.2.0	83.93878966533727	33	8	9	6	jushutch		BSD-3-Clause	2022-11-24T14:58:40.000Z	https://github.com/jushutch/swiping_card_deck
862	network_tools	Networking Tools library which can help you discover open ports, devices on subnet and many other things.	3.0.0+3	83.92578463672619	20	28	7	8	osociety	fsoc13ty.blogspot.com	BSD-3-Clause	2022-11-28T15:25:37.000Z	https://github.com/osociety/network_tools/tree/main/network_tools
863	flutter_floating_bottom_bar	A flutter package that allows showing a floating widget that can be used as a tab bar, bottom navigation bar, etc. The widget reacts to scrolling events too.	1.1.0	83.91711461765216	91	9	4	1	codenameakshay	hashstudios.dev	MIT	2022-08-09T05:58:36.000Z	https://github.com/codenameakshay/flutter-floating-bottom-bar
864	icon	An extended Icon "too" for those that are not actually square, plus shadows support + neat Icon extension operators.	2.2.1	83.90844459857811	12	0	2	1	Zabadam	zaba.app	BSD-3-Clause	2021-08-04T23:01:04.000Z	https://github.com/Zabadam/icon
865	i18next	A localization formatter based on the i18next standard. It is not yet a fully i18n tool only the formatting itself.	0.6.1	83.88243454135599	9	3	2	1	williamhjcho		Apache-2.0	2022-11-17T12:05:26.000Z	https://github.com/williamhjcho/i18next
866	dashboard	Dynamic dashboard widget that allows your users to create their own layouts. Rezise, move, indirect resize/move, auto re-layout are supported.	0.0.2+5	83.87376452228195	73	33	9	7	Mehmetyaz	styledart.dev	Apache-2.0	2022-12-21T15:01:12.000Z	https://github.com/Mehmetyaz/dashboard
867	videos_player	A flutter package to display list of video with help of chewie and video player	0.1.3	83.86075949367088	50	24	6	1	danyalxahid		BSD-3-Clause	2021-03-04T08:58:17.000Z	https://github.com/danyalxahid/FlutterVideosPlayer
868	cbl	Couchbase Lite is an embedded, NoSQL JSON Document Style database, supporting Blobs, Encryption, N1QL Queries, Live Queries, Full-Text Search and Data Sync.	2.1.3	83.85208947459685	45	72	10	30	cbl-dart	gabriel.terwesten.net	Apache-2.0	2022-12-19T21:36:59.000Z	https://github.com/cbl-dart/cbl-dart
869	flutter_advanced_avatar	An advanced avatar provides a rich API for widget customization that opens a new look and feel in your app.	1.1.0	83.78706433154153	63	9	2	1	alex-melnyk	alexmelnyk.io	BSD-3-Clause	2022-04-14T20:06:42.000Z	https://github.com/alex-melnyk/flutter_advanced_avatar
870	kotlin_flavor	An utility package for providing static extension methods familiar in Kotlin.	0.2.0	83.75671926478239	22	27	0	0	YusukeIwaki	dartpkg.yusuke-iwaki.com	MIT	2021-04-01T11:38:43.000Z	https://github.com/YusukeIwaki/dart-kotlin_flavor
871	cli_script	Write scripts that call subprocesses with the ease of shell scripting and the power of Dart.	0.3.0	83.7393792266343	8	19	7	0	google	sass-lang.com	Apache-2.0	2022-12-19T22:01:25.000Z	https://github.com/google/dart_cli_script
872	bs58	Dart package to compute base 58 encoding. This encoding is typically used for crypto currencies such as Bitcoin.	1.0.2	83.73504421709728	6	1	1	0	litaoh		MIT	2021-11-17T01:16:52.000Z	https://github.com/litaoh/base58
873	flutter_broadcasts	A plugin for sending and receiving broadcasts with Android intents and iOS notifications.	0.3.0	83.72203918848622	11	5	3	1	kevlatus	kevlatus.de	MIT	2022-10-02T21:36:14.000Z	https://github.com/kevlatus/flutter_broadcasts
874	fast_cached_network_image	A flutter package to cache network image fastly without any native dependencies.You can add beautiful loaders, percentade indicators and error builder.	1.0.1	83.70903415987515	41	3	2	5	CHRISTOPANANJICKAL		MIT	2022-10-14T11:43:03.000Z	https://github.com/CHRISTOPANANJICKAL/fast_cached_network_image
875	orm	◭ Next-generation ORM for Dart & Flutter | PostgreSQL, MySQL, MariaDB, SQL Server, SQLite, MongoDB and CockroachDB.	2.4.6	83.69169412172707	57	150	4	22	odroe	odroe.com	BSD-3-Clause	2022-12-20T09:53:39.000Z	https://github.com/odroe/prisma-dart
876	flutter_cashfree_pg_sdk	This is a new integration provided by Cashfree. If you are integrating with Cashfree PG for the first time, we recommend that you use this integration.	2.0.1+4	83.68735911219005	5	1	2	0	cashfree	cashfree.com	MIT	2022-12-22T05:03:24.000Z	https://github.com/cashfree/flutter-cashfree-pg-sdk
877	stash	Stash is a key-value store abstraction with plain and cache driven semantics  and support for a pluggable backend architecture.	4.4.1	83.68302410265302	120	72	10	0	ivoleitao	ivoleitao.dev	MIT	2022-12-05T23:19:18.000Z	https://github.com/ivoleitao/stash
878	talker_flutter	Flutter extensions for talker. Advanced and simple error handler and logger for dart and flutter apps with history, sharing, customization, etc.	2.2.0	83.67001907404197	43	101	8	5	Frezyx	frezycode.com	MIT	2022-12-21T13:47:56.000Z	https://github.com/Frezyx/talker
879	lehttp_overrides	A Flutter package to resolve Let's Encrypt SSL certificate problems with Android 7.1.1 and below	1.0.2	83.6570140454309	18	8	2	0	netfarm		MIT	2021-10-22T16:42:54.000Z	https://github.com/netfarm/lehttp_overrides
880	page_flip_builder	A custom Flutter widget that enables interactive page-flip transitions in your app.	0.1.3	83.62233396913473	70	35	6	1	bizz84		MIT	2021-04-28T08:03:13.000Z	https://github.com/bizz84/page_flip_builder
881	fast_csv	Classic non-configurable CSV parser suitable for most use cases. Pretty fast parsing.	0.1.44	83.6179989595977	10	3	0	0	mezoni		BSD-3-Clause	2022-06-04T13:45:44.000Z	https://github.com/mezoni/csv_parser
882	qonversion_flutter	Flutter plugin to implement in-app subscriptions and purchases. Validate user receipts and manage cross-platform access to paid content on your app. Android & iOS.	5.0.0	83.60499393098665	31	82	17	1	qonversion	qonversion.io	MIT	2022-12-14T08:29:13.000Z	https://github.com/qonversion/flutter-sdk
883	advstory	An advanced, complete story viewer. Has support for images, videos, custom widget contents, gestures, interceptors, listeners, manipulators and much more.	0.2.1	83.58331888330154	46	21	12	8	ertgrulll	sourcekod.com	MIT	2022-08-16T21:47:35.000Z	https://github.com/ertgrulll/advstory
884	word_break_text	A Flutter Text widget support word break for CJK. Based on Wrap with Text widget	0.1.0	83.56164383561644	13	5	2	0	ChangJoo-Park		MIT	2022-08-12T07:30:01.000Z	https://github.com/ChangJoo-Park/word_break_text
885	wp_json_api	WordPress and WooCommerce JSON API for Flutter Mobile. API allows you to login, register new users, get users info and more.	3.2.0	83.54863880700537	31	23	9	0	woosignal	woosignal.com	BSD-2-Clause	2022-09-01T05:50:32.000Z	https://github.com/woosignal/wp-json-api-flutter
886	ngdart	Fast and productive web framework by Google. Separate, but similar to the JavaScript framework with a similar name.	7.1.1	83.51829374024624	16	40	5	5	angulardart-community	angulardart.xyz	MIT	2022-12-03T19:31:43.000Z	https://github.com/angulardart-community/angular
887	colours	An extended version of Flutter Colors with more swatches and more flexibility to generate your own custom swatch.	0.0.2	83.47494364487602	20	4	3	0	salkuadrat		BSD-2-Clause	2021-05-19T14:26:53.000Z	https://github.com/salkuadrat/colours
888	introduction_slider	Introduction/Onboarding slider package for flutter application with several features.	2.0.1	83.42725853996879	55	6	6	2	chouhan-rahul	rahulchouhan.me	MIT	2022-12-07T12:57:27.000Z	https://github.com/chouhan-rahul/introduction_slider
889	charset	Multiple charset Encoding and Decoding Library.	1.1.0	83.42292353043177	11	9	0	0	shirne	shirne.com	Apache-2.0	2022-09-24T03:14:03.000Z	https://github.com/shirne/charset-dart
890	window_to_front	To have the application automatically bring itself to the front of the stack of application windows for Mac, Linux & Desktop.	0.0.3	83.41425351135773	9	1	0	0	sumitvekariya	devmonk.io	MIT	2021-05-07T04:06:30.000Z	https://github.com/sumitvekariya/window_to_front
891	sms_user_consent	Request user's phone number (supports dual sim) and/or consent to read SMS without adding any permissions	0.1.0	83.40124848274667	79	8	16	5	pharshdev		MIT	2022-11-28T17:15:52.000Z	https://github.com/pharshdev/sms_user_consent
892	circle_flags	A collection of roundd flags	1.0.3	83.39691347320965	13	5	7	0	cedvdb		MIT	2022-12-07T01:51:31.000Z	https://github.com/cedvdb/flutter_circle_flags
893	collision	Collision Detection and 2D geometry library for Dart and/or Flutter.	0.0.3	83.3882434541356	1	1	2	0	xclud		MIT	2021-05-22T15:59:53.000Z	https://github.com/xclud/dart_collision
894	queen_validators	collection of validation methods and rules for flutter form with ZERO extra widgets	1.0.1	83.38390844459857	67	21	9	3	FlutterQueen		MIT	2022-08-31T19:10:05.000Z	https://github.com/FlutterQueen/validators
895	nylo_framework	Micro-framework for Flutter that's built to simplify app development for Flutter projects.	3.4.0	83.32321831108028	42	24	5	1	nylo-core	nylo.dev	MIT	2022-12-08T20:08:25.000Z	https://github.com/nylo-core/framework
896	cbl_flutter	Flutter Plugin for Couchbase Lite, an embedded, NoSQL JSON Document Style database, supporting Blobs, Encryption, N1QL Queries, Live Queries, Full-Text Search and Data Sync.	2.0.2	83.31888330154327	27	72	10	30	cbl-dart	gabriel.terwesten.net	Apache-2.0	2022-12-19T21:36:59.000Z	https://github.com/cbl-dart/cbl-dart
897	time_formatter	Format UNIX timestamps into human-readable strings in Dart; inspired by YouTube's time formatting habits.	1.0.0+5	83.30154326339519	38	9	11	5	tpscrpt		GPL-2.0	2021-05-11T11:25:47.000Z	https://github.com/jeremigendron/time_formatter
898	fl_downloader	A plugin to download files using the native capabilities. URLSession on iOS and DownloadManager on Android	1.1.1	83.28853823478411	10	2	5	2	inceptusp	inceptusp.dev	BSD-3-Clause	2022-12-01T20:51:41.000Z	https://github.com/inceptusp/fl_downloader
899	flutter_custom_carousel_slider	A carousel slider widget,support custom decoration suitable for news and blog.	1.2.0	83.27553320617305	16	39	0	0	coskuncay	justec.dev	MIT	2022-04-05T07:53:39.000Z	https://github.com/coskuncay/flutter_custom_carousel_slider
900	posthog_flutter	Flutter implementation of Posthog client for iOS, Android and Web	2.0.3	83.26252817756199	7	20	12	9	PostHog		MIT	2022-11-03T17:26:45.000Z	https://github.com/posthog/posthog-flutter
901	simple_grouped_listview	A package to display a grouped list of items. Provide a List, a grouper, and let it display it as a ListView, a GridView or anything else. Grouped by headers.	2.0.0	83.25385815848794	9	3	1	0	quentin7b	quentin.klein.onl	MIT	2022-12-02T13:54:19.000Z	https://github.com/quentin7b/flutter_grouped_listview
902	flutter_bugfender	Flutter plugin to enable Bugfender reporting (iOS, Android and web support).	2.1.0	83.21917808219177	12	8	12	1	bugfender	bugfender.com	BSD-3-Clause	2022-06-13T08:37:07.000Z	https://github.com/bugfender/BugfenderSDK-Flutter
903	dynamic_cached_fonts	A font loader to download, cache and load web fonts in flutter with support for Firebase Cloud Storage.	1.0.0	83.19316802496965	19	18	8	9	sidrao2006	sidrao2006.ml	BSD-3-Clause	2022-12-21T07:52:44.000Z	https://github.com/sidrao2006/dynamic_cached_fonts
904	circle_checkbox	Make Material CheckBox Circle	0.0.2+1	83.15415293913647	0	3	1	1	redevRx		MIT	2021-05-28T09:05:10.000Z	https://github.com/redevRx/CircleCheckBox
905	widget_loading	An easy way to hide a widget when you have nothing to show yet and need a loading animation at the same time.	0.3.2	83.1411479105254	56	9	1	0	SplashByte	splashbyte.dev	BSD-3-Clause	2022-06-13T11:09:16.000Z	https://github.com/SplashByte/widget_loading
906	storage_space	Get the free, available and total storage space for the device. Utility helpers for readable sizes	1.0.1+5	83.13681290098837	9	2	3	1	flowmobile	oodavid.com	NOASSERTION	2022-12-02T19:33:20.000Z	https://github.com/flowmobile/storage_space
907	email_otp	A fast & simple email authentication OTP sender and verification flutter package.	1.0.4	83.13247789145136	11	1	0	1	rohit-chouhan	rohitchouhan.com	MIT	2022-07-31T11:40:26.000Z	https://github.com/rohit-chouhan/email_otp
908	flutter_barcode_sdk	A Flutter plugin for Dynamsoft Barcode Reader SDK. It covers Android, iOS, Web, Windows, Linux and macOS, supporting linear barcode, QR Code, DataMatrix, MaxiCode, PDF417, etc.	2.2.0	83.07178775793307	98	35	11	0	yushulx	yushulx.me	MIT	2022-12-14T07:48:52.000Z	https://github.com/yushulx/flutter_barcode_sdk
909	swipe_refresh	Set of widgets provides make refresh by using pull down gesture.	1.0.2	83.05011271024796	56	10	0	5	surfstudio	surf.ru	Apache-2.0	2022-08-15T12:52:16.000Z	https://github.com/surfstudio/flutter-swipe-refresh
910	page_animation_transition	Using this package, you can add beautiful page transitions to your application.	0.0.9	83.04577770071094	16	2	0	1	aayushkedawat		GPL-3.0	2022-04-19T15:33:23.000Z	https://github.com/aayushkedawat/page_animation_transition
911	cupertino_lists	Package that implements iOS-style grouped lists.	1.0.1	83.04144269117391	41	13	1	1	ivirtex	ivirtex.dev	MIT	2022-04-22T18:37:34.000Z	https://github.com/ivirtex/cupertino_lists
912	stash_memory	Memory storage extension for the stash API. Provides support to store vaults  and caches in-memory	4.4.1	83.0371076816369	4	72	10	0	ivoleitao	ivoleitao.dev	MIT	2022-12-05T23:19:18.000Z	https://github.com/ivoleitao/stash
913	commons	Commons Flutter package includes alert dialogs, extension functions and much more... Written by 'Ch Arbaz Mateen'	0.7.8+3	83.01976764348882	54	43	16	10	Arbaz-Softagics		GPL-3.0	2021-05-29T12:12:06.000Z	https://github.com/Arbaz-Softagics/commons
914	control_style	Applies additional decoration to Flutter-based text fields, buttons and other controls. This allows for better interface customisation.	0.0.3	82.99809259580371	7	1	0	0	astoniocom		MIT	2022-10-12T17:11:11.000Z	https://github.com/astoniocom/control_style
915	item_selector	A generic item selector that works with ListView, GridView, Row, Column, or basically any parent widget that can have indexed child widgets.	0.2.0	82.96774752904457	33	5	5	1	jpnurmi		NOASSERTION	2021-09-02T10:57:04.000Z	https://github.com/jpnurmi/item_selector
916	safe_change_notifier	A safe drop-in replacement for Flutter's ChangeNotifier, that makesnotifyListeners() a no-op, rather than an error, after its disposal.	0.2.0	82.94607248135945	2	7	2	2	ubuntu-flutter-community		MIT	2022-12-20T07:35:54.000Z	https://github.com/ubuntu-flutter-community/safe_change_notifier
917	ai_awesome_message	A new Awesome message widget that is sames to toast;snackbar;prompt of Flutter package.	3.0.0	82.93740246228542	34	6	6	1	pdliuw		BSD-3-Clause	2022-08-10T04:02:13.000Z	https://github.com/pdliuw/ai_awesome_message
918	flutter_use	Collection of Flutter Hooks.	0.0.3	82.90705739552628	35	144	8	7	wasabeef	wasabeef.jp	Unlicense	2022-11-20T18:09:02.000Z	https://github.com/wasabeef/flutter_use
919	serial_port_win32	A SerialPort library using win32 API, for connecting real device by serial port. Only supports Windows.	0.5.2	82.85503728108202	24	18	3	5	FengChendian		BSD-3-Clause	2022-11-11T10:21:38.000Z	https://github.com/FengChendian/serial_port_win32
920	walletconnect_qrcode_modal_dart	Provides UI for DApps to easily connect to a supported Wallet apps through open WalletConnect protocol.	0.1.1	82.85070227154499	14	16	10	3	nextchapterstudio	thenextchapter.studio	MIT	2022-12-12T11:06:08.000Z	https://github.com/nextchapterstudio/walletconnect_qrcode_modal_dart
921	dart_bip32_bip44	Library implementing Bitcoins BIP32 (Hierarchical Deterministic key derivation) specification in a Flutter friendly fashion.	0.2.0	82.82035720478585	8	4	1	2	k1rak1ra		NOASSERTION	2021-07-07T01:13:49.000Z	https://github.com/k1rak1ra/dart-bip32-bip44
922	colorfilter_generator	Collection of ColorFilter matrices that can be used with ColorFiltered and generator to create custom color filters.	0.0.8	82.7900121380267	6	2	3	1	hsbijarniya	ensorta.com	MIT	2022-03-15T12:46:37.000Z	https://github.com/hsbijarniya/colorfilter_generator
923	flutter_pollfish	A Flutter plugin for rendering Pollfish surveys within an app	4.1.3	82.77700710941565	18	7	8	1	pollfish		NOASSERTION	2022-12-21T12:30:06.000Z	https://github.com/pollfish/flutter-plugin-pollfish
924	alchemist	A support package that aims to make golden testing in Flutter easier and more streamlined.	0.5.1	82.75966707126756	83	210	14	12	Betterment	betterment.dev	MIT	2022-11-16T15:54:00.000Z	https://github.com/Betterment/alchemist
925	nuts_activity_indicator	Highly customizable activity indicator (spinner) for your Flutter apps based on the cupertino package.	1.0.0	82.7293220045084	11	2	4	0	dartsidedev	dartside.dev	BSD-3-Clause	2022-11-18T21:30:46.000Z	https://github.com/dartsidedev/nuts_activity_indicator
926	amplify_datastore_plugin_interface	The platform interface for the DataStore module of Amplify Flutter.	0.6.10	82.71198196636033	7	1128	176	197	aws-amplify	aws-amplify.com	Apache-2.0	2022-12-22T02:27:29.000Z	https://github.com/aws-amplify/amplify-flutter
927	dough	This library provides widgets that can be used to create a smooshy user interface.	1.0.3	82.68163689960117	352	528	21	3	josiahsrc	josiahsaunders.com	MIT	2022-05-17T19:48:54.000Z	https://github.com/josiahsrc/dough/tree/master/packages/dough
928	ff_stars	Star Evaluation Components. Powerful and easy to use. Highly customized.	3.0.0	82.65562684237905	2	70	1	0	flutting		MIT	2022-11-07T03:31:52.000Z	https://github.com/flutting/ff_stars
929	pdf_image_renderer	A package that allows fast and simple rendering of pdfs using the native renderers of the OS.	0.7.0	82.65129183284203	9	5	3	2	cloudacy	cloudacy.com	MIT	2022-11-05T15:31:41.000Z	https://github.com/cloudacy/pdf_image_renderer
930	sms_maintained	SMS library for Flutter applications. Its allow to send, receive, query sms messages, sms delivery and query contacts info. It exposes an easy and friendly API for developing a completely functional sms app in Flutter.	0.2.5	82.62961678515693	59	36	43	24	geordyvc		MIT	2020-10-09T09:19:37.000Z	https://github.com/geordyvcErasmus/flutter_sms
931	ethereum_addresses	A dart library to generate, checksum, and validate Ethereum addresses	1.0.2	82.61661175654586	8	1	1	0	fuseio	fuse.io	MIT	2021-12-05T10:42:17.000Z	https://github.com/fuseio/dart-ethereum_address
932	geocore	Geospatial data structures (points, geometry, features, meta) and parsers (GeoJSON, WKT) for Dart.	0.10.0	82.59927171839779	11	20	3	31	navibyte	navibyte.com	NOASSERTION	2022-12-02T20:19:03.000Z	https://github.com/navibyte/geospatial
933	implicitly_animated_list	A Flutter widget that implicitly animates a list whenever it rebuilds with new items.	2.1.0	82.50823651812034	16	4	3	2	MarcelGarus		MIT	2021-04-06T17:47:11.000Z	https://github.com/marcelgarus/implicitly_animated_list
934	advance_expansion_tile	1. It allows you to manually collapse, exapnd or toggle expansion tile. It allows you to disable the click	1.0.2	82.4995664990463	5	0	1	0	tarique-khan	whizfy.ai	BSD-3-Clause	2022-11-09T12:32:02.000Z	https://github.com/tarique-khan/advance_expansion_tile
935	model_viewer	A Flutter widget for rendering interactive 3D models in the glTF and GLB formats.	0.8.1	82.46922143228716	130	193	70	31	drydart	ar.to	Unlicense	2022-12-13T12:00:43.000Z	https://github.com/drydart/model_viewer.dart
936	reactive_forms_annotations	Annotations for reactive_forms_generator	0.13.0	82.44321137506503	4	36	9	0	artflutter		NOASSERTION	2022-12-21T10:38:25.000Z	https://github.com/artflutter/reactive_forms_generator
937	mlkit_scanner	A Flutter plugin to detect barcodes, text, faces, and objects using Google MLKit API for iOS and Android	0.3.3	82.42587133691694	31	20	5	9	dns-technologies	dns-tech.ru	NOASSERTION	2022-11-09T15:15:26.000Z	https://github.com/dns-technologies/mlkit_scanner
938	zebrautility	A flutter plugin for working with zebra printers	0.0.40	82.42153632737993	24	3	16	11	MythiCode		MIT	2022-09-28T14:53:16.000Z	https://github.com/MythiCode/zebra_utlity
939	unleash	A Server Side Dart SDK for Unleash. Unleash is an open-source feature flag service.	0.4.1	82.41720131784291	17	12	9	5	ivarconr	getunleash.io	Apache-2.0	2022-11-06T20:09:00.000Z	https://github.com/ivarconr/unleash-client-dart
940	xid	Xid is a globally unique id generator. Xids are small, fast to generate, sortable, compact URL-safe string with no configuration or central generator server.	1.0.12	82.39986127969482	15	6	2	0	pitabwire		MIT	2022-11-13T11:15:31.000Z	https://github.com/pitabwire/xid
941	gql_build	Useful builders for your GraphQL SDL and documents. Based on package:gql_code_builder and package:build	0.7.0	82.3738512224727	13	240	100	57	gql-dart	gql-dart.dev	MIT	2022-12-21T18:48:29.000Z	https://github.com/gql-dart/gql
942	flutter_math	Fast and high-quality TeX math equation rendering with pure Dart & Flutter.	0.2.1	82.36084619386162	64	109	44	24	znjameswu		Apache-2.0	2022-01-14T03:04:43.000Z	https://github.com/znjameswu/flutter_math
943	modals	Modals, a Flutter package to simplify all your overlay needs!	1.0.0+1	82.30449106988036	38	9	2	1	KlausJokisuo	klasu.dev	MIT	2022-09-22T10:56:25.000Z	https://github.com/KlausJokisuo/modals
944	toggle_list	An easy-to-use and highly customizable expandable list widget for your Flutter application.	0.2.1	82.28715103173228	31	1	1	0	BinaryBush	binarybush.dev	Apache-2.0	2022-05-26T09:17:35.000Z	https://github.com/binarybush/toggle_list
945	markdown_quill	Convert between quill (delta) format and markdown	1.0.0	82.2741460031212	6	6	14	4	TarekkMA		MIT	2022-05-23T15:38:24.000Z	https://github.com/TarekkMA/markdown_quill
946	youtube	A package to stream/download youtube video or thumbnail and more.	1.0.1	82.17010577423271	24	1	2	2	rohit-chouhan	rohitchouhan.com	MIT	2022-06-19T08:03:26.000Z	https://github.com/rohit-chouhan/youtube-flutter
947	yaru_colors	A collection of Yaru color palettes for Flutter.	0.1.1	82.14843072654759	3	18	3	1	ubuntu		MPL-2.0	2022-11-11T10:27:23.000Z	https://github.com/ubuntu/yaru_colors.dart
948	custom_text	A highly customisable text widget that enables decorations and gestures on strings.	0.6.0	82.14409571701057	17	5	0	1	kaboc	kaboc.cc	MIT	2022-11-24T07:34:23.000Z	https://github.com/kaboc/flutter_custom_text
949	installer_info	Returns information about the method used to install your app.	0.3.0	82.11808565978845	5	0	4	0	caiopo	caiopo.com	MIT	2021-04-16T21:59:22.000Z	https://github.com/caiopo/flutter-installer-info
950	at_utils	A Dart library that contains various utility classes such as atSign, atmetadata, configuration, and logger.	3.0.11	82.10074562164037	7	24	9	12	atsign-foundation	atsign.org	BSD-3-Clause	2022-12-20T16:30:59.000Z	https://github.com/atsign-foundation/at_tools
951	siri_wave	A Flutter package to create beautiful waveforms like in Siri.	0.2.2	82.09641061210334	27	27	5	2	halildurmus		MIT	2022-10-10T20:03:11.000Z	https://github.com/halildurmus/siri_wave
952	onboarding_animation	This package provides page type animation to onboarding screens and provides indicator.	0.0.2	82.0877405930293	47	13	3	0	Mindinventory	mindinventory.com	MIT	2022-09-20T11:29:53.000Z	https://github.com/Mindinventory/onboarding_animation
953	messagepack	Streaming API implementation of MessagePack binary serialization format - msgpack.	0.2.1	82.05739552627016	30	17	9	5	nailgilaziev		BSD-3-Clause	2022-04-21T07:58:45.000Z	https://github.com/nailgilaziev/messagepack
954	flutter_persistent_keyboard_height	Flutter package to get keyboard height. Can be used to display a sticker/emoji modal with correct height.	1.0.5	82.01838044043697	22	13	3	1	f-person	fperson.dev	MIT	2022-03-13T17:00:58.000Z	https://github.com/f-person/flutter_persistent_keyboard_height
955	firebase_instance_id	A Flutter plugin to retrieve the Firebase App Instance ID.	1.0.0	81.9837003641408	3	1	0	0	cingulo	cingulo.com	MIT	2021-10-28T16:55:31.000Z	https://github.com/cingulo/firebase_instance_id
956	flutter_feed_reaction	A Flutter package providing you with highly customizable reactions list for posts/comments in a Social Media kind of an app.	0.0.6	81.97936535460379	15	1	0	1	shrijanRegmi		BSD-3-Clause	2022-12-08T12:01:00.000Z	https://github.com/shrijanRegmi/flutter_feed_reaction
957	test_descriptor	An API for defining and verifying directory structures.	2.0.1	81.96636032599271	2	7	8	0	dart-lang	tools.dart.dev	BSD-3-Clause	2022-11-07T16:13:31.000Z	https://github.com/dart-lang/test_descriptor
958	big_decimal	A bugless implementation of BigDecimal in Dart based on Java's BigDecimal	0.3.1	81.93601525923357	9	18	0	2	bugless	bugless.dev	MIT	2022-03-15T20:39:26.000Z	https://github.com/bugless/big-decimal
959	slide_switcher	Package for creating switching widgets with extensive customization options	1.1.2	81.92734524015954	23	4	2	1	chahohbily		MIT	2022-10-15T20:21:30.000Z	https://github.com/chahohbily/slide_switcher
960	turf	A turf.js-like geospatial analysis library working with GeoJSON, written in pure Dart.	0.0.7	81.91434021154846	21	29	12	20	dartclub	dartlang.rocks	MIT	2022-12-21T21:32:38.000Z	https://github.com/dartclub/turf_dart
961	pfile_picker	Variation of file_picker that uses an external pfile definition	4.5.1+3	81.91000520201145	10	977	435	27	miguelpruivo		MIT	2022-12-12T17:26:48.000Z	https://github.com/miguelpruivo/flutter_file_picker
962	flutter_openim_sdk	An instant messaging plug-in that supports Android and IOS. And the server is also all open source.	2.3.5	81.8796601352523	7	276	179	3	OpenIMSDK		MIT	2022-12-15T07:54:21.000Z	https://github.com/OpenIMSDK/Open-IM-SDK-Flutter
963	pie_menu	A Flutter package that provides a customizable circular/radial context menu	1.2.3	81.86232009710422	59	14	1	3	rasitayaz		MIT	2022-12-02T23:06:20.000Z	https://github.com/rasitayaz/flutter-pie-menu
964	async_wallpaper	Set wallpapers on Android asynchronously. Also supports video live wallpapers. Use this, when you want to set a wallpaper on Android without a delay or blocking your whole app.	2.0.1	81.818970001734	43	13	10	5	codenameakshay	hashstudios.dev	MIT	2022-10-02T07:06:35.000Z	https://github.com/codenameakshay/async_wallpaper
965	ironsource_mediation	an ironSource SDK Flutter bridge	1.1.0	81.80596497312294	12	3	11	7	ironsource-mobile		MIT	2022-09-20T06:57:36.000Z	https://github.com/ironsource-mobile/Flutter-SDK
966	reactive_image_picker	Wrapper around image_picker to work with reactive_forms	0.12.0	81.80162996358592	10	47	23	2	artflutter		MIT	2022-12-15T16:51:57.000Z	https://github.com/artflutter/reactive_forms_widgets
967	line_chart	A simple flutter package to create a custom line chart	1.1.11	81.7972949540489	23	2	0	1	lucas-sesti		MIT	2021-04-19T14:51:11.000Z	https://github.com/lucas-sesti/line_chart
968	rounded_background_text	Text, TextField and TextSpan highlighted with rounded corners	0.3.0	81.76694988728975	26	39	7	3	bdlukaa	bdlukaa.dev	BSD-3-Clause	2022-08-06T12:15:37.000Z	https://github.com/bdlukaa/rounded_background_text
969	rich_clipboard	Flutter plugin for accessing rich text and other data types in the system clipboard.	1.0.1	81.74960984914166	26	15	6	2	BringingFire	bringingfire.com	BSD-3-Clause	2022-11-30T17:39:55.000Z	https://github.com/BringingFire/rich_clipboard/tree/dev/rich_clipboard
970	fitted_text_field_container	A Container that automatically resizes to fit a the text value of a Material TextField.	2.0.0	81.74093983006763	27	7	1	2	huyffs	su93rheroes.com	MIT	2021-03-06T23:33:41.000Z	https://github.com/huyffs/fitted_text_field_container
971	flutter_locker	Secures your secrets in keychain using biometric authentication (Fingerprint, Touch ID, Face ID...)	2.1.1	81.73226981099359	30	25	4	3	infinum	infinum.com	MIT	2022-11-07T11:34:38.000Z	https://github.com/infinum/flutter-plugins-locker
972	country	Generated country class with country_generator using countries.	2.0.3	81.72793480145656	9	0	1	0	aaassseee		MIT	2022-12-13T01:47:03.000Z	https://github.com/aaassseee/country/tree/master/country
973	global_configs	A flutter package to manage application configurations via singleton pattern.	1.1.2	81.68891971562337	9	5	1	0	initCommerce		MIT	2021-11-03T10:31:49.000Z	https://github.com/mehdizarepour/flutter-global-configs
974	motion	A fancy widget that applies a gyroscope or hover based motion effect to its child.	1.3.3	81.62389457256806	70	14	5	4	mrcendre	cendre.me	GPL-3.0	2022-08-30T13:55:59.000Z	https://github.com/mrcendre/motion
975	dhttpd	A static HTTP file server for easy local hosting of a directory.	4.0.1	81.59788451534592	70	82	18	10	kevmoo	j832.com	BSD-3-Clause	2022-11-09T20:33:26.000Z	https://github.com/kevmoo/dhttpd
976	at_commons	A library of Dart and Flutter utility classes that are used across other components of the atPlatform.	3.0.32	81.58054447719785	13	24	9	12	atsign-foundation	atsign.org	BSD-3-Clause	2022-12-20T16:30:59.000Z	https://github.com/atsign-foundation/at_tools
977	custom_rating_bar	Custom rating bar for flutter with support of  custom icons, half icons, directions, alignments & more.	2.0.4	81.56320443904977	13	0	0	0	eterkit	eterkit.com	BSD-3-Clause	2022-12-16T15:08:13.000Z	https://github.com/eterkit/flutter-packages
978	advanced_in_app_review	Advanced In App Reviews for iOS and Android. Tries to show the in app reviews only after meetings defined conditions (days after install ...).	1.1.1	81.54586440090168	23	6	2	1	eeoom	eeoom.com	MIT	2022-12-16T14:39:52.000Z	https://github.com/eeoom/advanced_in_app_review
979	esp_smartconfig	EspTouch and EspTouchV2 implementations of SmartConfig provisioning protocols. Plain Dart. All platforms.	1.1.10	81.54152939136466	12	25	2	0	abobija	abobija.com	MIT	2022-08-11T22:10:49.000Z	https://github.com/abobija/esp-smartconfig-dart
980	flat	A simple, no dependency 🚀 way to take a nested Map and flatten it into a single depth Map. Based on Node.js `flat` package.	0.4.1	81.53285937229062	11	8	2	1	danilofuchs		MIT	2021-11-18T20:51:29.000Z	https://github.com/danilofuchs/flat
981	import_lint	The Import Lint package defines import lint rules and report on lints found in Dart code.	0.9.4	81.48517426738339	13	15	1	4	kawa1214	kawa.dev	NOASSERTION	2022-12-09T21:05:33.000Z	https://github.com/kawa1214/import-lint
982	deepar_flutter	Official Flutter SDK for DeepAR	0.0.3	81.47650424830934	21	11	8	12	DeepARSDK	deepar.ai	MIT	2022-11-30T06:13:06.000Z	https://github.com/DeepARSDK/deepar-flutter-plugin
983	easy_loader	The easiest way to handle a simple full screen loader in Flutter. Written in Dart. Fully customizable.	2.0.0	81.46783422923531	14	5	3	0	aligorithm	aligorithm.i.ng	MIT	2021-12-02T22:23:55.000Z	https://github.com/aligorithm/easy_loader
984	easy_web_view2	A super simple webview for Flutter Web and Mobile from @rodydavis (Null safety and updated dependencies)	0.0.3	81.40280908618	14	2	4	2	berat-cakir		MIT	2021-06-15T17:16:42.000Z	https://github.com/berat-cakir/easy_web_view2
985	flutter_dtmf	Generates DTFM Tones for Flutter Application. This can be used in VOIP applications or other applications that need to generate DTMF Tones.	2.0.2	81.37246401942085	7	9	7	1	eopeter	eopeter.com	MIT	2022-01-19T19:20:50.000Z	https://github.com/eopeter/flutter_dtmf
986	equations	An equation solving library that also works with complex numbers and fractions.	4.1.0	81.3247789145136	54	42	3	2	albertodev01	fluttercompletereference.com	MIT	2022-09-09T12:46:12.000Z	https://github.com/albertodev01/equations
987	flutter_device_locale	A Flutter plugin for retrieving the device locale information.	0.4.0	81.30310386682851	17	20	30	0	Jesway	jesway.com	NOASSERTION	2022-05-05T11:20:28.000Z	https://github.com/bratan/flutter_device_locale
988	animated_tree_view	Animated TreeView based on AnimatedList that allows building fully customizable Nodes that can be nested to infinite levels and children.	1.0.0	81.29876885729148	55	10	1	1	embraceitmobile	cubivue.com	MIT	2022-11-08T05:53:19.000Z	https://github.com/embraceitmobile/animated_tree_view
989	native_context_menu	Provides a native context menu for flutter applications. Most useful on desktop.	0.2.2+5	81.2814288191434	80	150	19	11	lesnitsky	lesnitsky.dev	MIT	2022-08-14T16:26:05.000Z	https://github.com/lesnitsky/native_context_menu
990	flutter_section_list	A ListView and GridView support section like iOS，header pinned，item staggered.	1.1.1	81.27709380960638	10	8	1	2	lhx546920268		MIT	2021-03-17T08:51:40.000Z	https://github.com/lhx546920268/flutter_section_list
991	expandable_tree_menu	Tree of menu-nodes that can be expanded/collapsed to review more menu nodes, built from a recursive list of nodes.	0.1.0-dev.5	81.27275880006935	36	1	1	2	Tahaan		BSD-3-Clause	2021-04-23T06:10:08.000Z	https://github.com/Tahaan/expandable_tree_menu
992	breathing_collection	A collection of Flutter widgets with breathing animation. More widgets will be added.	1.0.0+3	81.22507369516214	54	2	1	0	Type0N1	dogeeexd.com	MIT	2022-02-04T03:14:43.000Z	https://github.com/Type0N1/Breathing-Collection
993	gviz	A simple utility for creating GraphViz directed graphs using an object oriented API.	0.4.0	81.22073868562511	7	15	5	1	kevmoo	j832.com	BSD-3-Clause	2022-11-10T01:44:01.000Z	https://github.com/kevmoo/gviz
994	progressive_time_picker	This package allow us to customize time picker based on our requirements for selecting a specific range from time picker and it's supports multiple platforms.	0.0.7	81.21640367608809	69	50	7	2	Mindinventory	mindinventory.com	MIT	2022-09-23T11:34:33.000Z	https://github.com/Mindinventory/progressive_time_picker
995	hyperpay	A plugin to wrap HyperPay mobile SDK for iOS and Android, used to accept payments in Flutter apps using HyperPay Payments Gateway.	1.0.0-dev.7	81.18605860932894	34	11	26	7	nyartech	nyartech.com	MIT	2022-12-03T08:14:02.000Z	https://github.com/nyartech/hyperpay
996	const_date_time	A drop-in replacement for Dart's DateTime class with const constructors.	1.0.2	81.18172359979192	1	1	1	0	westy92	westy92.com	MIT	2022-12-18T05:02:06.000Z	https://github.com/westy92/const-date-time
997	persian_tools	An anthology of a variety of tools for the Persian language which you can use in all platform that dart supports	1.0.3	81.17305358071788	39	53	9	4	persian-tools		MIT	2022-11-28T06:29:05.000Z	https://github.com/persian-tools/dart-persian-tools
998	flutter_bluetooth_printer	Image based printing for bluetooth thermal printer, support for iOS and Android.	2.7.1	81.12970348534768	21	7	6	5	ekasetiawans	maseka.dev	MIT	2022-12-19T08:02:42.000Z	https://github.com/ekasetiawans/flutter_bluetooth_printer_plugin
999	cloudinary	A dart package to integrate Cloudinary API in Dart and Flutter.	1.0.3	81.10369342812554	1	1	0	0	nixrajput	nixlab.co.in	GPL-3.0	2022-09-11T01:00:40.000Z	https://github.com/nixrajput/cloudinary-dart
1000	apphud	Official Apphud Flutter SDK is a lightweight open-source library to manage auto-renewable subscriptions and other in-app purchases in your iOS/Android app. No backend required.	2.2.7	81.08635338997746	4	4	3	0	apphud		MIT	2022-11-18T03:56:03.000Z	https://github.com/apphud/ApphudSDK-Flutter
1001	live_activities	A Flutter plugin to use iOS 16.1+ Live Activities & iPhone 14 Pro Dynamic Island features	1.4.0+6	81.02132824692214	71	52	10	2	istornz	dimitridessus.fr	MIT	2022-12-18T17:31:27.000Z	https://github.com/istornz/live_activities
1002	flutter_voximplant	Voximplant plugin for embedding voice and video communication into Flutter applications.	3.7.0	80.98664817062597	33	8	7	5	voximplant	voximplant.com	MIT	2022-12-06T14:02:59.000Z	https://github.com/voximplant/flutter_voximplant
1003	input_slider	A customizable input that synchronizes a Slider and a TextField.	0.3.1	80.94329807525577	16	1	1	0	smofe		MIT	2022-10-08T10:36:46.000Z	https://github.com/smofe/input_slider
1004	at_lookup	A Dart library that contains the core commands that can be used with a secondary server (scan, update, lookup, llookup, plookup, etc.)	3.0.33	80.91728801803364	8	35	10	17	atsign-foundation	atsign.org	BSD-3-Clause	2022-12-22T02:01:44.000Z	https://github.com/atsign-foundation/at_libraries
1005	twitter_oauth2_pkce	Provides the optimized and easiest way to integrate OAuth 2.0 PKCE with Twitter API in Flutter.	1.0.1	80.91295300849663	14	10	4	2	twitter-dart	shinyakato.dev	BSD-3-Clause	2022-12-22T04:47:25.000Z	https://github.com/twitter-dart/twitter-oauth2-pkce
1006	test_reflective_loader	Support for discovering tests and test suites using reflection.	0.2.2	80.89994797988555	0	4	13	0	dart-lang	tools.dart.dev	BSD-3-Clause	2022-11-15T22:30:54.000Z	https://github.com/dart-lang/test_reflective_loader
1007	hsv_color_pickers	Flutter package for creating customisable Color pickers for HSV Colors.	0.2.2	80.87393792266343	13	4	2	0	WieFel	wiefel.dev	BSD-3-Clause	2022-09-11T18:47:12.000Z	https://github.com/WieFel/hsv_color_pickers
1008	very_good_cli	A Very Good Command-Line Interface for Dart created by Very Good Ventures.	0.9.1	80.8696029131264	387	1759	148	52	VeryGoodOpenSource	verygood.ventures	MIT	2022-12-20T15:51:08.000Z	https://github.com/VeryGoodOpenSource/very_good_cli
1009	zego_uikit_prebuilt_live_streaming	PrebuiltLiveStreaming is a full-featured live streaming kit that provides ready-made video streaming, live text chat, face beautification, and supports unlimited viewers.	1.3.2	80.79157274146003	4	2	0	0	ZEGOCLOUD	zegocloud.com	MIT	2022-12-12T09:57:48.000Z	https://github.com/ZEGOCLOUD/zego_uikit_prebuilt_live_streaming_flutter
1010	bloc_event_transformers	Configurable transformers for your bloc (bloclibrary.dev) events. Throttle, debounce, skip, and delay with ease.	1.0.1	80.7655626842379	4	3	2	1	wrbl-xyz	wrbl.xyz	MIT	2022-03-15T13:37:47.000Z	https://github.com/wrbl-xyz/bloc_event_transformers
1011	dio_proxy_adapter	Simple proxy configuration for Dio	1.0.1	80.76122767470089	2	0	0	0	netsells		MIT	2022-05-17T10:07:26.000Z	https://github.com/netsells/dio-proxy-adapter
1012	flutter_unity	A Flutter plugin for embedding Unity projects in Flutter projects.	0.3.0	80.74822264608981	44	94	43	23	Glartek	glartek.com	BSD-3-Clause	2022-04-11T12:21:40.000Z	https://github.com/Glartek/flutter-unity
1013	riverpod_infinite_scroll	Riverpod implementation of infinite_scroll_pagination, this package allows to use infinite_scroll_pagination with Riverpod abstracting away the complexity	1.0.9	80.7438876365528	20	12	11	5	ftognetto	quantos.it	MIT	2022-11-03T21:15:52.000Z	https://github.com/ftognetto/riverpod_infinite_scroll
1014	yandex_geocoder	API to translate geographic coordinates into an address and vice versa	2.0.2	80.73955262701577	26	3	2	0	MadBrains	madbrains.ru	MIT	2022-06-23T07:57:16.000Z	https://github.com/MadBrains/Yandex-Geocoder-Flutter
1015	mediasoup_client_flutter	Mediasoup client side Flutter library. Work for Android, iOS, MacOS, Windows and browser.	0.8.1	80.73521761747877	27	81	29	17	Blancduman		MIT	2022-09-10T14:16:22.000Z	https://github.com/Blancduman/mediasoup-client-flutter
1016	application_icon	This package provides a widget which shows the application icon of your app.	2.0.0	80.72221258886769	6	6	2	10	ueman	uekoetter.dev	NOASSERTION	2022-11-20T16:39:26.000Z	https://github.com/ueman/application_icon
1017	wifi_connector	Flutter plug-in for connecting to wifi.	2.0.0	80.67019247442344	14	8	6	11	wonjerry		MIT	2022-02-18T14:24:42.000Z	https://github.com/wonjerry/flutter_wifi_connector
1018	vertical_barchart	Simple, responsive and beautiful Vertical BarChart.	2.0.0+2	80.66585746488643	24	2	0	2	nizarhdt		BSD-2-Clause	2021-03-22T07:57:17.000Z	https://github.com/nizarhdt/vertical_barchart
1019	swipe_gesture_recognizer	A simple and lightweight swipe gesture recognizer for a widget in Flutter.	0.0.2	80.64851742673834	27	7	4	2	BilalShahid13		BSD-3-Clause	2021-06-05T00:43:27.000Z	https://github.com/BilalShahid13/FlutterSwipeGestureRecognizer
1020	browser_detector	Dart browser detector library. Detects popular browsers, engines and platforms by analyzing the user agent string. Safe to use with Flutter Native.	2.0.0	80.63117738859026	3	1	1	0	aicantar	aicantar.com	MIT	2021-11-14T09:53:46.000Z	https://github.com/aicantar/browser_detector
1021	code_scan	A flexible code scanner for QR codes, barcodes and many others. Using Google's ML Kit. Use it as a Widget with a camera or use the methods provided, with a camera controller.	0.4.6	80.62250736951621	10	5	2	0	DrafaKiller	drafakiller.com	MIT	2022-09-25T00:15:32.000Z	https://github.com/DrafaKiller/CodeScanner-flutter
1022	select_card	A Flutter package with animated customizable card items selection.	0.0.9	80.60516733136814	30	2	0	0	emrekaplanek		BSD-3-Clause	2022-04-17T14:19:49.000Z	https://github.com/emrekaplanek/select_card
1023	jhtoast	jhtoast - Flutter toast package. supported effects： text, imagetext, loading, horizontal and vertical layout. Supports iOS and Android.	1.2.0	80.58782729322004	3	8	4	1	iotjin		BSD-2-Clause	2022-07-08T11:08:35.000Z	https://github.com/iotjin/jhtoast
1024	thinking_analytics	Official flutter plugin for tracking events to Thinking Analytics.	2.2.0	80.56181723599792	0	2	2	1	ThinkingDataAnalytics	thinkingdata.cn	Apache-2.0	2022-11-07T03:31:48.000Z	https://github.com/ThinkingDataAnalytics/flutter-sdk
