No.	Name	Description	Version	Popularity	Likes	Stars	Forks	Issues	Owner	Publisher	License	Last Commit	Repository URL
1	http	A composable, multi-platform, Future-based API for HTTP requests.	0.13.5	99.97832495231489	5631	887	292	158	dart-lang	dart.dev	BSD-3-Clause	2022-12-14T23:56:15.000Z	https://github.com/dart-lang/http/tree/master/pkgs/http
2	intl	Contains code to deal with internationalized/localized messages, date and number formatting and parsing, bi-directional text, and other internationalization issues.	0.18.0	99.97398994277788	3635	497	168	104	dart-lang	dart.dev	BSD-3-Clause	2022-12-20T08:41:21.000Z	https://github.com/dart-lang/intl
3	path	A string-based path manipulation library. All of the path operations you know and love, with solid support for Windows, POSIX (Linux and Mac OS X), and the web.	1.8.3	99.90896479972255	950	158	38	13	dart-lang	dart.dev	BSD-3-Clause	2022-12-05T23:13:55.000Z	https://github.com/dart-lang/path
4	equatable	A Dart package that helps to implement value based equality without needing to explicitly override == and hashCode.	2.0.5	99.88728975203746	2040	740	91	15	felangel	fluttercommunity.dev	MIT	2022-10-17T14:47:51.000Z	https://github.com/felangel/equatable
5	collection	Collections and utilities functions and classes related to collections.	1.17.0	99.82226460898214	712	270	69	35	dart-lang	dart.dev	BSD-3-Clause	2022-12-21T13:48:05.000Z	https://github.com/dart-lang/collection
6	rxdart	RxDart is an implementation of the popular reactiveX api for asynchronous programming, leveraging the native Dart Streams api.	0.27.7	99.80492457083405	1960	3198	266	48	ReactiveX	fluttercommunity.dev	NOASSERTION	2022-11-28T15:48:04.000Z	https://github.com/ReactiveX/rxdart
7	crypto	Implementations of SHA, MD5, and HMAC cryptographic functions	3.0.2	99.791919542223	1034	191	42	23	dart-lang	dart.dev	BSD-3-Clause	2022-11-10T17:45:46.000Z	https://github.com/dart-lang/crypto
8	async	Utility functions and classes related to the 'dart:async' library.	2.10.0	99.75723946592683	367	216	44	13	dart-lang	dart.dev	BSD-3-Clause	2022-11-09T17:20:16.000Z	https://github.com/dart-lang/async
9	http_parser	A platform-independent package for parsing and serializing HTTP formats.	4.0.2	99.73989942777874	132	24	23	4	dart-lang	dart.dev	BSD-3-Clause	2022-10-31T00:30:28.000Z	https://github.com/dart-lang/http_parser
10	html	APIs for parsing and manipulating HTML content outside the browser.	0.15.1	99.72689439916768	394	232	56	71	dart-lang	tools.dart.dev	NOASSERTION	2022-11-09T23:34:42.000Z	https://github.com/dart-lang/html
11	mime	Utilities for handling media (MIME) types, including determining a type from a file extension and file contents.	1.0.3	99.71388937055661	253	78	38	21	dart-lang	tools.dart.dev	BSD-3-Clause	2022-12-13T15:49:04.000Z	https://github.com/dart-lang/mime
12	args	Library for defining parsers for parsing raw command-line arguments into a set of options and values using GNU and POSIX style options.	2.3.1	99.70521935148258	261	171	60	39	dart-lang	dart.dev	BSD-3-Clause	2022-11-09T20:45:35.000Z	https://github.com/dart-lang/args
13	logging	Provides APIs for debugging and error logging, similar to loggers in other languages, such as the Closure JS Logger and java.util.logging.Logger.	1.1.0	99.70088434194555	484	239	41	15	dart-lang	dart.dev	BSD-3-Clause	2022-12-06T22:23:52.000Z	https://github.com/dart-lang/logging
14	dart_code_metrics	Software analytics tool that helps developers analyse and improve software quality.	5.3.0	99.69654933240854	753	741	83	56	dart-code-checker	dartcodemetrics.dev	MIT	2022-12-20T19:15:48.000Z	https://github.com/dart-code-checker/dart-code-metrics
15	archive	Provides encoders and decoders for various archive and compression formats such as zip, tar, bzip2, gzip, and zlib.	3.3.5	99.69221432287151	418	297	85	72	brendan-duncan	loki3d.com	MIT	2022-12-20T22:13:11.000Z	https://github.com/brendan-duncan/archive
16	yaml	A parser for YAML, a human-friendly data serialization standard	3.1.1	99.63585919889024	175	121	53	18	dart-lang	tools.dart.dev	MIT	2022-11-15T20:27:41.000Z	https://github.com/dart-lang/yaml
17	convert	Utilities for converting between data representations. Provides a number of Sink, Codec, Decoder, and Encoder types.	3.1.1	99.63152418935321	64	45	21	8	dart-lang	dart.dev	BSD-3-Clause	2022-10-12T21:53:57.000Z	https://github.com/dart-lang/convert
18	web_socket_channel	StreamChannel wrappers for WebSockets. Provides a cross-platform WebSocketChannel API, a cross-platform implementation of that API that communicates over an underlying StreamChannel.	2.2.0	99.61418415120514	768	312	81	85	dart-lang	tools.dart.dev	BSD-3-Clause	2022-12-22T02:56:10.000Z	https://github.com/dart-lang/web_socket_channel
19	source_span	A library for identifying source spans and locations.	1.9.1	99.583839084446	18	21	14	12	dart-lang	tools.dart.dev	BSD-3-Clause	2022-10-25T17:24:45.000Z	https://github.com/dart-lang/source_span
20	string_scanner	A class for parsing strings using a sequence of patterns.	1.2.0	99.57950407490897	150	51	13	5	dart-lang	tools.dart.dev	BSD-3-Clause	2022-12-13T00:08:03.000Z	https://github.com/dart-lang/string_scanner
21	typed_data	Utility functions and classes related to the dart:typed_data library.	1.3.1	99.57083405583492	30	29	10	3	dart-lang	dart.dev	BSD-3-Clause	2022-11-10T17:39:40.000Z	https://github.com/dart-lang/typed_data
22	shelf	A model for web server middleware that encourages composition and easy reuse.	1.4.0	99.5664990462979	560	701	102	29	dart-lang	tools.dart.dev	BSD-3-Clause	2022-12-08T17:24:18.000Z	https://github.com/dart-lang/shelf/tree/master/pkgs/shelf
23	pub_semver	Versions and version constraints implementing pub's versioning policy. This is very similar to vanilla semver, with a few corner cases.	2.1.3	99.5448239986128	71	47	22	8	dart-lang	tools.dart.dev	BSD-3-Clause	2022-11-12T00:56:02.000Z	https://github.com/dart-lang/pub_semver
24	term_glyph	Useful Unicode glyphs and ASCII substitutes.	1.2.1	99.54048898907577	21	10	10	0	dart-lang	tools.dart.dev	BSD-3-Clause	2022-11-15T22:30:35.000Z	https://github.com/dart-lang/term_glyph
25	bloc	A predictable state management library that helps implement the BLoC (Business Logic Component) design pattern.	8.1.0	99.53181897000172	2082	9894	3025	95	felangel	bloclibrary.dev	MIT	2022-12-11T03:56:07.000Z	https://github.com/felangel/bloc/tree/master/packages/bloc
26	clock	A fakeable wrapper for dart:core clock APIs.	1.1.1	99.5274839604647	119	34	13	1	dart-lang	tools.dart.dev	Apache-2.0	2022-11-09T23:23:34.000Z	https://github.com/dart-lang/clock
27	stack_trace	A package for manipulating stack traces and printing them readably.	1.11.0	99.51881394139068	148	102	19	18	dart-lang	tools.dart.dev	BSD-3-Clause	2022-12-01T20:24:46.000Z	https://github.com/dart-lang/stack_trace
28	shelf_static	Static file server support for the shelf package and ecosystem.	1.1.1	99.49713889370557	53	24	25	3	dart-archive	tools.dart.dev	BSD-3-Clause	2022-05-09T20:32:05.000Z	https://github.com/dart-lang/shelf/tree/master/pkgs/shelf_static
29	webkit_inspection_protocol	A client for the Chrome DevTools Protocol (previously called the Webkit Inspection Protocol).	1.2.0	99.47112883648343	4	24	26	4	google	google.dev	BSD-3-Clause	2022-11-14T17:14:57.000Z	https://github.com/google/webkit_inspection_protocol.dart
30	io	Utilities for the Dart VM Runtime including support for ANSI colors, file copying, and standard exit code values.	1.0.3	99.44945378879834	26	32	16	19	dart-lang	tools.dart.dev	BSD-3-Clause	2022-11-15T20:27:29.000Z	https://github.com/dart-lang/io
31	csslib	A library for parsing and analyzing CSS (Cascading Style Sheets)	0.17.2	99.42777874111323	22	69	32	21	dart-lang	tools.dart.dev	BSD-3-Clause	2022-11-15T15:46:59.000Z	https://github.com/dart-lang/csslib
32	petitparser	A dynamic parser framework to build efficient grammars and parsers quickly.	5.1.0	99.42344373157621	190	383	51	5	petitparser	lukas-renggli.ch	MIT	2022-12-18T16:27:51.000Z	https://github.com/petitparser/dart-petitparser
33	glob	A library to perform Bash-style file and directory globbing.	2.1.1	99.41477371250217	39	36	14	6	dart-lang	tools.dart.dev	BSD-3-Clause	2022-11-09T23:20:11.000Z	https://github.com/dart-lang/glob
34	package_config	Support for reading and writing Dart Package Configuration files.	2.1.0	99.40610369342812	6	13	16	6	dart-lang	tools.dart.dev	BSD-3-Clause	2022-11-15T20:29:54.000Z	https://github.com/dart-lang/package_config
35	stream_channel	An abstraction for two-way communication channels based on the Dart Stream class.	2.1.1	99.4017686838911	28	38	20	4	dart-lang	tools.dart.dev	BSD-3-Clause	2022-11-10T11:30:32.000Z	https://github.com/dart-lang/stream_channel
36	watcher	A file system watcher. It monitors changes to contents of directories and sends notifications when files have been added, removed, or modified.	1.0.2	99.39309866481706	115	105	26	19	dart-lang	tools.dart.dev	BSD-3-Clause	2022-10-14T17:19:59.000Z	https://github.com/dart-lang/watcher
37	fixnum	Library for 32- and 64-bit signed fixed-width integers with consistent behavior between native and JS runtimes.	1.0.1	99.38876365528004	25	36	25	16	dart-lang	dart.dev	BSD-3-Clause	2022-12-08T16:13:54.000Z	https://github.com/dart-lang/fixnum
38	coverage	Coverage data manipulation and formatting	1.6.1	99.38442864574301	60	90	55	27	dart-lang	tools.dart.dev	BSD-3-Clause	2022-11-14T22:55:10.000Z	https://github.com/dart-lang/coverage
39	shelf_web_socket	A shelf handler that wires up a listener for every connection.	1.0.3	99.36708860759494	81	22	15	6	dart-archive	tools.dart.dev	BSD-3-Clause	2022-05-09T20:49:07.000Z	https://github.com/dart-lang/shelf/tree/master/pkgs/shelf_web_socket
40	http_multi_server	A dart:io HttpServer wrapper that handles requests from multiple servers.	3.2.1	99.35841858852089	31	22	13	1	dart-lang	tools.dart.dev	BSD-3-Clause	2022-11-09T23:47:30.000Z	https://github.com/dart-lang/http_multi_server
41	pool	Manage a finite pool of resources. Useful for controlling concurrent file system or network requests.	1.5.1	99.34541355990983	45	35	20	5	dart-lang	tools.dart.dev	BSD-3-Clause	2022-11-09T23:47:56.000Z	https://github.com/dart-lang/pool
42	source_maps	A library to programmatically manipulate source map files.	0.10.11	99.3367435408358	0	12	14	13	dart-lang	tools.dart.dev	BSD-3-Clause	2022-10-19T17:16:50.000Z	https://github.com/dart-lang/source_maps
43	shelf_packages_handler	A shelf handler for serving a `packages/` directory.	3.0.1	99.31506849315068	2	3	4	0	dart-archive	tools.dart.dev	BSD-3-Clause	2022-05-09T20:49:46.000Z	https://github.com/dart-lang/shelf/tree/master/pkgs/shelf_packages_handler
44	tuple	A library providing a tuple data structure.	2.0.1	99.30206346453963	356	171	27	11	google	google.dev	BSD-2-Clause	2022-10-06T20:21:52.000Z	https://github.com/google/tuple.dart
45	matcher	Support for specifying test expectations via an extensible Matcher class. Also includes a number of built-in Matcher implementations for common cases.	0.12.14	99.29339344546558	28	54	32	27	dart-lang	dart.dev	BSD-3-Clause	2022-12-13T19:01:10.000Z	https://github.com/dart-lang/matcher
46	source_map_stack_trace	A package for applying source maps to stack traces.	2.1.1	99.28905843592855	5	5	7	0	dart-lang	tools.dart.dev	BSD-3-Clause	2022-10-18T18:16:18.000Z	https://github.com/dart-lang/source_map_stack_trace
47	sync_http	Synchronous HTTP client for Dart.	0.3.1	99.28038841685452	4	10	14	5	google	google.dev	BSD-3-Clause	2022-12-02T18:53:11.000Z	https://github.com/google/sync_http.dart
48	webdriver	Provides WebDriver bindings for Dart. Supports WebDriver JSON interface and W3C spec. Requires the use of WebDriver remote server.	3.0.1	99.27171839778048	29	121	59	23	google	google.dev	Apache-2.0	2022-12-15T01:13:15.000Z	https://github.com/google/webdriver.dart
49	boolean_selector	A flexible syntax for boolean expressions, based on a simplified version of Dart's expression syntax.	2.1.1	99.24137333102134	9	15	12	1	dart-lang	tools.dart.dev	BSD-3-Clause	2022-11-10T17:41:56.000Z	https://github.com/dart-lang/boolean_selector
50	json_rpc_2	Utilities to write a client or server using the JSON-RPC 2.0 spec.	3.0.2	99.21969828333623	56	63	33	6	dart-lang	tools.dart.dev	BSD-3-Clause	2022-11-09T23:47:44.000Z	https://github.com/dart-lang/json_rpc_2
51	shelf_proxy	A shelf handler for proxying HTTP requests to another server.	1.0.2	99.20235824518814	49	24	15	10	dart-archive	tools.dart.dev	BSD-3-Clause	2022-05-09T20:50:00.000Z	https://github.com/dart-lang/shelf/tree/master/pkgs/shelf_proxy
52	completion	A package to add shell command completion to your Dart application	1.0.1	99.19802323565112	26	53	11	1	kevmoo	j832.com	BSD-3-Clause	2022-12-14T20:13:37.000Z	https://github.com/kevmoo/completion.dart
53	fake_async	Fake asynchronous events such as timers and microtasks for deterministic testing.	1.3.1	99.17634818796601	49	69	13	5	dart-lang	dart.dev	Apache-2.0	2022-11-09T23:22:10.000Z	https://github.com/dart-lang/fake_async
54	browser_launcher	Provides a standardized way to launch web browsers for testing and tools.	1.1.1	99.15900814981794	5	10	9	2	dart-lang	tools.dart.dev	BSD-3-Clause	2022-12-13T18:32:41.000Z	https://github.com/dart-lang/browser_launcher
55	sse	Provides client and server functionality for setting up bi-directional communication through Server Sent Events (SSE) and corresponding POST requests.	4.1.2	99.15467314028092	24	50	18	5	dart-lang	tools.dart.dev	BSD-3-Clause	2022-12-14T21:03:50.000Z	https://github.com/dart-lang/sse
56	usage	A Google Analytics wrapper for command-line, web, and Flutter apps.	4.1.0	99.14166811166984	60	139	48	15	dart-lang	tools.dart.dev	BSD-3-Clause	2022-10-20T20:09:59.000Z	https://github.com/dart-lang/usage
57	pdf	A pdf producer for Dart. It can create pdf files for both web or flutter.	3.8.4	99.12866308305878	1750	951	372	121	DavBfr	nfet.net	Apache-2.0	2022-12-06T09:29:55.000Z	https://github.com/DavBfr/dart_pdf
58	internet_connection_checker	A pure Dart library that checks for internet by opening a socket to a list of specified addresses, each with individual port and timeout. Defaults are provided for convenience.	1.0.0+1	99.11999306398475	618	61	16	14	RounakTadvi		NOASSERTION	2022-09-22T10:54:54.000Z	https://github.com/RounakTadvi/internet_connection_checker
59	vector_math	A Vector Math library for 2D and 3D applications.	2.1.4	99.11565805444772	198	261	78	20	google	google.dev	NOASSERTION	2022-11-01T09:39:33.000Z	https://github.com/google/vector_math.dart
60	ffi	Utilities for working with Foreign Function Interface (FFI) code.	2.0.1	99.10698803537367	161	126	28	22	dart-lang	dart.dev	BSD-3-Clause	2022-12-22T09:48:54.000Z	https://github.com/dart-lang/ffi
61	timezone	Time zone database and time zone aware DateTime.	0.9.0	99.06797294954049	241	76	38	31	srawlins		BSD-2-Clause	2022-11-07T12:23:11.000Z	https://github.com/srawlins/timezone
62	quiver	Quiver is a set of utility libraries for Dart that makes using many Dart libraries easier and more convenient, or adds additional functionality.	3.2.1	99.01161782555921	411	901	140	51	google	google.dev	Apache-2.0	2022-12-21T22:04:43.000Z	https://github.com/google/quiver-dart
63	jiffy	Jiffy is a date dart package inspired by momentjs for parsing, manipulating and formatting dates	5.0.0	98.98560776833709	569	401	80	33	jama5262		MIT	2022-11-02T17:46:17.000Z	https://github.com/jama5262/jiffy
64	win32	A Dart library for accessing common Win32 APIs using FFI. No C required!	3.1.3	98.90757759667072	562	602	96	31	timsneath	sneath.org	BSD-3-Clause	2022-12-17T10:19:39.000Z	https://github.com/timsneath/win32
65	googleapis	Auto-generated client libraries for accessing Google APIs described through the API discovery service.	9.2.0	98.89457256805964	670	329	103	33	google	google.dev	BSD-3-Clause	2022-12-19T19:06:11.000Z	https://github.com/google/googleapis.dart/tree/master/generated/googleapis
66	socket_io_client	Dartlang port of socket.io-client for web, flutter, dartvm to use	2.0.0	98.8859025489856	889	553	141	95	rikulo		MIT	2022-12-17T13:34:57.000Z	https://github.com/rikulo/socket.io-client-dart
67	pubspec_parse	Simple package for parsing pubspec.yaml files with a type-safe API and rich error reporting.	1.2.1	98.85989249176347	24	42	16	5	dart-lang	tools.dart.dev	BSD-3-Clause	2022-12-12T22:14:20.000Z	https://github.com/dart-lang/pubspec_parse
68	mockito	A mock framework inspired by Mockito with APIs for Fakes, Mocks, behavior verification, and stubbing.	5.3.2	98.85122247268944	898	554	146	56	dart-lang	dart.dev	Apache-2.0	2022-12-14T21:34:39.000Z	https://github.com/dart-lang/mockito
69	event_bus	A simple Event Bus using Dart Streams for decoupling applications	2.0.0	98.8425524536154	464	698	75	0	marcojakob	jakobservices.ch	MIT	2022-03-01T17:38:59.000Z	https://github.com/marcojakob/dart-event-bus
70	cli_util	A library to help in building Dart command-line apps.	0.3.5	98.73851222472689	40	45	22	5	dart-lang	tools.dart.dev	BSD-3-Clause	2022-11-15T15:54:18.000Z	https://github.com/dart-lang/cli_util
71	characters	String replacement with operations that are Unicode/grapheme cluster aware.	1.2.1	98.72117218657881	274	54	11	3	dart-lang	dart.dev	BSD-3-Clause	2022-11-09T23:30:34.000Z	https://github.com/dart-lang/characters
72	stream_transform	A collection of utilities to transform and manipulate streams.	2.1.0	98.6994971388937	161	104	18	11	dart-lang	tools.dart.dev	BSD-3-Clause	2022-12-12T18:24:29.000Z	https://github.com/dart-lang/stream_transform
73	protobuf	Runtime library for protocol buffers support. Use https://pub.dev/packages/protoc_plugin to generate dart code for your '.proto' files.	2.1.0	98.65181203398647	130	57485	14656	692	protocolbuffers	google.dev	NOASSERTION	2022-12-22T10:28:29.000Z	https://github.com/google/protobuf.dart/tree/master/protobuf
74	lints	Official Dart lint rules. Defines the 'core' and 'recommended' set of lints suggested by the Dart team.	2.0.1	98.60412692907924	162	66	23	23	dart-lang	tools.dart.dev	BSD-3-Clause	2022-11-14T22:19:20.000Z	https://github.com/dart-lang/lints
75	charcode	Constants for ASCII and common non-ASCII character codes. Integer constants corresponding to the code points of individual characters.	1.3.1	98.4090514999133	28	21	10	2	lrhn	infimum.dk	BSD-3-Clause	2022-10-14T16:50:53.000Z	https://github.com/lrhn/charcode
76	decimal	The decimal package allows you to deal with decimal numbers without losing precision.	2.3.2	98.31368129009884	204	146	40	2	a14n		Apache-2.0	2022-12-07T14:19:22.000Z	https://github.com/a14n/dart-decimal
77	formz	A unified form representation in Dart which aims to simplify form representation and validation in a generic way.	0.4.1	98.21397607074735	429	217	28	9	VeryGoodOpenSource	verygood.ventures	MIT	2022-12-13T02:08:36.000Z	https://github.com/ChicagoFlutter/formz
78	mocktail	A Dart mock library which simplifies mocking with null safety support and no manual mocks or code generation.	0.3.0	98.1619559563031	666	428	63	22	felangel	felangel.dev	MIT	2022-12-06T12:35:53.000Z	https://github.com/felangel/mocktail
79	drift	Drift is a reactive library to store relational data in Dart and Flutter applications.	2.3.0	98.1229408704699	843	1800	238	99	simolus3	simonbinder.eu	MIT	2022-12-22T03:57:42.000Z	https://github.com/simolus3/drift
80	hydrated_bloc	An extension to the bloc state management library which automatically persists and restores bloc states.	9.0.0	97.98422056528524	507	189	25	0	felangel	bloclibrary.dev	MIT	2020-07-09T03:23:09.000Z	https://github.com/felangel/bloc/tree/master/packages/hydrated_bloc
81	riverpod	A simple way to access state from anywhere in your application while robust and testable.	2.1.1	97.68943991676781	2205	3849	617	92	rrousselGit	dash-overflow.net	MIT	2022-12-22T10:22:44.000Z	https://github.com/rrousselGit/riverpod
82	geocode	Package to make Geocode requests. It exposes two methods to translate coordinates into locations and addresses into coordinates.	1.0.2	97.66342985954569	84	6	7	4	imvalient	imanol.dev	BSD-3-Clause	2022-07-24T11:27:50.000Z	https://github.com/imvalient/geocode
83	sentry	A crash reporting library for Dart that sends crash reports to Sentry.io. This library supports Dart VM and Web. For Flutter consider sentry_flutter instead.	6.18.1	97.58539968787932	382	603	160	84	getsentry	sentry.io	MIT	2022-12-22T09:59:41.000Z	https://github.com/getsentry/sentry-dart
84	data_connection_checker	A pure Dart library that checks for internet by opening a socket to a list of specified addresses, each with individual port and timeout. Defaults are provided for convenience.	0.3.4	97.49436448760187	415	103	71	19	komapeb		NOASSERTION	2021-12-14T10:00:14.000Z	https://github.com/komapeb/data_connection_checker
85	dart_style	Opinionated, automatic Dart source code formatter. Provides an API and a CLI tool.	2.2.4	97.44667938269464	69	572	107	100	dart-lang	tools.dart.dev	BSD-3-Clause	2022-12-19T23:17:17.000Z	https://github.com/dart-lang/dart_style
86	isar	Extremely fast, easy to use, and fully async NoSQL database for Flutter.	3.0.5	97.40766429686145	1048	2024	160	54	isar	isar.dev	Apache-2.0	2022-12-21T12:48:17.000Z	https://github.com/isar/isar/tree/main/packages/isar
87	grpc	Dart implementation of gRPC, a high performance, open-source universal RPC framework.	3.1.0	97.36431420149124	247	729	208	66	grpc	dart.dev	Apache-2.0	2022-12-13T20:46:41.000Z	https://github.com/grpc/grpc-dart
88	build	A package for authoring build_runner compatible code generators.	2.3.1	97.24293393445465	58	677	192	176	dart-lang	dart.dev	BSD-3-Clause	2022-12-22T01:09:47.000Z	https://github.com/dart-lang/build/tree/master/build
89	markdown	A portable Markdown library written in Dart that can parse Markdown into HTML.	6.0.1	97.10421362926999	174	348	159	39	dart-lang	tools.dart.dev	BSD-3-Clause	2022-12-16T18:04:09.000Z	https://github.com/dart-lang/markdown
90	http_interceptor	A lightweight, simple plugin that allows you to intercept request and response objects and modify them if desired.	1.0.2	97.09120860065892	136	87	51	4	CodingAleCR	codingale.dev	MIT	2022-08-24T21:03:52.000Z	https://github.com/CodingAleCR/http_interceptor
91	lint	An opinionated, community-driven set of lint rules for Dart and Flutter projects. Like pedantic but stricter	2.0.1	97.01317842899255	741	254	73	15	passsy	pascalwelsch.com	Apache-2.0	2022-11-30T14:52:38.000Z	https://github.com/passsy/dart-lint
92	objectbox	Flutter database for super-fast NoSQL ACID compliant object persistence.	1.7.0	96.99583839084445	823	720	88	54	objectbox	objectbox.io	Apache-2.0	2022-12-19T15:22:03.000Z	https://github.com/objectbox/objectbox-dart
93	barcode	Barcode generation library for Dart that can generate generic drawing operations for any backend.	2.2.3	96.85711808565979	331	89	26	7	DavBfr	nfet.net	Apache-2.0	2022-12-07T16:49:31.000Z	https://github.com/DavBfr/dart_barcode
94	qr	A QR code generation library for Dart and Flutter. Supports QR code version 1 through 40, error correction and redundancy.	3.0.1	96.81376799028958	134	234	54	2	kevmoo	j832.com	BSD-3-Clause	2022-12-20T17:43:52.000Z	https://github.com/kevmoo/qr.dart
95	copy_with_extension	Annotation for generating `copyWith` extensions code using `copy_with_extension_gen`.	5.0.0	96.80076296167852	70	57	23	8	numen31337	oleksandrkirichenko.com	MIT	2022-12-02T23:18:09.000Z	https://github.com/numen31337/copy_with_extension
96	flutter_chat_types	Utility library for the flutter_chat_ui and flutter_firebase_chat_core libraries which contains shared type declarations.	3.6.0	96.64036760880875	23	14	48	1	flyerhq	flyer.chat	MIT	2022-10-29T07:17:39.000Z	https://github.com/flyerhq/flutter_chat_types
97	very_good_analysis	Lint rules for Dart and Flutter used internally at Very Good Ventures.	3.1.0	96.52765736084619	334	242	30	1	VeryGoodOpenSource	verygood.ventures	MIT	2022-12-13T14:47:03.000Z	https://github.com/VeryGoodOpenSource/very_good_analysis
98	web3dart	Dart library to connect to Ethereum clients. Send transactions and interact with smart contracts!	2.5.2	96.50164730362407	370	91	45	58	xclud	pwa.ir	MIT	2022-12-14T20:38:05.000Z	https://github.com/xclud/web3dart
99	algolia	Algolia is a pure dart SDK, wrapped around Algolia REST API for easy implementation for your Flutter or Dart projects.	1.1.1	96.4669672273279	192	112	67	17	knoxpo	knoxpo.com	NOASSERTION	2022-10-08T11:49:40.000Z	https://github.com/knoxpo/dart_algolia
100	dart_jsonwebtoken	A dart implementation of the famous javascript library 'jsonwebtoken' (JWT).	2.6.2	96.45396219871684	99	29	19	5	jonasroussel	jroussel.fr	MIT	2022-12-11T19:08:14.000Z	https://github.com/jonasroussel/dart_jsonwebtoken
101	oauth2	A client library for authenticating with a remote service via OAuth2 on behalf of a user, and making authorized HTTP requests with the user's OAuth2 credentials.	2.0.1	96.35425697936535	211	173	116	44	dart-lang	tools.dart.dev	BSD-3-Clause	2022-12-20T07:34:18.000Z	https://github.com/dart-lang/oauth2
102	whatsapp_unilink	Dart package helping your app interact with WhatsApp via HTTP links (universal links). Works with Flutter.	2.1.0	96.31524189353216	192	18	7	0	dartsidedev	dartside.dev	BSD-3-Clause	2022-11-20T16:10:41.000Z	https://github.com/dartsidedev/whatsapp_unilink
103	dio_smart_retry	Retry library for Dio package made with love. By default, the request will be retried only for appropriate retryable http statuses.	1.4.0	96.18085659788451	81	43	15	1	rodion-m	rodion-m.ru	MIT	2022-12-08T19:04:58.000Z	https://github.com/rodion-m/dio_smart_retry
104	code_builder	A fluent, builder-based library for generating valid Dart code	4.4.0	96.10716143575516	147	326	58	18	dart-lang	tools.dart.dev	BSD-3-Clause	2022-12-20T21:20:05.000Z	https://github.com/dart-lang/code_builder
105	fpdart	Functional programming in Dart and Flutter. All the main functional programming types and patterns fully documented, tested, and with examples.	0.4.0	96.06814634992197	288	273	24	6	SandroMaglione	sandromaglione.com	MIT	2022-12-19T04:43:09.000Z	https://github.com/SandroMaglione/fpdart
106	mailto	Simple Dart package for creating mailto links in your Flutter apps	2.0.0	96.03780128316282	101	21	6	4	smaho-engineering	smaho.dev	BSD-3-Clause	2021-04-13T19:22:03.000Z	https://github.com/smaho-engineering/mailto
107	gql	GraphQL tools for parsing, transforming and printing GraphQL documents.	0.14.0	96.01612623547771	33	240	100	57	gql-dart	gql-dart.dev	MIT	2022-12-21T18:48:29.000Z	https://github.com/gql-dart/gql
108	sentry_dio	An integration which adds support for performance tracing for the Dio package.	6.18.1	95.82538581584879	14	603	160	84	getsentry	sentry.io	MIT	2022-12-22T09:59:41.000Z	https://github.com/getsentry/sentry-dart
109	either_dart	Error handler library for type-safe and easy work with errors on Dart and Flutter. Either is an alternative to Nullable value and Exceptions.	0.3.0	95.75169065371944	74	20	6	0	avdosev		MIT	2022-11-06T17:04:13.000Z	https://github.com/avdosev/either_dart
110	flutter_gen	The Flutter code generator for your assets, fonts, colors, … — Get rid of all String-based APIs.	5.1.0+1	95.74735564418242	768	1135	95	41	FlutterGen	wasabeef.jp	MIT	2022-12-21T01:49:22.000Z	https://github.com/FlutterGen/flutter_gen
111	http_mock_adapter	A simple to use mocking package for Dio intended to be used in tests. It provides various types and methods to declaratively mock request-response communication.	0.3.3	95.54361019594243	92	46	19	10	lomsa-dev	lomsa.com	MIT	2022-08-10T19:29:16.000Z	https://github.com/lomsa-dev/http-mock-adapter
112	flutter_gen_runner	The Flutter code generator for your assets, fonts, colors, … — Get rid of all String-based APIs.	5.1.0+1	95.49159008149817	82	1135	95	41	FlutterGen	wasabeef.jp	MIT	2022-12-21T01:49:22.000Z	https://github.com/FlutterGen/flutter_gen
113	gql_http_link	GQL Terminating Link to execute requests via HTTP using JSON.	0.4.5	95.41789491936882	10	240	100	57	gql-dart	gql-dart.dev	MIT	2022-12-21T18:48:29.000Z	https://github.com/gql-dart/gql
114	custom_lint	Lint rules are a powerful way to improve the maintainability of a project. Custom Lint allows package authors and developers to easily write custom lint rules.	0.0.16	95.36587480492457	59	152	17	20	invertase	invertase.io	Apache-2.0	2022-12-20T17:26:56.000Z	https://github.com/invertase/dart_custom_lint
115	darq	The power of lazy-evaluated enumerables in your hands! (A port of functional LINQ from the .NET library.)	1.2.1	95.11444425177736	118	75	7	0	Abion47		MIT	2022-09-18T18:01:58.000Z	https://github.com/abion47/darq
116	envied	Explicitly reads environment variables into a dart file from a .env file for more security and faster start up times.	0.3.0	95.05375411825906	107	31	15	3	petercinibulk		MIT	2022-11-28T17:56:33.000Z	https://github.com/petercinibulk/envied
117	supabase	A dart client for Supabase. This client makes it simple for developers to build secure and scalable products.	1.2.0	94.94971388937056	394	389	63	0	supabase	supabase.io	MIT	2022-12-03T13:45:54.000Z	https://github.com/supabase/supabase-dart
118	queue	Queue up futures from multiple sources and await their return anywhere in your code.	3.1.0+2	94.94104387029651	66	37	7	5	rknell		MIT	2022-12-06T00:41:06.000Z	https://github.com/rknell/dart_queue
119	money2	Money and Currency classes with fixed precision maths, parsing and formatting. (Money.parse('$2010.00') * 10).format('S CC#,##0') -> $ US20,100	3.3.0	94.91503381307439	150	50	26	5	onepub-dev	onepub.dev	MIT	2022-11-02T04:43:07.000Z	https://github.com/onepub-dev/money.dart
120	graphs	Graph algorithms that operate on graphs in any representation	2.2.0	94.7546384602046	63	69	14	3	dart-lang	tools.dart.dev	BSD-3-Clause	2022-11-01T16:47:02.000Z	https://github.com/dart-lang/graphs
121	ferry	Ferry is a simple, powerful GraphQL Client for Flutter and Dart.	0.13.0	94.70261834576036	275	480	90	52	gql-dart	gql-dart.dev	MIT	2022-12-19T20:07:48.000Z	https://github.com/gql-dart/ferry
122	credit_card_validator	A package that validates credit card numbers, expiration dates, and security codes (CVV/CVC) based on the type of credit card	2.0.1	94.55956303103868	58	21	14	1	cholojuanito		MIT	2022-11-01T18:06:45.000Z	https://github.com/cholojuanito/credit_card_validator
123	icons_launcher	A command-line tool that simplifies the task of updating your Flutter app's launcher icon.	2.0.6	94.49887289752037	208	48	5	3	mrrhak	mrrhak.com	MIT	2022-11-12T11:57:12.000Z	https://github.com/mrrhak/icons_launcher
124	shamsi_date	A Flutter and Dart package for using Jalali (Shamsi, Solar, Persian or Jalaali) calendar. You can convert, format and manipulate Jalali and Gregorian (Miladi) date and times.	1.0.1	94.18241720131785	144	63	7	2	FatulM		BSD-3-Clause	2022-11-15T13:28:51.000Z	https://github.com/FatulM/shamsi_date
125	kt_dart	This project is a port of kotlin-stdlib for Dart/Flutter projects. It includes collections (KtList, KtMap, KtSet) with 150+ methods as well as other useful packages.	1.0.0	94.0523669152072	149	458	28	6	passsy	pascalwelsch.com	Apache-2.0	2022-10-05T20:22:02.000Z	https://github.com/passsy/kt.dart
126	simple_logger	Provides super simple APIs for logging. The log also includes caller info by setting includeCallerInfo to true. On Android Studio, jump to called location by clicking the log.	1.9.0+1	93.93965666724466	77	50	7	1	mono0926	mono0926.com	MIT	2022-11-14T06:42:28.000Z	https://github.com/mono0926/simple_logger
127	credit_card_type_detector	A package that detects credit card types based on the current credit card number patterns	2.0.0	93.90064158141148	52	23	10	0	cholojuanito		MIT	2022-11-01T17:54:23.000Z	https://github.com/cholojuanito/credit_card_type_detector
128	numeral	A Dart library for Format number into beautiful string, Format the number into a beautiful, readable and short string.	2.0.1	93.82261140974511	43	8	5	0	medz	odroe.com	MIT	2022-07-21T17:15:35.000Z	https://github.com/medz/numeral.dart
129	import_sorter	Automatically organize your dart imports	4.6.0	93.81394139067106	231	138	27	19	fluttercommunity	fluttercommunity.dev	MIT	2022-10-31T06:06:51.000Z	https://github.com/fluttercommunity/import_sorter
130	amplify_core	The base package containing common types and utilities that are shared across the Amplify Flutter packages.	0.6.10	93.78359632391191	36	1128	176	198	aws-amplify	aws-amplify.com	Apache-2.0	2022-12-22T02:27:29.000Z	https://github.com/aws-amplify/amplify-flutter
131	pausable_timer	A timer implementation that can be paused, resumed and reset.	1.0.0+6	93.68389110456043	51	17	5	2	llucax	llucax.com	BSD-3-Clause	2022-09-02T20:58:21.000Z	https://github.com/llucax/pausable_timer
132	effective_dart	Linter rules corresponding to the guidelines in Effective Dart.	1.3.2	93.67088607594937	127	127	28	0	tenhobi	tenhobi.dev	MIT	2021-06-20T16:27:20.000Z	https://github.com/tenhobi/effective_dart
133	eventify	A cancellable event emitter which supports context based event driven programming. 	1.0.1	93.56251083752383	33	11	4	0	iMeshAcademy		NOASSERTION	2022-06-16T04:22:31.000Z	https://github.com/iMeshAcademy/EventEmitter
134	tiengviet	🇻🇳 Converts vietnamese language sign to unsigned easily. 😍 Give me a string vietnamese language, i will respond you string vietnamese unsigned. 👍	0.5.0	93.53650078030171	72	16	1	0	tvc12	4pet.social	BSD-3-Clause	2021-03-27T14:06:50.000Z	https://github.com/tvc12/tiengviet
135	data_connection_checker_tv	A pure Dart library that checks for internet by opening a socket to a list of specified addresses, each with individual port and timeout. Defaults are provided for convenience.	0.3.5-nullsafety	93.41945552280215	26	2	0	0	thorved		NOASSERTION	2021-05-15T16:48:21.000Z	https://github.com/thorved/data_connection_checker
136	intl_translation	Contains code to deal with internationalized/localized messages, date and number formatting and parsing, bi-directional text, and other internationalization issues.	0.18.0	93.31975030345066	68	117	182	28	dart-lang	dart.dev	BSD-3-Clause	2022-12-21T10:13:24.000Z	https://github.com/dart-lang/intl_translation
137	sentry_logging	An integration which adds support for recording log from the logging package.	6.18.1	93.27640020808046	6	603	160	84	getsentry	sentry.io	MIT	2022-12-22T09:59:41.000Z	https://github.com/getsentry/sentry-dart
138	gql_dio_link	Similar to gql_http_link, gql_dio_link is a GQL Terminating Link to execute requests via Dio using JSON	0.2.4	93.0813247789145	20	240	100	57	gql-dart	gql-dart.dev	MIT	2022-12-21T18:48:29.000Z	https://github.com/gql-dart/gql
139	spider	A small dart command-line tool for generating dart references of assets from the assets folder.	4.1.0	93.03363967400729	211	159	14	11	BirjuVachhani	birju.dev	Apache-2.0	2022-11-16T12:47:35.000Z	https://github.com/BirjuVachhani/spider
140	slang	Localization / Internationalization (i18n) solution. Use JSON, YAML or CSV files to create typesafe translations via source generation.	3.7.0	93.00329460724814	82	184	18	10	Tienisto	tienisto.com	MIT	2022-12-19T15:54:13.000Z	https://github.com/Tienisto/slang
141	timing	A simple package for tracking the performance of synchronous and asynchronous actions.	1.0.0	92.94693948326686	14	10	5	2	dart-lang	tools.dart.dev	BSD-3-Clause	2022-11-09T23:30:57.000Z	https://github.com/dart-lang/timing
142	gql_link	A simple and modular AST-based GraphQL request execution interface.	0.5.0+1	92.90358938789666	16	240	100	57	gql-dart	gql-dart.dev	MIT	2022-12-21T18:48:29.000Z	https://github.com/gql-dart/gql
143	dio_logging_interceptor	Logging interceptor for DIO	1.0.1	92.87757933067454	9	1	2	2	granoeste		Apache-2.0	2022-07-08T07:23:58.000Z	https://github.com/granoeste/dio_logging_interceptor
144	walletconnect_dart	Open protocol for connecting decentralised applications to mobile wallets with QR code scanning or deep linking.	0.0.11	92.86023929252644	91	87	52	28	RootSoft		MIT	2022-11-05T16:26:26.000Z	https://github.com/RootSoft/walletconnect-dart-sdk
145	kana_kit	A Dart library for for detecting and transliterating Hiragana, Katakana, and Romaji.	2.0.0	92.83856424484134	24	25	5	4	jeroen-meijer	jfk.dev	MIT	2022-06-06T00:39:41.000Z	https://github.com/jeroen-meijer/kana_kit
146	dartdoc	A non-interactive HTML documentation generator for Dart source code.	6.1.5	92.82989422576729	116	415	113	259	dart-lang	tools.dart.dev	BSD-3-Clause	2022-12-20T05:39:05.000Z	https://github.com/dart-lang/dartdoc
147	gql_exec	Basis for GraphQL execution layer to support Link and Client.	0.4.3	92.7475290445639	0	240	100	57	gql-dart	gql-dart.dev	MIT	2022-12-21T18:48:29.000Z	https://github.com/gql-dart/gql
148	dio_logger	Simple logging library for DIO requests. Prints request and response information to a console.	4.0.8+8	92.63915380613838	18	6	3	0	Defuera		BSD-3-Clause	2022-10-31T09:21:19.000Z	https://github.com/Defuera/dio_logger
149	gql_transform_link	GQL Link to transform Requests and Responses. May be used to update context, document, variables, data, errors, etc.	0.2.2+1	92.4787584532686	0	240	100	57	gql-dart	gql-dart.dev	MIT	2022-12-21T18:48:29.000Z	https://github.com/gql-dart/gql
150	week_of_year	Adds extension method to get the ISO 8601 week of year from a date	2.0.0	92.47442344373158	32	12	1	1	KadaDev	kada.se	BSD-3-Clause	2021-03-28T17:15:40.000Z	https://github.com/KadaDev/week_of_year
151	throttling	Contain "throttling" and "debouncing" async helper classes with listeners	1.0.0	92.37038321484307	25	35	3	0	PlugFox	plugfox.dev	MIT	2021-03-08T13:16:46.000Z	https://github.com/PlugFox/throttling
152	unsplash_client	Unsplash provides free high-resolution photos. This is a client for their REST API.	2.1.0+3	92.34870816715797	45	17	5	5	blaugold	gabriel.terwesten.net	BSD-3-Clause	2022-11-16T22:27:39.000Z	https://github.com/blaugold/unsplash_client
153	crypton	A simple Dart library for asymmetric encryption and digital signatures	2.1.0	92.30535807178775	51	28	9	2	konstantinullrich	konstantinullrich.de	MIT	2022-10-28T11:44:43.000Z	https://github.com/konstantinullrich/crypton
154	uri	Utilities for building and parsing URIs, including support for parsing URI templates as defined in RFC 6570.	1.0.0	92.24033292873244	18	70	51	8	google	google.dev	BSD-3-Clause	2022-07-14T13:38:15.000Z	https://github.com/google/uri.dart
155	gql_error_link	GQL Link to handle execution errors and exceptions	0.2.3+1	92.17530778567713	1	240	100	57	gql-dart	gql-dart.dev	MIT	2022-12-21T18:48:29.000Z	https://github.com/gql-dart/gql
156	barcode_image	Barcode generation library for Dart that can generate barcodes using the image library.	2.0.2	92.11895266169586	46	89	26	7	DavBfr	nfet.net	Apache-2.0	2022-12-07T16:49:31.000Z	https://github.com/DavBfr/dart_barcode
157	shelf_cors_headers	CORS headers middleware for Shelf.	0.1.4	92.06259753771458	22	6	2	1	lenniezelk		MIT	2022-09-27T11:09:12.000Z	https://github.com/lenniezelk/shelf-cors-headers
158	profanity_filter	Simple filter to check and censor strings against profanity, obscene words. A default English words list is provided (LDNOOBW).	2.0.0	91.98890237558523	72	13	7	3	roshanrahman		BSD-2-Clause	2021-06-29T16:56:38.000Z	https://github.com/roshanrahman/profanity_filter
159	azure_application_insights	A Dart client to integrate with Azure's Application Insights service	3.1.0	91.96722732790012	29	7	5	0	kentcb	kent-boogaart.com	MIT	2022-11-26T00:14:55.000Z	https://github.com/kentcb/azure_application_insights
160	polylabel	A fast algorithm for finding polygon pole of inaccessibility implemented as a Dart library.  Useful for optimal placement of a text label on a polygon.	1.0.1	91.95855730882609	7	2	2	0	beroso	beroso.dev	BSD-3-Clause	2022-08-15T15:26:33.000Z	https://github.com/beroso/dart_polylabel
161	flutter_rust_bridge	High-level memory-safe binding generator for Flutter/Dart <-> Rust	1.56.0	91.94555228021501	115	2081	125	52	fzyzcjy	cjycode.com	MIT	2022-12-22T00:12:27.000Z	https://github.com/fzyzcjy/flutter_rust_bridge
162	ftpconnect	Simple and robust dart FTP Connect Library to interact with FTP Servers.	2.0.2	91.70279174614184	78	49	27	5	salim-lachdhaf	salimdev.ovh	MIT	2022-11-20T17:43:55.000Z	https://github.com/salim-lachdhaf/ftpConnect
163	linter	The implementation of the lint rules supported by the analyzer framework. This package is not intended to be used directly.	1.30.0	91.65510664123461	67	559	158	672	dart-lang	tools.dart.dev	BSD-3-Clause	2022-12-22T05:37:52.000Z	https://github.com/dart-lang/linter
164	environment_config	Environment specific config generator. Allows to specify env configuration during CI/CD build. Primarily created to simplify Flutter build configuration	3.1.0	91.61609155540143	81	86	7	8	TatsuUkraine		BSD-3-Clause	2022-05-26T10:57:47.000Z	https://github.com/TatsuUkraine/dart_environment_config
165	scidart	Cross-platform scientific library for Dart. The main goal of SciDart is run where Dart can run, in other words, run on Flutter, Dart CLI, Dart web, etc.	0.0.2-dev.12	91.56407144095718	93	139	18	3	scidart		Apache-2.0	2022-12-21T23:26:48.000Z	https://github.com/scidart/scidart
166	basics	A Dart library containing convenient extension methods on basic Dart objects.	0.9.0	91.51205132651292	76	150	14	3	google	google.dev	BSD-3-Clause	2022-11-01T15:09:23.000Z	https://github.com/google/dart-basics
167	dart_geohash	A simple encode, decode, and neighbor finder for longitude/latitude and geohash.	2.0.2	91.46870123114272	28	6	11	0	nfrawley93	frawley.me	MIT	2022-02-02T01:41:03.000Z	https://github.com/nfrawley93/dart_geohash
168	http2	A HTTP/2 implementation in Dart.	2.0.1	91.45136119299463	51	137	43	24	dart-lang	dart.dev	BSD-3-Clause	2022-12-15T02:04:06.000Z	https://github.com/dart-lang/http2
169	dart_frog	A fast, minimalistic backend framework for Dart built by Very Good Ventures.	0.3.1	91.3820010404023	377	1030	65	18	VeryGoodOpenSource	verygood.ventures	MIT	2022-12-22T07:37:08.000Z	https://github.com/VeryGoodOpenSource/dart_frog
170	download	Cross-Platform file downloader for Dart and Flutter projects.	0.0.1+1	91.29096584012485	37	4	2	4	xclud	pwa.ir	MIT	2021-09-02T08:05:23.000Z	https://github.com/xclud/dart_download
171	just_debounce_it	A simple debounce library for preventing continuous execution of functions	4.1.0	91.28663083058782	16	8	0	2	mhrst	qrl.app	MIT	2022-05-03T18:37:20.000Z	https://github.com/mhrst/just_debounce_it
172	build_version	A builder for extracting a package version into code.	2.1.1	91.24761574475464	15	39	9	4	kevmoo	j832.com	BSD-3-Clause	2022-11-09T20:21:14.000Z	https://github.com/kevmoo/build_version
173	system_info2	Provides easy access to useful information about the system (architecture, bitness, kernel, memory, operating system, CPU, user).	2.0.4	91.2389457256806	29	10	4	0	onepub-dev	onepub.dev	BSD-3-Clause	2022-06-03T05:10:41.000Z	https://github.com/onepub-dev/system_info
174	dio_http_formatter	A Dio interceptor for pretty printing the HTTP request/response to be printed in the console for easier debugging	2.1.0	91.15224553494018	23	8	4	2	assemmarwan		MIT	2022-03-26T10:31:23.000Z	https://github.com/assemmarwan/dio_http_formatter
175	optional	An implementation of the Optional type, which helps avoid dealing with null references	6.1.0+1	91.12623547771805	32	35	7	0	tonio-ramirez	tech42solutions.com	BSD-2-Clause	2022-04-12T10:57:45.000Z	https://github.com/tonio-ramirez/optional.dart
176	instant	A package that exports functions for converting, formatting, and nicening of dates/times in Dart.	0.4.1	91.0958904109589	27	10	3	5	AKushWarrior	kishoredev.live	AGPL-3.0	2021-03-07T05:36:50.000Z	https://github.com/AKushWarrior/instant
177	ffigen	Generator for FFI bindings, using LibClang to parse C header files.	7.2.4	91.09155540142189	162	288	39	69	dart-lang	tools.dart.dev	NOASSERTION	2022-12-16T08:25:30.000Z	https://github.com/dart-lang/ffigen
178	hasura_connect	Connect your Flutter/Dart apps to Hasura simply. All the power of GraphQL and Postgres in Flutter.	4.0.0+4	91.06988035373678	194	202	57	14	Flutterando	flutterando.com.br	MIT	2022-11-16T08:36:59.000Z	https://github.com/Flutterando/hasura_connect/tree/master/packages/hasura_connect
179	fraction	A package that helps you working with fractions and mixed fractions.	4.1.4	90.97884515345935	39	14	3	0	albertodev01	fluttercompletereference.com	MIT	2022-08-30T23:20:40.000Z	https://github.com/albertodev01/fraction
180	mocktail_image_network	A Dart package which allows you to mock Image.network in your widget tests with confidence using the mocktail package.	0.3.1	90.75342465753424	33	428	63	22	felangel	felangel.dev	MIT	2022-12-06T12:35:53.000Z	https://github.com/felangel/mocktail
181	steel_crypt	A comprehensive library of high-level, cryptographic APIs. This library supports hashing, password hashing, two-way encryption, MAC authentication, and key/IV generation.	3.0.0+1	90.59302930466447	69	41	10	8	AKushWarrior	kishoredev.live	MPL-2.0	2021-04-21T01:19:01.000Z	https://github.com/AKushWarrior/steel_crypt
182	ferry_hive_store	Hive-based Store implementation for Ferry GraphQL client	0.5.0	90.3936188659615	4	480	90	52	gql-dart	gql-dart.dev	MIT	2022-12-19T20:07:48.000Z	https://github.com/gql-dart/ferry
183	udp	Lightweight, efficient, and easy-to-use UDP library for Dart. Supports Unicast, Broadcast, Multicast and Loopback communications.	5.0.3	90.35460378012831	52	40	16	7	xenoken		BSD-3-Clause	2022-03-27T12:21:20.000Z	https://github.com/xenoken/udp
184	serverpod	Serverpod is an open-source, scalable app server, written in Dart for the Flutter community.	0.9.21	90.33726374198024	234	991	71	75	serverpod	serverpod.dev	BSD-3-Clause	2022-12-20T14:46:18.000Z	https://github.com/serverpod/serverpod
185	socket_io	Port of JS/Node library Socket.io. It enables real-time, bidirectional and  event-based communication cross-platform.	1.0.1	90.27657360846194	107	109	30	10	rikulo		MIT	2021-09-09T02:49:35.000Z	https://github.com/rikulo/socket.io-dart
186	pedantic_mono	[mono edition] Recommended lints for Flutter apps, packages, and plugins to encourage good coding practices.	1.20.1	90.24189353216578	55	62	21	0	mono0926	mono0926.com	MIT	2022-12-17T19:29:39.000Z	https://github.com/mono0926/pedantic_mono
187	cider	Tools for Dart package maintainers. Automates changelog and pubspec.yaml updates.	0.1.3	90.21154846540662	80	69	10	7	f3ath	karapetov.com	MIT	2022-12-17T23:10:13.000Z	https://github.com/f3ath/cider
188	dart_frog_gen	Code generation tooling for Dart Frog. Built by Very Good Ventures.	0.3.0	90.15519334142536	11	1030	65	18	VeryGoodOpenSource	verygood.ventures	MIT	2022-12-22T07:37:08.000Z	https://github.com/VeryGoodOpenSource/dart_frog
189	eth_sig_util	Ethereum signature utility porting from JS	0.0.9	90.13785330327727	15	13	11	5	wakumo		MIT	2022-12-13T05:02:10.000Z	https://github.com/wakumo/eth-sig-util
190	os_detect	Platform independent OS detection.	2.0.1	90.09016819837004	18	13	6	2	dart-lang	dart.dev	BSD-3-Clause	2022-11-15T20:27:18.000Z	https://github.com/dart-lang/os_detect
191	multiple_result	Multiple results for dart. Inspired by dartz's Either and Kotlin's sealed classes	4.0.0	90.08149817929599	78	29	7	0	higorlapa		MIT	2022-12-21T18:03:08.000Z	https://github.com/higorlapa/result
192	functions_framework	FaaS (Function as a service) framework for writing portable Dart functions	0.4.1	89.96878793133345	124	484	49	26	GoogleCloudPlatform	cloud.google.com	Apache-2.0	2022-11-30T03:47:21.000Z	https://github.com/GoogleCloudPlatform/functions-framework-dart
193	objectid	Blazing fast, cross-platform ObjectId implementation for the dart language.	2.1.0	89.92543783596324	26	6	1	0	gonuit	klyta.it	MIT	2022-06-15T16:22:07.000Z	https://github.com/gonuit/dart_objectid
194	mysql_client	Native MySQL client written in Dart. Tested with MySQL Percona Server (5.7, 8), MariaDB (10). Supports TLS.	0.0.27	89.83440263568579	79	46	11	10	zim32		BSD-3-Clause	2022-12-20T17:09:36.000Z	https://github.com/zim32/mysql.dart
195	speed_test_dart	Internet speed tester (ping, upload, download) using speedtest.net	1.0.4+1	89.6046471302237	6	2	3	0	jorger5	jrincondev.com	NOASSERTION	2022-10-03T16:37:56.000Z	https://github.com/jorger5/speed_test_dart
196	either_option	The simple library for Error Handling with functionnal programming concept	2.0.0	89.58297208253857	39	34	8	1	cbyad		MIT	2022-10-31T09:36:48.000Z	https://github.com/cbyad/either_option
197	gql_code_builder	Dart code builders taking *.graphql documents and SDL to build useful classes.	0.7.0	89.50060690133517	2	240	100	57	gql-dart	gql-dart.dev	MIT	2022-12-21T18:48:29.000Z	https://github.com/gql-dart/gql
198	yaml_edit	A library for YAML manipulation with comment and whitespace preservation.	2.0.3	89.46159181550199	17	16	5	7	dart-lang	tools.dart.dev	BSD-3-Clause	2022-11-10T11:31:16.000Z	https://github.com/dart-lang/yaml_edit
199	list_ext	Dart extension methods for Iterable and List. You can easily sum, count elements and many more.	1.0.6	89.44425177735391	33	10	2	0	Innim	innim.ru	BSD-3-Clause	2022-10-04T06:24:39.000Z	https://github.com/Innim/dart_list_extensions
200	git	Git command line wrapper. Exposes a Git directory abstraction that makes it easy to inspect and manipulate a local Git repository.	2.2.0	89.30119646263222	28	112	16	15	kevmoo	j832.com	BSD-2-Clause	2022-11-09T23:27:57.000Z	https://github.com/kevmoo/git
201	serverpod_client	Base classes for communication with the server.	0.9.21	89.20582625281776	5	991	71	75	serverpod	serverpod.dev	BSD-3-Clause	2022-12-20T14:46:18.000Z	https://github.com/serverpod/serverpod
202	aes_crypt	Dart encryption library for encrypting/decrypting files, plain text and binary data in AES Crypt file format.	0.1.1	89.11479105254033	83	27	22	17	alexgoussev	alexgusev.com	MIT	2022-03-19T07:11:46.000Z	https://github.com/alexgoussev/aes_crypt
203	gql_dedupe_link	GQL Link to deduplicate identical in-flight execution requests	2.0.3+1	89.10612103346628	1	240	100	57	gql-dart	gql-dart.dev	MIT	2022-12-21T18:48:29.000Z	https://github.com/gql-dart/gql
204	ed25519_hd_key	BIP-0032 like derivation for ed25519 curve	2.2.0	88.80700537541183	9	12	6	1	alepop	alepop.dev	MIT	2021-09-16T06:40:18.000Z	https://github.com/alepop/dart-ed25519-hd-key
205	faker_dart	generate massive amounts of fake data in Dart & Flutter! A dart port of the famous faker.js	0.1.11	88.68996011791226	60	26	5	0	casvanluijtelaar	casvanluijtelaar.com	NOASSERTION	2022-11-02T15:24:41.000Z	https://github.com/casvanluijtelaar/faker.dart
206	zxcvbn	Dart port of DropBox's zxcvbn library.	1.0.0	88.64227501300503	10	7	4	2	careapp-inc	careapp.com.au	MIT	2021-05-27T03:14:44.000Z	https://github.com/careapp-inc/zxcvbn-dart
207	socket_io_common	Socket.io common parser library.	2.0.2	88.52089474596843	4	6	17	0	rikulo		MIT	2022-10-25T03:16:39.000Z	https://github.com/rikulo/socket_io_common
208	stats	Calculate common statistical values for a set of numbers: max, min, mean, median, standard deviation, and standard error.	2.0.0	88.4905496792093	23	8	5	2	kevmoo	j832.com	MIT	2022-10-26T00:49:30.000Z	https://github.com/kevmoo/stats
209	normalize	Normalization and denormalization of GraphQL responses in Dart	0.8.0	88.46887463152419	8	480	90	52	gql-dart	gql-dart.dev	MIT	2022-12-19T20:07:48.000Z	https://github.com/gql-dart/ferry
210	fuzzywuzzy	An implementation of the popular fuzzywuzzy package in Dart, to suit all your fuzzy string matching/searching needs!	0.2.0	88.43852956476505	48	22	3	3	SphericalKat	sphericalk.at	GPL-2.0	2022-06-26T07:19:47.000Z	https://github.com/sphericalkat/dart-fuzzywuzzy
211	nyxx	A Discord library for Dart. Simple, robust framework for creating discord bots for Dart language.	4.4.0	88.4081844980059	71	264	40	4	nyxx-discord	l7ssha.xyz	Apache-2.0	2022-12-12T17:07:06.000Z	https://github.com/nyxx-discord/nyxx
212	gson	Parses and encodes the json generated by GSON (Can parse minecraft's json)	0.1.4	88.38217444078377	14	2	2	3	MinimineLP		BSD-2-Clause	2021-03-21T13:09:29.000Z	https://github.com/MinimineLP/dart-gson
213	redis	Redis database (https://redis.io/) client, with both simplicity and performance as primary goals.	3.1.0	88.36916941217271	87	63	27	2	ra1u		AGPL-3.0	2022-05-08T11:03:46.000Z	https://github.com/ra1u/redis-dart
214	graphql_codegen	Simple, opinionated, codegen library for GraphQL. It allows you togenerate serializers and client helpers to easily call and parse your data.	0.11.2	88.35616438356165	57	85	37	16	heftapp	heft.app	MIT	2022-12-14T11:20:16.000Z	https://github.com/heftapp/graphql_codegen/tree/main/packages/graphql_codegen
215	aes_crypt_null_safe	Dart encryption library for encrypting/decrypting files, plain text and binary data in AES Crypt file format.	2.0.2	88.29113924050634	14	3	1	0	CodingFries	codingfries.com	MIT	2021-12-15T06:47:17.000Z	https://github.com/CodingFries/aes_crypt_null_safe
216	change_case	An extension on String to transform a string between camelCase, PascalCase, Capital Case, snake_case, param-case, CONSTANT_CASE and others.	1.0.2	88.28680423096931	16	4	0	0	mrgnhnt96	mrgnhnt.com	MIT	2022-02-23T20:13:46.000Z	https://github.com/mrgnhnt96/change_case
217	window_location_href	Cross-platfrom window.location.href. Supports all platforms and is easy.	1.0.1+2	88.25212415467314	5	0	0	0	xclud		MIT	2022-10-24T20:06:12.000Z	https://github.com/xclud/window_location_href
218	just_throttle_it	A simple throttle library for limiting consecutive execution of functions	2.1.0	88.24778914513612	2	2	0	0	mhrst	qrl.app	MIT	2022-05-03T14:16:02.000Z	https://github.com/mhrst/just_throttle_it
219	firebase_core_dart	Pure Dart implementation of FlutterFire core API	1.0.1	88.12640887809953	7	287	36	18	invertase	invertase.io	NOASSERTION	2022-11-05T03:27:18.000Z	https://github.com/invertase/flutterfire_desktop
220	byte_size	ByteSize is a library that handles how byte sizes are represented and an easy to use interface to convert to other forms of representation also taking locale into consideration.	1.4.1	88.06138373504422	4	3	4	1	ron4fun		NOASSERTION	2022-10-22T12:46:21.000Z	https://github.com/ron4fun/byte_size
221	undo	A Undo/Redo Library for Flutter	1.4.0	88.04404369689614	66	55	13	2	rodydavis	rodydavis.com	MIT	2021-04-14T23:05:41.000Z	https://github.com/rodydavis/undo
222	shelf_plus	Shelf Plus is a quality of life addon for your server-side development within the Shelf platform.	1.5.0	88.03970868735911	75	53	9	0	felixblaschke	felix-blaschke.de	MIT	2022-09-09T19:13:55.000Z	https://github.com/felixblaschke/shelf_plus
223	toml	Parser and encoder for TOML v1.0.0 (Tom's Obvious, Minimal Language) configuration files.	0.13.1	87.85330327726722	19	31	5	1	just95		MIT	2022-12-19T08:09:57.000Z	https://github.com/just95/toml.dart
224	pocketbase	Multi-platform Dart SDK for PocketBase, an open source realtime backend in 1 file.	0.6.0	87.7882781342119	71	159	14	0	pocketbase	pocketbase.io	MIT	2022-12-16T15:27:44.000Z	https://github.com/pocketbase/dart-sdk
225	sentry_dart_plugin	A Dart Build Plugin that uploads symbols for Android, iOS/macOS, and Web to Sentry via sentry-cli.	1.0.0-beta.4	87.78394312467488	13	33	13	4	getsentry	sentry.io	MIT	2022-12-21T08:29:48.000Z	https://github.com/getsentry/sentry-dart-plugin
226	dart_appwrite	Appwrite is an open-source self-hosted backend server that abstract and simplify complex and repetitive development tasks behind a very simple REST API	7.1.0	87.7059129530085	69	91	15	2	appwrite	appwrite.io	BSD-3-Clause	2022-12-14T09:25:38.000Z	https://github.com/appwrite/sdk-for-dart
227	build_verify	Test utility to ensure generated Dart code within a package is up-to-date when using package:build.	3.1.0	87.56719264782382	31	52	11	2	kevmoo	j832.com	MIT	2022-12-02T20:46:45.000Z	https://github.com/kevmoo/build_verify
228	flutter_oss_licenses	A tool to generate detail and better OSS license list using pubspec.yaml/lock files.	2.0.1	87.50216750476851	40	30	9	3	espresso3389	espresso3389.jp	MIT	2022-10-22T13:07:06.000Z	https://github.com/espresso3389/flutter_oss_licenses
229	msal_js	A Dart wrapper for the 'Microsoft Authentication Library for JavaScript (MSAL.js)'.	2.14.0	87.4588174093983	18	13	9	3	Francessco121		MIT	2022-05-12T03:53:46.000Z	https://github.com/Francessco121/msal-js-dart
230	libserialport	Serial Port for Dart (FFI bindings to libserialport, a minimal C-library created by the sigrok).	0.3.0+1	87.45448239986128	42	61	15	32	jpnurmi		LGPL-3.0	2022-08-27T14:23:26.000Z	https://github.com/jpnurmi/libserialport.dart
231	result_type	Result Type for Dart.	0.2.0	87.42847234263915	23	0	0	0	minikin	minikin.me	MIT	2022-12-21T15:06:30.000Z	https://github.com/minikin/result_type
232	schedulers	Dart library for running asynchronous functions on time. Useful for load balancing, rate limiting, lazy execution.	1.0.1	87.41113230449106	14	3	1	1	rtmigo	revercode.com	MIT	2022-11-25T05:28:46.000Z	https://github.com/rtmigo/schedulers
233	nepali_utils	A pure dart package with collection of Nepali Utilities like Date converter, Date formatter, DateTime, Nepali Numbers, Nepali Unicode, Nepali Moments and many more.	3.0.3	87.20738685625108	36	23	13	3	sarbagyastha	sarbagyastha.com.np	MIT	2022-08-29T08:19:08.000Z	https://github.com/sarbagyastha/nepali_utils
234	nyxx_interactions	Nyxx Interactions Module. Discord library for Dart. Simple, robust framework for creating discord bots for Dart language.	4.5.0	87.13802670365874	7	7	6	2	nyxx-discord	l7ssha.xyz	Apache-2.0	2022-12-21T13:14:52.000Z	https://github.com/nyxx-discord/nyxx_interactions
235	isoweek	A lightweight Dart package which provides the class Week (based on the ISO 8601 format).	1.1.4	87.08167157967748	17	4	0	0	devj3ns	jensbecker.dev	BSD-3-Clause	2022-06-22T12:03:02.000Z	https://github.com/devj3ns/isoweek
236	fhir	FHIR library of versions R4, STU3, DSTU2, and R5 (draft) for Dart & Flutter.	0.9.3	86.95162129356684	26	34	26	1	MayJuun	fhirfli.dev	MIT	2022-12-12T14:54:35.000Z	https://github.com/MayJuun/fhir/tree/main/fhir
237	dnd	Drag and Drop for Dart web apps with mouse and touch support.	2.0.1	86.93861626495578	47	136	92	5	marcojakob	jakobservices.ch	MIT	2021-10-07T20:03:58.000Z	https://github.com/marcojakob/dart-dnd
238	benchmark_harness	The official Dart project benchmark harness.	2.2.0	86.8996011791226	22	76	25	8	dart-lang	tools.dart.dev	BSD-3-Clause	2022-11-10T17:41:50.000Z	https://github.com/dart-lang/benchmark_harness
239	bcrypt	This package use jBCrypt modified code to work with Dart VM.	1.1.3	86.76088087393792	10	1	0	0	astudilloalex	alexastudillo.com	NOASSERTION	2022-03-23T21:03:10.000Z	https://github.com/astudilloalex/dart-bcrypt
240	icalendar_parser	Package to parse iCalendar (.ics) files written in pure Dart.	1.1.0	86.56147043523495	34	26	4	1	TesteurManiak	rouxguillau.me	MIT	2022-12-12T14:11:44.000Z	https://github.com/TesteurManiak/icalendar_parser
241	dart_twitter_api	A dart wrapper for using the Twitter API with well documented interfaces for every endpoint.	0.5.8	86.52679035893878	41	54	23	0	robertodoering		BSD-3-Clause	2022-12-14T17:46:48.000Z	https://github.com/robertodoering/twitter_api
242	ferry_generator	Generated types for Ferry GraphQL Client	0.7.0	86.47477024449454	15	480	90	52	gql-dart	gql-dart.dev	MIT	2022-12-19T20:07:48.000Z	https://github.com/gql-dart/ferry
243	swagger_dart_code_generator	Have you been turned into a problem with writing code for Http requests? This package can help. It has all of the Http and model codegen functionality you have been looking for.	2.9.0	86.45309519680944	194	185	59	6	epam-cross-platform-lab	mobilepeople.dev	Apache-2.0	2022-12-19T13:06:56.000Z	https://github.com/epam-cross-platform-lab/swagger-dart-code-generator
244	custom_lint_builder	A package to help writing custom linters	0.0.16	86.29703485347667	3	152	17	20	invertase	invertase.io	Apache-2.0	2022-12-20T17:26:56.000Z	https://github.com/invertase/dart_custom_lint
245	http_status_code	HTTP Status Codes	0.0.2	86.16264955782903	9	4	3	0	salkuadrat		MIT	2021-10-30T10:07:24.000Z	https://github.com/salkuadrat/http_status_code
246	humanizer	A library to convert Dart values into human-friendly representations.	2.0.0	86.04560430032946	41	19	2	0	kentcb	kent-boogaart.com	MIT	2022-05-12T08:41:27.000Z	https://github.com/kentcb/humanizer
247	stream_chat	The official Dart client for Stream Chat, a service for building chat applications.	5.1.0	85.99358418588521	58	657	239	73	GetStream	getstream.io	NOASSERTION	2022-12-22T10:14:33.000Z	https://github.com/GetStream/stream-chat-flutter
248	test_process	Test processes: starting; validating stdout and stderr; checking exit code	2.0.3	85.97624414773712	8	15	11	1	dart-lang	tools.dart.dev	BSD-3-Clause	2022-11-01T15:02:42.000Z	https://github.com/dart-lang/test_process
249	theme_tailor_annotation	Annotations for the Theme Tailor code-generator. This package does nothing without Theme Tailor.	1.0.3	85.95456910005203	8	33	7	6	Iteo	iteo.com	MIT	2022-12-13T13:45:39.000Z	https://github.com/Iteo/theme_tailor
250	flagsmith	Flutter Client SDK for https://www.flagsmith.com/, Flagsmith is 100% Open Source. Host yourself or let us take care of the hosting.	3.0.3	85.87220391884863	15	13	7	3	Flagsmith	flagsmith.com	BSD-3-Clause	2022-11-30T09:14:20.000Z	https://github.com/Flagsmith/flagsmith-flutter-client
251	gql_websocket_link	GQL Websocket Link	0.3.4+1	85.8505288711635	8	240	100	57	gql-dart	gql-dart.dev	MIT	2022-12-21T18:48:29.000Z	https://github.com/gql-dart/gql
252	japx	Lightweight parser for the JSON:API (http://jsonapi.org/) structure.	2.0.5	85.72914860412692	34	23	11	3	infinum	infinum.com	MIT	2022-11-07T10:04:13.000Z	https://github.com/infinum/flutter-plugins-japx
253	algorand_dart	Unofficial community SDK to interact with the Algorand network, for Dart & Flutter	1.0.3	85.71180856597884	32	35	11	3	RootSoft		MIT	2022-12-15T14:02:19.000Z	https://github.com/RootSoft/algorand-dart
254	openapi_dart_common	OpenAPI API common libraries so the generator doesn't generate them	4.1.2	85.6814634992197	4	4	5	0	dart-ogurets	bluebiscuitdesign.dev	BSD-2-Clause	2022-07-23T06:32:33.000Z	https://github.com/dart-ogurets/openapi_dart_common
255	interact	A collection of customizable interactive command-line components.	2.1.1	85.6424484133865	42	70	7	5	frencojobs	frenco.dev	MIT	2022-10-05T12:51:01.000Z	https://github.com/frencojobs/interact
256	melos	A tool for managing Dart & Flutter repositories with multiple packages (monorepo). Supports automated versioning via Conventional Commits. Inspired by JavaScripts Lerna package.	2.9.0	85.52106814634992	301	712	127	47	invertase	invertase.io	Apache-2.0	2022-12-22T09:23:59.000Z	https://github.com/invertase/melos/tree/main/packages/melos
257	flrx_validator	A powerful, extensible validator package to get validation messages based on a list of rules.	0.6.0	85.45170799375758	4	12	0	14	flrx		MIT	2022-12-11T01:39:56.000Z	https://github.com/flrx/validator
258	flutter_translate_annotations	Defines the annotations used by flutter_translate_gen to create statically-typed localization keys.	2.1.0	85.42136292699844	2	6	7	0	Jesway	jesway.com	NOASSERTION	2021-12-11T11:54:21.000Z	https://github.com/bratan/flutter_translate_annotations
259	rate_limiter	A pure dart package to apply useful rate limiting strategies on regular functions.	1.0.0	85.36934281255418	38	24	4	0	GetStream	getstream.io	MIT	2022-12-14T13:07:39.000Z	https://github.com/GetStream/rate_limiter
260	in_date_utils	Utils for DateTime. Easily modify, check and copy dates. Get numbers of days in year/month. And many more.	1.1.0	85.2046124501474	16	3	0	0	Innim	innim.ru	BSD-3-Clause	2022-06-15T17:42:48.000Z	https://github.com/Innim/in_date_utils
261	data_connection_checker_nulls	A pure Dart library that checks for internet by opening a socket to a list of specified addresses, each with individual port and timeout. Defaults are provided for convenience.	0.0.2	85.13091728801804	5	0	0	0	AntiDesert5		NOASSERTION	2022-03-04T19:47:53.000Z	https://github.com/AntiDesert5/data_connection_checker
262	twitter_api_v2	The most famous and powerful Dart/Flutter library for Twitter API v2.0.	4.7.0	85.08756719264782	50	139	25	7	twitter-dart	shinyakato.dev	BSD-3-Clause	2022-12-12T00:57:33.000Z	https://github.com/twitter-dart/twitter-api-v2
263	alfred	A performant, expressjs like web server / rest api framework thats easy to use and has all the bits in one place.	1.0.0+1	85.05288711635166	284	449	23	9	rknell		NOASSERTION	2022-12-05T11:26:39.000Z	https://github.com/rknell/alfred
264	squadron	Multithreading and worker thread pool for Dart / Flutter, to offload CPU-bound and heavy I/O tasks to Isolate or Web Worker threads.	4.3.3	85.0398820877406	43	28	0	0	d-markey		MIT	2022-11-30T23:45:23.000Z	https://github.com/d-markey/squadron
265	odoo_rpc	Odoo RPC Client library for Dart with session changes tracking via steam.	0.5.1	84.9791919542223	31	24	20	5	ERP-Ukraine	erp.co.ua	MIT	2022-10-14T09:02:42.000Z	https://github.com/ERP-Ukraine/odoo-rpc-dart
266	redux_saga	redux_saga is a library that aims to make application side effects easier to manage, more efficient to execute, easy to test, and better at handling failures.	3.0.6	84.79712155366742	29	34	6	0	reduxsaga		MIT	2022-01-04T14:27:12.000Z	https://github.com/reduxsaga/redux_saga
267	dart_jts	An ongoing effort to port the Java Topology Suite to the dart programming language and make it available to its mobile, dektop and web environments.	0.2.1+1	84.74943644876018	17	18	12	5	moovida	hydrologis.com	NOASSERTION	2022-08-08T22:51:21.000Z	https://github.com/moovida/dart_jts
268	compute	Flutter's compute function made available for all non-Flutter Dart programs	1.0.2	84.72776140107509	12	6	0	1	dartsidedev	dartside.dev	BSD-3-Clause	2022-08-14T13:21:31.000Z	https://github.com/dartsidedev/compute
269	talker	Advanced and simple error handler and logger for dart and flutter apps with history, sharing, customization, etc.	2.2.0	84.41130570487255	88	101	8	5	Frezyx	frezycode.com	MIT	2022-12-21T13:47:56.000Z	https://github.com/Frezyx/talker
270	postgrest	PostgREST client for Dart. This library provides an ORM interface to PostgREST.	1.2.1	84.37229061903936	73	127	32	0	supabase	supabase.io	MIT	2022-11-29T04:26:37.000Z	https://github.com/supabase/postgrest-dart
271	image_compare	Dart package for image comparison. Compare images for difference using a variety of algorithms.	1.1.2	84.35495058089127	32	17	1	3	nitinramadoss		BSD-3-Clause	2022-05-09T12:38:16.000Z	https://github.com/nitinramadoss/image_compare
272	bazel_worker	Protocol and utilities to implement or invoke persistent bazel workers.	1.0.2	84.16421016126236	2	19	16	0	dart-lang	tools.dart.dev	BSD-3-Clause	2022-11-10T17:43:12.000Z	https://github.com/dart-lang/bazel_worker
273	day	A date library Day.js in dart. Day.dart is inspired by Day.js. Write with nearly the same API. Build on the top of the powerful DateTime class.	0.8.0	84.10785503728108	18	60	3	0	dayjs		MIT	2022-02-04T03:55:29.000Z	https://github.com/dayjs/day.dart
274	shelf_hotreload	Wrapper to easily enable hot-reload for shelf applications.	1.3.0	84.05583492283682	35	25	3	0	felixblaschke	felix-blaschke.de	MIT	2022-06-13T18:09:16.000Z	https://github.com/felixblaschke/shelf_hotreload
275	derry	A script manager to help you define script shortcuts and use them effortlessly, and performantly.	1.4.3	84.03849488468875	157	161	18	10	frencojobs	frenco.dev	MIT	2022-10-31T19:59:18.000Z	https://github.com/frencojobs/derry
276	network_tools	Networking Tools library which can help you discover open ports, devices on subnet and many other things.	3.0.0+3	83.92578463672619	20	28	7	8	osociety	fsoc13ty.blogspot.com	BSD-3-Clause	2022-11-28T15:25:37.000Z	https://github.com/osociety/network_tools/tree/main/network_tools
277	cbl	Couchbase Lite is an embedded, NoSQL JSON Document Style database, supporting Blobs, Encryption, N1QL Queries, Live Queries, Full-Text Search and Data Sync.	2.1.3	83.85208947459685	45	72	10	30	cbl-dart	gabriel.terwesten.net	Apache-2.0	2022-12-19T21:36:59.000Z	https://github.com/cbl-dart/cbl-dart
278	kotlin_flavor	An utility package for providing static extension methods familiar in Kotlin.	0.2.0	83.75671926478239	22	27	0	0	YusukeIwaki	dartpkg.yusuke-iwaki.com	MIT	2021-04-01T11:38:43.000Z	https://github.com/YusukeIwaki/dart-kotlin_flavor
279	cli_script	Write scripts that call subprocesses with the ease of shell scripting and the power of Dart.	0.3.0	83.7393792266343	8	19	7	0	google	sass-lang.com	Apache-2.0	2022-12-19T22:01:25.000Z	https://github.com/google/dart_cli_script
280	bs58	Dart package to compute base 58 encoding. This encoding is typically used for crypto currencies such as Bitcoin.	1.0.2	83.73504421709728	6	1	1	0	litaoh		MIT	2021-11-17T01:16:52.000Z	https://github.com/litaoh/base58
281	orm	◭ Next-generation ORM for Dart & Flutter | PostgreSQL, MySQL, MariaDB, SQL Server, SQLite, MongoDB and CockroachDB.	2.4.6	83.69169412172707	57	151	4	21	odroe	odroe.com	BSD-3-Clause	2022-12-22T07:48:55.000Z	https://github.com/odroe/prisma-dart
282	stash	Stash is a key-value store abstraction with plain and cache driven semantics  and support for a pluggable backend architecture.	4.4.1	83.68302410265302	120	72	10	0	ivoleitao	ivoleitao.dev	MIT	2022-12-05T23:19:18.000Z	https://github.com/ivoleitao/stash
283	fast_csv	Classic non-configurable CSV parser suitable for most use cases. Pretty fast parsing.	0.1.44	83.6179989595977	10	3	0	0	mezoni		BSD-3-Clause	2022-06-04T13:45:44.000Z	https://github.com/mezoni/csv_parser
284	ngdart	Fast and productive web framework by Google. Separate, but similar to the JavaScript framework with a similar name.	7.1.1	83.51829374024624	16	40	5	5	angulardart-community	angulardart.xyz	MIT	2022-12-03T19:31:43.000Z	https://github.com/angulardart-community/angular
285	charset	Multiple charset Encoding and Decoding Library.	1.1.0	83.42292353043177	11	9	0	0	shirne	shirne.com	Apache-2.0	2022-09-24T03:14:03.000Z	https://github.com/shirne/charset-dart
286	collision	Collision Detection and 2D geometry library for Dart and/or Flutter.	0.0.3	83.3882434541356	1	1	2	0	xclud		MIT	2021-05-22T15:59:53.000Z	https://github.com/xclud/dart_collision
287	time_formatter	Format UNIX timestamps into human-readable strings in Dart; inspired by YouTube's time formatting habits.	1.0.0+5	83.30154326339519	38	9	11	5	tpscrpt		GPL-2.0	2021-05-11T11:25:47.000Z	https://github.com/jeremigendron/time_formatter
288	stash_memory	Memory storage extension for the stash API. Provides support to store vaults  and caches in-memory	4.4.1	83.0371076816369	4	72	10	0	ivoleitao	ivoleitao.dev	MIT	2022-12-05T23:19:18.000Z	https://github.com/ivoleitao/stash
289	ethereum_addresses	A dart library to generate, checksum, and validate Ethereum addresses	1.0.2	82.61661175654586	8	1	1	0	fuseio	fuse.io	MIT	2021-12-05T10:42:17.000Z	https://github.com/fuseio/dart-ethereum_address
290	geocore	Geospatial data structures (points, geometry, features, meta) and parsers (GeoJSON, WKT) for Dart.	0.10.0	82.59927171839779	11	20	3	31	navibyte	navibyte.com	NOASSERTION	2022-12-02T20:19:03.000Z	https://github.com/navibyte/geospatial
291	unleash	A Server Side Dart SDK for Unleash. Unleash is an open-source feature flag service.	0.4.1	82.41720131784291	17	12	9	5	ivarconr	getunleash.io	Apache-2.0	2022-11-06T20:09:00.000Z	https://github.com/ivarconr/unleash-client-dart
292	xid	Xid is a globally unique id generator. Xids are small, fast to generate, sortable, compact URL-safe string with no configuration or central generator server.	1.0.12	82.39986127969482	15	6	2	0	pitabwire		MIT	2022-11-13T11:15:31.000Z	https://github.com/pitabwire/xid
293	gql_build	Useful builders for your GraphQL SDL and documents. Based on package:gql_code_builder and package:build	0.7.0	82.3738512224727	13	240	100	57	gql-dart	gql-dart.dev	MIT	2022-12-21T18:48:29.000Z	https://github.com/gql-dart/gql
294	at_utils	A Dart library that contains various utility classes such as atSign, atmetadata, configuration, and logger.	3.0.11	82.10074562164037	7	24	9	10	atsign-foundation	atsign.org	BSD-3-Clause	2022-12-22T10:24:35.000Z	https://github.com/atsign-foundation/at_tools
295	messagepack	Streaming API implementation of MessagePack binary serialization format - msgpack.	0.2.1	82.05739552627016	30	17	9	5	nailgilaziev		BSD-3-Clause	2022-04-21T07:58:45.000Z	https://github.com/nailgilaziev/messagepack
296	test_descriptor	An API for defining and verifying directory structures.	2.0.1	81.96636032599271	2	7	8	0	dart-lang	tools.dart.dev	BSD-3-Clause	2022-11-07T16:13:31.000Z	https://github.com/dart-lang/test_descriptor
297	big_decimal	A bugless implementation of BigDecimal in Dart based on Java's BigDecimal	0.3.1	81.93601525923357	9	18	0	2	bugless	bugless.dev	MIT	2022-03-15T20:39:26.000Z	https://github.com/bugless/big-decimal
298	turf	A turf.js-like geospatial analysis library working with GeoJSON, written in pure Dart.	0.0.7	81.91434021154846	21	29	12	20	dartclub	dartlang.rocks	MIT	2022-12-21T21:32:38.000Z	https://github.com/dartclub/turf_dart
299	country	Generated country class with country_generator using countries.	2.0.3	81.72793480145656	9	0	1	0	aaassseee		MIT	2022-12-13T01:47:03.000Z	https://github.com/aaassseee/country/tree/master/country
300	dhttpd	A static HTTP file server for easy local hosting of a directory.	4.0.1	81.59788451534592	70	82	18	10	kevmoo	j832.com	BSD-3-Clause	2022-11-09T20:33:26.000Z	https://github.com/kevmoo/dhttpd
301	at_commons	A library of Dart and Flutter utility classes that are used across other components of the atPlatform.	3.0.32	81.58054447719785	13	24	9	10	atsign-foundation	atsign.org	BSD-3-Clause	2022-12-22T10:24:35.000Z	https://github.com/atsign-foundation/at_tools
302	esp_smartconfig	EspTouch and EspTouchV2 implementations of SmartConfig provisioning protocols. Plain Dart. All platforms.	1.1.10	81.54152939136466	12	25	2	0	abobija	abobija.com	MIT	2022-08-11T22:10:49.000Z	https://github.com/abobija/esp-smartconfig-dart
303	flat	A simple, no dependency 🚀 way to take a nested Map and flatten it into a single depth Map. Based on Node.js `flat` package.	0.4.1	81.53285937229062	11	8	2	1	danilofuchs		MIT	2021-11-18T20:51:29.000Z	https://github.com/danilofuchs/flat
304	import_lint	The Import Lint package defines import lint rules and report on lints found in Dart code.	0.9.4	81.48517426738339	13	15	1	4	kawa1214	kawa.dev	NOASSERTION	2022-12-09T21:05:33.000Z	https://github.com/kawa1214/import-lint
305	equations	An equation solving library that also works with complex numbers and fractions.	4.1.0	81.3247789145136	54	42	3	2	albertodev01	fluttercompletereference.com	MIT	2022-09-09T12:46:12.000Z	https://github.com/albertodev01/equations
306	gviz	A simple utility for creating GraphViz directed graphs using an object oriented API.	0.4.0	81.22073868562511	7	15	5	1	kevmoo	j832.com	BSD-3-Clause	2022-11-10T01:44:01.000Z	https://github.com/kevmoo/gviz
307	const_date_time	A drop-in replacement for Dart's DateTime class with const constructors.	1.0.2	81.18172359979192	1	1	1	0	westy92	westy92.com	MIT	2022-12-18T05:02:06.000Z	https://github.com/westy92/const-date-time
308	persian_tools	An anthology of a variety of tools for the Persian language which you can use in all platform that dart supports	1.0.3	81.17305358071788	39	53	9	4	persian-tools		MIT	2022-11-28T06:29:05.000Z	https://github.com/persian-tools/dart-persian-tools
309	cloudinary	A dart package to integrate Cloudinary API in Dart and Flutter.	1.0.3	81.10369342812554	1	1	0	0	nixrajput	nixlab.co.in	GPL-3.0	2022-09-11T01:00:40.000Z	https://github.com/nixrajput/cloudinary-dart
310	at_lookup	A Dart library that contains the core commands that can be used with a secondary server (scan, update, lookup, llookup, plookup, etc.)	3.0.33	80.91728801803364	8	35	10	16	atsign-foundation	atsign.org	BSD-3-Clause	2022-12-22T08:00:44.000Z	https://github.com/atsign-foundation/at_libraries
311	very_good_cli	A Very Good Command-Line Interface for Dart created by Very Good Ventures.	0.9.1	80.8696029131264	387	1759	148	52	VeryGoodOpenSource	verygood.ventures	MIT	2022-12-20T15:51:08.000Z	https://github.com/VeryGoodOpenSource/very_good_cli
312	bloc_event_transformers	Configurable transformers for your bloc (bloclibrary.dev) events. Throttle, debounce, skip, and delay with ease.	1.0.1	80.7655626842379	4	3	2	1	wrbl-xyz	wrbl.xyz	MIT	2022-03-15T13:37:47.000Z	https://github.com/wrbl-xyz/bloc_event_transformers
313	dio_proxy_adapter	Simple proxy configuration for Dio	1.0.1	80.76122767470089	2	0	0	0	netsells		MIT	2022-05-17T10:07:26.000Z	https://github.com/netsells/dio-proxy-adapter
314	browser_detector	Dart browser detector library. Detects popular browsers, engines and platforms by analyzing the user agent string. Safe to use with Flutter Native.	2.0.0	80.63117738859026	3	1	1	0	aicantar	aicantar.com	MIT	2021-11-14T09:53:46.000Z	https://github.com/aicantar/browser_detector
315	simple_link_preview	Returns a simple metadata for generating a weblink preview by examining the html <meta> tags.	1.0.2	80.47945205479452	8	3	0	0	sonnts996		AGPL-3.0	2021-10-05T02:55:07.000Z	https://github.com/sonnts996/simple_link_preview
316	rohd	The Rapid Open Hardware Development (ROHD) framework, a framework for describing and verifying hardware	0.4.1	80.34506675914686	11	236	32	72	intel		NOASSERTION	2022-12-21T06:40:19.000Z	https://github.com/intel/rohd
317	stream_bloc	Modern implementation of the Original BLoC that uses asynchronous generators to describe relationships between events and states.	0.5.3	80.29738165423964	28	24	5	1	purplenoodlesoop	yakov.codes	MIT	2022-11-12T21:51:36.000Z	https://github.com/purplenoodlesoop/stream-bloc
318	sqlparser	Parses sqlite statements and performs static analysis on them	0.24.0	80.16733136812901	16	1800	238	99	simolus3	simonbinder.eu	MIT	2022-12-22T03:57:42.000Z	https://github.com/simolus3/drift
319	stream_feed	Stream Feed official Dart SDK. Build your own feed experience using Dart and Flutter.	0.6.0+2	80.10230622507369	18	67	25	31	GetStream	getstream.io	NOASSERTION	2022-11-15T01:27:16.000Z	https://github.com/GetStream/stream-feed-flutter
320	slang_build_runner	build_runner integration for slang. This library ensures that slang is recognized by build_runner.	3.7.0	80.0632911392405	2	184	18	10	Tienisto	tienisto.com	MIT	2022-12-19T15:54:13.000Z	https://github.com/Tienisto/slang
321	korea_regexp	정규표현식을 이용해서 한국어를 더 쉽게 다룰 수 있게 해주는 플러그인입니다.	0.2.0+3	80.01560603433327	25	13	2	2	jpoh281	honor-driven.dev	MIT	2022-08-29T13:44:49.000Z	https://github.com/jpoh281/flutter_korea_regexp
322	ubuntu_service	Simple service locator API based on GetIt.	0.2.0	79.96358591988903	3	3	0	0	ubuntu-flutter-community		MPL-2.0	2022-07-20T11:43:21.000Z	https://github.com/ubuntu-flutter-community/ubuntu_service
323	serverpod_auth_server	Serverpod authentication server module.	0.9.21	79.84220565285244	5	991	71	75	serverpod	serverpod.dev	BSD-3-Clause	2022-12-20T14:46:18.000Z	https://github.com/serverpod/serverpod
324	eip55	Utility to convert an upper or lower case Web3/Ethereum address to a checksum address (EIP55).	1.0.2	79.74683544303798	4	1	0	0	xclud	pwa.ir	MIT	2022-01-03T15:20:42.000Z	https://github.com/xclud/dart_eip55
325	dart_random_choice	A library for generating a random choice from an iterable.	0.0.2	79.70348534766777	14	4	2	0	kmorkos		MIT	2021-02-15T21:16:11.000Z	https://github.com/kmorkos/dart_random_choice
326	binary	Utilities for accessing binary data and bit manipulation in Dart and Flutter	3.0.1	79.69915033813074	13	21	13	1	matanlurey	lurey.dev	MIT	2022-06-27T00:22:31.000Z	https://github.com/matanlurey/binary
327	dart_mappable	Improved json serialization and data classes with full support for generics, inheritance, customization and more.	1.2.0	79.6081151378533	61	26	3	7	schultek	schultek.de	MIT	2022-12-20T23:10:17.000Z	https://github.com/schultek/dart_mappable
328	rohd_vf	The ROHD Verification Framework, a verification framework built upon ROHD for building testbenches.	0.4.1	79.5864400901682	3	18	6	6	intel		NOASSERTION	2022-11-29T23:01:54.000Z	https://github.com/intel/rohd-vf
329	surf_logger	Logger for Dart & Flutter	1.1.0	79.47806485174267	21	7	0	0	surfstudio	surf.ru	Apache-2.0	2022-05-12T10:59:15.000Z	https://github.com/surfstudio/flutter-surf-logger
330	shelf_swagger_ui	Present clean and professional documentation with Swagger + shelf.	1.0.0+2	79.43471475637246	62	20	0	1	Flutterando	flutterando.com.br	NOASSERTION	2022-07-11T01:20:52.000Z	https://github.com/Flutterando/shelf_swagger_ui
331	casbin	An authorization library that supports access control models like ACL, RBAC, ABAC.	0.1.0	79.39569967053927	7	31	13	1	casbin	casbin.org	Apache-2.0	2022-07-17T10:21:30.000Z	https://github.com/casbin/dart-casbin
332	extra_pedantic	Stricter Dart analyzer linter settings and best practices.	3.0.0	79.30032946072481	22	33	4	36	modulovalue	modulovalue.com	NOASSERTION	2022-09-17T15:13:29.000Z	https://github.com/modulovalue/extra_pedantic
333	actions_toolkit_dart	The GitHub ToolKit for developing GitHub Actions in Dart.	0.5.1	79.13993410785504	2	6	1	7	dkrutskikh		MIT	2022-12-20T09:13:08.000Z	https://github.com/dkrutskikh/actions-toolkit-dart
334	ferry_exec	A strongly typed execution interface for GraphQL operations	0.3.0	79.07490896479972	1	480	90	52	gql-dart	gql-dart.dev	MIT	2022-12-19T20:07:48.000Z	https://github.com/gql-dart/ferry
335	dart_vlc_ffi	package:dart_vlc internal dependency package.	0.2.0+1	79.00554881220738	14	416	109	27	alexmercerind		LGPL-2.1	2022-12-01T03:01:49.000Z	https://github.com/alexmercerind/dart_vlc
336	word_search	A word search puzzle generator built with dart.This library allows you to create a puzzle from a list of input words that can be arranged in many orientations.	0.1.2	78.99254378359632	34	11	11	3	nisheed2440		BSD-3-Clause	2021-09-27T11:32:28.000Z	https://github.com/nisheed2440/word_search.dart
337	chunked_uploader	A plugin to upload files to server in chunks using Dio.	0.1.0	78.8408184498006	16	11	1	1	Taskulu		MIT	2021-03-29T08:16:30.000Z	https://github.com/Taskulu/chunked_uploader
338	interpolation	A Dart package to handle dynamic String & Json interpolation.	2.1.2	78.80180336396741	8	6	0	1	Terran-Source	marganam.com	MIT	2021-09-14T09:49:15.000Z	https://github.com/Terran-Source/dart-interpolation
339	dart_nats	A Dart client for the NATS messaging system. Design to use with Dart and flutter.	0.6.1	78.62840298248656	31	32	10	1	chartchuo		MIT	2022-11-16T08:59:17.000Z	https://github.com/chartchuo/dart-nats
340	aes256gcm	AES-256-GCM symmetric encryption functions that allow to encrypt/decrypt package	1.0.1	78.5937229061904	3	8	2	0	swiftyapp	getswifty.pro	MIT	2021-12-17T23:32:45.000Z	https://github.com/swiftyapp/aes-256-gcm-dart
341	dog	Simple and pretty log package for Dart, includes Flutter and web.	1.4.0	78.58505288711635	10	3	1	1	chenenyu		Apache-2.0	2021-10-20T07:14:10.000Z	https://github.com/chenenyu/dog
342	country_list	A dart library provides a list of country data like Country Name, Dial Code, ISO Code.	0.0.5	78.54170279174613	5	1	0	0	crawlinknetworks	crawlink.com	MIT	2021-06-10T10:57:36.000Z	https://github.com/crawlinknetworks/country_list
343	namefully	A Dart utility for handling person names in a particular order, way, or shape.	0.1.8+1	78.52869776313509	23	3	0	0	ralflorent	ralflorent.com	MIT	2022-11-14T02:30:10.000Z	https://github.com/ralflorent/namefully-dart
344	win32_registry	A set of helper classes for working with the Windows registry.	1.0.2	78.48101265822784	15	19	3	1	timsneath	sneath.org	BSD-3-Clause	2022-08-12T16:56:08.000Z	https://github.com/timsneath/win32_registry
345	data_class_plugin	A tool that uses Dart's Analyzer to generate code on-the-fly.	0.0.8	78.45500260100572	6	5	1	8	spideythewebhead		MIT	2022-12-20T20:45:42.000Z	https://github.com/spideythewebhead/dart_data_class_plugin
346	wav	Super simple pure Dart package for reading and writing WAV files.	1.2.0	78.41598751517253	10	7	2	0	liamappelbe		Apache-2.0	2022-10-24T21:58:32.000Z	https://github.com/liamappelbe/wav
347	coingecko_api	Dart package that provides simple access to the CoinGecko API (Version 3)	1.1.0+2	78.39864747702445	16	11	4	1	yegor-pelykh		MIT	2022-09-19T07:35:54.000Z	https://github.com/yegor-pelykh/coingecko_api
348	configcat_client	Dart (Flutter) SDK for ConfigCat. ConfigCat is a hosted feature flag service that lets you manage feature toggles across frontend, backend, mobile, desktop apps.	2.4.0	78.06485174267384	4	5	4	0	configcat	configcat.com	MIT	2022-12-20T00:49:05.000Z	https://github.com/configcat/dart-sdk
349	surf_lint_rules	Lint rules for "Surf" company for Dart and Flutter projects.	1.5.0	78.02583665684064	39	17	2	0	surfstudio	surf.ru	Apache-2.0	2022-05-12T10:57:14.000Z	https://github.com/surfstudio/flutter-surf-lint-rules
350	fingerprintjs	Fingerprintjs wrapper for Dart - A modern & flexible browser fingerprinting library	2.0.0	77.98682157100745	10	3	2	3	samihaddad	samihaddad.dev	MIT	2021-07-04T14:25:17.000Z	https://github.com/samihaddad/dart-fingerprintjs
351	flusmic	A functional and kind of elegant Prismic.io integration for Dart and Flutter.	3.2.3	77.82642621813768	9	22	9	1	PixelaGt	pixela.tech	MIT	2022-08-23T23:24:50.000Z	https://github.com/PixelaGt/flusmic
352	mpesa	This is a dart wrapper around mpesa daraja api. Written in pure dart which means it's framework agnostic(ios,android,web,plain dart,fuschia) and works out of the box.	2.0.2	77.81775619906364	29	19	14	0	newtonmunene99	newtonmunene.me	MIT	2022-01-18T14:51:40.000Z	https://github.com/newtonmunene99/mpesa-dart
353	bidi	Implementation of the Bidi algorithm, as described in http://www.unicode.org/reports/tr9/tr9-17.html.	2.0.5	77.77440610369342	9	1	2	1	xclud	pwa.ir	MIT	2022-12-20T16:28:55.000Z	https://github.com/xclud/dart_bidi
354	tint	A library for terminal string styling as an extension on `String`.	2.0.0	77.56199063637939	20	26	2	2	frencojobs	frenco.dev	MIT	2021-11-03T15:54:04.000Z	https://github.com/frencojobs/tint
355	pana	PAckage aNAlyzer - produce a report summarizing the health and quality of a Dart package.	0.21.23	77.5013005028611	81	149	41	64	dart-lang	tools.dart.dev	BSD-3-Clause	2022-12-20T16:55:29.000Z	https://github.com/dart-lang/pana
356	min_id	ID generator for dart easily like eat 🥮🥮🥮🥮. You can generate unique string, unique number, unique any thing by min_id 👍.	1.1.0	77.48829547425005	8	1	0	1	tvc12	4pet.social	BSD-3-Clause	2021-03-27T15:11:40.000Z	https://github.com/tvc12/min_id
357	package_rename	A Blazingly Fast way to configure your awesome flutter project to be production ready.	1.0.0+1	77.38859025489856	10	3	0	1	OutdatedGuy	outdatedguy.rocks	BSD-3-Clause	2022-08-18T18:54:11.000Z	https://github.com/OutdatedGuy/package_rename
358	freezer	Provides the easiest and most productive automatic generation of model objects from JSON files.	0.6.1	77.35824518813942	21	14	2	7	myConsciousness	shinyakato.dev	BSD-3-Clause	2022-12-21T03:16:40.000Z	https://github.com/myConsciousness/freezer
359	persian	Utilities and Humanizer for Persian language and culture. Includes some String extensions and PersianDate class.	1.2.0	77.3322351309173	33	9	2	0	xclud	pwa.ir	MIT	2022-12-11T12:43:14.000Z	https://github.com/xclud/dart_persian
360	realm_dart	The official Realm SDK for Dart. Realm is a mobile database - an alternative to SQLite and key-value stores.	0.8.0+rc	77.22385989249176	13	525	44	125	realm	realm.io	Apache-2.0	2022-12-22T10:08:41.000Z	https://github.com/realm/realm-dart
361	string_ext	Dart extension methods for String. Provides a more convenient and powerful API for working with strings.	0.2.0	77.21952488295474	3	1	0	0	Innim	innim.ru	BSD-3-Clause	2021-08-11T15:55:51.000Z	https://github.com/Innim/dart_string_extensions
362	axios	Simple, zero-configuration command-line http server	1.0.1+1	77.14149471128836	21	1	0	0	Sayegh7		MIT	2021-03-07T15:54:25.000Z	https://github.com/Sayegh7/axios
363	tonic	Classes and methods for representing and manipulating concepts from music theory: Pitch, PitchClass, Interval, Scale, Chord.	0.2.4	76.95508930119647	21	41	12	4	osteele		MIT	2021-07-05T13:12:47.000Z	https://github.com/osteele/dart-tonic
364	ubuntu_session	Native Dart client library to access the GNOME Session Manager	0.0.3	76.9204092249003	4	7	2	2	canonical	canonical.com	MPL-2.0	2022-11-14T15:59:20.000Z	https://github.com/canonical/ubuntu_session.dart
365	analytics	Interface for working with analytic services. The library is supposed to unify work with various analytic services.	1.0.2	76.90740419628924	31	12	1	0	surfstudio	surf.ru	Apache-2.0	2022-05-12T10:52:59.000Z	https://github.com/surfstudio/flutter-analytics
366	cancellation_token	Easy async task cancellation for tasks using cancellation tokens in Dart.	1.5.0	76.74700884341945	6	2	0	0	JonathanPeterCole	jonathancole.dev	NOASSERTION	2022-10-02T17:26:41.000Z	https://github.com/jonathanpetercole/dart-cancellation-token
367	triple_test	Test Helper for Store of flutter_triple with Mocktail.	1.0.0+1	76.63429859545691	6	132	30	10	Flutterando	flutterando.com.br	MIT	2022-12-14T20:41:16.000Z	https://github.com/Flutterando/triple_pattern
368	dlna_dart	simple dlna client in pure dart,works fine in flutter,do all the job less than 500 lines	0.0.8	76.6126235477718	9	17	4	2	suconghou		BSD-3-Clause	2022-10-30T06:08:08.000Z	https://github.com/suconghou/dlna-dart
369	php_serializer	Serialize and deserialize Strings that the Php-Functions serialize created or unserializecan parse, so Dart code can communicate with Php in its native format	1.1.0	76.5909485000867	5	5	0	0	Manu311	manu311.de	BSD-2-Clause	2022-01-12T11:24:48.000Z	https://github.com/Manu311/dart-php_serializer
370	cherrypick	Cherrypick is a small dependency injection (DI) library for dart/flutter projects.	1.0.2	76.26582278481013	7	4	2	3	pese-git		Apache-2.0	2022-08-10T14:27:04.000Z	https://github.com/pese-git/cherrypick
371	rsa_pkcs	Privacy-Enhanced Mail (PEM) parser, RSA, PKCS#1, PKCS#8, X.509	2.0.1	76.18779261314374	3	5	21	5	amaurel		Apache-2.0	2022-02-14T08:06:49.000Z	https://github.com/amaurel/rsa_pkcs
372	flutter_sanity	Dart libary to query the Sanity.io API. Supports running queries and downloading files.	1.1.0	76.16611756545865	13	7	1	1	joelrose		BSD-3-Clause	2022-10-25T13:47:15.000Z	https://github.com/joelrose/flutter_sanity
373	fixed	Fixed scale decimal numbers with mathematical operations, formatting and parsing.	2.3.2	76.03173226981099	2	6	2	0	onepub-dev	onepub.dev	MIT	2022-11-20T22:28:21.000Z	https://github.com/onepub-dev/fixed
374	figma	A Figma API wrapper library for interacting with Figma documents, written in pure Dart.	3.6.0	75.96237211721866	9	14	11	0	arnemolland	molland.sh	MIT	2022-09-16T04:59:56.000Z	https://github.com/arnemolland/figma
375	wasm	Utilities for loading and running WASM modules from Dart code	0.1.0+1	75.90601699323739	80	282	23	26	dart-lang	labs.dart.dev	BSD-3-Clause	2022-12-19T19:11:26.000Z	https://github.com/dart-lang/wasm
376	gotrue	A dart client library for the GoTrue API.	1.3.0	75.89734697416334	8	40	35	1	supabase	supabase.io	MIT	2022-12-18T21:24:49.000Z	https://github.com/supabase/gotrue-dart
377	bip340	BIP340 (Schnorr) signature and verification.	0.0.4	75.77596670712676	4	6	5	1	nbd-wtf		MIT	2022-10-08T01:53:52.000Z	https://github.com/fiatjaf/dart-bip340
378	lcov_dart	Parse and format to LCOV your code coverage reports. The best way to share your code coverage stats.	7.0.0	75.74995664990463	1	0	0	0	MohiuddinM		MIT	2021-03-15T14:49:51.000Z	https://github.com/MohiuddinM/lcov.dart
379	ngrouter	Router for AngularDart. It enables navigation from one view to the next as users perform tasks.	3.1.1	75.63724640194208	3	40	5	5	angulardart-community	angulardart.xyz	MIT	2022-12-03T19:31:43.000Z	https://github.com/angulardart-community/angular
380	conduit_common	Common classes shared by conduit projects.	4.0.1	75.45951101092423	1	0	0	1	bsutton	theconduit.dev	BSD-2-Clause	2021-03-30T19:56:04.000Z	https://github.com/bsutton/conduit-orm
381	dart_casing	Dart library for changing String case style to the desired convention.	2.0.0	75.44650598231316	5	3	3	1	Jesway	jesway.com	NOASSERTION	2021-12-11T12:20:24.000Z	https://github.com/bratan/dart_casing
382	monarch_annotations	Annotations for Monarch. Monarch is a tool for building Flutter widgets in isolation. It makes it easy to build, test and debug complex UIs.	1.0.2	75.40749089647997	7	336	10	17	Dropsource	monarchapp.io	MIT	2022-12-21T22:48:22.000Z	https://github.com/Dropsource/monarch
383	assets_gen	The assets_gen package helps you to generate a .dart file that contains all assets according to `pubspec.yaml`.	1.3.0	75.39015085833188	24	14	3	0	chenenyu		Apache-2.0	2022-11-14T06:18:24.000Z	https://github.com/chenenyu/assets_gen
384	geobase	Geospatial data structures, projections, tiling schemes and vector data support (GeoJSON, WKT, WKB).	0.4.0	75.36847581064679	5	20	3	31	navibyte	navibyte.com	NOASSERTION	2022-12-02T20:19:03.000Z	https://github.com/navibyte/geospatial
385	cp949	CP949 Encoder/Decoder	1.2.1	75.32079070573955	9	11	10	3	jjangga0214		MIT	2021-06-04T16:34:07.000Z	https://github.com/jjangga0214/dart-cp949
386	realtime_client	Listens to changes in a PostgreSQL Database and via websockets. This is for usage with Supabase Realtime server.	1.0.1	75.2687705912953	45	76	16	1	supabase	supabase.io	MIT	2022-12-19T21:47:55.000Z	https://github.com/supabase/realtime-dart
387	username_generator	A simple library for generating random and seedable username for emails or user forms	1.3.0	75.25143055314722	15	1	1	0	prikeshsavla	prikeshsavla.com	MIT	2021-03-07T03:45:36.000Z	https://github.com/prikeshsavla/username_generator.dart
388	es_compression	Compression framework providing FFI implementations for Brotli, Lz4, Zstd (Zstandard) with ready-to-use prebuilt binaries for Win/Linux/Mac.	2.0.8	75.0823651812034	28	27	6	1	instantiations	instantiations.com	BSD-3-Clause	2022-10-03T13:38:37.000Z	https://github.com/instantiations/es_compression
389	expect	A tiny expectation library for writing tests based on matcher and test.	0.0.2	75.01734003814808	2	14	3	4	jonahwilliams	jonahwilliams.dev	BSD-3-Clause	2022-08-01T09:47:16.000Z	https://github.com/jonahwilliams/tester
390	palestine_console	Print.color() to console in any platform, more features will be added later.	0.0.10	74.79625455176001	19	2	0	0	PalestineDevelopers	msayed.net	BSD-3-Clause	2022-02-08T10:33:28.000Z	https://github.com/PalestineDevelopers/console
391	stream	Lightweight Dart web server supporting request routing, filtering, template engine, MVC design pattern, and file-based static resources.	3.0.3	74.75723946592683	8	226	22	1	rikulo	quire.io	Apache-2.0	2022-10-18T04:03:15.000Z	https://github.com/rikulo/stream
392	ngforms	Forms framework for AngularDart. Easily create forms to accept input from users.	4.1.1	74.56216403676088	3	40	5	5	angulardart-community	angulardart.xyz	MIT	2022-12-03T19:31:43.000Z	https://github.com/angulardart-community/angular
393	tinkoff_acquiring	Flutter Tinkoff Acquiring SDK is a simple way to integrate payments into your mobile application.	3.0.8	74.49280388416855	31	41	6	3	MadBrains	madbrains.ru	MIT	2022-12-19T09:41:00.000Z	https://github.com/MadBrains/Tinkoff-Acquiring-SDK-Flutter
394	windows1251	Cyrillic windows-1251 (cp1251) encoding implementation for Dart.	0.0.3	74.48846887463152	5	3	0	0	ykmnkmi		MIT	2021-08-11T13:29:21.000Z	https://github.com/ykmnkmi/windows1251.dart
395	galaxeus_lib	All in one library for help you make easy app on cross platform and support server side, inclue tcp, fetch, event emitter, websocket, and more.	0.0.34	74.38442864574301	2	0	0	0	galaxeus		NOASSERTION	2022-12-15T05:50:56.000Z	https://github.com/galaxeus/galaxeus_lib
396	string_stats	string_stats provides utility functions and classes for determining basic frequency statistics on strings. Provides support for asynchronous or incremental accumulation. Includes word count, character count, character frequency, word frequency, line count and more.	0.1.0	74.30206346453963	5	0	0	0	ALMDart	almaclaine.com	MIT	2021-12-28T00:48:54.000Z	https://github.com/ALMDart/dart_string_stats
397	sample_exception	Define a generic exception for all project and library. help the Developer code easer with error and exception.	1.0.2	74.22836830241026	0	0	0	0	sonnts996		AGPL-3.0	2022-06-20T04:24:42.000Z	https://github.com/sonnts996/sample_exception
398	nyxx_commands	A framework for easily creating slash commands and text commands for Discord using the nyxx library.	4.3.0	74.1113230449107	6	6	2	1	nyxx-discord	l7ssha.xyz	Apache-2.0	2022-12-12T07:46:56.000Z	https://github.com/nyxx-discord/nyxx_commands
399	dart_big5	This package provides encode, decode method for big5.	0.0.5	74.08531298768857	1	0	1	0	RPMTW		NOASSERTION	2021-10-11T13:04:30.000Z	https://github.com/RPMTW/dart-big5
400	wake_on_lan	Send wake on LAN magic packets to devices on your local network.	3.0.0	73.99427778741114	10	3	0	0	JagandeepBrar	jagandeepbrar.io	GPL-3.0	2022-03-10T22:28:31.000Z	https://github.com/JagandeepBrar/wake-on-lan
401	cli_completion	Completion functionality for Dart Command-Line Interfaces built using CommandRunner. Built by Very Good Ventures.	0.1.0+1	73.9465926825039	9	20	0	1	VeryGoodOpenSource	verygood.ventures	MIT	2022-12-20T15:12:02.000Z	https://github.com/VeryGoodOpenSource/cli_completion
402	cp949_codec	The best package for cp949 decoding/encoding. support null-safety, less memory comsumption. include examples and tests	0.1.1	73.89457256805964	4	3	0	3	letyletylety	letyarch.blogspot.com	BSD-3-Clause	2022-11-02T01:15:52.000Z	https://github.com/letyletylety/cp949_codec
403	binary_codec	Dart library for converting standard data types to a binary format and back	2.0.3	73.76452228194901	6	5	4	1	stefan-zemljic		MIT	2021-09-22T12:02:23.000Z	https://github.com/stefan-zemljic/pub_dev_binary_codec
404	serverpod_auth_client	Serverpod authentication client.	0.9.21	73.74284723426392	4	991	71	75	serverpod	serverpod.dev	BSD-3-Clause	2022-12-20T14:46:18.000Z	https://github.com/serverpod/serverpod
405	telegram_client	Telegram Client Lightweight, blazing and Highly customizable for make application telegram based tdlib, mtproto, or bot api and support server side.	0.3.83	73.44373157620947	54	69	9	5	azkadev		NOASSERTION	2022-12-14T00:56:31.000Z	https://github.com/azkadev/telegram_client/tree/main/dart/telegram_client
406	fftea	Fast Fourier Transform (FFT) library that can handle inputs of any size. Includes related tools such as STFT and convolution.	1.2.0+1	73.42639153806138	20	29	0	8	liamappelbe		Apache-2.0	2022-12-11T08:22:10.000Z	https://github.com/liamappelbe/fftea
407	events_emitter	An intuitive Event-based system, inspired by NodeJS's Event Emitter. Allows for multiple data types with type safety events. Based on JavaScript and suitable for Dart and Flutter.	0.5.2	73.4090514999133	6	5	1	0	DrafaKiller	drafakiller.com	MIT	2022-11-11T21:12:31.000Z	https://github.com/DrafaKiller/EventEmitter-dart
408	dart_pusher_channels	Dart implementation of client of Pusher Channels protocol, instrument to work with real-time applications.	1.0.0+6	73.27033119472863	19	9	3	2	kerimamansaryyev		MIT	2022-12-21T10:56:13.000Z	https://github.com/kerimamansaryyev/dart_pusher_channels
409	geoclue	GeoClue: The Geolocation Service	0.1.1	73.1792959944512	2	7	4	1	canonical	canonical.com	MPL-2.0	2022-11-22T06:14:47.000Z	https://github.com/canonical/geoclue.dart
410	multiple_random_choice	A function library to choose multiple items randomly. This library supports weighted randomly choosing too. Typical examples of usage are lottery and gacha.	0.1.3+1	73.15762094676607	3	0	0	1	MenEnger	hrimfaxi-lab.com	BSD-3-Clause	2021-12-18T02:18:43.000Z	https://github.com/MenEnger/dart_multiple_random_choice
411	dart_periphery	dart_periphery is a Dart port of the native c-periphery library for Linux Peripheral I/O (GPIO, LED, PWM, SPI, I2C, MMIO and Serial peripheral I/O).	0.9.3	73.15328593722906	33	25	4	3	pezi	flutterdev.at	BSD-3-Clause	2022-12-15T15:59:21.000Z	https://github.com/pezi/dart_periphery
412	dartz_test	Provides matchers to help unit-testing your apps when using functional programming types defined in the dartz package.	0.1.1	73.13594589908098	0	0	1	0	SuperMuel	supermuel.fr	BSD-3-Clause	2022-11-17T09:30:50.000Z	https://github.com/SuperMuel/dartz_test
413	vin_decoder	Dart library for working with Vehicle Identification Numbers (VINs) based on ISO 3779:2009 and World Manufacturer Identifiers (WMIs) based on ISO 3780:2009, enriched by NHTSA data.	0.1.4+1	73.09693081324778	13	23	9	3	adaptant-labs	adaptant.io	Apache-2.0	2022-12-21T21:29:14.000Z	https://github.com/adaptant-labs/vin-decoder-dart
414	all_lint_rules_community	Automatically updated all lint rules file !	0.0.20	72.79781515519335	14	21	1	0	gaetschwartz		MIT	2022-12-13T12:27:33.000Z	https://github.com/gaetschwartz/all_lint_rules
415	easy_onvif	A pure Dart library designed primarily for command line automation of Onvif compatible devices, but can be used anywhere Dart is used.	2.0.13+17	72.67209987861973	10	13	6	2	faithoflifedev	muayid.com	MIT	2022-12-14T20:44:29.000Z	https://github.com/faithoflifedev/easy_onvif
416	firebase_auth_dart	Pure Dart implementation of FlutterFire Auth API	1.0.1	72.50736951621293	19	287	36	18	invertase	invertase.io	NOASSERTION	2022-11-05T03:27:18.000Z	https://github.com/invertase/flutterfire_desktop
417	google_vision	Allows you to add Google Visions image labeling, face, logo, and landmark detection, OCR, and detection of explicit content, into applications.	1.0.5+3	72.47702444945378	8	5	2	0	faithoflifedev	muayid.com	MIT	2022-12-01T14:38:15.000Z	https://github.com/faithoflifedev/google_vision
418	cloudinary_dart	Cloudinary is a cloud service that offers a solution to a web application's entire image management pipeline	0.0.10	72.43367435408358	1	4	0	0	cloudinary	cloudinary.com	MIT	2022-12-01T09:45:02.000Z	https://github.com/cloudinary/cloudinary_dart
419	plist_parser	A Flutter Plugin for Plist parser supporting XML and Binary formats.	0.0.9	72.42933934454656	4	4	3	0	dirablue		MIT	2022-05-11T15:05:20.000Z	https://github.com/dirablue/plist_parser
420	serverpod_chat_server	Serverpod chat server module.	0.9.21	71.93081324778915	0	991	71	75	serverpod		BSD-3-Clause	2022-12-20T14:46:18.000Z	https://github.com/serverpod/serverpod
421	bolt11_decoder	A decoder for Bitcoins Lightning Network BOLT11 invoices for use in wallet apps.	1.0.1	71.89613317149298	2	4	4	1	fusion44	sendmany.app	MIT	2022-05-01T07:51:46.000Z	https://github.com/fusion44/dart_bolt11_decoder
422	stash_dio	Dio extension for the stash API. Provides an interceptor that uses stash as a caching layer for Dio	4.5.0	71.83544303797468	7	72	10	0	ivoleitao	ivoleitao.dev	MIT	2022-12-05T23:19:18.000Z	https://github.com/ivoleitao/stash
423	at_client	The at_client library is the non-platform specific Client SDK which provides the essential methods for building an app using the atProtocol.	3.0.49	71.7574128663083	12	1580	30	123	atsign-foundation	atsign.org	BSD-3-Clause	2022-12-22T08:03:38.000Z	https://github.com/atsign-foundation/at_client_sdk
424	via_cep	Uma biblioteca para consulta de CEP para desenvolvedores Dart (Console, Web e Flutter).	1.0.6	71.57967747529045	11	16	13	5	mateuspenha		BSD-3-Clause	2021-10-05T14:29:36.000Z	https://github.com/mateuspenha/via_cep
425	type_plus	Give your types superpowers and spice up your generics. Make types great again.	0.6.3	71.38893705566153	11	7	2	0	schultek	schultek.de	GPL-3.0	2022-03-15T11:13:52.000Z	https://github.com/schultek/type_plus
426	event_listener	A dart package implements NodeJS style event listening functionality	0.2.0	71.19386162649558	0	1	1	0	behemehal	behemehal.net	MIT	2021-11-30T14:20:57.000Z	https://github.com/behemehal/event_listener
427	time_span	a dart library that calculates the time span in hours or minutes for two given time strings of format HH:MM.	2.0.2	71.12450147390325	5	1	0	0	AndreeWille		BSD-3-Clause	2021-05-27T08:49:58.000Z	https://github.com/AndreeWille/time-span
428	localregex	Collection of regex patterns commonly used in Zimbabwe. Regex patterns include mobile numbers, passports, vehicle license plates, driver's license, email addresses and passwords	4.0.1+4	70.9684411305705	18	4	3	0	iamngoni	iamngoni.co.zw	MIT	2022-11-17T14:04:54.000Z	https://github.com/iamngoni/localregex
429	luhn_algorithm	Luhn algorithm is an implementation of the famous Luhn algorithm in Dart. Generate, checksum and validate.	1.0.0+1	70.86440090168198	2	0	0	0	matejhocevar	matox.si	MIT	2022-09-09T08:25:50.000Z	https://github.com/matejhocevar/luhn_algorithm
430	dart_phonetics	A collection of phonetic algorithms. These algorithms help find words or names that sound similar by generating an encoding that can be compared or indexed for fuzzy searching.	1.0.1	70.7646956823305	14	9	3	0	raycardillo	cardilloonline.com	Apache-2.0	2021-09-05T05:13:51.000Z	https://github.com/raycardillo/dart_phonetics
431	tabular	Dart library for displaying tabular data in a visually appealing ASCII table format.	0.6.3+1	70.70834055834922	8	5	1	0	rtmigo	revercode.com	MIT	2021-11-23T09:46:51.000Z	https://github.com/rtmigo/tabular_dart
432	fff	Dart package for convenient work with color. It will allow you to convert colors between rgb, rgba and hex formats.	2.0.0	70.63031038668285	2	9	3	2	vdakalov	dev.vihtor.ru	NOASSERTION	2021-03-12T04:25:08.000Z	https://github.com/vdakalov/fff
433	books_finder	A library to help on the search for books on google books api	4.3.0	70.59996531992371	20	18	11	6	bdlukaa	bdlukaa.dev	BSD-3-Clause	2022-10-26T09:20:23.000Z	https://github.com/bdlukaa/books_finder
434	big_dart	A small, fast, easy-to-use library for arbitrary-precision decimal arithmetic.	1.0.1	70.5176001387203	3	3	1	0	serdimoa		MIT	2021-12-17T17:24:31.000Z	https://github.com/serdimoa/big.dart
435	dart_markdown	A portable Markdown library written in Dart that can parse Markdown into AST and HTML.	3.1.4	70.5132651291833	7	2	2	5	tagnote-app	tagnote.app	BSD-3-Clause	2022-11-24T18:30:17.000Z	https://github.com/tagnote-app/dart_markdown
436	enum_flag	Package to create enums for flags using bitmask in Dart using a mixin and extensions.	1.0.1	70.50026010057222	4	7	0	0	leynier		MIT	2022-12-08T06:29:58.000Z	https://github.com/leynier/dart-enum-flag
437	style_cron_job	Style Cron Job is periodic operations executor and definator with basic syntax. You can define a period and run your process with your own executor or through the controller.	1.0.4+2	70.48292006242414	43	6	0	0	Mehmetyaz	styledart.dev	AGPL-3.0	2022-06-23T14:54:45.000Z	https://github.com/Mehmetyaz/style
438	color_convert	A color conversion library for Dart. It converts all ways between rgb, hsl, hsv, hwb, cmyk, ansi, ansi16, hex strings, and CSS keywords (will round to closest).	1.0.2	70.45257499566499	8	2	4	4	crystalboxes		MIT	2021-11-12T15:42:12.000Z	https://github.com/crystalboxes/color_convert
439	nyxx_lavalink	Nyxx Lavalink Module	3.1.0	70.41789491936882	5	264	40	4	nyxx-discord	l7ssha.xyz	Apache-2.0	2022-12-12T17:07:06.000Z	https://github.com/nyxx-discord/nyxx
440	firebaseapis	Auto-generated client libraries for accessing Firebase APIs described through the API discovery service.	0.1.2	70.33986474770244	7	19	5	2	invertase	invertase.io	Apache-2.0	2022-05-12T11:40:36.000Z	https://github.com/invertase/dart_firebase_apis/tree/master/generated/firebaseapis
441	dart_hydrologis_utils	Common dart utilities lib for our projects.	0.6.1	70.29651465233223	1	3	4	0	moovida	hydrologis.com	BSD-3-Clause	2022-09-09T09:30:34.000Z	https://github.com/moovida/dart_hydrologis_utils
442	password_hash_plus	PBKDF2 password hashing utility. This plugin is a null-safety version of password_hash, you can use it if you need Flutter 2.x and above.	4.0.0	70.26183457603607	0	0	0	0	LiWenHui96		Apache-2.0	2022-05-16T02:48:19.000Z	https://github.com/LiWenHui96/password_hash_plus
443	lorem_gen	A simple and lite `Dart` package to generate Lorem (Ipsum) and populate your app with random generated text.	2.0.1	70.12311427085139	3	1	0	0	belachkar		MIT	2022-07-12T03:33:04.000Z	https://github.com/belachkar/lorem_gen
444	at_contact	A Dart library for managing contact data that developers can use for their applications.	3.0.7	70.1014392231663	10	35	10	16	atsign-foundation	atsign.org	BSD-3-Clause	2022-12-22T08:00:44.000Z	https://github.com/atsign-foundation/at_libraries
445	memory_cache	Memory Cache is simple, fast and global in-memory cache with CRUD features.	1.1.0	70.02774406103694	15	5	0	0	gokberkbar	gokberk.dev	MIT	2022-08-10T10:58:15.000Z	https://github.com/gokberkbar/memory_cache
446	async_call_queue	AsyncCallQueue is a Dart class which provides a queuing mechanism to prevent concurrent access to asynchronous code.	1.0.1	69.86301369863014	2	2	0	0	ronjb	ronbooth.com	MIT	2021-11-14T14:34:18.000Z	https://github.com/ronjb/async_call_queue
447	blackfoot_flutter_lint	Recommended lints for Blackfoot's Flutter apps to encourage good coding practices.	1.0.6	69.85867868909311	4	1	0	0	blackfoot-makers	blackfoot.io	BSD-3-Clause	2022-07-06T16:22:11.000Z	https://github.com/blackfoot-makers/blackfoot_flutter_lint
448	bishop	Bishop is a chess logic package with flexible variant support	0.6.2	69.73729842205653	17	10	4	7	alexobviously		NOASSERTION	2022-12-19T04:24:04.000Z	https://github.com/alexobviously/bishop
449	text_parser	A Dart package for parsing text flexibly according to preset or custom regular expression patterns.	0.4.1	69.66793826946419	4	2	0	0	kaboc	kaboc.cc	MIT	2022-11-21T10:26:23.000Z	https://github.com/kaboc/dart_text_parser
450	observer	Basic dart only observer pattern.	0.0.1	69.66360325992717	1	0	0	0	antonkesy	antonkesy.de	MIT	2022-01-03T21:18:24.000Z	https://github.com/antonkesy/observer.dart
451	simple_cluster	Simple density-based clustering library implemented in Dart. Mainly used for point-based (vector) data.	0.3.0	69.59857811687186	4	4	3	0	MSVCode	msvcode.com	NOASSERTION	2021-03-21T11:06:22.000Z	https://github.com/MSVCode/simple_cluster
452	murmurhash	MurmurHash v3 Implementation in Dart.	1.0.1	69.59424310733485	1	4	2	0	HosseinYousefi	identi.app	MIT	2021-11-10T12:25:38.000Z	https://github.com/HosseinYousefi/murmurhash
453	format_indonesia	Library for Indonesian formatting	0.1.0	69.58123807872377	13	2	0	0	mynameismail		BSD-3-Clause	2020-06-20T15:32:35.000Z	https://github.com/mynameismail/format_indonesia
454	easy_cron	Parse cron string to schedule and generate previous or next schedule item.	0.9.2	69.56823305011271	6	2	1	0	karbunkul		MIT	2022-11-27T20:49:18.000Z	https://github.com/karbunkul/dart_easy_cron
455	flutter_geopackage	A module to support OGC geopackage with sqlite.	0.6.0	69.53355297381654	2	8	2	0	moovida	hydrologis.com	Apache-2.0	2022-09-16T08:41:21.000Z	https://github.com/moovida/flutter_geopackage
456	automap	An auto mapper for Dart. It allows mapping objects of different classes automatically and manually using JSON serialization.	0.0.3	69.39483266863186	11	7	0	0	leynier		MIT	2021-04-24T16:53:02.000Z	https://github.com/leynier/automap-dart
457	hydrated_bloc_integration	An extension to the bloc state management library which automatically persists and restores bloc states. Supports integration testing.	0.0.1-rc5	69.39049765909485	2	1	0	0	PROGrand	mtbo.org	MIT	2022-03-08T09:17:03.000Z	https://github.com/PROGrand/hydrated_bloc_integration
458	hdkey	Dart library for Bitcoin hierarchical deterministic keys (BIP32)	0.0.1	69.38182764002082	0	1	2	0	mahsumurebe	mahsumurebe.com	MIT	2021-10-07T14:22:06.000Z	https://github.com/mahsumurebe/dart-hdkey
459	stash_file	File storage extension for the stash API. Provides support to store vaults  and caches in the local file system in binary format using the msgpack json format	4.4.1	69.31246748742848	2	72	10	0	ivoleitao	ivoleitao.dev	MIT	2022-12-05T23:19:18.000Z	https://github.com/ivoleitao/stash
460	openai_client	An unofficial, platform independent, client for accessing different AI models developed by OpenAI.	0.0.3	69.27778741113231	13	11	3	0	Azzeccagarbugli	francescocoppola.me	BSD-3-Clause	2022-12-11T23:21:51.000Z	https://github.com/Azzeccagarbugli/openai_client
461	xxh3	A Dart implementation (port) of the XXH3 hashing algorithm from xxHash.	1.0.1	69.27345240159528	3	1	0	0	SamJakob	samjakob.com	MIT	2022-04-21T00:17:44.000Z	https://github.com/SamJakob/xxh3
462	address	Addresses internationalization library. Format various physical addresses in various languages and build localized address forms.	0.1.0	69.23877232529911	14	6	0	4	leancodepl	leancode.co	Apache-2.0	2021-11-29T15:39:40.000Z	https://github.com/leancodepl/address
463	dart_shp	An shapefile reader/writer for dart.	1.0.0	69.23010230622508	7	5	4	2	moovida	hydrologis.com	BSD-3-Clause	2022-05-12T06:32:02.000Z	https://github.com/moovida/dart_shp
464	ieee754	A library for parsing and encoding IEEE-754 binary floating point numbers.	1.0.3	69.22143228715103	1	0	0	0	nicbn	nicbn.com	MIT	2021-12-24T20:57:53.000Z	https://github.com/nicbn/ieee754-dart
465	tuple_dart	A library providing a tuple data structure for Dart and a convenient way to use it	1.4.2	69.21276226807699	2	1	0	0	avdosev		MIT	2022-04-05T11:08:17.000Z	https://github.com/avdosev/tuple_dart
466	thread	A simple Isolated Thread wrapped with a type-safe Event Emitter for easier asynchronous communication. Setup events for the thread to reply to, or compute tasks individually.	0.2.1	69.1303970868736	7	1	0	0	DrafaKiller	drafakiller.com	MIT	2022-08-26T13:00:18.000Z	https://github.com/DrafaKiller/Thread-dart
467	map_fields	Get fields from a map, simply, performing error handling errors.	0.0.5	69.09571701057743	5	0	0	0	isaukywhite		MIT	2022-10-13T17:54:58.000Z	https://github.com/isaukywhite/map_fields
468	stormberry	Access your postgres database effortlessly from dart code.	0.9.2	69.0480319056702	49	28	4	9	schultek	schultek.de	GPL-3.0	2022-12-12T21:23:57.000Z	https://github.com/schultek/stormberry
469	ioc_container	A Dart Ioc Container. Store and manage dependencies in one place keyed by type. It simplifies creating instances of your classes.	1.0.8	68.89630657187446	21	19	0	1	MelbourneDeveloper	christianfindlay.com	BSD-3-Clause	2022-12-21T09:24:00.000Z	https://github.com/MelbourneDeveloper/ioc_container
470	memoized	Decorators to cache returned values, it helps in reducing the execution time of the function by using LRU Caching.	1.5.0	68.81827640020808	2	0	0	0	sylfreee	sylfree.com	MIT	2022-05-18T02:48:14.000Z	https://github.com/sylfreee/memoized
471	serverpod_cloud_storage_s3	Serverpod integration for S3 cloud storage	0.9.21	68.69256112363448	0	991	71	75	serverpod		BSD-3-Clause	2022-12-20T14:46:18.000Z	https://github.com/serverpod/serverpod
472	dylib	A set of helpers for resolving names and paths of dynamic libraries.	0.3.2+1	68.50182070400554	8	4	0	0	jpnurmi		MIT	2021-09-02T10:58:00.000Z	https://github.com/jpnurmi/dart_dylib
473	xor_cipher	The XOR Encryption algorithm is a effective and easy to implement method of symmetric encryption.	1.0.0+1	68.48881567539449	5	7	0	0	PlugFox	plugfox.dev	MIT	2022-04-17T13:12:21.000Z	https://github.com/PlugFox/xor_cipher
474	storage_client	Dart client library to interact with Supabase Storage.	1.2.0	68.45847060863534	11	22	17	0	supabase	supabase.io	MIT	2022-12-13T06:40:34.000Z	https://github.com/supabase/storage-dart
475	ini_file	get, set, create, delete sections, keys, values from ini file, without loosing its format, blank lines, comments, etc.	1.0.0	68.36310039882088	3	2	0	0	GnRSlash		BSD-3-Clause	2022-04-05T01:52:30.000Z	https://github.com/GnRSlash/ini_file
476	simple_vcard_parser	A simple and easy to use parser to extract information from a standard vCard string. Major vCard properties from versions 2.1, 3.0, 4.0 are supported.	0.1.6	68.35443037974683	5	1	6	0	AmirElkess		MIT	2022-08-23T19:07:43.000Z	https://github.com/AmirElkess/simple_vcard_parser
477	iirjdart	An IIR filter library written in Dart. Highpass, lowpass, bandpass and bandstop as Butterworth, Bessel and Chebyshev Type I/II.	0.1.0	68.21571007456217	10	1	6	0	Supercaly		Apache-2.0	2022-10-28T14:54:58.000Z	https://github.com/Supercaly/iirj_dart
478	pro_validator	The validator package comes with several common validations and removes the boiler plate code from your project.	1.1.1	68.15501994104388	0	1	1	0	pro100andrey	pro100.dev	MIT	2022-12-05T17:11:14.000Z	https://github.com/pro100andrey/validator
479	dart_hydrologis_db	Dart based db utilities.	1.0.0+1	68.0379746835443	0	1	0	0	moovida	hydrologis.com	MIT	2022-09-16T09:27:36.000Z	https://github.com/moovida/dart_hydrologis_db
480	stagexl	A fast and universal 2D rendering engine for HTML5 and Dart.	2.1.2	67.972949540489	32	871	87	52	bp74		NOASSERTION	2022-12-05T20:24:00.000Z	https://github.com/bp74/StageXL
481	size	A simple plugin that can display disk size on desktop.	1.0.5+1	67.85156927345241	3	0	1	0	Clashkid155		MIT	2022-03-08T00:26:19.000Z	https://github.com/Clashkid155/size
482	stdlibc	C Standard Library - FFI bindings to the GNU C Library on Linux, and the BSDC Library on macOS.	0.1.0	67.78220912086007	7	39	3	0	ubuntu-flutter-community		MPL-2.0	2022-10-07T21:48:13.000Z	https://github.com/ubuntu-flutter-community/stdlibc.dart
483	wallet	Crypto wallet package for Bitcoin, Ethereum and Tron written in pure Dart.	0.0.7	67.39205826252818	3	9	2	0	xclud		MIT	2022-12-05T11:52:52.000Z	https://github.com/xclud/dart_wallet
484	upnp2	Universal Plugin and Play Host/Client. This package can be used to discover upnp devices, invoke actions as well as spin up an upnp server.	3.0.10	67.26634298595457	3	5	0	3	Butzlabben	naegele.dev	MIT	2022-10-23T09:51:02.000Z	https://github.com/Butzlabben/upnp.dart
485	mcumgr	Dart client for the mcumgr embedded device management protocol.	0.0.3	67.21865788104733	6	6	1	2	jkdhn	jkdhn.me	BSD-3-Clause	2022-07-07T11:57:08.000Z	https://github.com/jkdhn/mcumgr-dart
486	state_notifier_test	A testing library which makes it easy to test StateNotifier. Built to be used with the state_notifier, riverpod or flutter_riverpod packages.	0.0.9	67.14062770938096	19	7	1	2	danijel-tolj	that-dev.me	BSD-3-Clause	2022-10-28T20:26:47.000Z	https://github.com/danijel-tolj/state_notifier_test
487	c	C-md, Library of Defining & parsing for Dart CLI Commands & Arguments	0.0.2	67.13195769030692	0	0	0	0	DevPackUP		BSD-3-Clause	2022-08-21T17:39:20.000Z	https://github.com/DevelopersPackages-org/Cmd
488	fsm2	FSM2 provides an implementation of the core design aspects of the UML state diagrams allowing both declarative transitions and dynamic transitions along with Guard Conditions.	2.0.7	67.0669325472516	14	46	2	3	onepub-dev	onepub.dev	BSD-2-Clause	2021-10-31T11:02:34.000Z	https://github.com/bsutton/fsm2
489	duration_iso_parser	Package to parse a duration from ISO 8601 string (like P1M, PT15M, P2Y3W4DT5H).	0.1.0+1	67.06259753771458	2	1	0	0	Innim	innim.ru	BSD-3-Clause	2022-01-21T08:35:33.000Z	https://github.com/Innim/dart_duration_iso_parser
490	dart_bech32	A BIP173 / BIP350 compatible Bech32/Bech32m encoding/decoding library.	2.0.0	67.04959250910352	0	1	0	0	dart-bitcoin-lib	mahsumurebe.com	MIT	2021-11-16T12:38:01.000Z	https://github.com/dart-bitcoin-lib/dart-bech32
491	firebase_cloud_messaging_interop	A dart plugin to use the Firebase Cloud Messaging Api (JS). You can retrieve the user's FCM token, delete it, access the notification data, ...	3.0.0	67.02791746141841	15	3	3	2	GaspardMerten	gaspardmerten.dev	NOASSERTION	2021-03-11T21:01:31.000Z	https://github.com/GaspardMerten/Firebase-Cloud-Messaging-Interop
492	flutter_gpiod	Dart package for accessing GPIO using the GPIO character device interface on linux / Android (root required). Supports signal edge listening, active state, open source/drain and (if supported by platform) bias.	0.5.0	66.95422229928906	23	20	4	8	ardera	ardera.dev	MIT	2022-08-08T10:06:27.000Z	https://github.com/ardera/flutter_packages
493	usb_id	A repository of all known ID's used in USB devices: ID's of vendors, devices, subsystems and device classes. This package can be utilized to display human-readable names instead of cryptic numeric codes.	0.1.0	66.90653719438183	1	0	0	0	jpnurmi		BSD-3-Clause	2021-05-14T20:24:26.000Z	https://github.com/jpnurmi/usb_id.dart
494	jose2	Javascript Object Signing and Encryption (JOSE) library supporting JWE, JWS, JWK and JWT	0.3.4	66.73747182243801	1	1	1	3	heacare	hea.care	BSD-3-Clause	2022-08-31T04:48:49.000Z	https://github.com/heacare/jose
495	quadtree_dart	A lightweight, extensive implementation of Quadtrees in Dart.	1.1.1	66.72013178428993	2	3	0	0	rlch	rjmath.com	MIT	2021-06-11T13:56:17.000Z	https://github.com/rlch/quadtree-dart
496	list_english_words	This package contains a list of english words for use in other tools. From spell checkers, to ngram analysis.	0.2.0	66.68545170799376	5	0	2	0	ALMDart	almaclaine.com	MIT	2022-06-03T04:37:15.000Z	https://github.com/ALMDart/dart_list_english_words
497	string_utils	A set of string utility functions to facilitate dart interoperability with MS-SQL server. Please take a look at [dart_mssql] package for a usage example	0.2.3	66.64643662216056	0	26	6	7	MoacirSchmidt		BSD-2-Clause	2019-09-23T22:26:13.000Z	https://github.com/MoacirSchmidt/dart_mssql
498	sign_in_with_apple_js	A Dart wrapper for the 'Sign in with Apple JS' framework with helper methods to simplify usage.	2.0.1	66.64210161262355	9	3	1	3	mhrst	qrl.app	MIT	2021-04-17T16:27:56.000Z	https://github.com/mhrst/sign_in_with_apple_js
499	nmea	An extensible NMEA0183 parser, which also supports validating the checksum. Useful for reading data from GPS devices and other sensors.	2.1.0	66.62909658401249	3	2	1	1	ricardoboss	ricardoboss.de	MIT	2022-10-18T10:54:01.000Z	https://github.com/ricardoboss/dart_nmea
500	inject_js	Import and use javascript libraries or code in your dart2js or flutter web projects	2.0.0	66.59875151725333	1	0	0	1	EPNW	epnw.eu	Apache-2.0	2021-05-28T13:44:07.000Z	https://github.com/EPNW/inject_js
501	reliable_interval_timer	A timer that produces ticks within a given interval, accurate to the millisecond.	1.0.0	66.58574648864227	2	2	0	0	inf0rmatix		BSD-3-Clause	2022-04-01T09:05:57.000Z	https://github.com/1nf0rmatix/reliable_interval_timer
502	http_api	A simple yet powerful wrapper around http package with interceptors/middleware support, along with response caching.	0.9.0	66.49904629790186	8	8	1	0	gonuit	klyta.it	MIT	2022-11-23T19:34:40.000Z	https://github.com/gonuit/flutter_http_api
503	acronym	A simple, lightweight and easy to use package to generate acronyms.	0.4.0	66.48170625975376	17	4	2	0	jxstxn1	jxstxn.dev	Apache-2.0	2022-02-15T12:50:29.000Z	https://github.com/jxstxn1/acronym
504	nyxx_pagination	Pagination utility for nyxx library	2.3.0	66.46436622160569	1	2	1	0	nyxx-discord	l7ssha.xyz	GPL-2.0	2022-10-23T11:28:18.000Z	https://github.com/nyxx-discord/nyxx_pagination
505	dart_dot_reporter	Dot test reporter for Dart & Flutter & Human. Makes test results clear from the high-level view.	1.0.4	66.42968614530952	5	4	5	3	apastuhov		MIT	2021-11-12T08:19:30.000Z	https://github.com/apastuhov/dart_dot_reporter
506	system_resources	Provides easy access to system resources (CPU load, memory usage).	1.6.0	66.39500606901335	8	4	2	1	jonasroussel	jroussel.fr	MIT	2022-09-02T11:00:44.000Z	https://github.com/jonasroussel/system_resources
507	at_server_status	A Dart library that provides a means to check on the status of the @‎root server as well as the secondary server for any particular @‎sign.	1.0.3	66.33431593549506	8	35	10	16	atsign-foundation	atsign.org	BSD-3-Clause	2022-12-22T08:00:44.000Z	https://github.com/atsign-foundation/at_libraries
508	js_bindings	Complete JS bindings interop with autocomplete and documentation.	0.0.7	66.31264088780995	16	36	5	8	jodinathan		Apache-2.0	2022-10-06T13:45:06.000Z	https://github.com/jodinathan/js_bindings
509	super_annotations	Write your code generation functions naturally alongside your normal code. Define and use custom annotations in the same file or project.	0.7.1	66.12623547771805	18	21	2	1	schultek	schultek.de	MIT	2022-10-19T07:16:54.000Z	https://github.com/schultek/super_annotations
510	functions_client	A dart client library for the Supabase functions.	1.0.0	66.03520027744061	4	6	4	0	supabase	supabase.io	MIT	2022-10-18T09:43:24.000Z	https://github.com/supabase-community/functions-dart
511	websok	A high level websocket library. Use it when working with websockets to avoid a few boilerplate and make your code look cleaner.	2.1.2	65.97884515345935	9	7	6	4	ConsoleTVs	erik.cat	MIT	2022-08-22T05:41:13.000Z	https://github.com/ConsoleTVs/Websok
512	todo	🚧 Offers a TODO() method to indicate that code has not been implemented yet.	2.0.1	65.82278481012658	7	4	0	0	MarcelGarus		MIT	2021-03-04T14:10:31.000Z	https://github.com/marcelgarus/todo
