No.	Name	Description	Version	Popularity	Likes	Stars	Forks	Issues	Owner	Publisher	License	Last Commit	Repository URL
1	http	A composable, multi-platform, Future-based API for HTTP requests.	0.13.5	99.97832964937373	5617	886	292	158	dart-lang	dart.dev	BSD-3-Clause	2022-12-14T23:56:15.000Z	https://github.com/dart-lang/http/tree/master/pkgs/http
2	intl	Contains code to deal with internationalized/localized messages, date and number formatting and parsing, bi-directional text, and other internationalization issues.	0.18.0	99.97399557924848	3625	496	167	107	dart-lang	dart.dev	BSD-3-Clause	2022-12-16T17:02:46.000Z	https://github.com/dart-lang/intl
3	path	A string-based path manipulation library. All of the path operations you know and love, with solid support for Windows, POSIX (Linux and Mac OS X), and the web.	1.8.3	99.90898452736965	946	158	38	12	dart-lang	dart.dev	BSD-3-Clause	2022-12-05T23:13:55.000Z	https://github.com/dart-lang/path
4	equatable	A Dart package that helps to implement value based equality without needing to explicitly override == and hashCode.	2.0.5	99.89164824686864	2027	739	91	16	felangel	fluttercommunity.dev	MIT	2022-10-17T14:47:51.000Z	https://github.com/felangel/equatable
5	collection	Collections and utilities functions and classes related to collections.	1.17.0	99.82230312486456	706	264	69	34	dart-lang	dart.dev	BSD-3-Clause	2022-12-09T17:04:55.000Z	https://github.com/dart-lang/collection
6	rxdart	RxDart is an implementation of the popular reactiveX api for asynchronous programming, leveraging the native Dart Streams api.	0.27.7	99.80496684436353	1950	3199	266	46	ReactiveX	fluttercommunity.dev	NOASSERTION	2022-11-28T15:48:04.000Z	https://github.com/ReactiveX/rxdart
7	crypto	Implementations of SHA, MD5, and HMAC cryptographic functions	3.0.2	99.79196463398777	1026	191	42	23	dart-lang	dart.dev	BSD-3-Clause	2022-11-10T17:45:46.000Z	https://github.com/dart-lang/crypto
8	async	Utility functions and classes related to the 'dart:async' library.	2.10.0	99.75729207298573	367	213	44	13	dart-lang	dart.dev	BSD-3-Clause	2022-11-09T17:20:16.000Z	https://github.com/dart-lang/async
9	http_parser	A platform-independent package for parsing and serializing HTTP formats.	4.0.2	99.73995579248472	132	24	23	3	dart-lang	dart.dev	BSD-3-Clause	2022-10-31T00:30:28.000Z	https://github.com/dart-lang/http_parser
10	html	APIs for parsing and manipulating HTML content outside the browser.	0.15.1	99.7226195119837	393	232	56	71	dart-lang	tools.dart.dev	NOASSERTION	2022-11-09T23:34:42.000Z	https://github.com/dart-lang/html
11	mime	Utilities for handling media (MIME) types, including determining a type from a file extension and file contents.	1.0.3	99.70961730160795	252	78	38	21	dart-lang	tools.dart.dev	BSD-3-Clause	2022-12-13T15:49:04.000Z	https://github.com/dart-lang/mime
12	args	Library for defining parsers for parsing raw command-line arguments into a set of options and values using GNU and POSIX style options.	2.3.1	99.7052832314827	259	171	60	39	dart-lang	dart.dev	BSD-3-Clause	2022-11-09T20:45:35.000Z	https://github.com/dart-lang/args
13	logging	Provides APIs for debugging and error logging, similar to loggers in other languages, such as the Closure JS Logger and java.util.logging.Logger.	1.1.0	99.70094916135743	483	239	41	17	dart-lang	dart.dev	BSD-3-Clause	2022-12-06T22:23:52.000Z	https://github.com/dart-lang/logging
14	archive	Provides encoders and decoders for various archive and compression formats such as zip, tar, bzip2, gzip, and zlib.	3.3.5	99.69228102110692	417	296	85	73	brendan-duncan	loki3d.com	MIT	2022-12-06T19:46:53.000Z	https://github.com/brendan-duncan/archive
15	dart_code_metrics	Software analytics tool that helps developers analyse and improve software quality.	5.2.1	99.68794695098167	749	738	83	59	dart-code-checker	dartcodemetrics.dev	MIT	2022-12-16T15:09:38.000Z	https://github.com/dart-code-checker/dart-code-metrics
16	yaml	A parser for YAML, a human-friendly data serialization standard	3.1.1	99.63593810947862	173	120	53	18	dart-lang	tools.dart.dev	MIT	2022-11-15T20:27:41.000Z	https://github.com/dart-lang/yaml
17	convert	Utilities for converting between data representations. Provides a number of Sink, Codec, Decoder, and Encoder types.	3.1.1	99.62726996922811	64	45	21	8	dart-lang	dart.dev	BSD-3-Clause	2022-10-12T21:53:57.000Z	https://github.com/dart-lang/convert
18	web_socket_channel	StreamChannel wrappers for WebSockets. Provides a cross-platform WebSocketChannel API, a cross-platform implementation of that API that communicates over an underlying StreamChannel.	2.2.0	99.61426775885234	762	312	81	85	dart-lang	tools.dart.dev	BSD-3-Clause	2022-12-07T09:27:31.000Z	https://github.com/dart-lang/web_socket_channel
19	source_span	A library for identifying source spans and locations.	1.9.1	99.58392926797556	18	21	14	12	dart-lang	tools.dart.dev	BSD-3-Clause	2022-10-25T17:24:45.000Z	https://github.com/dart-lang/source_span
20	string_scanner	A class for parsing strings using a sequence of patterns.	1.2.0	99.57526112772504	150	51	13	5	dart-lang	tools.dart.dev	BSD-3-Clause	2022-12-13T00:08:03.000Z	https://github.com/dart-lang/string_scanner
21	typed_data	Utility functions and classes related to the dart:typed_data library.	1.3.1	99.57092705759979	30	29	10	3	dart-lang	dart.dev	BSD-3-Clause	2022-11-10T17:39:40.000Z	https://github.com/dart-lang/typed_data
22	shelf	A model for web server middleware that encourages composition and easy reuse.	1.4.0	99.56659298747454	558	700	102	29	dart-lang	tools.dart.dev	BSD-3-Clause	2022-12-08T17:24:18.000Z	https://github.com/dart-lang/shelf/tree/master/pkgs/shelf
23	bloc	A predictable state management library that helps implement the BLoC (Business Logic Component) design pattern.	8.1.0	99.54492263684827	2072	9886	3022	93	felangel	bloclibrary.dev	MIT	2022-12-11T03:56:07.000Z	https://github.com/felangel/bloc/tree/master/packages/bloc
24	term_glyph	Useful Unicode glyphs and ASCII substitutes.	1.2.1	99.54058856672302	21	10	10	0	dart-lang	tools.dart.dev	BSD-3-Clause	2022-11-15T22:30:35.000Z	https://github.com/dart-lang/term_glyph
25	clock	A fakeable wrapper for dart:core clock APIs.	1.1.1	99.53625449659775	119	34	13	1	dart-lang	tools.dart.dev	Apache-2.0	2022-11-09T23:23:34.000Z	https://github.com/dart-lang/clock
26	pub_semver	Versions and version constraints implementing pub's versioning policy. This is very similar to vanilla semver, with a few corner cases.	2.1.3	99.5319204264725	71	47	22	8	dart-lang	tools.dart.dev	BSD-3-Clause	2022-11-12T00:56:02.000Z	https://github.com/dart-lang/pub_semver
27	stack_trace	A package for manipulating stack traces and printing them readably.	1.11.0	99.51891821609674	146	102	19	18	dart-lang	tools.dart.dev	BSD-3-Clause	2022-12-01T20:24:46.000Z	https://github.com/dart-lang/stack_trace
28	shelf_static	Static file server support for the shelf package and ecosystem.	1.1.1	99.48857972521995	53	24	25	3	dart-archive	tools.dart.dev	BSD-3-Clause	2022-05-09T20:32:05.000Z	https://github.com/dart-lang/shelf/tree/master/pkgs/shelf_static
29	webkit_inspection_protocol	A client for the Chrome DevTools Protocol (previously called the Webkit Inspection Protocol).	1.2.0	99.46690937459368	4	24	26	4	google	google.dev	BSD-3-Clause	2022-11-14T17:14:57.000Z	https://github.com/google/webkit_inspection_protocol.dart
30	io	Utilities for the Dart VM Runtime including support for ANSI colors, file copying, and standard exit code values.	1.0.3	99.45390716421791	26	32	16	19	dart-lang	tools.dart.dev	BSD-3-Clause	2022-11-15T20:27:29.000Z	https://github.com/dart-lang/io
31	csslib	A library for parsing and analyzing CSS (Cascading Style Sheets)	0.17.2	99.42790274346639	22	69	32	21	dart-lang	tools.dart.dev	BSD-3-Clause	2022-11-15T15:46:59.000Z	https://github.com/dart-lang/csslib
32	petitparser	A dynamic parser framework to build efficient grammars and parsers quickly.	5.1.0	99.42356867334114	189	382	51	5	petitparser	lukas-renggli.ch	MIT	2022-12-12T07:53:31.000Z	https://github.com/petitparser/dart-petitparser
33	glob	A library to perform Bash-style file and directory globbing.	2.1.1	99.41056646296536	37	36	14	6	dart-lang	tools.dart.dev	BSD-3-Clause	2022-11-09T23:20:11.000Z	https://github.com/dart-lang/glob
34	package_config	Support for reading and writing Dart Package Configuration files.	2.1.0	99.40623239284012	6	13	16	6	dart-lang	tools.dart.dev	BSD-3-Clause	2022-11-15T20:29:54.000Z	https://github.com/dart-lang/package_config
35	stream_channel	An abstraction for two-way communication channels based on the Dart Stream class.	2.1.1	99.40189832271487	28	38	20	4	dart-lang	tools.dart.dev	BSD-3-Clause	2022-11-10T11:30:32.000Z	https://github.com/dart-lang/stream_channel
36	watcher	A file system watcher. It monitors changes to contents of directories and sends notifications when files have been added, removed, or modified.	1.0.2	99.39323018246435	112	102	26	19	dart-lang	tools.dart.dev	BSD-3-Clause	2022-10-14T17:19:59.000Z	https://github.com/dart-lang/watcher
37	fixnum	Library for 32- and 64-bit signed fixed-width integers with consistent behavior between native and JS runtimes.	1.0.1	99.3888961123391	25	36	25	16	dart-lang	dart.dev	BSD-3-Clause	2022-12-08T16:13:54.000Z	https://github.com/dart-lang/fixnum
38	coverage	Coverage data manipulation and formatting	1.6.1	99.38456204221384	60	90	55	27	dart-lang	tools.dart.dev	BSD-3-Clause	2022-11-14T22:55:10.000Z	https://github.com/dart-lang/coverage
39	shelf_web_socket	A shelf handler that wires up a listener for every connection.	1.0.3	99.36722576171283	80	22	15	6	dart-archive	tools.dart.dev	BSD-3-Clause	2022-05-09T20:49:07.000Z	https://github.com/dart-lang/shelf/tree/master/pkgs/shelf_web_socket
40	http_multi_server	A dart:io HttpServer wrapper that handles requests from multiple servers.	3.2.1	99.35422355133706	31	22	13	1	dart-lang	tools.dart.dev	BSD-3-Clause	2022-11-09T23:47:30.000Z	https://github.com/dart-lang/http_multi_server
41	pool	Manage a finite pool of resources. Useful for controlling concurrent file system or network requests.	1.5.1	99.3412213409613	45	35	20	5	dart-lang	tools.dart.dev	BSD-3-Clause	2022-11-09T23:47:56.000Z	https://github.com/dart-lang/pool
42	source_maps	A library to programmatically manipulate source map files.	0.10.11	99.33688727083604	0	12	14	13	dart-lang	tools.dart.dev	BSD-3-Clause	2022-10-19T17:16:50.000Z	https://github.com/dart-lang/source_maps
43	shelf_packages_handler	A shelf handler for serving a `packages/` directory.	3.0.1	99.31088285008451	2	3	4	0	dart-archive	tools.dart.dev	BSD-3-Clause	2022-05-09T20:49:46.000Z	https://github.com/dart-lang/shelf/tree/master/pkgs/shelf_packages_handler
44	tuple	A library providing a tuple data structure.	2.0.1	99.302214709834	356	171	27	11	google	google.dev	BSD-2-Clause	2022-10-06T20:21:52.000Z	https://github.com/google/tuple.dart
45	matcher	Support for specifying test expectations via an extensible Matcher class. Also includes a number of built-in Matcher implementations for common cases.	0.12.14	99.29788063970875	28	53	32	27	dart-lang	dart.dev	BSD-3-Clause	2022-12-13T19:01:10.000Z	https://github.com/dart-lang/matcher
46	source_map_stack_trace	A package for applying source maps to stack traces.	2.1.1	99.28487842933299	5	5	7	0	dart-lang	tools.dart.dev	BSD-3-Clause	2022-10-18T18:16:18.000Z	https://github.com/dart-lang/source_map_stack_trace
47	sync_http	Synchronous HTTP client for Dart.	0.3.1	99.28054435920774	4	10	14	5	google	google.dev	BSD-3-Clause	2022-12-02T18:53:11.000Z	https://github.com/google/sync_http.dart
48	webdriver	Provides WebDriver bindings for Dart. Supports WebDriver JSON interface and W3C spec. Requires the use of WebDriver remote server.	3.0.1	99.26754214883196	29	121	59	23	google	google.dev	Apache-2.0	2022-12-15T01:13:15.000Z	https://github.com/google/webdriver.dart
49	boolean_selector	A flexible syntax for boolean expressions, based on a simplified version of Dart's expression syntax.	2.1.1	99.24153772808044	9	15	12	1	dart-lang	tools.dart.dev	BSD-3-Clause	2022-11-10T17:41:56.000Z	https://github.com/dart-lang/boolean_selector
50	json_rpc_2	Utilities to write a client or server using the JSON-RPC 2.0 spec.	3.0.2	99.21119923720366	56	63	33	6	dart-lang	tools.dart.dev	BSD-3-Clause	2022-11-09T23:47:44.000Z	https://github.com/dart-lang/json_rpc_2
51	shelf_proxy	A shelf handler for proxying HTTP requests to another server.	1.0.2	99.19386295670265	49	24	15	10	dart-archive	tools.dart.dev	BSD-3-Clause	2022-05-09T20:50:00.000Z	https://github.com/dart-lang/shelf/tree/master/pkgs/shelf_proxy
52	completion	A package to add shell command completion to your Dart application	1.0.1	99.18519481645212	25	53	11	1	kevmoo	j832.com	BSD-3-Clause	2022-12-14T20:13:37.000Z	https://github.com/kevmoo/completion.dart
53	fake_async	Fake asynchronous events such as timers and microtasks for deterministic testing.	1.3.1	99.18086074632687	48	68	13	5	dart-lang	dart.dev	Apache-2.0	2022-11-09T23:22:10.000Z	https://github.com/dart-lang/fake_async
54	browser_launcher	Provides a standardized way to launch web browsers for testing and tools.	1.1.1	99.1591903957006	5	10	9	2	dart-lang	tools.dart.dev	BSD-3-Clause	2022-12-13T18:32:41.000Z	https://github.com/dart-lang/browser_launcher
55	sse	Provides client and server functionality for setting up bi-directional communication through Server Sent Events (SSE) and corresponding POST requests.	4.1.2	99.15485632557535	24	49	18	5	dart-lang	tools.dart.dev	BSD-3-Clause	2022-12-14T21:03:50.000Z	https://github.com/dart-lang/sse
56	usage	A Google Analytics wrapper for command-line, web, and Flutter apps.	4.1.0	99.14185411519958	58	139	48	15	dart-lang	tools.dart.dev	BSD-3-Clause	2022-10-20T20:09:59.000Z	https://github.com/dart-lang/usage
57	pdf	A pdf producer for Dart. It can create pdf files for both web or flutter.	3.8.4	99.12885190482382	1744	949	370	117	DavBfr	nfet.net	Apache-2.0	2022-12-06T09:29:55.000Z	https://github.com/DavBfr/dart_pdf
58	ffi	Utilities for working with Foreign Function Interface (FFI) code.	2.0.1	99.12018376457331	161	125	28	20	dart-lang	dart.dev	BSD-3-Clause	2022-11-21T11:11:52.000Z	https://github.com/dart-lang/ffi
59	internet_connection_checker	A pure Dart library that checks for internet by opening a socket to a list of specified addresses, each with individual port and timeout. Defaults are provided for convenience.	1.0.0+1	99.11584969444806	614	61	16	14	RounakTadvi		NOASSERTION	2022-09-22T10:54:54.000Z	https://github.com/RounakTadvi/internet_connection_checker
60	vector_math	A Vector Math library for 2D and 3D applications.	2.1.4	99.10718155419754	197	259	77	19	google	google.dev	NOASSERTION	2022-11-01T09:39:33.000Z	https://github.com/google/vector_math.dart
61	timezone	Time zone database and time zone aware DateTime.	0.9.0	99.06817492307025	240	76	38	31	srawlins		BSD-2-Clause	2022-11-07T12:23:11.000Z	https://github.com/srawlins/timezone
62	quiver	Quiver is a set of utility libraries for Dart that makes using many Dart libraries easier and more convenient, or adds additional functionality.	3.1.0	99.0161660815672	409	901	140	50	google	google.dev	Apache-2.0	2022-12-09T17:16:25.000Z	https://github.com/google/quiver-dart
63	jiffy	Jiffy is a date dart package inspired by momentjs for parsing, manipulating and formatting dates	5.0.0	98.98149352056517	569	401	78	32	jama5262		MIT	2022-11-02T17:46:17.000Z	https://github.com/jama5262/jiffy
64	win32	A Dart library for accessing common Win32 APIs using FFI. No C required!	3.1.3	98.91214839856109	561	601	94	31	timsneath	sneath.org	BSD-3-Clause	2022-12-17T10:19:39.000Z	https://github.com/timsneath/win32
65	socket_io_client	Dartlang port of socket.io-client for web, flutter, dartvm to use	2.0.0	98.8818099076843	881	552	141	95	rikulo		MIT	2022-12-17T13:34:57.000Z	https://github.com/rikulo/socket.io-client-dart
66	googleapis	Auto-generated client libraries for accessing Google APIs described through the API discovery service.	9.2.0	98.87747583755905	667	329	102	33	google	google.dev	BSD-3-Clause	2022-12-08T01:19:31.000Z	https://github.com/google/googleapis.dart/tree/master/generated/googleapis
67	mockito	A mock framework inspired by Mockito with APIs for Fakes, Mocks, behavior verification, and stubbing.	5.3.2	98.86447362718329	891	553	146	56	dart-lang	dart.dev	Apache-2.0	2022-12-14T21:34:39.000Z	https://github.com/dart-lang/mockito
68	event_bus	A simple Event Bus using Dart Streams for decoupling applications	2.0.0	98.85580548693278	463	698	75	0	marcojakob	jakobservices.ch	MIT	2022-03-01T17:38:59.000Z	https://github.com/marcojakob/dart-event-bus
69	pubspec_parse	Simple package for parsing pubspec.yaml files with a type-safe API and rich error reporting.	1.2.1	98.84713734668227	24	42	16	5	dart-lang	tools.dart.dev	BSD-3-Clause	2022-12-12T22:14:20.000Z	https://github.com/dart-lang/pubspec_parse
70	cli_util	A library to help in building Dart command-line apps.	0.3.5	98.75612187405193	40	45	22	5	dart-lang	tools.dart.dev	BSD-3-Clause	2022-11-15T15:54:18.000Z	https://github.com/dart-lang/cli_util
71	stream_transform	A collection of utilities to transform and manipulate streams.	2.1.0	98.72144931304987	159	104	18	11	dart-lang	tools.dart.dev	BSD-3-Clause	2022-12-12T18:24:29.000Z	https://github.com/dart-lang/stream_transform
72	characters	String replacement with operations that are Unicode/grapheme cluster aware.	1.2.1	98.6911108221731	272	54	11	3	dart-lang	dart.dev	BSD-3-Clause	2022-11-09T23:30:34.000Z	https://github.com/dart-lang/characters
73	protobuf	Runtime library for protocol buffers support. Use https://pub.dev/packages/protoc_plugin to generate dart code for your '.proto' files.	2.1.0	98.65643826117106	130	57445	14648	678	protocolbuffers	google.dev	NOASSERTION	2022-12-17T21:34:26.000Z	https://github.com/google/protobuf.dart/tree/master/protobuf
74	lints	Official Dart lint rules. Defines the 'core' and 'recommended' set of lints suggested by the Dart team.	2.0.1	98.61309755991851	162	66	22	23	dart-lang	tools.dart.dev	BSD-3-Clause	2022-11-14T22:19:20.000Z	https://github.com/dart-lang/lints
75	charcode	Constants for ASCII and common non-ASCII character codes. Integer constants corresponding to the code points of individual characters.	1.3.1	98.43106661465782	28	21	10	2	lrhn	infimum.dk	BSD-3-Clause	2022-10-14T16:50:53.000Z	https://github.com/lrhn/charcode
76	decimal	The decimal package allows you to deal with decimal numbers without losing precision.	2.3.2	98.30971265115069	204	146	39	2	a14n		Apache-2.0	2022-12-07T14:19:22.000Z	https://github.com/a14n/dart-decimal
77	formz	A unified form representation in Dart which aims to simplify form representation and validation in a generic way.	0.4.1	98.21436310839509	425	217	27	9	VeryGoodOpenSource	verygood.ventures	MIT	2022-12-13T02:08:36.000Z	https://github.com/ChicagoFlutter/formz
78	mocktail	A Dart mock library which simplifies mocking with null safety support and no manual mocks or code generation.	0.3.0	98.17102240714254	658	428	63	22	felangel	felangel.dev	MIT	2022-12-06T12:35:53.000Z	https://github.com/felangel/mocktail
79	drift	Drift is a reactive library to store relational data in Dart and Flutter applications.	2.3.0	98.12768170589	833	1797	237	103	simolus3	simonbinder.eu	MIT	2022-12-17T20:37:15.000Z	https://github.com/simolus3/drift
80	hydrated_bloc	An extension to the bloc state management library which automatically persists and restores bloc states.	9.0.0	97.97165518138084	502	189	25	0	felangel	bloclibrary.dev	MIT	2020-07-09T03:23:09.000Z	https://github.com/felangel/bloc/tree/master/packages/hydrated_bloc
81	riverpod	A simple way to access state from anywhere in your application while robust and testable.	2.1.1	97.68560655311403	2202	3838	617	104	rrousselGit	dash-overflow.net	MIT	2022-12-17T20:19:05.000Z	https://github.com/rrousselGit/riverpod
82	geocode	Package to make Geocode requests. It exposes two methods to translate coordinates into locations and addresses into coordinates.	1.0.2	97.65526806223724	84	6	7	4	imvalient	imanol.dev	BSD-3-Clause	2022-07-24T11:27:50.000Z	https://github.com/imvalient/geocode
83	sentry	A crash reporting library for Dart that sends crash reports to Sentry.io. This library supports Dart VM and Web. For Flutter consider sentry_flutter instead.	6.18.1	97.59459108048368	381	600	158	78	getsentry	sentry.io	MIT	2022-12-17T03:02:13.000Z	https://github.com/getsentry/sentry-dart
84	data_connection_checker	A pure Dart library that checks for internet by opening a socket to a list of specified addresses, each with individual port and timeout. Defaults are provided for convenience.	0.3.4	97.49490746760281	415	103	71	19	komapeb		NOASSERTION	2021-12-14T10:00:14.000Z	https://github.com/komapeb/data_connection_checker
85	dart_style	Opinionated, automatic Dart source code formatter. Provides an API and a CLI tool.	2.2.4	97.46456897672604	69	571	108	101	dart-lang	tools.dart.dev	BSD-3-Clause	2022-11-29T20:17:14.000Z	https://github.com/dart-lang/dart_style
86	isar	Extremely fast, easy to use, and fully async NoSQL database for Flutter.	3.0.5	97.3822216443462	1038	2012	158	49	isar	isar.dev	Apache-2.0	2022-12-12T10:00:38.000Z	https://github.com/isar/isar/tree/main/packages/isar
87	grpc	Dart implementation of gRPC, a high performance, open-source universal RPC framework.	3.1.0	97.36055129371994	246	728	209	65	grpc	dart.dev	Apache-2.0	2022-12-13T20:46:41.000Z	https://github.com/grpc/grpc-dart
88	build	A package for authoring build_runner compatible code generators.	2.3.1	97.26953582108958	58	675	192	175	dart-lang	dart.dev	BSD-3-Clause	2022-12-16T20:16:10.000Z	https://github.com/dart-lang/build/tree/master/build
89	markdown	A portable Markdown library written in Dart that can parse Markdown into HTML.	6.0.1	97.11350929658042	173	348	159	39	dart-lang	tools.dart.dev	BSD-3-Clause	2022-12-16T18:04:09.000Z	https://github.com/dart-lang/markdown
90	http_interceptor	A lightweight, simple plugin that allows you to intercept request and response objects and modify them if desired.	1.0.2	97.10484115632991	136	86	51	4	CodingAleCR	codingale.dev	MIT	2022-08-24T21:03:52.000Z	https://github.com/CodingAleCR/http_interceptor
91	lint	An opinionated, community-driven set of lint rules for Dart and Flutter projects. Like pedantic but stricter	2.0.1	97.02249382395007	741	254	73	15	passsy	pascalwelsch.com	Apache-2.0	2022-11-30T14:52:38.000Z	https://github.com/passsy/dart-lint
92	objectbox	Flutter database for super-fast NoSQL ACID compliant object persistence.	1.7.0	97.01382568369957	822	720	87	54	objectbox	objectbox.io	Apache-2.0	2022-12-16T15:46:25.000Z	https://github.com/objectbox/objectbox-dart
93	barcode	Barcode generation library for Dart that can generate generic drawing operations for any backend.	2.2.3	96.85346508906514	330	88	26	7	DavBfr	nfet.net	Apache-2.0	2022-12-07T16:49:31.000Z	https://github.com/DavBfr/dart_barcode
94	copy_with_extension	Annotation for generating `copyWith` extensions code using `copy_with_extension_gen`.	5.0.0	96.80579031768734	70	57	23	8	numen31337	oleksandrkirichenko.com	MIT	2022-12-02T23:18:09.000Z	https://github.com/numen31337/copy_with_extension
95	qr	A QR code generation library for Dart and Flutter. Supports QR code version 1 through 40, error correction and redundancy.	3.0.1	96.79712217743683	134	234	54	2	kevmoo	j832.com	BSD-3-Clause	2022-12-15T21:18:34.000Z	https://github.com/kevmoo/qr.dart
96	flutter_chat_types	Utility library for the flutter_chat_ui and flutter_firebase_chat_core libraries which contains shared type declarations.	3.6.0	96.61075716205089	23	14	48	1	flyerhq	flyer.chat	MIT	2022-10-29T07:17:39.000Z	https://github.com/flyerhq/flutter_chat_types
97	very_good_analysis	Lint rules for Dart and Flutter used internally at Very Good Ventures.	3.1.0	96.5327438997963	333	242	30	1	VeryGoodOpenSource	verygood.ventures	MIT	2022-12-13T14:47:03.000Z	https://github.com/VeryGoodOpenSource/very_good_analysis
98	web3dart	Dart library to connect to Ethereum clients. Send transactions and interact with smart contracts!	2.5.2	96.49373726866901	368	91	45	56	xclud	pwa.ir	MIT	2022-12-14T20:38:05.000Z	https://github.com/xclud/web3dart
99	algolia	Algolia is a pure dart SDK, wrapped around Algolia REST API for easy implementation for your Flutter or Dart projects.	1.1.1	96.47206691804273	190	112	67	17	knoxpo	knoxpo.com	NOASSERTION	2022-10-08T11:49:40.000Z	https://github.com/knoxpo/dart_algolia
100	dart_jsonwebtoken	A dart implementation of the famous javascript library 'jsonwebtoken' (JWT).	2.6.2	96.43306028691543	99	28	19	4	jonasroussel	jroussel.fr	MIT	2022-12-11T19:08:14.000Z	https://github.com/jonasroussel/dart_jsonwebtoken
101	oauth2	A client library for authenticating with a remote service via OAuth2 on behalf of a user, and making authorized HTTP requests with the user's OAuth2 credentials.	2.0.1	96.36371516491137	210	173	116	44	dart-lang	tools.dart.dev	BSD-3-Clause	2022-11-11T07:22:29.000Z	https://github.com/dart-lang/oauth2
102	whatsapp_unilink	Dart package helping your app interact with WhatsApp via HTTP links (universal links). Works with Flutter.	2.1.0	96.30737225328306	190	18	7	0	dartsidedev	dartside.dev	BSD-3-Clause	2022-11-20T16:10:41.000Z	https://github.com/dartsidedev/whatsapp_unilink
103	dio_smart_retry	Retry library for Dio package made with love. By default, the request will be retried only for appropriate retryable http statuses.	1.4.0	96.19468643002644	81	43	15	1	rodion-m	rodion-m.ru	MIT	2022-12-08T19:04:58.000Z	https://github.com/rodion-m/dio_smart_retry
104	code_builder	A fluent, builder-based library for generating valid Dart code	4.3.0	96.14267758852338	146	326	58	18	dart-lang	tools.dart.dev	BSD-3-Clause	2022-12-16T23:05:59.000Z	https://github.com/dart-lang/code_builder
105	fpdart	Functional programming in Dart and Flutter. All the main functional programming types and patterns fully documented, tested, and with examples.	0.4.0	96.08200060676981	287	269	24	5	SandroMaglione	sandromaglione.com	MIT	2022-12-16T04:50:00.000Z	https://github.com/SandroMaglione/fpdart
106	mailto	Simple Dart package for creating mailto links in your Flutter apps	2.0.0	96.05599618601829	101	21	6	4	smaho-engineering	smaho.dev	BSD-3-Clause	2021-04-13T19:22:03.000Z	https://github.com/smaho-engineering/mailto
107	gql	GraphQL tools for parsing, transforming and printing GraphQL documents.	0.14.0	96.05166211589304	33	240	99	56	gql-dart	gql-dart.dev	MIT	2022-12-03T23:04:15.000Z	https://github.com/gql-dart/gql
108	sentry_dio	An integration which adds support for performance tracing for the Dio package.	6.18.1	95.81328825900403	14	600	158	78	getsentry	sentry.io	MIT	2022-12-17T03:02:13.000Z	https://github.com/getsentry/sentry-dart
109	flutter_gen	The Flutter code generator for your assets, fonts, colors, … — Get rid of all String-based APIs.	5.1.0+1	95.74394313699996	763	1133	95	38	FlutterGen	wasabeef.jp	MIT	2022-12-12T07:35:43.000Z	https://github.com/FlutterGen/flutter_gen
110	either_dart	Error handler library for type-safe and easy work with errors on Dart and Flutter. Either is an alternative to Nullable value and Exceptions.	0.3.0	95.7309409266242	73	20	6	0	avdosev		MIT	2022-11-06T17:04:13.000Z	https://github.com/avdosev/either_dart
111	http_mock_adapter	A simple to use mocking package for Dio intended to be used in tests. It provides various types and methods to declaratively mock request-response communication.	0.3.3	95.58358254236553	92	45	19	10	lomsa-dev	lomsa.com	MIT	2022-08-10T19:29:16.000Z	https://github.com/lomsa-dev/http-mock-adapter
112	gql_http_link	GQL Terminating Link to execute requests via HTTP using JSON.	0.4.5	95.5099033502362	10	240	99	56	gql-dart	gql-dart.dev	MIT	2022-12-03T23:04:15.000Z	https://github.com/gql-dart/gql
113	flutter_gen_runner	The Flutter code generator for your assets, fonts, colors, … — Get rid of all String-based APIs.	5.1.0+1	95.49690113986044	82	1133	95	38	FlutterGen	wasabeef.jp	MIT	2022-12-12T07:35:43.000Z	https://github.com/FlutterGen/flutter_gen
114	custom_lint	Lint rules are a powerful way to improve the maintainability of a project. Custom Lint allows package authors and developers to easily write custom lint rules.	0.0.16	95.26719542322195	59	151	17	19	invertase	invertase.io	Apache-2.0	2022-12-12T11:22:31.000Z	https://github.com/invertase/dart_custom_lint
115	darq	The power of lazy-evaluated enumerables in your hands! (A port of functional LINQ from the .NET library.)	1.2.1	95.1198370389633	118	75	7	0	Abion47		MIT	2022-09-18T18:01:58.000Z	https://github.com/abion47/darq
116	envied	Explicitly reads environment variables into a dart file from a .env file for more security and faster start up times.	0.3.0	95.01581935595718	106	30	15	3	petercinibulk		MIT	2022-11-28T17:56:33.000Z	https://github.com/petercinibulk/envied
117	queue	Queue up futures from multiple sources and await their return anywhere in your code.	3.1.0+2	94.98981493520566	66	37	8	5	rknell		MIT	2022-12-06T00:41:06.000Z	https://github.com/rknell/dart_queue
118	money2	Money and Currency classes with fixed precision maths, parsing and formatting. (Money.parse('$2010.00') * 10).format('S CC#,##0') -> $ US20,100	3.3.0	94.91613574307632	150	50	26	5	onepub-dev	onepub.dev	MIT	2022-11-02T04:43:07.000Z	https://github.com/onepub-dev/money.dart
119	supabase	A dart client for Supabase. This client makes it simple for developers to build secure and scalable products.	1.2.0	94.8987994625753	393	389	63	0	supabase	supabase.io	MIT	2022-12-03T13:45:54.000Z	https://github.com/supabase/supabase-dart
120	graphs	Graph algorithms that operate on graphs in any representation	2.2.0	94.84679062107226	63	69	14	3	dart-lang	tools.dart.dev	BSD-3-Clause	2022-11-01T16:47:02.000Z	https://github.com/dart-lang/graphs
121	ferry	Ferry is a simple, powerful GraphQL Client for Flutter and Dart.	0.13.0	94.73843886794089	274	477	90	51	gql-dart	gql-dart.dev	MIT	2022-12-11T21:44:13.000Z	https://github.com/gql-dart/ferry
122	credit_card_validator	A package that validates credit card numbers, expiration dates, and security codes (CVV/CVC) based on the type of credit card	2.0.1	94.59108048368222	57	21	14	1	cholojuanito		MIT	2022-11-01T18:06:45.000Z	https://github.com/cholojuanito/credit_card_validator
123	icons_launcher	A command-line tool that simplifies the task of updating your Flutter app's launcher icon.	2.0.6	94.4610583799246	209	48	5	3	mrrhak	mrrhak.com	MIT	2022-11-12T11:57:12.000Z	https://github.com/mrrhak/icons_launcher
124	kt_dart	This project is a port of kotlin-stdlib for Dart/Flutter projects. It includes collections (KtList, KtMap, KtSet) with 150+ methods as well as other useful packages.	1.0.0	94.06665799852641	148	456	28	6	passsy	pascalwelsch.com	Apache-2.0	2022-10-05T20:22:02.000Z	https://github.com/passsy/kt.dart
125	credit_card_type_detector	A package that detects credit card types based on the current credit card number patterns	2.0.0	94.03198543752438	52	23	10	0	cholojuanito		MIT	2022-11-01T17:54:23.000Z	https://github.com/cholojuanito/credit_card_type_detector
126	shamsi_date	A Flutter and Dart package for using Jalali (Shamsi, Solar, Persian or Jalaali) calendar. You can convert, format and manipulate Jalali and Gregorian (Miladi) date and times.	1.0.1	93.94963810514454	143	64	7	2	FatulM		BSD-3-Clause	2022-11-15T13:28:51.000Z	https://github.com/FatulM/shamsi_date
127	simple_logger	Provides super simple APIs for logging. The log also includes caller info by setting includeCallerInfo to true. On Android Studio, jump to called location by clicking the log.	1.9.0+1	93.89329519351624	77	50	7	1	mono0926	mono0926.com	MIT	2022-11-14T06:42:28.000Z	https://github.com/mono0926/simple_logger
128	import_sorter	Automatically organize your dart imports	4.6.0	93.82828414163741	231	138	27	19	fluttercommunity	fluttercommunity.dev	MIT	2022-10-31T06:06:51.000Z	https://github.com/fluttercommunity/import_sorter
129	numeral	A Dart library for Format number into beautiful string, Format the number into a beautiful, readable and short string.	2.0.1	93.77627530013436	43	8	5	0	medz	odroe.com	MIT	2022-07-21T17:15:35.000Z	https://github.com/medz/numeral.dart
130	amplify_core	The base package containing common types and utilities that are shared across the Amplify Flutter packages.	0.6.10	93.72860052875656	36	1128	176	192	aws-amplify	aws-amplify.com	Apache-2.0	2022-12-17T00:16:28.000Z	https://github.com/aws-amplify/amplify-flutter
131	pausable_timer	A timer implementation that can be paused, resumed and reset.	1.0.0+6	93.68959389762927	51	17	5	2	llucax	llucax.com	BSD-3-Clause	2022-09-02T20:58:21.000Z	https://github.com/llucax/pausable_timer
132	effective_dart	Linter rules corresponding to the guidelines in Effective Dart.	1.3.2	93.67225761712824	127	127	28	0	tenhobi	tenhobi.dev	MIT	2021-06-20T16:27:20.000Z	https://github.com/tenhobi/effective_dart
133	eventify	A cancellable event emitter which supports context based event driven programming. 	1.0.1	93.55090365362112	33	11	3	0	iMeshAcademy		NOASSERTION	2022-06-16T04:22:31.000Z	https://github.com/iMeshAcademy/EventEmitter
134	tiengviet	🇻🇳 Converts vietnamese language sign to unsigned easily. 😍 Give me a string vietnamese language, i will respond you string vietnamese unsigned. 👍	0.5.0	93.43388376023924	72	16	1	0	tvc12	4pet.social	BSD-3-Clause	2021-03-27T14:06:50.000Z	https://github.com/tvc12/tiengviet
135	data_connection_checker_tv	A pure Dart library that checks for internet by opening a socket to a list of specified addresses, each with individual port and timeout. Defaults are provided for convenience.	0.3.5-nullsafety	93.3905430589867	25	2	0	0	thorved		NOASSERTION	2021-05-15T16:48:21.000Z	https://github.com/thorved/data_connection_checker
136	intl_translation	Contains code to deal with internationalized/localized messages, date and number formatting and parsing, bi-directional text, and other internationalization issues.	0.18.0	93.32553200710787	68	117	182	28	dart-lang	dart.dev	BSD-3-Clause	2022-12-14T16:09:03.000Z	https://github.com/dart-lang/intl_translation
137	sentry_logging	An integration which adds support for recording log from the logging package.	6.18.1	93.28219130585533	6	600	158	78	getsentry	sentry.io	MIT	2022-12-17T03:02:13.000Z	https://github.com/getsentry/sentry-dart
138	gql_dio_link	Similar to gql_http_link, gql_dio_link is a GQL Terminating Link to execute requests via Dio using JSON	0.2.4	93.06115372946734	20	240	99	56	gql-dart	gql-dart.dev	MIT	2022-12-03T23:04:15.000Z	https://github.com/gql-dart/gql
139	timing	A simple package for tracking the performance of synchronous and asynchronous actions.	1.0.0	93.04381744896632	14	10	5	2	dart-lang	tools.dart.dev	BSD-3-Clause	2022-11-09T23:30:57.000Z	https://github.com/dart-lang/timing
140	spider	A small dart command-line tool for generating dart references of assets from the assets folder.	4.1.0	93.0091448879643	209	159	14	10	BirjuVachhani	birju.dev	Apache-2.0	2022-11-16T12:47:35.000Z	https://github.com/BirjuVachhani/spider
141	gql_link	A simple and modular AST-based GraphQL request execution interface.	0.5.0+1	92.99614267758852	16	240	99	56	gql-dart	gql-dart.dev	MIT	2022-12-03T23:04:15.000Z	https://github.com/gql-dart/gql
142	slang	Localization / Internationalization (i18n) solution. Use JSON, YAML or CSV files to create typesafe translations via source generation.	3.6.0	92.91812941533394	81	183	18	8	Tienisto	tienisto.com	MIT	2022-12-17T01:03:43.000Z	https://github.com/Tienisto/slang
143	dio_logging_interceptor	Logging interceptor for DIO	1.0.1	92.89645906470767	9	1	2	2	granoeste		Apache-2.0	2022-07-08T07:23:58.000Z	https://github.com/granoeste/dio_logging_interceptor
144	walletconnect_dart	Open protocol for connecting decentralised applications to mobile wallets with QR code scanning or deep linking.	0.0.11	92.85311836345512	91	87	52	27	RootSoft		MIT	2022-11-05T16:26:26.000Z	https://github.com/RootSoft/walletconnect-dart-sdk
145	dartdoc	A non-interactive HTML documentation generator for Dart source code.	6.1.5	92.81844580245308	116	415	113	259	dart-lang	tools.dart.dev	BSD-3-Clause	2022-12-13T18:22:17.000Z	https://github.com/dart-lang/dartdoc
146	gql_exec	Basis for GraphQL execution layer to support Link and Client.	0.4.3	92.80977766220258	0	240	99	56	gql-dart	gql-dart.dev	MIT	2022-12-03T23:04:15.000Z	https://github.com/gql-dart/gql
147	kana_kit	A Dart library for for detecting and transliterating Hiragana, Katakana, and Romaji.	2.0.0	92.66675334806918	24	25	5	4	jeroen-meijer	jfk.dev	MIT	2022-06-06T00:39:41.000Z	https://github.com/jeroen-meijer/kana_kit
148	dio_logger	Simple logging library for DIO requests. Prints request and response information to a console.	4.0.8+8	92.63641485719238	18	6	3	0	Defuera		BSD-3-Clause	2022-10-31T09:21:19.000Z	https://github.com/Defuera/dio_logger
149	gql_transform_link	GQL Link to transform Requests and Responses. May be used to update context, document, variables, data, errors, etc.	0.2.2+1	92.56273566506306	0	240	99	56	gql-dart	gql-dart.dev	MIT	2022-12-03T23:04:15.000Z	https://github.com/gql-dart/gql
150	week_of_year	Adds extension method to get the ISO 8601 week of year from a date	2.0.0	92.53673124431153	32	12	1	1	KadaDev	kada.se	BSD-3-Clause	2021-03-28T17:15:40.000Z	https://github.com/KadaDev/week_of_year
151	throttling	Contain "throttling" and "debouncing" async helper classes with listeners	1.0.0	92.46738612230746	25	35	3	0	PlugFox	plugfox.dev	MIT	2021-03-08T13:16:46.000Z	https://github.com/PlugFox/throttling
152	unsplash_client	Unsplash provides free high-resolution photos. This is a client for their REST API.	2.1.0+3	92.41971135092966	45	17	5	5	blaugold	gabriel.terwesten.net	BSD-3-Clause	2022-11-16T22:27:39.000Z	https://github.com/blaugold/unsplash_client
153	uri	Utilities for building and parsing URIs, including support for parsing URI templates as defined in RFC 6570.	1.0.0	92.34603215880033	18	70	51	8	google	google.dev	BSD-3-Clause	2022-07-14T13:38:15.000Z	https://github.com/google/uri.dart
154	crypton	A simple Dart library for asymmetric encryption and digital signatures	2.1.0	92.30702552767303	51	28	9	2	konstantinullrich	konstantinullrich.de	MIT	2022-10-28T11:44:43.000Z	https://github.com/konstantinullrich/crypton
155	gql_error_link	GQL Link to handle execution errors and exceptions	0.2.3+1	92.28968924717202	1	240	99	56	gql-dart	gql-dart.dev	MIT	2022-12-03T23:04:15.000Z	https://github.com/gql-dart/gql
156	barcode_image	Barcode generation library for Dart that can generate barcodes using the image library.	2.0.2	92.25935075629523	46	88	26	7	DavBfr	nfet.net	Apache-2.0	2022-12-07T16:49:31.000Z	https://github.com/DavBfr/dart_barcode
157	shelf_cors_headers	CORS headers middleware for Shelf.	0.1.4	92.09032202141032	22	6	2	1	lenniezelk		MIT	2022-09-27T11:09:12.000Z	https://github.com/lenniezelk/shelf-cors-headers
158	polylabel	A fast algorithm for finding polygon pole of inaccessibility implemented as a Dart library.  Useful for optimal placement of a text label on a polygon.	1.0.1	91.96896805790318	7	2	2	0	beroso	beroso.dev	BSD-3-Clause	2022-08-15T15:26:33.000Z	https://github.com/beroso/dart_polylabel
159	azure_application_insights	A Dart client to integrate with Azure's Application Insights service	3.1.0	91.95163177740216	27	6	5	0	kentcb	kent-boogaart.com	MIT	2022-11-26T00:14:55.000Z	https://github.com/kentcb/azure_application_insights
160	profanity_filter	Simple filter to check and censor strings against profanity, obscene words. A default English words list is provided (LDNOOBW).	2.0.0	91.92996142677589	72	13	7	3	roshanrahman		BSD-2-Clause	2021-06-29T16:56:38.000Z	https://github.com/roshanrahman/profanity_filter
161	ftpconnect	Simple and robust dart FTP Connect Library to interact with FTP Servers.	2.0.2	91.86061630477181	78	49	27	5	salim-lachdhaf	salimdev.ovh	MIT	2022-11-20T17:43:55.000Z	https://github.com/salim-lachdhaf/ftpConnect
162	flutter_rust_bridge	High-level memory-safe binding generator for Flutter/Dart <-> Rust	1.55.0	91.8519481645213	109	2067	122	55	fzyzcjy	cjycode.com	MIT	2022-12-17T23:54:48.000Z	https://github.com/fzyzcjy/flutter_rust_bridge
163	environment_config	Environment specific config generator. Allows to specify env configuration during CI/CD build. Primarily created to simplify Flutter build configuration	3.1.0	91.7089238503879	81	86	7	8	TatsuUkraine		BSD-3-Clause	2022-05-26T10:57:47.000Z	https://github.com/TatsuUkraine/dart_environment_config
164	linter	The implementation of the lint rules supported by the analyzer framework. This package is not intended to be used directly.	1.30.0	91.66558314913536	67	558	159	662	dart-lang	tools.dart.dev	BSD-3-Clause	2022-12-17T04:22:20.000Z	https://github.com/dart-lang/linter
165	scidart	Cross-platform scientific library for Dart. The main goal of SciDart is run where Dart can run, in other words, run on Flutter, Dart CLI, Dart web, etc.	0.0.2-dev.12	91.64391279850908	92	139	17	2	scidart		Apache-2.0	2022-12-06T14:57:34.000Z	https://github.com/scidart/scidart
166	http2	A HTTP/2 implementation in Dart.	2.0.1	91.54856325575348	51	137	43	24	dart-lang	dart.dev	BSD-3-Clause	2022-12-15T02:04:06.000Z	https://github.com/dart-lang/http2
167	dart_geohash	A simple encode, decode, and neighbor finder for longitude/latitude and geohash.	2.0.2	91.43587743249685	28	6	11	0	nfrawley93	frawley.me	MIT	2022-02-02T01:41:03.000Z	https://github.com/nfrawley93/dart_geohash
168	basics	A Dart library containing convenient extension methods on basic Dart objects.	0.9.0	91.41420708187059	75	150	14	3	google	google.dev	BSD-3-Clause	2022-11-01T15:09:23.000Z	https://github.com/google/dart-basics
169	just_debounce_it	A simple debounce library for preventing continuous execution of functions	4.1.0	91.34052788974125	16	8	0	2	mhrst	qrl.app	MIT	2022-05-03T18:37:20.000Z	https://github.com/mhrst/just_debounce_it
170	download	Cross-Platform file downloader for Dart and Flutter projects.	0.0.1+1	91.2971871884887	36	4	2	4	xclud	pwa.ir	MIT	2021-09-02T08:05:23.000Z	https://github.com/xclud/dart_download
171	dio_http_formatter	A Dio interceptor for pretty printing the HTTP request/response to be printed in the console for easier debugging	2.1.0	91.29285311836345	23	8	4	2	assemmarwan		MIT	2022-03-26T10:31:23.000Z	https://github.com/assemmarwan/dio_http_formatter
172	build_version	A builder for extracting a package version into code.	2.1.1	91.2798509079877	15	39	8	4	kevmoo	j832.com	BSD-3-Clause	2022-11-09T20:21:14.000Z	https://github.com/kevmoo/build_version
173	dart_frog	A fast, minimalistic backend framework for Dart built by Very Good Ventures.	0.3.1	91.27118276773717	375	1024	64	17	VeryGoodOpenSource	verygood.ventures	MIT	2022-12-16T19:12:34.000Z	https://github.com/VeryGoodOpenSource/dart_frog
174	system_info2	Provides easy access to useful information about the system (architecture, bitness, kernel, memory, operating system, CPU, user).	2.0.4	91.22350799635937	27	9	3	0	onepub-dev	onepub.dev	BSD-3-Clause	2022-06-03T05:10:41.000Z	https://github.com/onepub-dev/system_info
175	optional	An implementation of the Optional type, which helps avoid dealing with null references	6.1.0+1	91.16716508473107	32	35	7	0	tonio-ramirez	tech42solutions.com	BSD-2-Clause	2022-04-12T10:57:45.000Z	https://github.com/tonio-ramirez/optional.dart
176	instant	A package that exports functions for converting, formatting, and nicening of dates/times in Dart.	0.4.1	91.16283101460581	27	10	3	5	AKushWarrior	kishoredev.live	AGPL-3.0	2021-03-07T05:36:50.000Z	https://github.com/AKushWarrior/instant
177	ffigen	Generator for FFI bindings, using LibClang to parse C header files.	7.2.4	91.12382438347852	162	287	39	69	dart-lang	tools.dart.dev	NOASSERTION	2022-12-16T08:25:30.000Z	https://github.com/dart-lang/ffigen
178	hasura_connect	Connect your Flutter/Dart apps to Hasura simply. All the power of GraphQL and Postgres in Flutter.	4.0.0+4	91.07614961210072	194	202	57	14	Flutterando	flutterando.com.br	MIT	2022-11-16T08:36:59.000Z	https://github.com/Flutterando/hasura_connect/tree/master/packages/hasura_connect
179	mocktail_image_network	A Dart package which allows you to mock Image.network in your widget tests with confidence using the mocktail package.	0.3.1	90.93312529796732	33	428	63	22	felangel	felangel.dev	MIT	2022-12-06T12:35:53.000Z	https://github.com/felangel/mocktail
180	cider	Tools for Dart package maintainers. Automates changelog and pubspec.yaml updates.	0.1.3	90.6860833008278	79	69	11	7	f3ath	karapetov.com	MIT	2022-12-17T23:10:13.000Z	https://github.com/f3ath/cider
181	fraction	A package that helps you working with fractions and mixed fractions.	4.1.4	90.65141073982576	39	14	3	0	albertodev01	fluttercompletereference.com	MIT	2022-08-30T23:20:40.000Z	https://github.com/albertodev01/fraction
182	steel_crypt	A comprehensive library of high-level, cryptographic APIs. This library supports hashing, password hashing, two-way encryption, MAC authentication, and key/IV generation.	3.0.0+1	90.60807003857323	69	41	10	8	AKushWarrior	kishoredev.live	MPL-2.0	2021-04-21T01:19:01.000Z	https://github.com/AKushWarrior/steel_crypt
183	ferry_hive_store	Hive-based Store implementation for Ferry GraphQL client	0.5.0	90.42170502318727	4	477	90	51	gql-dart	gql-dart.dev	MIT	2022-12-11T21:44:13.000Z	https://github.com/gql-dart/ferry
184	socket_io	Port of JS/Node library Socket.io. It enables real-time, bidirectional and  event-based communication cross-platform.	1.0.1	90.32202141030642	105	109	30	10	rikulo		MIT	2021-09-09T02:49:35.000Z	https://github.com/rikulo/socket.io-dart
185	pedantic_mono	[mono edition] Recommended lints for Flutter apps, packages, and plugins to encourage good coding practices.	1.20.1	90.25267628830235	55	62	21	0	mono0926	mono0926.com	MIT	2022-12-17T19:29:39.000Z	https://github.com/mono0926/pedantic_mono
186	udp	Lightweight, efficient, and easy-to-use UDP library for Dart. Supports Unicast, Broadcast, Multicast and Loopback communications.	5.0.3	90.24400814805183	52	40	16	7	xenoken		BSD-3-Clause	2022-03-27T12:21:20.000Z	https://github.com/xenoken/udp
187	serverpod	Serverpod is an open-source, scalable app server, written in Dart for the Flutter community.	0.9.21	90.18766523642353	230	970	71	76	serverpod	serverpod.dev	BSD-3-Clause	2022-12-17T16:30:47.000Z	https://github.com/serverpod/serverpod
188	dart_frog_gen	Code generation tooling for Dart Frog. Built by Very Good Ventures.	0.3.0	90.14432453517098	11	1024	64	17	VeryGoodOpenSource	verygood.ventures	MIT	2022-12-16T19:12:34.000Z	https://github.com/VeryGoodOpenSource/dart_frog
189	os_detect	Platform independent OS detection.	2.0.1	90.10098383391843	18	13	6	2	dart-lang	dart.dev	BSD-3-Clause	2022-11-15T20:27:18.000Z	https://github.com/dart-lang/os_detect
190	eth_sig_util	Ethereum signature utility porting from JS	0.0.9	90.03597278203961	15	13	10	5	wakumo		MIT	2022-12-13T05:02:10.000Z	https://github.com/wakumo/eth-sig-util
191	objectid	Blazing fast, cross-platform ObjectId implementation for the dart language.	2.1.0	89.94929137953453	26	6	1	0	gonuit	klyta.it	MIT	2022-06-15T16:22:07.000Z	https://github.com/gonuit/dart_objectid
192	multiple_result	Multiple results for dart. Inspired by dartz's Either and Kotlin's sealed classes	3.1.0	89.87127811727994	78	29	7	0	higorlapa		MIT	2022-12-16T14:14:07.000Z	https://github.com/higorlapa/result
193	functions_framework	FaaS (Function as a service) framework for writing portable Dart functions	0.4.1	89.7889307849001	124	484	49	26	GoogleCloudPlatform	cloud.google.com	Apache-2.0	2022-11-30T03:47:21.000Z	https://github.com/GoogleCloudPlatform/functions-framework-dart
194	mysql_client	Native MySQL client written in Dart. Tested with MySQL Percona Server (5.7, 8), MariaDB (10). Supports TLS.	0.0.27	89.67191089151822	78	45	11	10	zim32		BSD-3-Clause	2022-12-04T13:18:14.000Z	https://github.com/zim32/mysql.dart
195	list_ext	Dart extension methods for Iterable and List. You can easily sum, count elements and many more.	1.0.6	89.54188878776058	33	10	2	0	Innim	innim.ru	BSD-3-Clause	2022-10-04T06:24:39.000Z	https://github.com/Innim/dart_list_extensions
196	either_option	The simple library for Error Handling with functionnal programming concept	2.0.0	89.52888657738482	39	34	8	1	cbyad		MIT	2022-10-31T09:36:48.000Z	https://github.com/cbyad/either_option
197	speed_test_dart	Internet speed tester (ping, upload, download) using speedtest.net	1.0.4+1	89.52021843713432	6	2	3	0	jorger5	jrincondev.com	NOASSERTION	2022-10-03T16:37:56.000Z	https://github.com/jorger5/speed_test_dart
198	yaml_edit	A library for YAML manipulation with comment and whitespace preservation.	2.0.3	89.48554587613228	17	16	5	6	dart-lang	tools.dart.dev	BSD-3-Clause	2022-11-10T11:31:16.000Z	https://github.com/dart-lang/yaml_edit
199	git	Git command line wrapper. Exposes a Git directory abstraction that makes it easy to inspect and manipulate a local Git repository.	2.2.0	89.43787110475448	27	112	16	15	kevmoo	j832.com	BSD-2-Clause	2022-11-09T23:27:57.000Z	https://github.com/kevmoo/git
200	gql_dedupe_link	GQL Link to deduplicate identical in-flight execution requests	2.0.3+1	89.32518528149785	1	240	99	56	gql-dart	gql-dart.dev	MIT	2022-12-03T23:04:15.000Z	https://github.com/gql-dart/gql
201	gql_code_builder	Dart code builders taking *.graphql documents and SDL to build useful classes.	0.7.0	89.29051272049581	2	240	99	56	gql-dart	gql-dart.dev	MIT	2022-12-03T23:04:15.000Z	https://github.com/gql-dart/gql
202	serverpod_client	Base classes for communication with the server.	0.9.21	89.0911454947341	5	970	71	76	serverpod	serverpod.dev	BSD-3-Clause	2022-12-17T16:30:47.000Z	https://github.com/serverpod/serverpod
203	aes_crypt	Dart encryption library for encrypting/decrypting files, plain text and binary data in AES Crypt file format.	0.1.1	88.96545746110172	83	27	22	17	alexgoussev	alexgusev.com	MIT	2022-03-19T07:11:46.000Z	https://github.com/alexgoussev/aes_crypt
204	ed25519_hd_key	BIP-0032 like derivation for ed25519 curve	2.2.0	88.90911454947341	9	12	6	1	alepop	alepop.dev	MIT	2021-09-16T06:40:18.000Z	https://github.com/alepop/dart-ed25519-hd-key
205	zxcvbn	Dart port of DropBox's zxcvbn library.	1.0.0	88.7184154639622	10	7	4	2	careapp-inc	careapp.com.au	MIT	2021-05-27T03:14:44.000Z	https://github.com/careapp-inc/zxcvbn-dart
206	normalize	Normalization and denormalization of GraphQL responses in Dart	0.8.0	88.68374290296018	8	477	90	51	gql-dart	gql-dart.dev	MIT	2022-12-11T21:44:13.000Z	https://github.com/gql-dart/ferry
207	faker_dart	generate massive amounts of fake data in Dart & Flutter! A dart port of the famous faker.js	0.1.11	88.63606813158236	60	26	5	0	casvanluijtelaar	casvanluijtelaar.com	NOASSERTION	2022-11-02T15:24:41.000Z	https://github.com/casvanluijtelaar/faker.dart
208	nyxx	A Discord library for Dart. Simple, robust framework for creating discord bots for Dart language.	4.4.0	88.53638451870151	71	264	40	4	nyxx-discord	l7ssha.xyz	Apache-2.0	2022-12-12T17:07:06.000Z	https://github.com/nyxx-discord/nyxx
209	graphql_codegen	Simple, opinionated, codegen library for GraphQL. It allows you togenerate serializers and client helpers to easily call and parse your data.	0.11.2	88.49737788757423	56	85	37	16	heftapp	heft.app	MIT	2022-12-14T11:20:16.000Z	https://github.com/heftapp/graphql_codegen/tree/main/packages/graphql_codegen
210	stats	Calculate common statistical values for a set of numbers: max, min, mean, median, standard deviation, and standard error.	2.0.0	88.47137346682268	23	8	5	2	kevmoo	j832.com	MIT	2022-10-26T00:49:30.000Z	https://github.com/kevmoo/stats
211	redis	Redis database (https://redis.io/) client, with both simplicity and performance as primary goals.	3.1.0	88.46703939669743	87	62	27	2	ra1u		AGPL-3.0	2022-05-08T11:03:46.000Z	https://github.com/ra1u/redis-dart
212	socket_io_common	Socket.io common parser library.	2.0.2	88.45837125644694	4	6	17	0	rikulo		MIT	2022-10-25T03:16:39.000Z	https://github.com/rikulo/socket_io_common
213	just_throttle_it	A simple throttle library for limiting consecutive execution of functions	2.1.0	88.44536904607116	2	2	0	0	mhrst	qrl.app	MIT	2022-05-03T14:16:02.000Z	https://github.com/mhrst/just_throttle_it
214	gson	Parses and encodes the json generated by GSON (Can parse minecraft's json)	0.1.4	88.40636241494387	14	2	2	3	MinimineLP		BSD-2-Clause	2021-03-21T13:09:29.000Z	https://github.com/MinimineLP/dart-gson
215	fuzzywuzzy	An implementation of the popular fuzzywuzzy package in Dart, to suit all your fuzzy string matching/searching needs!	0.2.0	88.38035799419235	48	22	3	3	SphericalKat	sphericalk.at	GPL-2.0	2022-06-26T07:19:47.000Z	https://github.com/sphericalkat/dart-fuzzywuzzy
216	window_location_href	Cross-platfrom window.location.href. Supports all platforms and is easy.	1.0.1+2	88.33268322281455	5	0	0	0	xclud		MIT	2022-10-24T20:06:12.000Z	https://github.com/xclud/window_location_href
217	aes_crypt_null_safe	Dart encryption library for encrypting/decrypting files, plain text and binary data in AES Crypt file format.	2.0.2	88.32401508256403	14	3	1	0	CodingFries	codingfries.com	MIT	2021-12-15T06:47:17.000Z	https://github.com/CodingFries/aes_crypt_null_safe
218	change_case	An extension on String to transform a string between camelCase, PascalCase, Capital Case, snake_case, param-case, CONSTANT_CASE and others.	1.0.2	88.25900403068522	16	4	0	0	mrgnhnt96	mrgnhnt.com	MIT	2022-02-23T20:13:46.000Z	https://github.com/mrgnhnt96/change_case
219	byte_size	ByteSize is a library that handles how byte sizes are represented and an easy to use interface to convert to other forms of representation also taking locale into consideration.	1.4.1	88.2329996099337	4	3	4	1	ron4fun		NOASSERTION	2022-10-22T12:46:21.000Z	https://github.com/ron4fun/byte_size
220	firebase_core_dart	Pure Dart implementation of FlutterFire core API	1.0.1	88.07697308542453	7	284	35	18	invertase	invertase.io	NOASSERTION	2022-11-05T03:27:18.000Z	https://github.com/invertase/flutterfire_desktop
221	undo	A Undo/Redo Library for Flutter	1.4.0	88.0206301737962	66	55	13	2	rodydavis	rodydavis.com	MIT	2021-04-14T23:05:41.000Z	https://github.com/rodydavis/undo
222	shelf_plus	Shelf Plus is a quality of life addon for your server-side development within the Shelf platform.	1.5.0	87.86460364928705	75	52	9	0	felixblaschke	felix-blaschke.de	MIT	2022-09-09T19:13:55.000Z	https://github.com/felixblaschke/shelf_plus
223	sentry_dart_plugin	A Dart Build Plugin that uploads symbols for Android, iOS/macOS, and Web to Sentry via sentry-cli.	1.0.0-beta.4	87.79525852728297	13	33	13	4	getsentry	sentry.io	MIT	2022-12-02T08:07:04.000Z	https://github.com/getsentry/sentry-dart-plugin
224	toml	Parser and encoder for TOML v1.0.0 (Tom's Obvious, Minimal Language) configuration files.	0.13.1	87.73024747540416	19	31	5	0	just95		MIT	2022-11-10T22:24:08.000Z	https://github.com/just95/toml.dart
225	dart_appwrite	Appwrite is an open-source self-hosted backend server that abstract and simplify complex and repetitive development tasks behind a very simple REST API	7.1.0	87.7259134052789	69	91	15	2	appwrite	appwrite.io	BSD-3-Clause	2022-12-14T09:25:38.000Z	https://github.com/appwrite/sdk-for-dart
226	flutter_oss_licenses	A tool to generate detail and better OSS license list using pubspec.yaml/lock files.	2.0.1	87.69557491440212	40	30	9	3	espresso3389	espresso3389.jp	MIT	2022-10-22T13:07:06.000Z	https://github.com/espresso3389/flutter_oss_licenses
227	pocketbase	Multi-platform Dart SDK for PocketBase, an open source realtime backend in 1 file.	0.6.0	87.68690677415161	67	154	13	0	pocketbase	pocketbase.io	MIT	2022-12-16T15:27:44.000Z	https://github.com/pocketbase/dart-sdk
228	result_type	Result Type for Dart.	0.2.0	87.63056386252329	23	0	0	0	minikin	minikin.me	MIT	2022-08-25T08:07:46.000Z	https://github.com/minikin/result_type
229	build_verify	Test utility to ensure generated Dart code within a package is up-to-date when using package:build.	3.1.0	87.57422095089498	30	52	10	2	kevmoo	j832.com	MIT	2022-12-02T20:46:45.000Z	https://github.com/kevmoo/build_verify
230	msal_js	A Dart wrapper for the 'Microsoft Authentication Library for JavaScript (MSAL.js)'.	2.14.0	87.48320547826464	18	13	9	3	Francessco121		MIT	2022-05-12T03:53:46.000Z	https://github.com/Francessco121/msal-js-dart
231	libserialport	Serial Port for Dart (FFI bindings to libserialport, a minimal C-library created by the sigrok).	0.3.0+1	87.4095262861353	41	61	15	32	jpnurmi		LGPL-3.0	2022-08-27T14:23:26.000Z	https://github.com/jpnurmi/libserialport.dart
232	schedulers	Dart library for running asynchronous functions on time. Useful for load balancing, rate limiting, lazy execution.	1.0.1	87.34884930438174	13	3	1	1	rtmigo	revercode.com	MIT	2022-11-25T05:28:46.000Z	https://github.com/rtmigo/schedulers
233	nyxx_interactions	Nyxx Interactions Module. Discord library for Dart. Simple, robust framework for creating discord bots for Dart language.	4.5.0	87.30984267325445	7	7	6	2	nyxx-discord	l7ssha.xyz	Apache-2.0	2022-12-12T19:13:37.000Z	https://github.com/nyxx-discord/nyxx_interactions
234	benchmark_harness	The official Dart project benchmark harness.	2.2.0	87.26216790187665	22	76	25	8	dart-lang	tools.dart.dev	BSD-3-Clause	2022-11-10T17:41:50.000Z	https://github.com/dart-lang/benchmark_harness
235	dnd	Drag and Drop for Dart web apps with mouse and touch support.	2.0.1	87.24483162137562	47	136	92	5	marcojakob	jakobservices.ch	MIT	2021-10-07T20:03:58.000Z	https://github.com/marcojakob/dart-dnd
236	nepali_utils	A pure dart package with collection of Nepali Utilities like Date converter, Date formatter, DateTime, Nepali Numbers, Nepali Unicode, Nepali Moments and many more.	3.0.3	87.17548649937156	35	23	13	3	sarbagyastha	sarbagyastha.com.np	MIT	2022-08-29T08:19:08.000Z	https://github.com/sarbagyastha/nepali_utils
237	fhir	FHIR library of versions R4, STU3, DSTU2, and R5 (draft) for Dart & Flutter.	0.9.3	86.91977636198153	26	34	26	1	MayJuun	fhirfli.dev	MIT	2022-12-12T14:54:35.000Z	https://github.com/MayJuun/fhir/tree/main/fhir
238	swagger_dart_code_generator	Have you been turned into a problem with writing code for Http requests? This package can help. It has all of the Http and model codegen functionality you have been looking for.	2.9.0	86.87643566072899	190	185	59	6	epam-cross-platform-lab	mobilepeople.dev	Apache-2.0	2022-12-18T07:23:34.000Z	https://github.com/epam-cross-platform-lab/swagger-dart-code-generator
239	ferry_generator	Generated types for Ferry GraphQL Client	0.7.0	86.75508169722185	15	477	90	51	gql-dart	gql-dart.dev	MIT	2022-12-11T21:44:13.000Z	https://github.com/gql-dart/ferry
240	isoweek	A lightweight Dart package which provides the class Week (based on the ISO 8601 format).	1.1.4	86.72907727647033	17	4	0	0	devj3ns	jensbecker.dev	BSD-3-Clause	2022-06-22T12:03:02.000Z	https://github.com/devj3ns/isoweek
241	bcrypt	This package use jBCrypt modified code to work with Dart VM.	1.1.3	86.6467299440905	10	1	0	0	astudilloalex	alexastudillo.com	NOASSERTION	2022-03-23T21:03:10.000Z	https://github.com/astudilloalex/dart-bcrypt
242	dart_twitter_api	A dart wrapper for using the Twitter API with well documented interfaces for every endpoint.	0.5.8	86.58171889221168	41	54	23	0	robertodoering		BSD-3-Clause	2022-12-14T17:46:48.000Z	https://github.com/robertodoering/twitter_api
243	custom_lint_builder	A package to help writing custom linters	0.0.16	86.50803970008235	3	151	17	19	invertase	invertase.io	Apache-2.0	2022-12-12T11:22:31.000Z	https://github.com/invertase/dart_custom_lint
244	icalendar_parser	Package to parse iCalendar (.ics) files written in pure Dart.	1.1.0	86.46036492870455	34	26	4	1	TesteurManiak	rouxguillau.me	MIT	2022-12-12T14:11:44.000Z	https://github.com/TesteurManiak/icalendar_parser
245	http_status_code	HTTP Status Codes	0.0.2	86.20465479131452	9	3	3	0	salkuadrat		MIT	2021-10-30T10:07:24.000Z	https://github.com/salkuadrat/http_status_code
246	japx	Lightweight parser for the JSON:API (http://jsonapi.org/) structure.	2.0.5	86.15698001993673	34	22	11	3	infinum	infinum.com	MIT	2022-11-07T10:04:13.000Z	https://github.com/infinum/flutter-plugins-japx
247	stream_chat	The official Dart client for Stream Chat, a service for building chat applications.	5.1.0	86.1396437394357	58	654	237	76	GetStream	getstream.io	NOASSERTION	2022-12-16T14:41:48.000Z	https://github.com/GetStream/stream-chat-flutter
248	gql_websocket_link	GQL Websocket Link	0.3.4+1	86.12664152905994	8	240	99	56	gql-dart	gql-dart.dev	MIT	2022-12-03T23:04:15.000Z	https://github.com/gql-dart/gql
249	humanizer	A library to convert Dart values into human-friendly representations.	2.0.0	86.08763489793265	39	18	2	0	kentcb	kent-boogaart.com	MIT	2022-05-12T08:41:27.000Z	https://github.com/kentcb/humanizer
250	test_process	Test processes: starting; validating stdout and stderr; checking exit code	2.0.3	85.93160837342349	8	15	11	1	dart-lang	tools.dart.dev	BSD-3-Clause	2022-11-01T15:02:42.000Z	https://github.com/dart-lang/test_process
251	flagsmith	Flutter Client SDK for https://www.flagsmith.com/, Flagsmith is 100% Open Source. Host yourself or let us take care of the hosting.	3.0.3	85.92727430329823	15	13	7	3	Flagsmith	flagsmith.com	BSD-3-Clause	2022-11-30T09:14:20.000Z	https://github.com/Flagsmith/flagsmith-flutter-client
252	algorand_dart	Unofficial community SDK to interact with the Algorand network, for Dart & Flutter	1.0.3	85.81892255016686	31	35	11	3	RootSoft		MIT	2022-12-15T14:02:19.000Z	https://github.com/RootSoft/algorand-dart
253	theme_tailor_annotation	Annotations for the Theme Tailor code-generator. This package does nothing without Theme Tailor.	1.0.3	85.79291812941533	8	33	7	5	Iteo	iteo.com	MIT	2022-12-13T13:45:39.000Z	https://github.com/Iteo/theme_tailor
254	interact	A collection of customizable interactive command-line components.	2.1.1	85.6628960256577	42	70	6	5	frencojobs	frenco.dev	MIT	2022-10-05T12:51:01.000Z	https://github.com/frencojobs/interact
255	openapi_dart_common	OpenAPI API common libraries so the generator doesn't generate them	4.1.2	85.5285398517748	4	4	5	0	dart-ogurets	bluebiscuitdesign.dev	BSD-2-Clause	2022-07-23T06:32:33.000Z	https://github.com/dart-ogurets/openapi_dart_common
256	squadron	Multithreading and worker thread pool for Dart / Flutter, to offload CPU-bound and heavy I/O tasks to Isolate or Web Worker threads.	4.3.3	85.4895332206475	43	28	0	0	d-markey		MIT	2022-11-30T23:45:23.000Z	https://github.com/d-markey/squadron
257	redux_saga	redux_saga is a library that aims to make application side effects easier to manage, more efficient to execute, easy to test, and better at handling failures.	3.0.6	85.31617041563733	29	34	6	0	reduxsaga		MIT	2022-01-04T14:27:12.000Z	https://github.com/reduxsaga/redux_saga
258	flrx_validator	A powerful, extensible validator package to get validation messages based on a list of rules.	0.6.0	85.31183634551208	4	12	0	14	flrx		MIT	2022-12-11T01:39:56.000Z	https://github.com/flrx/validator
259	rate_limiter	A pure dart package to apply useful rate limiting strategies on regular functions.	1.0.0	85.30750227538681	37	24	4	0	GetStream	getstream.io	MIT	2022-12-14T13:07:39.000Z	https://github.com/GetStream/rate_limiter
260	melos	A tool for managing Dart & Flutter repositories with multiple packages (monorepo). Supports automated versioning via Conventional Commits. Inspired by JavaScripts Lerna package.	2.9.0	85.29450006501105	297	711	124	46	invertase	invertase.io	Apache-2.0	2022-12-09T19:13:05.000Z	https://github.com/invertase/melos/tree/main/packages/melos
261	flutter_translate_annotations	Defines the annotations used by flutter_translate_gen to create statically-typed localization keys.	2.1.0	85.27716378451004	2	6	7	0	Jesway	jesway.com	NOASSERTION	2021-12-11T11:54:21.000Z	https://github.com/bratan/flutter_translate_annotations
262	nyxx_commander	Nyxx Commander Module. Discord library for Dart. Simple, robust framework for creating discord bots for Dart language.	3.0.0	85.18614831187968	5	264	40	4	nyxx-discord	l7ssha.xyz	Apache-2.0	2022-12-12T17:07:06.000Z	https://github.com/nyxx-discord/nyxx
263	in_date_utils	Utils for DateTime. Easily modify, check and copy dates. Get numbers of days in year/month. And many more.	1.1.0	85.12547133012612	16	3	0	0	Innim	innim.ru	BSD-3-Clause	2022-06-15T17:42:48.000Z	https://github.com/Innim/in_date_utils
264	twitter_api_v2	The most famous and powerful Dart/Flutter library for Twitter API v2.0.	4.7.0	85.09513283924935	50	137	25	7	twitter-dart	shinyakato.dev	BSD-3-Clause	2022-12-12T00:57:33.000Z	https://github.com/twitter-dart/twitter-api-v2
265	data_connection_checker_nulls	A pure Dart library that checks for internet by opening a socket to a list of specified addresses, each with individual port and timeout. Defaults are provided for convenience.	0.0.2	85.03012178737052	5	0	0	0	AntiDesert5		NOASSERTION	2022-03-04T19:47:53.000Z	https://github.com/AntiDesert5/data_connection_checker
266	dart_jts	An ongoing effort to port the Java Topology Suite to the dart programming language and make it available to its mobile, dektop and web environments.	0.2.1+1	85.01711957699476	17	18	12	5	moovida	hydrologis.com	NOASSERTION	2022-08-08T22:51:21.000Z	https://github.com/moovida/dart_jts
267	alfred	A performant, expressjs like web server / rest api framework thats easy to use and has all the bits in one place.	1.0.0+1	84.97377887574221	283	447	23	9	rknell		NOASSERTION	2022-12-05T11:26:39.000Z	https://github.com/rknell/alfred
268	compute	Flutter's compute function made available for all non-Flutter Dart programs	1.0.2	84.93043817448967	12	6	0	1	dartsidedev	dartside.dev	BSD-3-Clause	2022-08-14T13:21:31.000Z	https://github.com/dartsidedev/compute
269	odoo_rpc	Odoo RPC Client library for Dart with session changes tracking via steam.	0.5.1	84.80908421098253	31	24	20	5	ERP-Ukraine	erp.co.ua	MIT	2022-10-14T09:02:42.000Z	https://github.com/ERP-Ukraine/odoo-rpc-dart
270	talker	Advanced and simple error handler and logger for dart and flutter apps with history, sharing, customization, etc.	2.1.0+1	84.49269709183895	87	99	7	4	Frezyx	frezycode.com	MIT	2022-12-14T14:43:38.000Z	https://github.com/Frezyx/talker
271	image_compare	Dart package for image comparison. Compare images for difference using a variety of algorithms.	1.1.2	84.42768603996012	32	17	1	3	nitinramadoss		BSD-3-Clause	2022-05-09T12:38:16.000Z	https://github.com/nitinramadoss/image_compare
272	day	A date library Day.js in dart. Day.dart is inspired by Day.js. Write with nearly the same API. Build on the top of the powerful DateTime class.	0.8.0	84.40601568933386	18	60	3	0	dayjs		MIT	2022-02-04T03:55:29.000Z	https://github.com/dayjs/day.dart
273	postgrest	PostgREST client for Dart. This library provides an ORM interface to PostgREST.	1.2.1	84.32366835695402	72	126	31	0	supabase	supabase.io	MIT	2022-11-29T04:26:37.000Z	https://github.com/supabase/postgrest-dart
274	derry	A script manager to help you define script shortcuts and use them effortlessly, and performantly.	1.4.3	84.11996706106704	157	160	18	10	frencojobs	frenco.dev	MIT	2022-10-31T19:59:18.000Z	https://github.com/frencojobs/derry
275	orm	◭ Next-generation ORM for Dart & Flutter | PostgreSQL, MySQL, MariaDB, SQL Server, SQLite, MongoDB and CockroachDB.	2.4.6	84.08962857019027	56	149	4	21	odroe	odroe.com	BSD-3-Clause	2022-12-15T14:05:48.000Z	https://github.com/odroe/prisma-dart
276	cbl	Couchbase Lite is an embedded, NoSQL JSON Document Style database, supporting Blobs, Encryption, N1QL Queries, Live Queries, Full-Text Search and Data Sync.	2.1.3	84.06795821956399	45	72	10	29	cbl-dart	gabriel.terwesten.net	Apache-2.0	2022-12-16T21:42:23.000Z	https://github.com/cbl-dart/cbl-dart
277	bazel_worker	Protocol and utilities to implement or invoke persistent bazel workers.	1.0.2	84.06362414943874	2	19	16	0	dart-lang	tools.dart.dev	BSD-3-Clause	2022-11-10T17:43:12.000Z	https://github.com/dart-lang/bazel_worker
278	network_tools	Networking Tools library which can help you discover open ports, devices on subnet and many other things.	3.0.0+3	84.02028344818619	20	28	7	8	osociety	fsoc13ty.blogspot.com	BSD-3-Clause	2022-11-28T15:25:37.000Z	https://github.com/osociety/network_tools/tree/main/network_tools
279	cli_script	Write scripts that call subprocesses with the ease of shell scripting and the power of Dart.	0.2.6	83.97694274693364	8	19	7	0	google	sass-lang.com	Apache-2.0	2022-10-07T04:50:24.000Z	https://github.com/google/dart_cli_script
280	shelf_hotreload	Wrapper to easily enable hot-reload for shelf applications.	1.3.0	83.95527239630736	35	25	3	0	felixblaschke	felix-blaschke.de	MIT	2022-06-13T18:09:16.000Z	https://github.com/felixblaschke/shelf_hotreload
281	typesense	Dart client library for accessing the HTTP API of Typesense search engine.	0.2.0	83.88159320417805	28	39	9	7	typesense		Apache-2.0	2022-09-14T00:32:40.000Z	https://github.com/typesense/typesense-dart
282	stash	Stash is a key-value store abstraction with plain and cache driven semantics  and support for a pluggable backend architecture.	4.4.1	83.7515711004204	120	72	10	0	ivoleitao	ivoleitao.dev	MIT	2022-12-05T23:19:18.000Z	https://github.com/ivoleitao/stash
283	bs58	Dart package to compute base 58 encoding. This encoding is typically used for crypto currencies such as Bitcoin.	1.0.2	83.64321934728905	6	1	1	0	litaoh		MIT	2021-11-17T01:16:52.000Z	https://github.com/litaoh/base58
284	fast_csv	Classic non-configurable CSV parser suitable for most use cases. Pretty fast parsing.	0.1.44	83.47852468252937	10	3	0	0	mezoni		BSD-3-Clause	2022-06-04T13:45:44.000Z	https://github.com/mezoni/csv_parser
285	time_formatter	Format UNIX timestamps into human-readable strings in Dart; inspired by YouTube's time formatting habits.	1.0.0+5	83.44385212152733	38	9	11	5	tpscrpt		GPL-2.0	2021-05-11T11:25:47.000Z	https://github.com/jeremigendron/time_formatter
286	collision	Collision Detection and 2D geometry library for Dart and/or Flutter.	0.0.3	83.40051142027478	1	1	2	0	xclud		MIT	2021-05-22T15:59:53.000Z	https://github.com/xclud/dart_collision
287	kotlin_flavor	An utility package for providing static extension methods familiar in Kotlin.	0.2.0	83.33983443852121	22	27	0	0	YusukeIwaki	dartpkg.yusuke-iwaki.com	MIT	2021-04-01T11:38:43.000Z	https://github.com/YusukeIwaki/dart-kotlin_flavor
288	charset	Multiple charset Encoding and Decoding Library.	1.1.0	83.23148268538985	11	9	0	0	shirne	shirne.com	Apache-2.0	2022-09-24T03:14:03.000Z	https://github.com/shirne/charset-dart
289	ngdart	Fast and productive web framework by Google. Separate, but similar to the JavaScript framework with a similar name.	7.1.1	83.21848047501409	16	40	5	5	angulardart-community	angulardart.xyz	MIT	2022-12-03T19:31:43.000Z	https://github.com/angulardart-community/angular
290	stash_memory	Memory storage extension for the stash API. Provides support to store vaults  and caches in-memory	4.4.1	83.11446279200797	4	72	10	0	ivoleitao	ivoleitao.dev	MIT	2022-12-05T23:19:18.000Z	https://github.com/ivoleitao/stash
291	geocore	Geospatial data structures (points, geometry, features, meta) and parsers (GeoJSON, WKT) for Dart.	0.10.0	82.86742079486847	11	20	3	31	navibyte	navibyte.com	NOASSERTION	2022-12-02T20:19:03.000Z	https://github.com/navibyte/geospatial
292	unleash	A Server Side Dart SDK for Unleash. Unleash is an open-source feature flag service.	0.4.1	82.59004030685216	16	11	8	5	ivarconr	getunleash.io	Apache-2.0	2022-11-06T20:09:00.000Z	https://github.com/ivarconr/unleash-client-dart
293	ethereum_addresses	A dart library to generate, checksum, and validate Ethereum addresses	1.0.2	82.45135006284401	8	1	1	0	fuseio	fuse.io	MIT	2021-12-05T10:42:17.000Z	https://github.com/fuseio/dart-ethereum_address
294	xid	Xid is a globally unique id generator. Xids are small, fast to generate, sortable, compact URL-safe string with no configuration or central generator server.	1.0.12	82.434013782343	15	5	2	0	pitabwire		MIT	2022-11-13T11:15:31.000Z	https://github.com/pitabwire/xid
295	gql_build	Useful builders for your GraphQL SDL and documents. Based on package:gql_code_builder and package:build	0.7.0	82.39934122134096	13	240	99	56	gql-dart	gql-dart.dev	MIT	2022-12-03T23:04:15.000Z	https://github.com/gql-dart/gql
296	at_commons	A library of Dart and Flutter utility classes that are used across other components of the atPlatform.	3.0.32	82.27365318770858	13	24	9	11	atsign-foundation	atsign.org	BSD-3-Clause	2022-12-15T11:45:19.000Z	https://github.com/atsign-foundation/at_tools
297	at_utils	A Dart library that contains various utility classes such as atSign, atmetadata, configuration, and logger.	3.0.11	82.20864213582976	7	24	9	11	atsign-foundation	atsign.org	BSD-3-Clause	2022-12-15T11:45:19.000Z	https://github.com/atsign-foundation/at_tools
298	big_decimal	A bugless implementation of BigDecimal in Dart based on Java's BigDecimal	0.3.1	82.09595631257314	9	18	0	2	bugless	bugless.dev	MIT	2022-03-15T20:39:26.000Z	https://github.com/bugless/big-decimal
299	messagepack	Streaming API implementation of MessagePack binary serialization format - msgpack.	0.2.1	82.0136089801933	30	17	8	5	nailgilaziev		BSD-3-Clause	2022-04-21T07:58:45.000Z	https://github.com/nailgilaziev/messagepack
300	test_descriptor	An API for defining and verifying directory structures.	2.0.1	81.99193862956703	2	7	8	0	dart-lang	tools.dart.dev	BSD-3-Clause	2022-11-07T16:13:31.000Z	https://github.com/dart-lang/test_descriptor
301	dhttpd	A static HTTP file server for easy local hosting of a directory.	4.0.1	81.84024617518311	68	82	18	10	kevmoo	j832.com	BSD-3-Clause	2022-11-09T20:33:26.000Z	https://github.com/kevmoo/dhttpd
302	country	Generated country class with country_generator using countries.	2.0.3	81.70155593117497	9	0	1	0	aaassseee		MIT	2022-12-13T01:47:03.000Z	https://github.com/aaassseee/country/tree/master/country
303	flat	A simple, no dependency 🚀 way to take a nested Map and flatten it into a single depth Map. Based on Node.js `flat` package.	0.4.1	81.6408789494214	11	8	2	1	danilofuchs		MIT	2021-11-18T20:51:29.000Z	https://github.com/danilofuchs/flat
304	esp_smartconfig	EspTouch and EspTouchV2 implementations of SmartConfig provisioning protocols. Plain Dart. All platforms.	1.1.10	81.59753824816886	12	25	2	0	abobija	abobija.com	MIT	2022-08-11T22:10:49.000Z	https://github.com/abobija/esp-smartconfig-dart
305	very_good_cli	A Very Good Command-Line Interface for Dart created by Very Good Ventures.	0.9.1	81.41984137303342	387	1755	148	52	VeryGoodOpenSource	verygood.ventures	MIT	2022-12-17T23:33:26.000Z	https://github.com/VeryGoodOpenSource/very_good_cli
306	import_lint	The Import Lint package defines import lint rules and report on lints found in Dart code.	0.9.4	81.40683916265765	13	15	1	4	kawa1214	kawa.dev	NOASSERTION	2022-12-09T21:05:33.000Z	https://github.com/kawa1214/import-lint
307	gviz	A simple utility for creating GraphViz directed graphs using an object oriented API.	0.4.0	81.37216660165562	7	15	5	1	kevmoo	j832.com	BSD-3-Clause	2022-11-10T01:44:01.000Z	https://github.com/kevmoo/gviz
308	turf	A turf.js-like geospatial analysis library working with GeoJSON, written in pure Dart.	0.0.7	81.3158236900273	21	29	12	21	dartclub	dartlang.rocks	MIT	2022-09-30T04:59:57.000Z	https://github.com/dartclub/turf_dart
309	at_lookup	A Dart library that contains the core commands that can be used with a secondary server (scan, update, lookup, llookup, plookup, etc.)	3.0.33	81.17713344601916	8	35	10	15	atsign-foundation	atsign.org	BSD-3-Clause	2022-12-16T04:23:20.000Z	https://github.com/atsign-foundation/at_libraries
310	equations	An equation solving library that also works with complex numbers and fractions.	4.1.0	81.15546309539289	52	42	3	1	albertodev01	fluttercompletereference.com	MIT	2022-09-09T12:46:12.000Z	https://github.com/albertodev01/equations
311	const_date_time	A drop-in replacement for Dart's DateTime class with const constructors.	1.0.2	80.63104061023706	1	1	1	0	westy92	westy92.com	MIT	2022-12-18T05:02:06.000Z	https://github.com/westy92/const-date-time
312	browser_detector	Dart browser detector library. Detects popular browsers, engines and platforms by analyzing the user agent string. Safe to use with Flutter Native.	2.0.0	80.57903176873403	3	1	1	0	aicantar	aicantar.com	MIT	2021-11-14T09:53:46.000Z	https://github.com/aicantar/browser_detector
313	cloudinary	A dart package to integrate Cloudinary API in Dart and Flutter.	1.0.3	80.5226888571057	1	1	0	0	nixrajput	nixlab.co.in	GPL-3.0	2022-09-11T01:00:40.000Z	https://github.com/nixrajput/cloudinary-dart
314	persian_tools	An anthology of a variety of tools for the Persian language which you can use in all platform that dart supports	1.0.3	80.48368222597841	39	53	9	4	persian-tools		MIT	2022-11-28T06:29:05.000Z	https://github.com/persian-tools/dart-persian-tools
315	simple_link_preview	Returns a simple metadata for generating a weblink preview by examining the html <meta> tags.	1.0.2	80.47934815585316	8	3	0	0	sonnts996		AGPL-3.0	2021-10-05T02:55:07.000Z	https://github.com/sonnts996/simple_link_preview
316	stream_bloc	Modern implementation of the Original BLoC that uses asynchronous generators to describe relationships between events and states.	0.5.3	80.41433710397435	27	24	5	1	purplenoodlesoop		MIT	2022-11-12T21:51:36.000Z	https://github.com/purplenoodlesoop/stream-bloc
317	sqlparser	Parses sqlite statements and performs static analysis on them	0.24.0	80.41000303384908	16	1797	237	103	simolus3	simonbinder.eu	MIT	2022-12-17T20:37:15.000Z	https://github.com/simolus3/drift
318	ubuntu_service	Simple service locator API based on GetIt.	0.2.0	80.28864907034196	3	3	0	0	ubuntu-flutter-community		MPL-2.0	2022-07-20T11:43:21.000Z	https://github.com/ubuntu-flutter-community/ubuntu_service
319	bloc_event_transformers	Configurable transformers for your bloc (bloclibrary.dev) events. Throttle, debounce, skip, and delay with ease.	1.0.1	80.22363801846313	4	3	2	1	wrbl-xyz	wrbl.xyz	MIT	2022-03-15T13:37:47.000Z	https://github.com/wrbl-xyz/bloc_event_transformers
320	dio_proxy_adapter	Simple proxy configuration for Dio	1.0.1	80.19763359771162	2	0	0	0	netsells		MIT	2022-05-17T10:07:26.000Z	https://github.com/netsells/dio-proxy-adapter
321	eip55	Utility to convert an upper or lower case Web3/Ethereum address to a checksum address (EIP55).	1.0.2	80.03727300307719	4	1	0	0	xclud	pwa.ir	MIT	2022-01-03T15:20:42.000Z	https://github.com/xclud/dart_eip55
322	slang_build_runner	build_runner integration for slang. This library ensures that slang is recognized by build_runner.	3.6.0	79.98959823169939	2	183	18	8	Tienisto	tienisto.com	MIT	2022-12-17T01:03:43.000Z	https://github.com/Tienisto/slang
323	korea_regexp	정규표현식을 이용해서 한국어를 더 쉽게 다룰 수 있게 해주는 플러그인입니다.	0.2.0+3	79.9592597408226	25	13	2	2	jpoh281	honor-driven.dev	MIT	2022-08-29T13:44:49.000Z	https://github.com/jpoh281/flutter_korea_regexp
324	shelf_swagger_ui	Present clean and professional documentation with Swagger + shelf.	1.0.0+2	79.72521995405886	61	20	0	1	Flutterando	flutterando.com.br	NOASSERTION	2022-07-11T01:20:52.000Z	https://github.com/Flutterando/shelf_swagger_ui
325	rohd	The Rapid Open Hardware Development (ROHD) framework, a framework for describing and verifying hardware	0.4.1	79.7208858839336	11	234	32	68	intel		NOASSERTION	2022-12-16T17:58:08.000Z	https://github.com/intel/rohd
326	dart_random_choice	A library for generating a random choice from an iterable.	0.0.2	79.70354960343259	14	4	2	0	kmorkos		MIT	2021-02-15T21:16:11.000Z	https://github.com/kmorkos/dart_random_choice
327	stream_feed	Stream Feed official Dart SDK. Build your own feed experience using Dart and Flutter.	0.6.0+2	79.68187925280631	18	67	25	31	GetStream	getstream.io	NOASSERTION	2022-11-15T01:27:16.000Z	https://github.com/GetStream/stream-feed-flutter
328	extra_pedantic	Stricter Dart analyzer linter settings and best practices.	3.0.0	79.58652971005071	22	33	4	36	modulovalue	modulovalue.com	NOASSERTION	2022-09-17T15:13:29.000Z	https://github.com/modulovalue/extra_pedantic
329	surf_logger	Logger for Dart & Flutter	1.1.0	79.52151865817189	21	7	0	0	surfstudio	surf.ru	Apache-2.0	2022-05-12T10:59:15.000Z	https://github.com/surfstudio/flutter-surf-logger
330	dart_mappable	Improved json serialization and data classes with full support for generics, inheritance, customization and more.	1.2.0	79.3481558531617	61	26	3	5	schultek	schultek.de	MIT	2022-12-15T12:03:21.000Z	https://github.com/schultek/dart_mappable
331	ferry_exec	A strongly typed execution interface for GraphQL operations	0.3.0	79.25714038053135	1	477	90	51	gql-dart	gql-dart.dev	MIT	2022-12-11T21:44:13.000Z	https://github.com/gql-dart/ferry
332	serverpod_auth_server	Serverpod authentication server module.	0.9.21	79.2528063104061	4	970	71	76	serverpod	serverpod.dev	BSD-3-Clause	2022-12-17T16:30:47.000Z	https://github.com/serverpod/serverpod
333	binary	Utilities for accessing binary data and bit manipulation in Dart and Flutter	3.0.1	79.17479304815151	13	21	13	1	matanlurey	lurey.dev	MIT	2022-06-27T00:22:31.000Z	https://github.com/matanlurey/binary
334	casbin	An authorization library that supports access control models like ACL, RBAC, ABAC.	0.1.0	79.14445455727474	7	31	13	1	casbin	casbin.org	Apache-2.0	2022-07-17T10:21:30.000Z	https://github.com/casbin/dart-casbin
335	chunked_uploader	A plugin to upload files to server in chunks using Dio.	0.1.0	79.04477094439389	16	11	1	1	Taskulu		MIT	2021-03-29T08:16:30.000Z	https://github.com/Taskulu/chunked_uploader
336	win32_registry	A set of helper classes for working with the Windows registry.	1.0.2	78.95808954188878	15	19	3	1	timsneath	sneath.org	BSD-3-Clause	2022-08-12T16:56:08.000Z	https://github.com/timsneath/win32_registry
337	rohd_vf	The ROHD Verification Framework, a verification framework built upon ROHD for building testbenches.	0.4.1	78.82806743813114	3	17	6	6	intel		NOASSERTION	2022-11-29T23:01:54.000Z	https://github.com/intel/rohd-vf
338	dart_vlc_ffi	package:dart_vlc internal dependency package.	0.2.0+1	78.75872231612708	14	413	108	28	alexmercerind		LGPL-2.1	2022-12-01T03:01:49.000Z	https://github.com/alexmercerind/dart_vlc
339	word_search	A word search puzzle generator built with dart.This library allows you to create a puzzle from a list of input words that can be arranged in many orientations.	0.1.2	78.72838382525029	34	11	11	3	nisheed2440		BSD-3-Clause	2021-09-27T11:32:28.000Z	https://github.com/nisheed2440/word_search.dart
340	interpolation	A Dart package to handle dynamic String & Json interpolation.	2.1.2	78.63736835261994	8	6	0	1	Terran-Source	marganam.com	MIT	2021-09-14T09:49:15.000Z	https://github.com/Terran-Source/dart-interpolation
341	dog	Simple and pretty log package for Dart, includes Flutter and web.	1.4.0	78.63303428249469	10	3	1	1	chenenyu		Apache-2.0	2021-10-20T07:14:10.000Z	https://github.com/chenenyu/dog
342	surf_lint_rules	Lint rules for "Surf" company for Dart and Flutter projects.	1.5.0	78.56802323061586	39	17	2	0	surfstudio	surf.ru	Apache-2.0	2022-05-12T10:57:14.000Z	https://github.com/surfstudio/flutter-surf-lint-rules
343	namefully	A Dart utility for handling person names in a particular order, way, or shape.	0.1.8+1	78.4596714774845	23	3	0	0	ralflorent	ralflorent.com	MIT	2022-11-14T02:30:10.000Z	https://github.com/ralflorent/namefully-dart
344	wav	Super simple pure Dart package for reading and writing WAV files.	1.2.0	78.37299007497941	10	7	2	0	liamappelbe		Apache-2.0	2022-10-24T21:58:32.000Z	https://github.com/liamappelbe/wav
345	coingecko_api	Dart package that provides simple access to the CoinGecko API (Version 3)	1.1.0+2	78.34698565422788	16	11	4	1	yegor-pelykh		MIT	2022-09-19T07:35:54.000Z	https://github.com/yegor-pelykh/coingecko_api
346	mpesa	This is a dart wrapper around mpesa daraja api. Written in pure dart which means it's framework agnostic(ios,android,web,plain dart,fuschia) and works out of the box.	2.0.2	78.3079790231006	29	19	14	0	newtonmunene99	newtonmunene.me	MIT	2022-01-18T14:51:40.000Z	https://github.com/newtonmunene99/mpesa-dart
347	actions_toolkit_dart	The GitHub ToolKit for developing GitHub Actions in Dart.	0.5.1	78.2689723919733	2	6	1	7	dkrutskikh		MIT	2022-12-13T09:04:41.000Z	https://github.com/dkrutskikh/actions-toolkit-dart
348	country_list	A dart library provides a list of country data like Country Name, Dial Code, ISO Code.	0.0.5	78.212629480345	4	1	0	0	crawlinknetworks	crawlink.com	MIT	2021-06-10T10:57:36.000Z	https://github.com/crawlinknetworks/country_list
349	configcat_client	Dart (Flutter) SDK for ConfigCat. ConfigCat is a hosted feature flag service that lets you manage feature toggles across frontend, backend, mobile, desktop apps.	2.3.0	78.17795691934295	4	5	4	1	configcat	configcat.com	MIT	2022-12-10T16:17:59.000Z	https://github.com/configcat/dart-sdk
350	fingerprintjs	Fingerprintjs wrapper for Dart - A modern & flexible browser fingerprinting library	2.0.0	78.11727993758939	10	3	2	3	samihaddad	samihaddad.dev	MIT	2021-07-04T14:25:17.000Z	https://github.com/samihaddad/dart-fingerprintjs
351	flusmic	A functional and kind of elegant Prismic.io integration for Dart and Flutter.	3.2.3	78.09560958696312	9	22	9	1	PixelaGt	pixela.tech	MIT	2022-08-23T23:24:50.000Z	https://github.com/PixelaGt/flusmic
352	aes256gcm	AES-256-GCM symmetric encryption functions that allow to encrypt/decrypt package	1.0.1	77.8962423612014	3	8	2	0	swiftyapp	getswifty.pro	MIT	2021-12-17T23:32:45.000Z	https://github.com/swiftyapp/aes-256-gcm-dart
353	dart_nats	A Dart client for the NATS messaging system. Design to use with Dart and flutter.	0.6.1	77.87457201057512	31	32	10	1	chartchuo		MIT	2022-11-16T08:59:17.000Z	https://github.com/chartchuo/dart-nats
354	realm_dart	The official Realm SDK for Dart. Realm is a mobile database - an alternative to SQLite and key-value stores.	0.8.0+rc	77.67087071468816	13	525	44	125	realm	realm.io	Apache-2.0	2022-12-17T14:16:25.000Z	https://github.com/realm/realm-dart
355	persian	Utilities and Humanizer for Persian language and culture. Includes some String extensions and PersianDate class.	1.2.0	77.49317383955272	33	9	2	0	xclud	pwa.ir	MIT	2022-12-11T12:43:14.000Z	https://github.com/xclud/dart_persian
356	data_class_plugin	A tool that uses Dart's Analyzer to generate code on-the-fly.	0.0.5	77.48017162917697	6	5	1	10	spideythewebhead		MIT	2022-12-17T16:20:58.000Z	https://github.com/spideythewebhead/dart_data_class_plugin
357	bidi	Implementation of the Bidi algorithm, as described in http://www.unicode.org/reports/tr9/tr9-17.html.	2.0.4	77.44116499804967	9	1	2	0	xclud	pwa.ir	MIT	2022-12-14T05:54:50.000Z	https://github.com/xclud/dart_bidi
358	string_ext	Dart extension methods for String. Provides a more convenient and powerful API for working with strings.	0.2.0	77.39349022667187	3	1	0	0	Innim	innim.ru	BSD-3-Clause	2021-08-11T15:55:51.000Z	https://github.com/Innim/dart_string_extensions
359	ubuntu_session	Native Dart client library to access the GNOME Session Manager	0.0.3	77.25479998266373	4	7	2	2	canonical	canonical.com	MPL-2.0	2022-11-14T15:59:20.000Z	https://github.com/canonical/ubuntu_session.dart
360	tint	A library for terminal string styling as an extension on `String`.	2.0.0	77.2374637021627	20	26	2	2	frencojobs	frenco.dev	MIT	2021-11-03T15:54:04.000Z	https://github.com/frencojobs/tint
361	tonic	Classes and methods for representing and manipulating concepts from music theory: Pitch, PitchClass, Interval, Scale, Chord.	0.2.4	77.19412300091015	21	41	12	4	osteele		MIT	2021-07-05T13:12:47.000Z	https://github.com/osteele/dart-tonic
362	axios	Simple, zero-configuration command-line http server	1.0.1+1	77.05543275690201	21	1	0	0	Sayegh7		MIT	2021-03-07T15:54:25.000Z	https://github.com/Sayegh7/axios
363	freezer	Provides the easiest and most productive automatic generation of model objects from JSON files.	0.6.1	77.00775798552421	21	14	2	6	myConsciousness	shinyakato.dev	BSD-3-Clause	2022-12-17T03:05:12.000Z	https://github.com/myConsciousness/freezer
364	analytics	Interface for working with analytic services. The library is supposed to unify work with various analytic services.	1.0.2	76.95574914402114	31	12	1	0	surfstudio	surf.ru	Apache-2.0	2022-05-12T10:52:59.000Z	https://github.com/surfstudio/flutter-analytics
365	pana	PAckage aNAlyzer - produce a report summarizing the health and quality of a Dart package.	0.21.23	76.91674251289385	81	148	41	64	dart-lang	tools.dart.dev	BSD-3-Clause	2022-12-17T19:38:13.000Z	https://github.com/dart-lang/pana
366	flutter_sanity	Dart libary to query the Sanity.io API. Supports running queries and downloading files.	1.1.0	76.86039960126556	13	7	1	1	joelrose		BSD-3-Clause	2022-10-25T13:47:15.000Z	https://github.com/joelrose/flutter_sanity
367	dlna_dart	simple dlna client in pure dart,works fine in flutter,do all the job less than 500 lines	0.0.8	76.78672040913622	9	17	4	2	suconghou		BSD-3-Clause	2022-10-30T06:08:08.000Z	https://github.com/suconghou/dlna-dart
368	package_rename	A Blazingly Fast way to configure your awesome flutter project to be production ready.	1.0.0+1	76.68270272613012	10	3	0	1	OutdatedGuy	outdatedguy.rocks	BSD-3-Clause	2022-08-18T18:54:11.000Z	https://github.com/OutdatedGuy/package_rename
369	min_id	ID generator for dart easily like eat 🥮🥮🥮🥮. You can generate unique string, unique number, unique any thing by min_id 👍.	1.1.0	76.63069388462705	8	1	0	1	tvc12	4pet.social	BSD-3-Clause	2021-03-27T15:11:40.000Z	https://github.com/tvc12/min_id
370	rsa_pkcs	Privacy-Enhanced Mail (PEM) parser, RSA, PKCS#1, PKCS#8, X.509	2.0.1	76.61769167425129	3	5	21	5	amaurel		Apache-2.0	2022-02-14T08:06:49.000Z	https://github.com/amaurel/rsa_pkcs
371	php_serializer	Serialize and deserialize Strings that the Php-Functions serialize created or unserializecan parse, so Dart code can communicate with Php in its native format	1.1.0	76.58301911324925	5	5	0	0	Manu311	manu311.de	BSD-2-Clause	2022-01-12T11:24:48.000Z	https://github.com/Manu311/dart-php_serializer
372	cherrypick	Cherrypick is a small dependency injection (DI) library for dart/flutter projects.	1.0.2	76.51800806137044	7	4	2	3	pese-git		Apache-2.0	2022-08-10T14:27:04.000Z	https://github.com/pese-git/cherrypick
373	figma	A Figma API wrapper library for interacting with Figma documents, written in pure Dart.	3.6.0	76.42699258874008	9	14	11	0	arnemolland	molland.sh	MIT	2022-09-16T04:59:56.000Z	https://github.com/arnemolland/figma
374	fixed	Fixed scale decimal numbers with mathematical operations, formatting and parsing.	2.3.2	76.24496164347939	2	6	2	0	onepub-dev	onepub.dev	MIT	2022-11-20T22:28:21.000Z	https://github.com/onepub-dev/fixed
375	conduit_common	Common classes shared by conduit projects.	4.0.1	76.10627139947125	1	0	0	1	bsutton	theconduit.dev	BSD-2-Clause	2021-03-30T19:56:04.000Z	https://github.com/bsutton/conduit-orm
376	cancellation_token	Easy async task cancellation for tasks using cancellation tokens in Dart.	1.5.0	76.08893511897023	6	2	0	0	JonathanPeterCole	jonathancole.dev	NOASSERTION	2022-10-02T17:26:41.000Z	https://github.com/jonathanpetercole/dart-cancellation-token
377	triple_test	Test Helper for Store of flutter_triple with Mocktail.	1.0.0+1	76.03259220734192	6	132	30	10	Flutterando	flutterando.com.br	MIT	2022-12-14T20:41:16.000Z	https://github.com/Flutterando/triple_pattern
378	lcov_dart	Parse and format to LCOV your code coverage reports. The best way to share your code coverage stats.	7.0.0	76.02392406709141	1	0	0	0	MohiuddinM		MIT	2021-03-15T14:49:51.000Z	https://github.com/MohiuddinM/lcov.dart
379	monarch_annotations	Annotations for Monarch. Monarch is a tool for building Flutter widgets in isolation. It makes it easy to build, test and debug complex UIs.	1.0.2	75.85056126208121	7	334	10	8	Dropsource	monarchapp.io	MIT	2022-12-14T20:57:36.000Z	https://github.com/Dropsource/monarch
380	wasm	Utilities for loading and running WASM modules from Dart code	0.1.0+1	75.81155463095392	79	282	23	26	dart-lang	labs.dart.dev	BSD-3-Clause	2022-12-09T04:02:17.000Z	https://github.com/dart-lang/wasm
381	assets_gen	The assets_gen package helps you to generate a .dart file that contains all assets according to `pubspec.yaml`.	1.3.0	75.58184891431543	24	14	3	0	chenenyu		Apache-2.0	2022-11-14T06:18:24.000Z	https://github.com/chenenyu/assets_gen
382	cp949	CP949 Encoder/Decoder	1.2.1	75.57318077406492	9	11	9	3	jjangga0214		MIT	2021-06-04T16:34:07.000Z	https://github.com/jjangga0214/dart-cp949
383	gotrue	A dart client library for the GoTrue API.	1.3.0	75.53417414293764	8	40	35	1	supabase	supabase.io	MIT	2022-12-17T19:38:21.000Z	https://github.com/supabase/gotrue-dart
384	realtime_client	Listens to changes in a PostgreSQL Database and via websockets. This is for usage with Supabase Realtime server.	1.0.1	75.44749274043254	45	76	16	0	supabase	supabase.io	MIT	2022-12-08T11:29:54.000Z	https://github.com/supabase/realtime-dart
385	geobase	Geospatial data structures, projections, tiling schemes and vector data support (GeoJSON, WKT, WKB).	0.4.0	75.41715424955576	5	20	3	31	navibyte	navibyte.com	NOASSERTION	2022-12-02T20:19:03.000Z	https://github.com/navibyte/geospatial
386	ngforms	Forms framework for AngularDart. Easily create forms to accept input from users.	4.1.1	75.35214319767694	3	40	5	5	angulardart-community	angulardart.xyz	MIT	2022-12-03T19:31:43.000Z	https://github.com/angulardart-community/angular
387	ngrouter	Router for AngularDart. It enables navigation from one view to the next as users perform tasks.	3.1.1	75.2784640055476	3	40	5	5	angulardart-community	angulardart.xyz	MIT	2022-12-03T19:31:43.000Z	https://github.com/angulardart-community/angular
388	expect	A tiny expectation library for writing tests based on matcher and test.	0.0.2	75.1744463225415	2	14	3	4	jonahwilliams	jonahwilliams.dev	BSD-3-Clause	2022-08-01T09:47:16.000Z	https://github.com/jonahwilliams/tester
389	dart_casing	Dart library for changing String case style to the desired convention.	2.0.0	75.1354396914142	5	3	3	1	Jesway	jesway.com	NOASSERTION	2021-12-11T12:20:24.000Z	https://github.com/bratan/dart_casing
390	username_generator	A simple library for generating random and seedable username for emails or user forms	1.3.0	75.11810341091318	15	1	1	0	prikeshsavla	prikeshsavla.com	MIT	2021-03-07T03:45:36.000Z	https://github.com/prikeshsavla/username_generator.dart
391	windows1251	Cyrillic windows-1251 (cp1251) encoding implementation for Dart.	0.0.3	75.00541758765657	5	3	0	0	ykmnkmi		MIT	2021-08-11T13:29:21.000Z	https://github.com/ykmnkmi/windows1251.dart
392	wake_on_lan	Send wake on LAN magic packets to devices on your local network.	3.0.0	74.88406362414945	10	3	0	0	JagandeepBrar	jagandeepbrar.io	GPL-3.0	2022-03-10T22:28:31.000Z	https://github.com/JagandeepBrar/wake-on-lan
393	stream	Lightweight Dart web server supporting request routing, filtering, template engine, MVC design pattern, and file-based static resources.	3.0.3	74.74970745026654	8	226	22	1	rikulo	quire.io	Apache-2.0	2022-10-18T04:03:15.000Z	https://github.com/rikulo/stream
394	palestine_console	Print.color() to console in any platform, more features will be added later.	0.0.10	74.72803709964028	19	2	0	0	PalestineDevelopers	msayed.net	BSD-3-Clause	2022-02-08T10:33:28.000Z	https://github.com/PalestineDevelopers/console
395	es_compression	Compression framework providing FFI implementations for Brotli, Lz4, Zstd (Zstandard) with ready-to-use prebuilt binaries for Win/Linux/Mac.	2.0.8	74.62401941663416	28	27	6	1	instantiations	instantiations.com	BSD-3-Clause	2022-10-03T13:38:37.000Z	https://github.com/instantiations/es_compression
396	string_stats	string_stats provides utility functions and classes for determining basic frequency statistics on strings. Provides support for asynchronous or incremental accumulation. Includes word count, character count, character frequency, word frequency, line count and more.	0.1.0	74.38564555974516	5	0	0	0	ALMDart	almaclaine.com	MIT	2021-12-28T00:48:54.000Z	https://github.com/ALMDart/dart_string_stats
397	dart_big5	This package provides encode, decode method for big5.	0.0.5	74.21661682486022	1	0	1	0	RPMTW		NOASSERTION	2021-10-11T13:04:30.000Z	https://github.com/RPMTW/dart-big5
398	binary_codec	Dart library for converting standard data types to a binary format and back	2.0.3	74.18194426385818	6	5	4	1	stefan-zemljic		MIT	2021-09-22T12:02:23.000Z	https://github.com/stefan-zemljic/pub_dev_binary_codec
399	galaxeus_lib	All in one library for help you make easy app on cross platform and support server side, inclue tcp, fetch, event emitter, websocket, and more.	0.0.34	74.17761019373293	1	0	0	0	galaxeus		NOASSERTION	2022-12-15T05:50:56.000Z	https://github.com/galaxeus/galaxeus_lib
400	nyxx_commands	A framework for easily creating slash commands and text commands for Discord using the nyxx library.	4.3.0	73.99991331859749	6	6	2	1	nyxx-discord	l7ssha.xyz	Apache-2.0	2022-12-12T07:46:56.000Z	https://github.com/nyxx-discord/nyxx_commands
401	cp949_codec	The best package for cp949 decoding/encoding. support null-safety, less memory comsumption. include examples and tests	0.1.1	73.98257703809648	4	3	0	3	letyletylety	letyarch.blogspot.com	BSD-3-Clause	2022-11-02T01:15:52.000Z	https://github.com/letyletylety/cp949_codec
402	tinkoff_acquiring	Flutter Tinkoff Acquiring SDK is a simple way to integrate payments into your mobile application.	3.0.7	73.97824296797123	31	41	6	4	MadBrains	madbrains.ru	MIT	2022-12-17T12:59:14.000Z	https://github.com/MadBrains/Tinkoff-Acquiring-SDK-Flutter
403	events_emitter	An intuitive Event-based system, inspired by NodeJS's Event Emitter. Allows for multiple data types with type safety events. Based on JavaScript and suitable for Dart and Flutter.	0.5.2	73.95657261734495	6	5	1	0	DrafaKiller	drafakiller.com	MIT	2022-11-11T21:12:31.000Z	https://github.com/DrafaKiller/EventEmitter-dart
404	sample_exception	Define a generic exception for all project and library. help the Developer code easer with error and exception.	1.0.2	73.73120097083171	0	0	0	0	sonnts996		AGPL-3.0	2022-06-20T04:24:42.000Z	https://github.com/sonnts996/sample_exception
405	serverpod_auth_client	Serverpod authentication client.	0.9.21	73.38880943093659	4	970	71	76	serverpod	serverpod.dev	BSD-3-Clause	2022-12-17T16:30:47.000Z	https://github.com/serverpod/serverpod
406	dart_pusher_channels	Dart implementation of client of Pusher Channels protocol, instrument to work with real-time applications.	0.3.1+1	73.37147315043558	16	9	3	3	kerimamansaryyev		MIT	2022-12-18T12:42:49.000Z	https://github.com/mcfugger/dart_pusher_channels
407	telegram_client	Telegram Client Lightweight, blazing and Highly customizable for make application telegram based tdlib, mtproto, or bot api and support server side.	0.3.83	73.19377627530014	54	68	9	5	azkadev		NOASSERTION	2022-12-14T00:56:31.000Z	https://github.com/azkadev/telegram_client/tree/main/dart/telegram_client
408	fftea	Fast Fourier Transform (FFT) library that can handle inputs of any size. Includes related tools such as STFT and convolution.	1.2.0+1	73.18510813504963	20	29	0	8	liamappelbe		Apache-2.0	2022-12-11T08:22:10.000Z	https://github.com/liamappelbe/fftea
409	multiple_random_choice	A function library to choose multiple items randomly. This library supports weighted randomly choosing too. Typical examples of usage are lottery and gacha.	0.1.3+1	72.91206171715858	3	0	0	1	MenEnger	hrimfaxi-lab.com	BSD-3-Clause	2021-12-18T02:18:43.000Z	https://github.com/MenEnger/dart_multiple_random_choice
410	geoclue	GeoClue: The Geolocation Service	0.1.1	72.83404845490399	2	7	4	1	canonical	canonical.com	MPL-2.0	2022-11-22T06:14:47.000Z	https://github.com/canonical/geoclue.dart
411	google_vision	Allows you to add Google Visions image labeling, face, logo, and landmark detection, OCR, and detection of explicit content, into applications.	1.0.5+3	72.82538031465349	8	5	2	0	faithoflifedev	muayid.com	MIT	2022-12-01T14:38:15.000Z	https://github.com/faithoflifedev/google_vision
412	dart_periphery	dart_periphery is a Dart port of the native c-periphery library for Linux Peripheral I/O (GPIO, LED, PWM, SPI, I2C, MMIO and Serial peripheral I/O).	0.9.3	72.63901529926754	33	25	4	3	pezi	flutterdev.at	BSD-3-Clause	2022-12-15T15:59:21.000Z	https://github.com/pezi/dart_periphery
413	cloudinary_dart	Cloudinary is a cloud service that offers a solution to a web application's entire image management pipeline	0.0.10	72.62167901876653	1	4	0	0	cloudinary	cloudinary.com	MIT	2022-12-01T09:45:02.000Z	https://github.com/cloudinary/cloudinary_dart
414	easy_onvif	A pure Dart library designed primarily for command line automation of Onvif compatible devices, but can be used anywhere Dart is used.	2.0.13+17	72.60867680839075	10	13	6	2	faithoflifedev	muayid.com	MIT	2022-12-14T20:44:29.000Z	https://github.com/faithoflifedev/easy_onvif
415	all_lint_rules_community	Automatically updated all lint rules file !	0.0.20	72.6043427382655	14	21	1	0	gaetschwartz		MIT	2022-12-13T12:27:33.000Z	https://github.com/gaetschwartz/all_lint_rules
416	vin_decoder	Dart library for working with Vehicle Identification Numbers (VINs) based on ISO 3779:2009 and World Manufacturer Identifiers (WMIs) based on ISO 3780:2009, enriched by NHTSA data.	0.1.4+1	72.58267238763924	13	23	9	3	adaptant-labs	adaptant.io	Apache-2.0	2022-12-07T19:49:44.000Z	https://github.com/adaptant-labs/vin-decoder-dart
417	firebase_auth_dart	Pure Dart implementation of FlutterFire Auth API	1.0.1	72.43531400338058	19	284	35	18	invertase	invertase.io	NOASSERTION	2022-11-05T03:27:18.000Z	https://github.com/invertase/flutterfire_desktop
418	dartz_test	Provides matchers to help unit-testing your apps when using functional programming types defined in the dartz package.	0.1.1	72.29228968924717	0	0	1	0	SuperMuel	supermuel.fr	BSD-3-Clause	2022-11-17T09:30:50.000Z	https://github.com/SuperMuel/dartz_test
419	at_client	The at_client library is the non-platform specific Client SDK which provides the essential methods for building an app using the atProtocol.	3.0.49	72.25328305811988	12	1582	30	122	atsign-foundation	atsign.org	BSD-3-Clause	2022-12-16T12:36:09.000Z	https://github.com/atsign-foundation/at_client_sdk
420	bolt11_decoder	A decoder for Bitcoins Lightning Network BOLT11 invoices for use in wallet apps.	1.0.1	72.17093572574004	2	4	4	1	fusion44	sendmany.app	MIT	2022-05-01T07:51:46.000Z	https://github.com/fusion44/dart_bolt11_decoder
421	stash_dio	Dio extension for the stash API. Provides an interceptor that uses stash as a caching layer for Dio	4.5.0	72.10592467386122	7	72	10	0	ivoleitao	ivoleitao.dev	MIT	2022-12-05T23:19:18.000Z	https://github.com/ivoleitao/stash
422	plist_parser	A Flutter Plugin for Plist parser supporting XML and Binary formats.	0.0.9	72.04958176223292	4	4	3	0	dirablue		MIT	2022-05-11T15:05:20.000Z	https://github.com/dirablue/plist_parser
423	via_cep	Uma biblioteca para consulta de CEP para desenvolvedores Dart (Console, Web e Flutter).	1.0.6	71.7938716248429	11	16	13	5	mateuspenha		BSD-3-Clause	2021-10-05T14:29:36.000Z	https://github.com/mateuspenha/via_cep
424	localregex	Collection of regex patterns commonly used in Zimbabwe. Regex patterns include mobile numbers, passports, vehicle license plates, driver's license, email addresses and passwords	4.0.1+4	71.58150218870541	18	4	3	0	iamngoni	iamngoni.co.zw	MIT	2022-11-17T14:04:54.000Z	https://github.com/iamngoni/localregex
425	firebaseapis	Auto-generated client libraries for accessing Firebase APIs described through the API discovery service.	0.1.2	71.5554977679539	7	19	5	2	invertase	invertase.io	Apache-2.0	2022-05-12T11:40:36.000Z	https://github.com/invertase/dart_firebase_apis/tree/master/generated/firebaseapis
426	xxh3	A Dart implementation (port) of the XXH3 hashing algorithm from xxHash.	1.0.1	71.44281194469725	3	1	0	0	SamJakob	samjakob.com	MIT	2022-04-21T00:17:44.000Z	https://github.com/SamJakob/xxh3
427	dart_markdown	A portable Markdown library written in Dart that can parse Markdown into AST and HTML.	3.1.4	71.39947124344472	7	2	2	5	tagnote-app	tagnote.app	BSD-3-Clause	2022-11-24T18:30:17.000Z	https://github.com/tagnote-app/dart_markdown
428	at_contact	A Dart library for managing contact data that developers can use for their applications.	3.0.7	71.37780089281844	10	35	10	15	atsign-foundation	atsign.org	BSD-3-Clause	2022-12-16T04:23:20.000Z	https://github.com/atsign-foundation/at_libraries
429	cli_completion	Completion functionality for Dart Command-Line Interfaces built using CommandRunner. Built by Very Good Ventures.	0.1.0+1	71.37346682269319	8	17	0	5	VeryGoodOpenSource	verygood.ventures	MIT	2022-12-16T11:36:29.000Z	https://github.com/VeryGoodOpenSource/cli_completion
430	event_listener	A dart package implements NodeJS style event listening functionality	0.2.0	71.22177436830927	0	1	1	0	behemehal	behemehal.net	MIT	2021-11-30T14:20:57.000Z	https://github.com/behemehal/event_listener
431	fff	Dart package for convenient work with color. It will allow you to convert colors between rgb, rgba and hex formats.	2.0.0	71.1047544749274	2	9	3	2	vdakalov	dev.vihtor.ru	NOASSERTION	2021-03-12T04:25:08.000Z	https://github.com/vdakalov/fff
432	type_plus	Give your types superpowers and spice up your generics. Make types great again.	0.6.3	70.97906644129502	11	7	2	0	schultek	schultek.de	GPL-3.0	2022-03-15T11:13:52.000Z	https://github.com/schultek/type_plus
433	time_span	a dart library that calculates the time span in hours or minutes for two given time strings of format HH:MM.	2.0.2	70.90105317904045	5	1	0	0	AndreeWille		BSD-3-Clause	2021-05-27T08:49:58.000Z	https://github.com/AndreeWille/time-span
434	dart_hydrologis_utils	Common dart utilities lib for our projects.	0.6.1	70.83170805703635	1	3	4	0	moovida	hydrologis.com	BSD-3-Clause	2022-09-09T09:30:34.000Z	https://github.com/moovida/dart_hydrologis_utils
435	password_hash_plus	PBKDF2 password hashing utility. This plugin is a null-safety version of password_hash, you can use it if you need Flutter 2.x and above.	4.0.0	70.79270142590907	0	0	0	0	LiWenHui96		Apache-2.0	2022-05-16T02:48:19.000Z	https://github.com/LiWenHui96/password_hash_plus
436	color_convert	A color conversion library for Dart. It converts all ways between rgb, hsl, hsv, hwb, cmyk, ansi, ansi16, hex strings, and CSS keywords (will round to closest).	1.0.2	70.78403328565857	8	2	4	4	crystalboxes		MIT	2021-11-12T15:42:12.000Z	https://github.com/crystalboxes/color_convert
437	lorem_gen	A simple and lite `Dart` package to generate Lorem (Ipsum) and populate your app with random generated text.	2.0.1	70.68868374290295	3	1	0	0	belachkar		MIT	2022-07-12T03:33:04.000Z	https://github.com/belachkar/lorem_gen
438	serverpod_chat_server	Serverpod chat server module.	0.9.21	70.56299570927057	0	970	71	76	serverpod		BSD-3-Clause	2022-12-17T16:30:47.000Z	https://github.com/serverpod/serverpod
439	dart_phonetics	A collection of phonetic algorithms. These algorithms help find words or names that sound similar by generating an encoding that can be compared or indexed for fuzzy searching.	1.0.1	70.4373076756382	14	9	3	0	raycardillo	cardilloonline.com	Apache-2.0	2021-09-05T05:13:51.000Z	https://github.com/raycardillo/dart_phonetics
440	luhn_algorithm	Luhn algorithm is an implementation of the famous Luhn algorithm in Dart. Generate, checksum and validate.	1.0.0+1	70.39396697438565	2	0	0	0	matejhocevar	matox.si	MIT	2022-09-09T08:25:50.000Z	https://github.com/matejhocevar/luhn_algorithm
441	tabular	Dart library for displaying tabular data in a visually appealing ASCII table format.	0.6.3+1	70.35496034325836	8	5	1	0	rtmigo	revercode.com	MIT	2021-11-23T09:46:51.000Z	https://github.com/rtmigo/tabular_dart
442	memory_cache	Memory Cache is simple, fast and global in-memory cache with CRUD features.	1.1.0	70.31161964200581	15	5	0	0	gokberkbar	gokberk.dev	MIT	2022-08-10T10:58:15.000Z	https://github.com/gokberkbar/memory_cache
443	nyxx_lavalink	Nyxx Lavalink Module	3.1.0	70.21193602912496	5	264	40	4	nyxx-discord	l7ssha.xyz	Apache-2.0	2022-12-12T17:07:06.000Z	https://github.com/nyxx-discord/nyxx
444	blackfoot_flutter_lint	Recommended lints for Blackfoot's Flutter apps to encourage good coding practices.	1.0.6	70.17726346812292	4	1	0	0	blackfoot-makers	blackfoot.io	BSD-3-Clause	2022-07-06T16:22:11.000Z	https://github.com/blackfoot-makers/blackfoot_flutter_lint
445	murmurhash	MurmurHash v3 Implementation in Dart.	1.0.1	70.12958869674512	1	4	2	0	HosseinYousefi	identi.app	MIT	2021-11-10T12:25:38.000Z	https://github.com/HosseinYousefi/murmurhash
446	easy_cron	Parse cron string to schedule and generate previous or next schedule item.	0.9.2	70.08624799549257	6	2	1	0	karbunkul		MIT	2022-11-27T20:49:18.000Z	https://github.com/karbunkul/dart_easy_cron
447	style_cron_job	Style Cron Job is periodic operations executor and definator with basic syntax. You can define a period and run your process with your own executor or through the controller.	1.0.4+2	70.07757985524205	43	6	0	0	Mehmetyaz	styledart.dev	AGPL-3.0	2022-06-23T14:54:45.000Z	https://github.com/Mehmetyaz/style
448	flutter_geopackage	A module to support OGC geopackage with sqlite.	0.6.0	70.05590950461578	2	8	2	0	moovida	hydrologis.com	Apache-2.0	2022-09-16T08:41:21.000Z	https://github.com/moovida/flutter_geopackage
449	text_parser	A Dart package for parsing text flexibly according to preset or custom regular expression patterns.	0.4.1	69.98223031248646	4	2	0	0	kaboc	kaboc.cc	MIT	2022-11-21T10:26:23.000Z	https://github.com/kaboc/dart_text_parser
450	big_dart	A small, fast, easy-to-use library for arbitrary-precision decimal arithmetic.	1.0.1	69.92588740085814	3	3	1	0	serdimoa		MIT	2021-12-17T17:24:31.000Z	https://github.com/serdimoa/big.dart
451	automap	An auto mapper for Dart. It allows mapping objects of different classes automatically and manually using JSON serialization.	0.0.3	69.90855112035713	11	7	0	0	leynier		MIT	2021-04-24T16:53:02.000Z	https://github.com/leynier/automap-dart
452	enum_flag	Package to create enums for flags using bitmask in Dart using a mixin and extensions.	1.0.1	69.90421705023188	4	7	0	0	leynier		MIT	2022-12-08T06:29:58.000Z	https://github.com/leynier/dart-enum-flag
453	books_finder	A library to help on the search for books on google books api	4.3.0	69.88688076973085	20	18	11	6	bdlukaa	bdlukaa.dev	BSD-3-Clause	2022-10-26T09:20:23.000Z	https://github.com/bdlukaa/books_finder
454	format_indonesia	Library for Indonesian formatting	0.1.0	69.78719715685	13	2	0	0	mynameismail		BSD-3-Clause	2020-06-20T15:32:35.000Z	https://github.com/mynameismail/format_indonesia
455	tuple_dart	A library providing a tuple data structure for Dart and a convenient way to use it	1.4.2	69.75685866597323	2	1	0	0	avdosev		MIT	2022-04-05T11:08:17.000Z	https://github.com/avdosev/tuple_dart
456	async_call_queue	AsyncCallQueue is a Dart class which provides a queuing mechanism to prevent concurrent access to asynchronous code.	1.0.1	69.68317947384388	2	2	0	0	ronjb	ronbooth.com	MIT	2021-11-14T14:34:18.000Z	https://github.com/ronjb/async_call_queue
457	simple_cluster	Simple density-based clustering library implemented in Dart. Mainly used for point-based (vector) data.	0.3.0	69.5964980713388	4	4	3	0	MSVCode	msvcode.com	NOASSERTION	2021-03-21T11:06:22.000Z	https://github.com/MSVCode/simple_cluster
458	dart_shp	An shapefile reader/writer for dart.	1.0.0	69.54448922983573	7	5	4	2	moovida	hydrologis.com	BSD-3-Clause	2022-05-12T06:32:02.000Z	https://github.com/moovida/dart_shp
459	map_fields	Get fields from a map, simply, performing error handling errors.	0.0.5	69.52281887920947	5	0	0	0	isaukywhite		MIT	2022-10-13T17:54:58.000Z	https://github.com/isaukywhite/map_fields
460	observer	Basic dart only observer pattern.	0.0.1	69.43613747670437	1	0	0	0	antonkesy	antonkesy.de	MIT	2022-01-03T21:18:24.000Z	https://github.com/antonkesy/observer.dart
461	ioc_container	A Dart Ioc Container. Store and manage dependencies in one place keyed by type. It simplifies creating instances of your classes.	1.0.8	69.32778572357302	20	19	1	1	MelbourneDeveloper	christianfindlay.com	BSD-3-Clause	2022-12-14T21:28:17.000Z	https://github.com/MelbourneDeveloper/ioc_container
462	bip340	BIP340 (Schnorr) signature and verification.	0.0.4	69.15875698868807	4	5	5	1	nbd-wtf		MIT	2022-10-08T01:53:52.000Z	https://github.com/fiatjaf/dart-bip340
463	stash_file	File storage extension for the stash API. Provides support to store vaults  and caches in the local file system in binary format using the msgpack json format	4.4.1	69.1284184978113	2	72	10	0	ivoleitao	ivoleitao.dev	MIT	2022-12-05T23:19:18.000Z	https://github.com/ivoleitao/stash
464	address	Addresses internationalization library. Format various physical addresses in various languages and build localized address forms.	0.1.0	69.09374593680926	14	6	0	4	leancodepl	leancode.co	Apache-2.0	2021-11-29T15:39:40.000Z	https://github.com/leancodepl/address
465	ieee754	A library for parsing and encoding IEEE-754 binary floating point numbers.	1.0.3	69.07207558618298	1	0	0	0	nicbn	nicbn.com	MIT	2021-12-24T20:57:53.000Z	https://github.com/nicbn/ieee754-dart
466	hdkey	Dart library for Bitcoin hierarchical deterministic keys (BIP32)	0.0.1	69.05473930568196	0	1	2	0	mahsumurebe	mahsumurebe.com	MIT	2021-10-07T14:22:06.000Z	https://github.com/mahsumurebe/dart-hdkey
467	stdlibc	C Standard Library - FFI bindings to the GNU C Library on Linux, and the BSDC Library on macOS.	0.1.0	69.04607116543146	7	39	3	0	ubuntu-flutter-community		MPL-2.0	2022-10-07T21:48:13.000Z	https://github.com/ubuntu-flutter-community/stdlibc.dart
468	dylib	A set of helpers for resolving names and paths of dynamic libraries.	0.3.2+1	68.97239197330212	8	4	0	0	jpnurmi		MIT	2021-09-02T10:58:00.000Z	https://github.com/jpnurmi/dart_dylib
469	storage_client	Dart client library to interact with Supabase Storage.	1.2.0	68.9377194123001	11	22	17	0	supabase	supabase.io	MIT	2022-12-13T06:40:34.000Z	https://github.com/supabase/storage-dart
470	memoized	Decorators to cache returned values, it helps in reducing the execution time of the function by using LRU Caching.	1.5.0	68.69501148528583	2	0	0	0	sylfreee	sylfree.com	MIT	2022-05-18T02:48:14.000Z	https://github.com/sylfreee/memoized
471	dart_hydrologis_db	Dart based db utilities.	1.0.0+1	68.66033892428379	0	1	0	0	moovida	hydrologis.com	MIT	2022-09-16T09:27:36.000Z	https://github.com/moovida/dart_hydrologis_db
472	hydrated_bloc_integration	An extension to the bloc state management library which automatically persists and restores bloc states. Supports integration testing.	0.0.1-rc5	68.65600485415854	2	1	0	0	PROGrand	mtbo.org	MIT	2022-03-08T09:17:03.000Z	https://github.com/PROGrand/hydrated_bloc_integration
473	iirjdart	An IIR filter library written in Dart. Highpass, lowpass, bandpass and bandstop as Butterworth, Bessel and Chebyshev Type I/II.	0.1.0	68.40029471676851	10	1	6	0	Supercaly		Apache-2.0	2022-10-28T14:54:58.000Z	https://github.com/Supercaly/iirj_dart
474	upnp2	Universal Plugin and Play Host/Client. This package can be used to discover upnp devices, invoke actions as well as spin up an upnp server.	3.0.10	68.38729250639275	3	5	0	3	Butzlabben	naegele.dev	MIT	2022-10-23T09:51:02.000Z	https://github.com/Butzlabben/upnp.dart
475	bishop	Bishop is a chess logic package with flexible variant support	0.6.2	68.20526156113206	17	9	3	7	alexobviously		NOASSERTION	2022-12-12T16:38:18.000Z	https://github.com/alexobviously/bishop
476	stagexl	A fast and universal 2D rendering engine for HTML5 and Dart.	2.1.2	68.0102284054956	32	871	87	52	bp74		NOASSERTION	2022-12-05T20:24:00.000Z	https://github.com/bp74/StageXL
477	simple_vcard_parser	A simple and easy to use parser to extract information from a standard vCard string. Major vCard properties from versions 2.1, 3.0, 4.0 are supported.	0.1.6	67.98855805486933	5	1	6	0	AmirElkess		MIT	2022-08-23T19:07:43.000Z	https://github.com/AmirElkess/simple_vcard_parser
478	super_annotations	Write your code generation functions naturally alongside your normal code. Define and use custom annotations in the same file or project.	0.7.1	67.97555584449356	18	21	2	1	schultek	schultek.de	MIT	2022-10-19T07:16:54.000Z	https://github.com/schultek/super_annotations
479	stormberry	Access your postgres database effortlessly from dart code.	0.9.2	67.9625536341178	49	28	4	9	schultek	schultek.de	GPL-3.0	2022-12-12T21:23:57.000Z	https://github.com/schultek/stormberry
480	size	A simple plugin that can display disk size on desktop.	1.0.5+1	67.92788107311576	3	1	1	0	Clashkid155		MIT	2022-03-08T00:26:19.000Z	https://github.com/Clashkid155/size
481	pro_validator	The validator package comes with several common validations and removes the boiler plate code from your project.	1.1.1	67.78919082910761	0	1	1	0	pro100andrey	pro100.dev	MIT	2022-12-05T17:11:14.000Z	https://github.com/pro100andrey/validator
482	ini_file	get, set, create, delete sections, keys, values from ini file, without loosing its format, blank lines, comments, etc.	1.0.0	67.78485675898236	3	2	0	0	GnRSlash		BSD-3-Clause	2022-04-05T01:52:30.000Z	https://github.com/GnRSlash/ini_file
483	system_resources	Provides easy access to system resources (CPU load, memory usage).	1.6.0	67.71984570710354	8	4	2	1	jonasroussel	jroussel.fr	MIT	2022-09-02T11:00:44.000Z	https://github.com/jonasroussel/system_resources
484	inject_js	Import and use javascript libraries or code in your dart2js or flutter web projects	2.0.0	67.68083907597625	1	0	0	1	EPNW	epnw.eu	Apache-2.0	2021-05-28T13:44:07.000Z	https://github.com/EPNW/inject_js
485	flutter_gpiod	Dart package for accessing GPIO using the GPIO character device interface on linux / Android (root required). Supports signal edge listening, active state, open source/drain and (if supported by platform) bias.	0.5.0	67.59849174359641	23	20	4	8	ardera	ardera.dev	MIT	2022-08-08T10:06:27.000Z	https://github.com/ardera/flutter_packages
486	thread	A simple Isolated Thread wrapped with a type-safe Event Emitter for easier asynchronous communication. Setup events for the thread to reply to, or compute tasks individually.	0.2.1	67.5898236033459	7	1	0	0	DrafaKiller	drafakiller.com	MIT	2022-08-26T13:00:18.000Z	https://github.com/DrafaKiller/Thread-dart
487	xor_cipher	The XOR Encryption algorithm is a effective and easy to implement method of symmetric encryption.	1.0.0+1	67.5031422008408	5	7	0	0	PlugFox	plugfox.dev	MIT	2022-04-17T13:12:21.000Z	https://github.com/PlugFox/xor_cipher
488	state_notifier_test	A testing library which makes it easy to test StateNotifier. Built to be used with the state_notifier, riverpod or flutter_riverpod packages.	0.0.9	67.48147185021453	19	7	1	2	danijel-tolj	that-dev.me	BSD-3-Clause	2022-10-28T20:26:47.000Z	https://github.com/danijel-tolj/state_notifier_test
489	at_server_status	A Dart library that provides a means to check on the status of the @‎root server as well as the secondary server for any particular @‎sign.	1.0.3	67.22142764269925	8	35	10	15	atsign-foundation	atsign.org	BSD-3-Clause	2022-12-16T04:23:20.000Z	https://github.com/atsign-foundation/at_libraries
490	dart_bech32	A BIP173 / BIP350 compatible Bech32/Bech32m encoding/decoding library.	2.0.0	67.2084254323235	0	1	0	0	dart-bitcoin-lib	mahsumurebe.com	MIT	2021-11-16T12:38:01.000Z	https://github.com/dart-bitcoin-lib/dart-bech32
491	js_bindings	Complete JS bindings interop with autocomplete and documentation.	0.0.7	67.19542322194773	16	36	4	8	jodinathan		Apache-2.0	2022-10-06T13:45:06.000Z	https://github.com/jodinathan/js_bindings
492	mcumgr	Dart client for the mcumgr embedded device management protocol.	0.0.3	67.10874181944264	6	6	1	2	jkdhn	jkdhn.me	BSD-3-Clause	2022-07-07T11:57:08.000Z	https://github.com/jkdhn/mcumgr-dart
493	quadtree_dart	A lightweight, extensive implementation of Quadtrees in Dart.	1.1.1	67.09140553894161	2	3	0	0	rlch	rjmath.com	MIT	2021-06-11T13:56:17.000Z	https://github.com/rlch/quadtree-dart
494	serverpod_cloud_storage_s3	Serverpod integration for S3 cloud storage	0.9.21	67.06106704806484	0	970	71	76	serverpod		BSD-3-Clause	2022-12-17T16:30:47.000Z	https://github.com/serverpod/serverpod
495	c	C-md, Library of Defining & parsing for Dart CLI Commands & Arguments	0.0.2	67.04806483768907	0	0	0	0	DevPackUP		BSD-3-Clause	2022-08-21T17:39:20.000Z	https://github.com/DevelopersPackages-org/Cmd
496	dart_dot_reporter	Dot test reporter for Dart & Flutter & Human. Makes test results clear from the high-level view.	1.0.4	67.04373076756382	5	4	5	3	apastuhov		MIT	2021-11-12T08:19:30.000Z	https://github.com/apastuhov/dart_dot_reporter
497	wallet	Crypto wallet package for Bitcoin, Ethereum and Tron written in pure Dart.	0.0.7	67.03072855718806	3	9	2	0	xclud		MIT	2022-12-05T11:52:52.000Z	https://github.com/xclud/dart_wallet
498	string_utils	A set of string utility functions to facilitate dart interoperability with MS-SQL server. Please take a look at [dart_mssql] package for a usage example	0.2.3	67.00039006631128	0	26	6	7	MoacirSchmidt		BSD-2-Clause	2019-09-23T22:26:13.000Z	https://github.com/MoacirSchmidt/dart_mssql
499	fsm2	FSM2 provides an implementation of the core design aspects of the UML state diagrams allowing both declarative transitions and dynamic transitions along with Guard Conditions.	2.0.7	66.93971308455771	14	46	2	3	onepub-dev	onepub.dev	BSD-2-Clause	2021-10-31T11:02:34.000Z	https://github.com/bsutton/fsm2
500	duration_iso_parser	Package to parse a duration from ISO 8601 string (like P1M, PT15M, P2Y3W4DT5H).	0.1.0+1	66.93537901443246	2	1	0	0	Innim	innim.ru	BSD-3-Clause	2022-01-21T08:35:33.000Z	https://github.com/Innim/dart_duration_iso_parser
501	sign_in_with_apple_js	A Dart wrapper for the 'Sign in with Apple JS' framework with helper methods to simplify usage.	2.0.1	66.72734364842023	9	3	1	3	mhrst	qrl.app	MIT	2021-04-17T16:27:56.000Z	https://github.com/mhrst/sign_in_with_apple_js
502	nmea	An extensible NMEA0183 parser, which also supports validating the checksum. Useful for reading data from GPS devices and other sensors.	2.1.0	66.70567329779395	3	2	1	1	ricardoboss	ricardoboss.de	MIT	2022-10-18T10:54:01.000Z	https://github.com/ricardoboss/dart_nmea
503	http_api	A simple yet powerful wrapper around http package with interceptors/middleware support, along with response caching.	0.9.0	66.51497421228275	8	8	1	0	gonuit	klyta.it	MIT	2022-11-23T19:34:40.000Z	https://github.com/gonuit/flutter_http_api
504	firebase_cloud_messaging_interop	A dart plugin to use the Firebase Cloud Messaging Api (JS). You can retrieve the user's FCM token, delete it, access the notification data, ...	3.0.0	66.36328175789885	15	3	3	2	GaspardMerten	gaspardmerten.dev	NOASSERTION	2021-03-11T21:01:31.000Z	https://github.com/GaspardMerten/Firebase-Cloud-Messaging-Interop
505	websok	A high level websocket library. Use it when working with websockets to avoid a few boilerplate and make your code look cleaner.	2.1.2	66.31994105664629	9	7	6	4	ConsoleTVs	erik.cat	MIT	2022-08-22T05:41:13.000Z	https://github.com/ConsoleTVs/Websok
506	nyxx_pagination	Pagination utility for nyxx library	2.3.0	66.25059593464222	1	2	1	0	nyxx-discord	l7ssha.xyz	GPL-2.0	2022-10-23T11:28:18.000Z	https://github.com/nyxx-discord/nyxx_pagination
507	jose2	Javascript Object Signing and Encryption (JOSE) library supporting JWE, JWS, JWK and JWT	0.3.4	66.0902353400078	1	1	1	3	heacare	hea.care	BSD-3-Clause	2022-08-31T04:48:49.000Z	https://github.com/heacare/jose
508	udev	API for enumerating and introspecting local devices	0.0.2	66.0512287088805	1	7	3	2	canonical	canonical.com	MPL-2.0	2022-10-07T08:19:39.000Z	https://github.com/canonical/udev.dart
509	usb_id	A repository of all known ID's used in USB devices: ID's of vendors, devices, subsystems and device classes. This package can be utilized to display human-readable names instead of cryptic numeric codes.	0.1.0	66.04256056863001	1	0	0	0	jpnurmi		BSD-3-Clause	2021-05-14T20:24:26.000Z	https://github.com/jpnurmi/usb_id.dart
510	auth0_flutter_web	Wrapper of Auth0 SPA SDK for Flutter Web	0.0.1-alpha.20210224	65.96454730637542	4	8	10	3	anthonychwong		BSD-3-Clause	2022-05-11T11:28:49.000Z	https://github.com/anthonychwong/auth0-flutter-web
511	functions_client	A dart client library for the Supabase functions.	1.0.0	65.92987474537338	4	6	4	0	supabase	supabase.io	MIT	2022-10-18T09:43:24.000Z	https://github.com/supabase-community/functions-dart
512	todo	🚧 Offers a TODO() method to indicate that code has not been implemented yet.	2.0.1	65.91687253499762	7	4	0	0	MarcelGarus		MIT	2021-03-04T14:10:31.000Z	https://github.com/marcelgarus/todo
513	list_english_words	This package contains a list of english words for use in other tools. From spell checkers, to ngram analysis.	0.2.0	65.71317123911065	5	0	2	0	ALMDart	almaclaine.com	MIT	2022-06-03T04:37:15.000Z	https://github.com/ALMDart/dart_list_english_words
514	winmd	A Dart library for working with Windows Metadata (winmd) formats.	2.4.5	65.69150088848438	3	20	5	0	timsneath	sneath.org	BSD-3-Clause	2022-11-07T01:39:53.000Z	https://github.com/timsneath/winmd
515	dart_postgis	A module to support postgis.	0.3.0+2	65.51380401334893	1	0	0	0	moovida		LGPL-2.1	2022-09-16T09:42:57.000Z	https://github.com/moovida/dart_postgis
516	stock	Dart package for Async Data Loading and Caching. Combine local (DB, cache) and network data simply and safely.	1.0.1	65.47479738222164	70	57	5	0	xmartlabs	xmartlabs.com	Apache-2.0	2022-11-18T13:41:04.000Z	https://github.com/xmartlabs/stock
517	acronym	A simple, lightweight and easy to use package to generate acronyms.	0.4.0	65.44879296147012	17	4	2	0	jxstxn1	jxstxn.dev	Apache-2.0	2022-02-15T12:50:29.000Z	https://github.com/jxstxn1/acronym
518	angel3_validate	Cross-platform request body validation library based on `matcher`.	7.0.1	65.32310492783773	1	0	0	0	dukefirehawk	dukefirehawk.com	MIT	2019-10-17T02:07:23.000Z	https://github.com/dukefirehawk/angel/tree/master/packages/validate
519	uploadcare_client	A dart library for working with Uploadcare REST API. File uploads, media processing, and adaptive delivery for web and mobile.	6.2.1	65.2971005070862	13	19	7	0	KonstantinKai	konstantinkai.dev	BSD-3-Clause	2022-11-11T10:33:13.000Z	https://github.com/KonstantinKai/uploadcare_client
520	reliable_interval_timer	A timer that produces ticks within a given interval, accurate to the millisecond.	1.0.0	65.27109608633468	2	2	0	0	inf0rmatix		BSD-3-Clause	2022-04-01T09:05:57.000Z	https://github.com/1nf0rmatix/reliable_interval_timer
521	dart_snmp	A dart library for communicating with simple network management protocol (snmp) enabled devices	3.0.0	65.06306072032245	13	7	6	4	point-source		BSD-3-Clause	2022-11-02T20:41:45.000Z	https://github.com/point-source/dart_snmp
522	gate	Annotations for gate_generator	1.0.1	64.98071338794261	3	18	1	1	Apparence-io	apparence.io	MIT	2022-11-16T17:03:42.000Z	https://github.com/Apparence-io/gate
523	wordpress_client	A library written purely in dart to interact with Wordpress REST API in a fluent manner. Supports Authorization as well.	6.3.4	64.95037489706583	11	16	4	0	ArunPrakashG	arunprakashg.com	MIT	2022-12-18T08:38:12.000Z	https://github.com/ArunPrakashG/wordpress_client
524	openai_client	An unofficial, platform independent, client for accessing different AI models developed by OpenAI.	0.0.3	64.86802756468599	12	10	3	0	Azzeccagarbugli	francescocoppola.me	BSD-3-Clause	2022-12-11T23:21:51.000Z	https://github.com/Azzeccagarbugli/openai_client
525	dartros	A Dart implementation of a ROS 1 Client Library	0.1.5+1	64.81168465305768	7	16	9	16	TimWhiting	timwhiting.dev	Apache-2.0	2022-12-14T07:19:13.000Z	https://github.com/TimWhiting/dartros
526	automata	A dart package to create finite state machines and state charts.	0.2.0	64.73800546092836	13	31	3	1	rows	rows.com	BSD-3-Clause	2022-06-29T12:58:56.000Z	https://github.com/rows/automata
527	num_remap	An implementation for the “Arduino map” function in Dart, which allows numbers to be remapped from one range to another.	1.0.1	64.69899882980107	2	1	0	0	Adrian-Samoticha		BSD-3-Clause	2022-07-23T18:59:13.000Z	https://github.com/Adrian-Samoticha/num_remap
528	imgur	A high-level Imgur API Client Library that uses Imgur's v3 API.	1.1.1	64.59498114679495	7	7	4	3	shellbear	shellbear.me	MIT	2020-03-18T19:38:23.000Z	https://github.com/shellbear/imgur.dart
529	ferry_cache	A normalized, strongly typed, optimistic cache for GraphQL Operations and Fragments	0.7.0	64.4952975339141	3	477	90	51	gql-dart	gql-dart.dev	MIT	2022-12-11T21:44:13.000Z	https://github.com/gql-dart/ferry
530	snowball_stemmer	A starting point for Dart libraries or applications.	0.1.0	64.3132665886534	0	1	0	0	Klabauterman		MIT	2021-10-11T01:09:42.000Z	https://github.com/Klabauterman/snowball_stemmer_dart
531	interval_tree	A non-overlapping interval tree with support for calculating unions, intersections, and differences between individual intervals and entire trees.	0.3.0	64.14857192389373	7	1	3	0	jpnurmi		MIT	2021-09-02T10:57:23.000Z	https://github.com/jpnurmi/interval_tree
532	flappy_translator	A tool which automatically generates Flutter localization resources from CSV and Excel files.	1.5.0	64.14423785376847	27	55	18	4	smartnsoft		MIT	2022-10-29T11:46:12.000Z	https://github.com/smartnsoft/FlappyTranslator
533	pexels_null_safety	Unofficial wrapper of Pexels REST API for the Dart Language.	0.1.2	64.00988167988558	5	3	1	0	xenoken		BSD-3-Clause	2019-06-29T01:25:01.000Z	https://github.com/xenoken/pexels
534	validation_chain	ValidationChain, SanitizationChain, MapValidator, MapSanitizer, Sanitizable interface.	0.0.11	63.94053655788151	8	5	1	0	Pr47h4m		MIT	2022-11-12T19:02:30.000Z	https://github.com/Pr47h4m/validation_chain
535	password_policy	Dart package that help restrict password to a strong policy.	1.2.0	63.87119143587743	6	0	0	0	Milvintsiss	milvintsiss.com	BSD-3-Clause	2022-05-27T06:50:15.000Z	https://github.com/Milvintsiss/password_policy
536	peanut	Update your GitHub gh-pages branch with the compiled output of your Dart web app. Supports 'pub build' and the new 'pub run build_runner'.	4.3.0	63.81918259437438	72	181	23	10	kevmoo	j832.com	BSD-3-Clause	2022-11-09T23:21:51.000Z	https://github.com/kevmoo/peanut.dart
537	f	A simple shortcut, command line interface (CLI) for Flutter to increase productivity and happiness.	0.1.7	63.7975122437481	13	27	5	0	salkuadrat		MIT	2021-11-29T08:24:36.000Z	https://github.com/salkuadrat/f
538	loggerx	Tiny but powerful logger with default root logger and ability to create custom loggers with runtime level filtering.	1.3.5	63.754171542495556	1	1	0	0	abobija	abobija.com	MIT	2022-08-03T19:30:55.000Z	https://github.com/abobija/loggerx
539	model_factory	Generate model boiler plate	1.4.6	63.74983747237031	2	0	0	0	ekasetiawans	maseka.dev	NOASSERTION	2022-10-20T06:58:44.000Z	https://github.com/ekasetiawans/model_factory
540	simplify	A high-performance dart 2D/3D polyline simplification library	1.0.2	63.67615828024098	3	3	2	0	bjartebore		BSD-2-Clause	2021-06-25T10:10:30.000Z	https://github.com/bjartebore/simplify
541	owlbot_dart	A clean and simple interface to interact with owlbot.info, dictionary API. Returns response in nice formatted dart objects	2.0.0	63.53313396610757	8	4	0	0	lohanidamodar	dlohani.com.np	NOASSERTION	2021-08-13T14:34:15.000Z	https://github.com/lohanidamodar/owlbot_dart
542	purple_lints	List of strict linter rules that can be used both in Dart and Flutter projects to enforce a highly maintainable style.	0.4.0	63.455120703852984	3	3	0	0	purplenoodlesoop		MIT	2022-10-10T14:58:50.000Z	https://github.com/purplenoodlesoop/purple_lints/tree/master/packages/purple_lints
543	serverpod_chat_client	Serverpod chat module client.	0.9.21	63.28609196896806	0	970	71	76	serverpod		BSD-3-Clause	2022-12-17T16:30:47.000Z	https://github.com/serverpod/serverpod
544	list_controller	Tools for creating list controllers. Supports infinite scroll, pagination, lazy loading, sorting, filtering, synchronization, huge lists, etc. Independent of architecture and widgets used.	0.0.3	63.134399514584146	5	0	1	0	astoniocom		MIT	2022-09-25T20:22:26.000Z	https://github.com/astoniocom/list_controller
545	catalyst_builder	A lightweight and easy to use dependency injection provider builder for dart.	3.1.0	63.06938846270532	6	1	0	0	mintware-de	mintware.de	MIT	2022-09-21T16:24:38.000Z	https://github.com/mintware-de/catalyst_builder
546	crdt	Dart implementation of Conflict-free Replicated Data Types (CRDTs).	4.0.2	62.98270706020024	28	85	13	1	cachapa	cachapa.net	Apache-2.0	2022-01-25T18:36:53.000Z	https://github.com/cachapa/crdt
547	dart_levenshtein	Levenshtein distance implementation in Dart. The levenshtein distance can be invoked as a function or as a String extension.	1.0.1	62.965370779699214	3	2	1	2	Makepad-fr	makepad.fr	Apache-2.0	2022-10-17T01:45:27.000Z	https://github.com/Makepad-fr/dart_levenshtein
548	baseconvert	Convert any rational number from any (positive integer) base to any (positive integer) base. Output numbers as List or String.	1.0.2	62.9480344991982	7	0	3	1	randomdude583	hiddenquarter.com	MIT	2020-05-15T04:34:51.000Z	https://github.com/randomdude583/baseconvert
549	deta	A Dart package to interact with the HTTP API of the free services of the Deta plataform.	0.0.3+1	62.770337624062755	4	6	2	6	yeikel16		MIT	2022-11-27T20:16:31.000Z	https://github.com/yeikel16/deta-dart
550	error_handler	error handler for all http client in dart like dio, chopper http and more	1.1.0	62.70099250205868	12	14	1	2	masreplay	matheer.com	MIT	2022-09-25T20:34:00.000Z	https://github.com/masreplay/error_handler.dart
551	dargon2	Provides bindings for hashing and verifying with Argon2, the winner of the Password Hashing Competition.	3.2.1	62.596974819052576	6	11	5	1	tmthecoder	tmthecoder.dev	MIT	2022-10-09T01:03:43.000Z	https://github.com/tmthecoder/dargon2
552	jsontool	Low-level tools for working with JSON without creating intermediate objects.	1.1.2	62.58397260867681	5	27	4	3	lrhn	infimum.dk	Apache-2.0	2022-09-16T14:13:30.000Z	https://github.com/lrhn/json-tool
553	deepl_dart	Dart library for the DeepL language translation API.	1.2.0	62.55796818792528	9	5	0	0	komape	kpelz.eu	MIT	2022-12-01T12:46:24.000Z	https://github.com/komape/deepl_dart
554	sec	Implementation of Standards for Efficient Cryptography (SEC) including SECP256K1 and SECP256R1.	1.0.1	62.25891734928272	1	0	0	0	xclud		MIT	2022-11-24T12:56:36.000Z	https://github.com/xclud/dart_sec
555	number_system	A package to extend the functionality to convert between number systems	0.0.5+7	62.19390629740389	0	0	0	0	LiveUser		NOASSERTION	2022-07-28T23:32:05.000Z	https://github.com/LiveUser/number_system
556	twitter_api_core	This package provides core reusable and useful functionality for wrapping Twitter API with Dart.	1.8.3	61.8688510380098	0	3	0	0	twitter-dart	shinyakato.dev	BSD-3-Clause	2022-11-24T14:38:56.000Z	https://github.com/twitter-dart/twitter-api-core
557	xor	xor IntList's together and return a new List<int>; useful for cryptographic functions.	0.2.2	61.7344948641269	0	1	1	2	tpscrpt		GPL-2.0	2022-05-16T10:42:45.000Z	https://github.com/jeremigendron/xor
558	obs_websocket	obs_websocket allows dart-based connections to the OBS (Open Broadcaster Software) plugin obs-websocket	5.0.0+14	61.58713647986824	21	11	7	0	faithoflifedev	muayid.com	MIT	2022-12-01T19:35:56.000Z	https://github.com/faithoflifedev/easy_obs_websocket
559	analysis_options	The set of rules that encourage good coding practices for applications, packages, and plugins.	2.0.1	61.513457287738916	1	1	0	0	G1J0SHI	g1joshi.dev	BSD-3-Clause	2022-11-11T10:15:03.000Z	https://github.com/G1J0SHI/analysis_options
560	serverpod_serialization	Serialization package for Serverpod.	0.9.21	61.38776925410653	1	970	71	76	serverpod	serverpod.dev	BSD-3-Clause	2022-12-17T16:30:47.000Z	https://github.com/serverpod/serverpod
561	lrc	A Dart-only package that creates, parses, and handles LRC, which is a format that stores song lyrics.	1.0.1	61.16239760759329	7	8	1	2	Yivan000	yivan.rf.gd	BSD-3-Clause	2022-09-13T11:20:48.000Z	https://github.com/Yivan000/lrc
562	expect_error	A testing utility for checking compilation errors	1.0.4	61.05837992458718	5	32	3	1	rrousselGit	dash-overflow.net	MIT	2022-12-05T11:57:02.000Z	https://github.com/rrousselGit/expect_error
563	monarch_utils	Utilities for the monarch package. Monarch is a tool for building Flutter widgets in isolation. It makes it easy to build, test and debug complex UIs.	1.0.4	61.03670957396091	2	334	10	8	Dropsource	monarchapp.io	MIT	2022-12-14T20:57:36.000Z	https://github.com/Dropsource/monarch
564	rollbar_dart	Connect your Dart applications to Rollbar for error reporting.	1.1.0	61.03237550383566	2	10	7	7	rollbar	rollbar.com	MIT	2022-12-16T01:59:47.000Z	https://github.com/rollbar/rollbar-flutter
565	flutter_to_debian	A command application to help you easily bundle your flutter app build into a debian package ready for production.	1.0.4	60.62930698218697	10	14	4	2	jeffrey0606	hooreo.com	MIT	2022-11-13T19:54:14.000Z	https://github.com/jeffrey0606/flutter_to_debian
566	rps	Define and run scripts from pubspec.yaml.	0.6.4	60.6163047718112	17	12	4	2	gonuit	klyta.it	MIT	2022-10-18T11:29:11.000Z	https://github.com/gonuit/rps
567	maxminddb	A library for querying MaxMind databases. (.mmdb)	1.2.0	60.451610107051536	2	4	0	0	fischerscode		GPL-3.0	2022-03-26T11:27:17.000Z	https://github.com/fischerscode/dart-maxminddb
568	cbl_sentry	Sentry integration for Couchbase Lite with support for recording breadcrumbs and performance tracing.	1.0.2	60.399601265548476	2	72	10	29	cbl-dart	gabriel.terwesten.net	Apache-2.0	2022-12-16T21:42:23.000Z	https://github.com/cbl-dart/cbl-dart
569	ensure_initialized	Allows to await for an object's initialization before using it.	0.1.0	60.32592207341915	8	1	0	5	nivisi		MIT	2022-11-18T12:15:50.000Z	https://github.com/nivisi/ensure_initialized
570	sugar	Forus Labs' Core Dart library. Provides sweet syntax sugar for common patterns related to the collections, core sand time.	2.4.1	60.31725393316864	2	6	0	1	forus-labs	foruslabs.com	MIT	2022-12-16T08:20:00.000Z	https://github.com/forus-labs/cauldron
571	webthree	WebThree - a web3 library for dart for interaction with ethereum nodes using HTTP or WebSocket. Supports custom credentials providers like WalletConnect and Metamask.	2.5.5+4	60.22190439041304	1	0	0	1	devopsdao	devopsdao.com	MIT	2022-12-17T17:51:48.000Z	https://github.com/devopsdao/webthree
572	supabase_client	Database supabase.	0.0.14	60.16122740865947	1	68	9	5	azkadev		NOASSERTION	2022-12-14T00:56:31.000Z	https://github.com/azkadev/telegram_client/tree/main/dart/telegram_client
573	concurrent_queue	Priority queue with concurrency control	1.4.0	60.02687123477658	7	3	0	0	bjartebore		MIT	2021-09-16T10:56:40.000Z	https://github.com/bjartebore/concurrent_queue
574	localizable_annotation	An annotation for localizable, so Localization can be created automatically.	0.0.3	59.961860182897766	1	0	0	0	mbaguszulmi		BSD-3-Clause	2021-12-20T03:29:12.000Z	https://github.com/mbaguszulmi/localizable_annotation
575	odoo_repository	Dart package helps to implement data communication between Odoo and dart client with persistance and offline mode	0.5.4	59.90118320114419	8	8	7	2	ERP-Ukraine	erp.co.ua	MIT	2022-08-09T14:44:17.000Z	https://github.com/ERP-Ukraine/odoo-repository-dart
576	surrealdb	SurrealDB client written in pure dart. Auto reconnect, Typed functions	0.6.0	59.70181597538248	13	9	1	0	duhanbalci	duhanbalci.tech	MIT	2022-11-05T17:20:58.000Z	https://github.com/duhanbalci/surrealdb_flutter
577	document_analysis	A collection of document-analysis processing. Includes tokenization, distance, similarity, etc.	0.2.0	59.610800502752134	8	1	2	0	MSVCode	msvcode.com	NOASSERTION	2021-03-21T11:30:52.000Z	https://github.com/MSVCode/document-analysis-dart
578	yt	Native Dart interface to multiple YouTube REST APIs including the Data API, Live Streaming API and Cloud Vision API.	2.0.6+8	59.5847960820006	21	7	3	0	faithoflifedev	muayid.com	MIT	2022-11-28T20:23:53.000Z	https://github.com/faithoflifedev/yt
579	discord_api	A pure dart package wrapping the discord API, including transformers for all its objects.	0.1.1	59.54578945087331	10	6	2	1	MeixDev	meix.dev	GPL-3.0	2022-08-07T15:46:37.000Z	https://github.com/MeixDev/discord_api
580	hive_crdt	Dart implementation of Conflict-free Replicated Data Types (CRDTs), backed by a Hive store.	2.0.2	59.420101417240936	3	9	4	1	cachapa		Apache-2.0	2021-05-13T08:30:12.000Z	https://github.com/cachapa/hive_crdt
581	rdflib	A pure Dart package for working with RDF (resource description framework).	0.2.2	59.25540675248126	2	5	0	5	anusii		GPL-3.0	2022-12-16T05:52:54.000Z	https://github.com/anusii/rdflib
582	ferry_store	Default Store for Ferry GraphQL client	0.5.0	59.069041737095304	0	477	90	51	gql-dart	gql-dart.dev	MIT	2022-12-11T21:44:13.000Z	https://github.com/gql-dart/ferry
583	storagebox	Easily store configuration keys and values for your CLI and web apps.	0.1.0+3	59.0603735968448	3	14	5	1	invertase	invertase.io	Apache-2.0	2022-09-26T10:03:06.000Z	https://github.com/invertase/dart-cli-utilities/tree/main/packages/storagebox
584	flutterando_analysis	Lint rules for Flutter and Dart, created for the open source projects of the Flutterando Community.	0.0.2	59.021366965717505	4	5	1	0	Flutterando	flutterando.com.br	MIT	2022-12-02T22:30:20.000Z	https://github.com/Flutterando/flutterando_analysis
585	multipart	A dart package for decoding multipart/form-data	0.1.2	58.94335370346292	4	6	0	0	guo40020		MIT	2021-08-21T16:22:33.000Z	https://github.com/guo40020/multipart
586	multibase	An implementation of multibase in Dart	1.0.0	58.86967451133359	1	0	0	0	heacare	hea.care	MIT	2022-08-03T11:53:38.000Z	https://github.com/heacare/dart-multibase
587	charge_wallet_sdk	SDK for Charge Wallet API	0.0.2+5	58.80032938932952	1	1	0	0	fuseio	fuse.io	MIT	2022-11-22T10:30:57.000Z	https://github.com/fuseio/charge_wallet_sdk
588	fire	Hot restart for Dart console application with fast incremental compilation.	1.2.2	58.57062367269103	3	1	2	1	ykmnkmi		MIT	2022-12-05T09:08:44.000Z	https://github.com/ykmnkmi/fire.dart
589	sdl2	A Dart library for accessing common SDL 2.24.0 (stable) APIs using, FFI.	1.4.0	58.23256620292116	6	6	2	1	sansuido		BSD-3-Clause	2022-11-30T08:38:07.000Z	https://github.com/sansuido/sdl2
590	autotrie	A auto-completion engine for Dart/Flutter, based around an optimized Trie implementation.	2.0.0	58.03319897715945	37	49	2	4	AKushWarrior	kishoredev.live	MPL-2.0	2021-05-28T21:27:00.000Z	https://github.com/AKushWarrior/autotrie
591	dadata	DaData.ru Suggestions API implementation (address suggestions, reverse geocoding)	0.3.3	57.842499891648245	1	0	1	1	darkxanter		MIT	2022-12-09T19:10:24.000Z	https://github.com/darkxanter/dadata_flutter
592	rustic	Various constructs inspired by the Rust programming language.	0.4.0	57.816495470896726	6	4	0	0	skreborn		BSD-3-Clause	2022-03-11T00:10:25.000Z	https://github.com/skreborn/rustic
593	geodata	A geospatial client to read GeoJSON and OGC API Features data sources.	0.11.0	57.794825120270445	3	20	3	31	navibyte	navibyte.com	NOASSERTION	2022-12-02T20:19:03.000Z	https://github.com/navibyte/geospatial
594	http_client_deta_api	Implementation of the client_deta_api package using the http package.	0.0.1+1	57.72547999826637	0	6	2	6	yeikel16		MIT	2022-11-27T20:16:31.000Z	https://github.com/yeikel16/deta-dart
595	mineral	Mineral is a Discord framework for designing discord bots in Dart.	2.3.1	57.71681185801586	12	13	2	0	mineral-dart	mineral-foundation.org	MIT	2022-12-10T23:02:49.000Z	https://github.com/mineral-dart/core
596	dart_frog_web_socket	WebSocket support for Dart Frog. Built by Very Good Ventures.	0.1.0-dev.1	57.682139297013826	15	1024	64	17	VeryGoodOpenSource	verygood.ventures	MIT	2022-12-16T19:12:34.000Z	https://github.com/VeryGoodOpenSource/dart_frog
597	community_charts_common	A common library for charting packages. Forked from google/charts.	1.0.0	57.60846010488449	3	3	0	0	juliansteenbakker	steenbakker.dev	Apache-2.0	2022-11-16T09:17:20.000Z	https://github.com/juliansteenbakker/community_charts
598	twilio_dart_api	A Package that helps with twilio API. Supports to send twilio programmable SMS and retrive all messages data from twilio.	0.0.1	57.495774281627874	2	2	0	0	NazarenoCavazzon	mibus-app.com.ar	MIT	2022-08-22T21:40:51.000Z	https://github.com/NazarenoCavazzon/twilio_dart_api
599	win32_suspend_process	Suspend and resume processes on the Windows platform from native dart code.	1.0.0	57.417761019373295	1	0	0	0	Merrit	merritt.codes	BSD-3-Clause	2021-03-29T22:41:30.000Z	https://github.com/Merrit/win32_suspend_process
600	leto_schema	An implementation of GraphQL's type system in Dart. Basis of leto.	0.0.1-dev.1	57.37442031812074	0	29	2	3	juancastillo0		MIT	2022-12-15T01:15:56.000Z	https://github.com/juancastillo0/leto
601	style_random	Random string generator with easy syntax and many complex options. Specify random string by many options like length, ends etc.	0.0.1+1	57.335413686993455	18	0	1	0	styledart	styledart.dev	GPL-3.0	2022-01-08T10:41:36.000Z	https://github.com/styledart/style_random
602	trip_advisor_api	A dart package to communicate with trip advisor api. this package lets you do all of the api's functions	1.0.8	57.305075196116675	2	0	0	1	Gypsy-IL		GPL-3.0	2022-12-10T20:06:42.000Z	https://github.com/Gypsy-IL/trip_advisor_api
603	dart_proffix_rest	A Dart wrapper for Proffix Rest API with automatic login and logout and many useful helper functions	0.1.2	57.29640705586616	2	0	0	0	pitwch	pitw.ch	MIT	2022-12-16T19:05:14.000Z	https://github.com/pitwch/dart_proffix_rest
604	stx_bloc_base	The package provides various generic implementations of blocs.	0.1.3	57.25740042473887	0	0	0	0	VolodymyrSydorko		MIT	2022-10-24T11:51:20.000Z	https://github.com/VolodymyrSydorko/stx_bloc_base
605	properties	A simple library to manage properties file (and something more) in Dart	1.0.0	57.08403761972869	2	0	0	0	vaind	intinio.com	BSD-3-Clause	2022-01-30T19:27:26.000Z	https://github.com/vaind/properties.dart
606	firebase_functions_dart	Pure Dart implementation of FlutterFire CloudFunctions API.	0.1.1+2	57.04936505872665	2	284	35	18	invertase		NOASSERTION	2022-11-05T03:27:18.000Z	https://github.com/invertase/flutterfire_desktop
607	comparer	A Dart package that helps to implement value based equality without needing to explicitly override == and hashCode.	2.0.1	56.958349586096304	1	1	0	0	mit-73		MIT	2021-04-30T07:08:05.000Z	https://github.com/mit-73/comparer
608	ksuid	KSUID Generator and Parser for Dart	1.0.0	56.928011095219524	6	1	0	0	Fluttering-Health		Apache-2.0	2021-11-19T22:00:22.000Z	https://github.com/Fluttering-Health/ksuid
609	word_search_safety	A word search puzzle generator built with dart.This library allows you to create a puzzle from a list of input words that can be arranged in many orientations.	0.1.2-nullsafety.1	56.83266155246392	1	0	0	0	rbndigital		BSD-3-Clause	2022-09-18T17:11:23.000Z	https://github.com/rbndigital/word_search.dart
610	leto	Base package for implementing GraphQL servers. You might prefer `package:leto_shelf`for building GraphQL web server with leto and shelf.	0.0.1-dev.1	56.758982360334585	8	29	2	3	juancastillo0		MIT	2022-12-15T01:15:56.000Z	https://github.com/juancastillo0/leto
611	receita_ws	Uma biblioteca para consulta de CNPJ para desenvolvedores Dart (Console, Web e Flutter).	1.0.0	56.64196246695271	6	2	2	2	mateuspenha		BSD-3-Clause	2020-06-26T11:47:32.000Z	https://github.com/mateuspenha/receita_ws
612	tiki_sdk_dart	The core implementation (pure dart) of TIKI's decentralized infrastructure plus abstractions to simplify the tokenization and application of data ownership, consent, and rewards. For new projects, we recommend one of our platform-specific SDKs. Same features. Much easier to implement.	0.0.16	56.62896025657695	0	1	1	2	tiki	mytiki.com	MIT	2022-12-15T14:10:09.000Z	https://github.com/tiki/tiki-sdk-dart
613	nfelib	A helper library for the brazilian Nota Fiscal Eletrônica (NFe).	0.1.1	56.615958046201186	7	0	0	0	rednaxelbr		BSD-3-Clause	2021-04-30T21:01:43.000Z	https://github.com/rednaxelbr/nfelib
614	dart_ecpair	The Elliptic Curve Key Pair (ECPair) module for dart_bitcoin	1.0.2	56.59428769557492	0	0	0	0	dart-bitcoin-lib	mahsumurebe.com	MIT	2021-11-22T10:09:15.000Z	https://github.com/dart-bitcoin-lib/dart-ecpair
615	sql_data_helper	A dart package to organize our sql data and make tables, querys more efficiently	1.0.9	56.50760629306982	0	0	0	0	Flerma98		MIT	2022-10-20T15:59:07.000Z	https://github.com/Flerma98/dart_sql_data_helper
616	mono_repo	CLI tools to make it easier to manage a single source repository containing multiple Dart packages.	6.4.2	56.4816018723183	47	135	31	34	google	google.dev	BSD-3-Clause	2022-10-17T17:19:05.000Z	https://github.com/google/mono_repo.dart
617	enum_map	A Map with compile-time check that every enum constant has an entry in it.	0.2.1	56.351579768560654	5	1	0	0	alexeyinkin	ainkin.com	MIT-0	2022-12-06T07:44:52.000Z	https://github.com/alexeyinkin/dart-enum-map
618	sql_result	A composable class for MS-SQL query result set. Please take a look at [dart_mssql] package for details.	0.2.6	56.269232436180815	2	26	6	7	MoacirSchmidt		BSD-2-Clause	2019-09-23T22:26:13.000Z	https://github.com/MoacirSchmidt/dart_mssql
619	dynamic_value	The easy way to work with JSON data, safe access to nested data in the Map and safe type conversion.	2.5.0	56.238893945304035	6	4	1	0	andyduke	amazingsoftworks.com	BSD-3-Clause	2021-04-21T13:10:27.000Z	https://github.com/andyduke/dynamic_value
620	iran	List of provinces and cities, PAN and National Number validators and more.	0.0.6	56.21288952455251	2	0	0	0	xclud		MIT	2021-08-24T14:15:59.000Z	https://github.com/xclud/dart_iran
621	geography	A library of geographical entities, their metadata, and relationships. Provides a basic, and an earth, library with methods for finding the nearest entity and measuring distances.	1.1.5	56.08720149092012	4	3	0	0	GioCirque	dicatania.me	BSD-3-Clause	2022-11-04T15:36:08.000Z	https://github.com/GioCirque/pub-dev
622	flutter_photon	An API client for the Komoot Photon API (photon.komoot.io) for Dart and Flutter.	1.1.0	56.0611970701686	1	4	5	0	vollkorntomate	vollkorntomate.de	Apache-2.0	2022-10-07T09:26:17.000Z	https://github.com/vollkorntomate/flutter-photon
623	password_generator	A package to generate strong passwords. Also comes with an extension for checking the strength of a password.	1.0.0	55.93117496641096	2	0	0	0	Bakri-Alkhateeb	verify.pharmart.sy	NOASSERTION	2022-02-20T17:33:47.000Z	https://github.com/Bakri-Alkhateeb/password_generator
624	either_type	The library for Error Handling. Armed with Either, you can write code that returns either an exception or a legitimate result (but never both) while retaining type safety. The common functional convention is that the left of an Either class contains an exception (if any), and the right contains the result.	0.1.2	55.90083647553418	2	4	0	0	baihu92		MIT	2019-07-04T09:21:38.000Z	https://github.com/baihu92/Either
625	list_french_words	This package contains a list of french words for use in other tools. From spell checkers, to ngram analysis.	0.1.0+2	55.88783426515841	5	0	0	0	ALMDart	almaclaine.com	MIT	2021-12-28T00:10:03.000Z	https://github.com/ALMDart/dart_list_french_words
626	openmensa	A library which provides simple access to OpenMensa's API services for Dart.	2.1.0	55.814155073029085	1	0	0	0	ThexXTURBOXx	femtopedia.de	MIT	2022-05-18T21:11:22.000Z	https://github.com/ThexXTURBOXx/dart-openmensa
627	shelf_test_handler	A Shelf handler that makes it easy to test HTTP interactions.	2.0.1	55.78815065227756	2	5	4	3	dart-archive	tools.dart.dev	BSD-3-Clause	2022-05-09T21:21:44.000Z	https://github.com/dart-lang/shelf/tree/master/pkgs/shelf_test_handler
628	fire_line_diff	A dart line diff tool. Objects are converted into strings and these strings are then compared line by line.	1.5.5	55.76648030165128	0	2	1	0	SedlarDavid	sedlardavid.cz	NOASSERTION	2022-04-19T14:00:05.000Z	https://github.com/SedlarDavid/fire_line_diff
629	random_name_generator	Dart package for the generation of Random Names, based on most common names	1.1.0	55.757812161400764	2	1	1	0	poqueque	poquesoft.net	BSD-3-Clause	2022-09-12T18:29:54.000Z	https://github.com/poqueque/random_name_generator
630	innim_lint	The Dart analyzer settings and linter rules used at Innim for Dart and Flutter projects. Stricter than pedantic.	0.3.0	55.6407922680189	4	1	0	0	Innim	innim.ru	BSD-3-Clause	2022-02-02T15:32:35.000Z	https://github.com/Innim/dart-lint
631	stash_sqlite	storage extension for the stash API. Provides support to store vaults and  caches in a sqlite database in binary format using the msgpack json format	4.4.1	55.567113075889566	2	72	10	0	ivoleitao	ivoleitao.dev	MIT	2022-12-05T23:19:18.000Z	https://github.com/ivoleitao/stash
632	isolated_download_manager	File download manager based on reusable isolates with progress, cancellation, pause and resume	1.0.1	55.54977679538855	7	2	0	0	starkdmi		BSD-3-Clause	2022-10-04T14:46:12.000Z	https://github.com/starkdmi/download_manager
633	cinch	cinch is powerful http client for dart, support native and js, http client using dio.	2.2.1	55.406752481255154	2	1	0	1	tatsuyuki25	tatsuyuki25.com	MIT	2022-10-18T08:52:02.000Z	https://github.com/tatsuyuki25/cinch
634	libcrypto	Cryptography utility library for AES encryption and Pbkdf2 hashing algorithms.	0.2.2	55.38074806050361	2	2	0	0	MedzikUser		MIT	2022-11-12T11:38:24.000Z	https://github.com/MedzikUser/libcrypto-dart
635	monarch_io_utils	Monarch utilities for dart io and other dart sdk packages.	1.2.0	55.289732587873274	0	334	10	8	Dropsource	monarchapp.io	MIT	2022-12-14T20:57:36.000Z	https://github.com/Dropsource/monarch
636	universal_mqtt_client	A MQTT client for Dart, compatible with desktop, mobile and web targets	0.1.1	55.26372816712174	10	6	2	6	soft2tec	soft2tec.com	MIT	2020-10-05T16:50:09.000Z	https://github.com/soft2tec/universal_mqtt_client
637	mangadex_library	A mangadex library for dart to facilitate easier access to the Mangadex API (https://api.mangadex.org)	1.4.5	55.25506002687124	2	4	1	0	Riktam-Santra		BSD-3-Clause	2022-09-30T06:07:26.000Z	https://github.com/Riktam-Santra/mangadex_library
638	jsontree	Statically typed JSON tree. This type-safe tree can contain JSON-compatible objects and nothing else.	0.3.0	55.2290556061197	0	1	0	0	rtmigo	revercode.com	MIT	2022-07-07T15:51:22.000Z	https://github.com/rtmigo/jsontree_dart
639	libedax4dart	Dart wrapper for libedax. With using libedax4dart, you can execute functions equivalent to edax.	5.9.2	55.22472153599445	3	3	0	2	sensuikan1973	done-sensuikan1973.com	GPL-3.0	2022-12-16T21:10:11.000Z	https://github.com/sensuikan1973/libedax4dart
640	font_awesome_pro_flutter	Simple, opinionated, code generator for FontAwesome pro icons.	0.0.3	55.06869501148529	1	0	0	0	heftapp	heft.app	MIT	2022-06-22T06:03:31.000Z	https://github.com/heftapp/font_awesome_pro_flutter
641	mpv_dart	MPV player's JSON IPC binding for Dart (Flutter)	0.0.1	54.97767953885494	7	11	2	1	KRTirtho		MIT	2022-01-04T07:53:52.000Z	https://github.com/KRTirtho/mpv_dart
642	pluto_filtered_list	A List where filters can be applied to the List and elements can be accessed or modified in that state.	0.2.0	54.96901139860443	10	11	0	0	bosskmk	weblaze.dev	MIT	2021-03-05T14:01:30.000Z	https://github.com/bosskmk/pluto_filtered_list
643	cosmosdb	API client to interact with the CosmosDB SQL-API by its REST API in Dart	0.0.4	54.9430069778529	4	9	2	3	jonasfranz	jonasfranz.de	Apache-2.0	2022-04-24T17:34:16.000Z	https://github.com/jonasfranz/cosmosdb
644	state_machine_bloc	state_machine_bloc is an extension to the bloc state management library which provide a convenient way to create finite state machines based blocs.	0.0.1	54.88232999609933	27	25	1	0	Pierre2tm		MIT	2022-04-24T14:49:05.000Z	https://github.com/Pierre2tm/state_machine_bloc
645	twitter_oembed_api	This library provides the easiest way to use the Twitter oEmbed API in Dart and Flutter apps.	0.1.0	54.85199150522255	10	1	0	1	twitter-dart		BSD-3-Clause	2022-12-17T03:08:50.000Z	https://github.com/twitter-dart/twitter-oembed-api
646	twitch_api	A wrapper in pure Dart to connect to Twitch.tv using OAuth implicit authentication.	0.6.1	54.81731894422052	20	16	7	1	TesteurManiak	rouxguillau.me	MIT	2022-12-12T11:11:05.000Z	https://github.com/TesteurManiak/twitch_api_flutter
647	flutterw_sidekick_plugin	Sidekick plugin that installs flutter_wrapper in the repository and links it to the flutter and dart commands	0.1.3	54.78264638321848	0	2	0	0	passsy	pascalwelsch.com	Apache-2.0	2022-12-10T18:57:31.000Z	https://github.com/passsy/flutterw_sidekick_plugin
648	mnid_dart	Multi Network Identifier - spec and reference implementation	0.1.2	54.5616088068305	0	1	0	0	fuseio	fuse.io	MIT	2021-11-21T18:04:29.000Z	https://github.com/fuseio/mnid_dart
649	monarch_grpc	gRPC interfaces for Monarch. Monarch is a tool for building Flutter widgets in isolation. It makes it easy to build, test and debug complex UIs.	1.0.0	54.53127031595372	0	334	10	8	Dropsource	monarchapp.io	MIT	2022-12-14T20:57:36.000Z	https://github.com/Dropsource/monarch
650	arb_generator	A dart tool which generates ARB files from CSV files.	0.0.2	54.440254843323366	7	4	5	1	defuncart	defuncart.com	MIT	2022-10-29T11:37:21.000Z	https://github.com/defuncart/arb_generator
651	benchmarking	Tools to run (sync and async) benchmarks with ease and control.	0.6.1	54.37524379144455	8	5	2	2	vaind	intinio.com	MIT	2021-09-01T14:27:21.000Z	https://github.com/vaind/benchmarking.dart
652	speed_test_port	Internet speed tester (ping, upload, download) using speedtest.net	1.0.4	54.33623716031726	1	1	5	2	oiuldashov		MIT	2022-04-23T13:36:47.000Z	https://github.com/oiuldashov/speed_test_port
653	vies	This dart lib is basically calling web service provided by VIES for check VAT validity	1.0.2	54.154206215056554	1	0	0	0	raphrmx	restomax.com	MIT	2022-09-21T13:29:57.000Z	https://github.com/raphrmx/vies
654	color_logger	Simple way to output timestamped logs messages with color in stdout.	1.0.2	53.99817969054739	7	1	0	0	andrelec1	sensmon.pet	Apache-2.0	2022-05-06T14:44:56.000Z	https://github.com/andrelec1/color_logger
655	ulid4d	Universally Unique Lexicographically Sortable Identifier for Dart	2.0.0	53.97217526979586	4	2	0	0	Aallam	aallam.com	BSD-3-Clause	2022-09-02T09:45:53.000Z	https://github.com/Aallam/ulid4d
656	duffer	A pure dart library offering support for netty-like byte buffer manipulation and binary serialization via a pickle inspired system	1.2.5	53.915832358167556	3	3	1	0	helightdev	helight.dev	Apache-2.0	2022-08-19T10:18:08.000Z	https://github.com/helightdev/duffer
657	jsettings	JSON settings	0.1.1	53.868157586789756	1	0	0	0	jpnurmi		MPL-2.0	2022-11-22T17:25:06.000Z	https://github.com/jpnurmi/jsettings.dart
658	youtube_caption_scraper	Parse subtitles/captions from YouTube without authorization.	0.1.3	53.846487236163476	10	13	1	0	f-person	fperson.dev	MIT	2022-03-06T08:44:25.000Z	https://github.com/f-person/youtube_captions_scraper
659	studip	A simple-to-use wrapper for Stud.IP's RestAPI service in Dart.	2.1.1	53.62978372990075	1	0	0	0	ThexXTURBOXx	femtopedia.de	GPL-3.0	2022-04-24T16:53:11.000Z	https://github.com/ThexXTURBOXx/dart-studip
660	cbl_dart	Couchbase Lite for pure Dart apps: An embedded, NoSQL JSON Document Style database, supporting Blobs, Encryption, N1QL Queries, Live Queries, Full-Text Search and Data Sync.	2.1.5	53.551770467646165	4	72	10	29	cbl-dart	gabriel.terwesten.net	Apache-2.0	2022-12-16T21:42:23.000Z	https://github.com/cbl-dart/cbl-dart
661	adb	Simple Dart wrapper around Android Debug Bridge.	0.2.4	53.521431976769385	3	250	22	83	leancodepl	leancode.co	Apache-2.0	2022-12-17T23:28:09.000Z	https://github.com/leancodepl/patrol
662	suntime	Simple sunrise and sunset time calculation for a given location.	0.1.0	53.456420924890566	0	0	0	0	diego-garro		LGPL-3.0	2022-06-07T06:04:28.000Z	https://github.com/diego-garro/suntime-dart
663	cnpj_cpf_helper	This library helps with CNPJ and CPF validations. Both of them are a brazilian documentation where CNPJ is a business document and CPF is a person document.	1.0.8	53.378407662635986	2	0	1	0	evandrofuhr		NOASSERTION	2020-07-06T17:30:56.000Z	https://github.com/evandrofuhr/cnpj_cpf_helper
664	cnpj_cpf_helper_nullsafety	This library helps with CNPJ and CPF validations. Both of them are a brazilian documentation where CNPJ is a business document and CPF is a person document.	1.1.1	53.36107138213496	0	0	0	0	kaiquecruz		NOASSERTION	2021-09-14T13:45:19.000Z	https://github.com/kaiquecruz/cnpj_cpf_helper
665	starfruit	A mathematical library extending and bettering provided dart and dart:math functions.	2.0.0	53.33506696138344	8	8	1	0	AKushWarrior	kishoredev.live	MPL-2.0	2021-09-02T05:51:26.000Z	https://github.com/AKushWarrior/starfruit
666	cron_parser	A cron parser. Spits out next cron dates starting from now or a specific date.	0.5.0	53.29606033025615	5	4	3	4	rbubke		BSD-3-Clause	2022-05-04T19:55:20.000Z	https://github.com/rbubke/cron-parser
667	bisection	Searching in sorted lists. Adding items while maintaining the sort order. Port of the Python bisect library.	0.4.3+1	53.25705369912885	2	1	0	0	rtmigo	revercode.com	MIT	2021-11-29T22:55:54.000Z	https://github.com/rtmigo/bisection_dart
668	one_logger	Easy to use logger for single line logging. [date level service:module msg]	1.0.4	53.109695314870194	0	0	0	0	buraktabn		MIT	2022-12-14T21:36:51.000Z	https://github.com/buraktabn/one_logger
669	lexicographical_order	A string generator that helps to implement real-time editing of an ordered sequence. this makes reordering transactions faster and simpler.	1.3.5	52.98400728123781	4	3	0	0	sylfreee	sylfree.com	MIT	2022-05-01T03:28:24.000Z	https://github.com/sylfreee/lexicographical_order
670	ackee_dart	Analytics tracker for Ackee (Self-hosted, Node.js based analytics tool for those who care about privacy) implemented in Dart	0.0.2	52.96233693061154	2	1	0	0	marchellodev	mark.vin	MIT	2021-06-18T08:09:39.000Z	https://github.com/marchellodev/ackee_dart
671	mediaindex_dart	mp4 and webm media files sidx segment and ebml box parser for dart	0.0.2	52.82798075672864	0	0	0	0	suconghou		BSD-3-Clause	2022-06-05T11:11:36.000Z	https://github.com/suconghou/mediaindex-dart
672	simple_mysql_orm	A simple ORM wrapper for mysql with Transaction support.	3.0.5	52.81931261647813	1	7	0	1	onepub-dev	onepub.dev	MIT	2022-06-09T01:33:16.000Z	https://github.com/bsutton/simple_mysql_orm
673	cancelable_retry	Utility for wrapping an asynchronous function in automatic retry logic with ability to cancel it.	0.1.0+1	52.74129935422355	3	1	0	0	Innim	innim.ru	BSD-3-Clause	2022-07-27T14:05:58.000Z	https://github.com/Innim/dart_cancelable_retry
674	sql_utils	A set of utility functions to facilitate dart interoperability with MS-SQL server. Please take a look at [dart_mssql] package for a usage example	0.2.1	52.572270619338624	0	26	6	7	MoacirSchmidt		BSD-2-Clause	2019-09-23T22:26:13.000Z	https://github.com/MoacirSchmidt/dart_mssql
675	paymongo_sdk	Unofficial PayMongo SDK written in Dart for flutter.	1.6.1	52.5072595674598	8	6	2	1	vinceramcesoliveros		MIT	2022-09-08T03:30:28.000Z	https://github.com/ram231/paymongo_sdk
676	porter_2_stemmer	Reduce a word to its root form using the Porter English stemming algorithm.	3.0.2	52.42924630520521	0	0	0	0	GM-Consult-Pty-Ltd	gmconsult.dev	NOASSERTION	2022-11-02T01:52:31.000Z	https://github.com/GM-Consult-Pty-Ltd/porter_2_stemmer
677	dart_minecraft	Utilities for Minecraft and Mojang Web-APIs, authentication, and using NBT Files.	0.5.2	52.4119100247042	13	10	2	0	spnda		MIT	2022-11-16T13:30:56.000Z	https://github.com/spnda/dart_minecraft
678	alquran_cloud	un-official dart client wrapper for the quran.cloud api consume the holy book of quran	0.0.1	52.22554500931825	25	1	0	0	maxzod		MIT	2021-09-26T18:53:57.000Z	https://github.com/maxzod/alquran_cloud
679	hequest	Simple and hackable request for dart. Built on top of the http package.	0.0.3	52.091188835435354	1	2	0	0	teixeirazeus	thiagoteixeira.dev	MIT	2022-10-20T14:40:14.000Z	https://github.com/teixeirazeus/hequest
680	freedesktop_desktop_entry	A Dart package for parsing freedesktop (XDG) desktop entries on Linux.	0.4.0	52.082520695184854	0	2	0	0	roscale		MIT	2022-11-07T14:00:51.000Z	https://github.com/roscale/freedesktop_desktop_entry
681	objd	objd is an Object Oriented framework for Building Minecraft Datapacks with ease	0.4.4	52.01317557318077	3	37	5	4	Stevertus	stevertus.com	BSD-2-Clause	2022-04-15T20:21:48.000Z	https://github.com/Stevertus/objD
682	pot	An easy and safe DI (Dependency Injection) solution for Dart with support for scoping.	0.4.2	51.995839292679754	2	1	0	0	kaboc	kaboc.cc	MIT	2022-12-14T03:09:34.000Z	https://github.com/kaboc/pot
683	graceful	Handle exit signals gracefully and pipe console output to log files.	1.2.0	51.97416894205348	2	1	0	0	doodlezucc		MIT	2022-09-07T23:18:20.000Z	https://github.com/doodlezucc/dart_graceful
684	ngtest	Testing runner and library for AngularDart. This package is necessary to write component tests for AngularDart components.	4.1.1	51.92649417067569	3	40	5	5	angulardart-community	angulardart.xyz	MIT	2022-12-03T19:31:43.000Z	https://github.com/angulardart-community/angular
685	koala	A poor man's version of a pandas Dataframe. Collect, access & manipulate related data.	0.1.1	51.79647206691804	8	3	0	0	w2sv		BSD-3-Clause	2022-09-15T20:10:37.000Z	https://github.com/w2sv/koala
686	dart_pubspec_licenses	A library to make it easy to extract OSS license information from Dart packages using pubspec.yaml	2.0.2	51.75746543579075	1	30	9	3	espresso3389	espresso3389.jp	MIT	2022-10-22T13:07:06.000Z	https://github.com/espresso3389/flutter_oss_licenses
687	swayze_math	Classes for math operations in the context of a spreadsheet UI	1.1.0	51.70979066441295	5	73	13	5	rows	rows.com	BSD-3-Clause	2022-11-03T00:28:16.000Z	https://github.com/rows/swayze
688	hlc	Dart port of a hybrid logical clock (HLC).	1.0.3	51.68378624366142	1	0	0	0	misha		MIT	2021-12-31T05:30:49.000Z	https://github.com/misha/dart-hlc
689	retrieval	A trie data structure Dart implementation — useful for autocomplete.	1.0.1	51.62744333203311	3	3	2	0	rohanchandra	rohanchandra.dev	BSD-3-Clause	2021-08-01T06:05:58.000Z	https://github.com/rohanchandra/retrieval.dart
690	adonis_websok	Adonis (adonisjs) high level web sockets. Implements the websocket protocol specified by adonisjs.	1.0.3	51.6187751917826	7	6	4	2	ConsoleTVs	erik.cat	MIT	2020-10-02T10:29:46.000Z	https://github.com/ConsoleTVs/AdonisWebsok
691	bip_topl	SDK for the cryptography components for building Topl blockchain mobile apps using Flutter	0.0.2	51.454080527022924	2	0	1	0	Topl		MPL-2.0	2021-09-10T18:03:29.000Z	https://github.com/Topl/bip-topl
692	connectme	WebSocket connection management library to handle client-server communication in event-based manner or await-query style (using PackMe messages).	2.1.0	51.3804013348936	9	5	0	1	sourcecaster	minimagic.games	MIT	2022-07-10T19:33:52.000Z	https://github.com/sourcecaster/connectme
693	multi_validator	A starting point for Dart libraries or applications.	1.0.1	51.06834828587527	0	0	0	0	alfredoUcar		BSD-3-Clause	2021-12-25T09:44:43.000Z	https://github.com/alfredoUcar/dart-multi-validator
694	ficcanaso	The Dart analyzer settings and best practices used. forked from pedantic	4.0.0	51.00333723399645	4	9	2	0	dbbd59	davidebolzoni.com	MIT	2022-05-16T08:12:33.000Z	https://github.com/dbbd59/ficcanaso
695	glados	A simple testing framework that tries to break your properties.	1.1.6	50.97299874311967	22	34	9	3	MarcelGarus		MIT	2022-10-18T21:26:48.000Z	https://github.com/MarcelGarus/glados
696	scope	A Dependency injection (Inversion of Control) library. Supports nested Scopes and multiple values of the same type.	3.0.0	50.933992111992374	8	2	1	2	onepub-dev	onepub.dev	MIT	2022-10-16T04:01:19.000Z	https://github.com/noojee/scope
697	framy_annotation	Annotations for framy_generator. This package does nothing without framy_generator.	0.1.5+1	50.92532397174187	29	146	15	31	Fidev-io	fidev.io	LGPL-3.0	2021-08-13T06:41:43.000Z	https://github.com/Fidev-io/framy
698	docker2	Simple library for viewing and controlling docker images and containers.	2.2.8	50.881983270489314	6	4	4	0	onepub-dev	onepub.dev	MIT	2022-07-20T00:07:40.000Z	https://github.com/noojee/docker2
699	monarch_definitions	Types and channel definitions for Monarch. Monarch is a tool for building Flutter widgets in isolation. It makes it easy to build, test and debug complex UIs.	1.2.0	50.77796558748321	0	334	10	8	Dropsource	monarchapp.io	MIT	2022-12-14T20:57:36.000Z	https://github.com/Dropsource/monarch
700	sql_recase	A set of functions used to transform map keys in camelCase or snake_case. Please take a look at dart_mssql package for a usage example	0.2.2	50.73029081610541	0	26	6	7	MoacirSchmidt		BSD-2-Clause	2019-09-23T22:26:13.000Z	https://github.com/MoacirSchmidt/dart_mssql
701	cached_value	A simple way to cache values that result from rather expensive operations.	0.2.0	50.70862046547913	13	27	2	1	bluefireteam	blue-fire.xyz	MIT	2022-08-16T11:05:33.000Z	https://github.com/renancaraujo/cached_value
702	altogic_dart	Dart client for Altogic. Altogic is a backend application development and execution platform, enabling people and businesses to design, deploy and manage scalable applications.	1.0.0	50.51792137996792	13	58	3	0	altogic	altogic.com	MIT	2022-11-17T12:37:43.000Z	https://github.com/altogic/altogic-dart
703	dimens	Android-like dimens generator	0.0.6	50.422571837212324	2	1	1	1	vasyafromrussia		MIT	2021-07-08T12:39:41.000Z	https://github.com/VasyaFromRussia/flutter-dimens
704	seeip_client	A library that makes it easy to fetch data from SeeIP - A simple IP address API.	0.1.2	50.2145364712001	1	1	1	1	madaboutbrighton	madaboutbrighton.net	BSD-3-Clause	2021-06-09T14:05:04.000Z	https://github.com/madaboutbrighton/seeip_client
705	history_state_notifier	Extends state_notifier to add a history feature that allows for undo/redo operations.	0.0.5	49.81146794955143	15	5	1	0	timcreatedit	timcreated.it	MIT	2022-02-15T09:19:59.000Z	https://github.com/timcreatedit/history_state_notifier
706	json_ld_processor	JSON-LD Processor according to JSON-LD Processing API 1.1 with support for URDNA2015 normalization.	1.0.0	49.70745026654531	0	1	0	0	b2cm		BSD-3-Clause	2022-09-23T08:14:56.000Z	https://github.com/b2cm/json_ld_procossor
707	toor	Compile-time safe and easy to manage service locators.	1.2.1	49.69444805616955	5	5	1	0	f-person	fperson.dev	MIT	2022-12-03T17:21:39.000Z	https://github.com/f-person/toor
708	sigepweb	Utilize serviços dos Correios no seu App como buscar CEP ou calcular preços e prazos de encomendas	1.0.8	49.62943700429073	16	5	1	3	marcobraghim		MIT	2021-03-12T20:33:04.000Z	https://github.com/marcobraghim/sigepweb
709	simple_date	A simple date model for Dart.	1.0.0	49.61643479391496	9	4	0	0	jeroen-meijer	jfk.dev	MIT	2021-08-14T01:44:20.000Z	https://github.com/jeroen-meijer/simple_date
710	stx_easy_localization_generator	Easy localization generator.	1.0.1	49.525419321284616	0	0	0	0	VolodymyrSydorko		MIT	2022-05-26T16:22:40.000Z	https://github.com/VolodymyrSydorko/stx_easy_localization_generator
711	thirds	SHA-3, BLAKE3, and EdDSA/Ed448 implementations in Dart, with EdDSA/Ed448 JWT support	0.2.0-alpha.1	49.51241711090885	0	0	0	0	mnito	mike.nitow.ski	BSD-3-Clause	2022-04-10T20:11:01.000Z	https://github.com/mnito/thirds
712	dateable	A Dart package to help you with managing dates easily. Can be used to store, format, convert, construct, parse and serialise dates.	3.0.0+3	49.41706756815325	17	6	0	0	SugaR256	jakubkrapiec.dev	MIT	2021-12-02T21:14:00.000Z	https://github.com/SugaR256/dateable
713	klutter	The Klutter Pub Plugin makes it possible to write a Flutter plugin for both Android and iOS using Kotlin only.	0.2.4	49.343388376023924	32	31	0	1	buijs-dev	buijs.dev	MIT	2022-09-10T14:41:44.000Z	https://github.com/buijs-dev/klutter-dart
714	lifx_http_api	A dart implementation of the LIFX HTTP API for smart LED bulbs.	0.0.13	49.17435964113899	2	1	0	1	nathanielgreen		MIT	2022-09-20T18:09:14.000Z	https://github.com/nathanielgreen/lifx_http_api
715	flutter_lints_plus	Recommended lints for Flutter apps, packages, and plugins to encourage good coding practices.	2.0.1	48.97499241537729	2	1	0	0	ronjb	ronbooth.com	MIT	2022-06-06T12:11:25.000Z	https://github.com/ronjb/flutter_lints_plus
716	pubspec_lock_parse	Simple package for parsing pubspec.lock files with a type-safe API and rich error reporting.	2.2.0	48.970658345252026	1	3	1	0	matthewnitschke		NOASSERTION	2022-10-15T18:45:34.000Z	https://github.com/matthewnitschke/pubspec_lock_parse
717	shelf_helmet	A port of the NodeJS helmet package to Dart. Helmet helps you secure your Dart Shelf/Frog apps by setting various HTTP headers.	1.1.0	48.96199020500151	6	2	0	0	jxstxn1	jxstxn.dev	Apache-2.0	2022-12-05T18:13:45.000Z	https://github.com/jxstxn1/shelf_helmet
718	words	A curated collection of lints for use by Dart packages to ensure higher program safety and to promote best practices, selected and maintained by WordCollector.	0.1.1	48.94898799462575	0	0	0	0	WordCollector	wordcollector.co.uk	AGPL-3.0	2022-07-06T21:25:12.000Z	https://github.com/wordcollector/words
719	flutter_versio_frigidus	A tool for easily selecting Flutter version on project basis	1.1.0	48.94031985437524	1	3	0	0	stelynx		GPL-3.0	2021-10-05T11:48:47.000Z	https://github.com/stelynx/flutter_versio_frigidus
720	maths	Advanced Math library for Dart with support for Complex, FFT and Convolutions.	0.0.2	48.83196810124388	1	0	0	0	xclud		MIT	2022-11-07T10:32:44.000Z	https://github.com/xclud/dart_maths
721	convenient_test_common_dart	Write and debug tests easily, with full action history, time travel, screenshots, rapid re-execution, video records, interactivity, isolation and more	1.2.1	48.80596368049235	1	325	18	11	fzyzcjy	cjycode.com	MIT	2022-12-17T13:46:13.000Z	https://github.com/fzyzcjy/flutter_convenient_test
722	xml_crypto	Xml digital signature library for Dart. For signing and verifying XML documents.	2.1.4	48.72795041823777	2	1	1	2	rikulo	quire.io	MIT	2022-10-05T10:49:37.000Z	https://github.com/rikulo/xml-crypto
723	fresh_grpc	An grpc link for token refresh. Built on top of package:grpc and manages authentication tokens transparently.	0.3.0	48.63693494560742	0	0	1	0	amondnet		MIT	2021-06-16T04:56:13.000Z	https://github.com/amondnet/fresh_grpc
724	dart_bip21	A BIP21 compatible URL encoding package developed for DartLang.	1.0.0	48.558921683352835	0	0	0	0	dart-bitcoin-lib	mahsumurebe.com	MIT	2021-12-21T23:24:07.000Z	https://github.com/dart-bitcoin-lib/dart-bip21
725	tezart	A Dart library to connect to Tezos clients. Send transactions and interact with smart contracts!	2.0.5	48.55025354310233	11	21	10	10	moneytrackio	moneytrack.io	MIT	2022-10-27T18:55:16.000Z	https://github.com/moneytrackio/tezart
726	text_analysis	Tokenize text, compute readibility scores for a document and evaluate similarity of terms.	1.0.0+2	48.38555887834265	0	5	0	0	GM-Consult-Pty-Ltd	gmconsult.dev	NOASSERTION	2022-11-25T06:15:57.000Z	https://github.com/GM-Consult-Pty-Ltd/text_analysis
727	eventstore_client	A community developed gRPC client library for EventStoreDB. EventStoreDB is an open-source, functional database with Complex Event Processing capabilities.	0.7.1	48.26853898496078	3	3	0	0	DISCOOS	discoos.org	BSD-2-Clause	2022-11-05T17:13:27.000Z	https://github.com/DISCOOS/eventstore-client-dart
728	omnimodel	Model complex data and access it in an easy and safe way	1.0.6	48.064837689073805	1	0	0	0	tratteo		BSD-3-Clause	2022-12-17T17:23:17.000Z	https://github.com/tratteo/omnimodel
729	pos	Dart Implementation of the ISO-8583 banking protocol for Point of Sale (POS) Devices.	0.3.1	48.04750140857279	3	11	3	0	xclud	pwa.ir	MIT	2022-05-03T09:53:32.000Z	https://github.com/xclud/dart_pos
730	dotenv_gen	Generate environment variable dart files from an `.env` file.	0.0.2	48.004160707320246	1	0	0	0	North101		MIT	2022-06-23T09:43:55.000Z	https://github.com/North101/dotenv_gen
731	dchisel	A simple dart web framework for create REST API. DChisel support Custom Middleware and Mysql & PostgreSQL ORM.	1.1.0+13	47.9608200060677	46	22	3	2	alalawy	alphacsoft.com	BSD-3-Clause	2022-12-01T12:22:30.000Z	https://github.com/alalawy/DChisel
732	fit_curve	Dart implementation of Philip J. Schneider's \"Algorithm for Automatically Fitting Digitized Curves\" from the book \"Graphics Gems\"	1.0.4	47.93481558531617	1	3	0	0	bjartebore		MIT	2021-08-04T11:11:20.000Z	https://github.com/bjartebore/fit_curve
733	vite	A dart library for the Vite blockchain. Send transactions and interact with smart contracts!	0.3.1	47.90881116456464	0	1	1	0	viterium	viterium.io	MIT	2022-09-30T11:30:04.000Z	https://github.com/viterium/vite_dart
734	secure_control_protocol	Dart client library for secure-control-protocol devices (see https://github.com/HouseOS/secure-control-protocol)	0.0.11	47.88280674381312	1	2	1	2	houseos		GPL-3.0	2022-03-18T10:49:37.000Z	https://github.com/HouseOS/secure_control_protocol
735	asset_fill	A package to generate assets in pubspec.yaml. Goes throw all the subdirectories in assets folder.	1.0.1	47.778789060807	9	3	2	0	L3odr0id		MIT	2022-12-01T12:53:07.000Z	https://github.com/L3odr0id/asset_fill
736	json_locale_generator	A generation tool that builds a class to get your json locale paths from dart code	0.2.4	47.752784640055474	1	2	0	0	ronw98	reblochor.dev	MIT	2022-08-22T07:44:01.000Z	https://github.com/ronw98/json_locale_generator
737	pub_version_plus	Easily increment version numbers in pubspec.yaml files with a single command.	1.0.2	47.74845056993022	9	0	0	1	mrgnhnt96	mrgnhnt.com	MIT	2021-09-11T14:25:33.000Z	https://github.com/mrgnhnt96/pub_version_plus
738	runtime_lints	Recommended linting/analysis rules for OpenRuntime Github Organization	0.4.0	47.67910544792615	2	0	0	0	open-runtime	runtime.dev	MIT	2022-06-15T22:17:39.000Z	https://github.com/open-runtime/runtime_lints
739	stash_sembast	Sembast storage extension for the stash API. Provides support to store vaults and  caches in the local file system in binary format using the msgpack json format	4.4.1	47.523078923416975	2	72	10	0	ivoleitao	ivoleitao.dev	MIT	2022-12-05T23:19:18.000Z	https://github.com/ivoleitao/stash
740	angular_sentry	Helper to implements sentry with Angular	0.1.0	47.50574264291596	1	9	1	0	leftyio		MIT	2021-10-23T13:31:42.000Z	https://github.com/leftyio/angular_sentry
741	json_at	Dart implementation of RFC 6901 JSON pointer specification .	2.1.0	47.50140857279071	2	5	0	0	Softmotions	softmotions.com	MIT	2021-06-22T03:45:15.000Z	https://github.com/Softmotions/json_at
742	dart_base_x	Fast base encoding / decoding of any given alphabet using bitcoin style leading zero compression.	1.0.0	47.4450656611624	0	0	0	0	dart-bitcoin-lib	mahsumurebe.com	MIT	2021-11-22T12:27:17.000Z	https://github.com/dart-bitcoin-lib/dart-base-x
743	itertools	Package for advanced simple and easy work with Dart iterators	0.2.4	47.367052398907816	5	4	0	0	avdosev		MIT	2022-04-05T08:19:11.000Z	https://github.com/avdosev/itertools_dart
744	yonomi_platform_sdk	The Yonomi Platform SDK aims to lower the curve to getting an application connected to the Yonomi Platform and working with objects in the IoT domain.	5.2.1	47.297707276903736	3	2	0	1	Yonomi	yonomi.co	Apache-2.0	2022-12-16T18:10:22.000Z	https://github.com/Yonomi/yonomi-sdk-dart
745	shortuuid	Generate short uuid (shorter version of 32 bit Guid). It will be useful if you need unque id that is in shorter format.	2.1.1	47.28037099640272	8	4	2	3	coolmate		NOASSERTION	2022-04-12T15:03:32.000Z	https://github.com/coolmate/shortuuid
746	wav_io	Wave audio files IO for dart	1.0.0	47.24136436527543	1	1	1	0	gnudles		MIT	2022-06-15T12:16:05.000Z	https://github.com/gnudles/wav_io
747	daktela_connector	Daktela Connector is SDK by Daktela s.r.o. for Dart/Flutter apps that allows you communicate with standard Daktela V6 REST API.	1.0.5	47.17635331339661	3	0	0	0	Daktela	daktela.com	Apache-2.0	2022-09-22T15:04:55.000Z	https://github.com/Daktela/daktela-v6-dart-connector
748	number_to_word_english	NumberToWord converts numbers(integers) to the English language number representation system and in many different customizable formats.	1.0.2	46.855632124127766	1	0	1	0	ron4fun		NOASSERTION	2021-05-02T03:10:10.000Z	https://github.com/ron4fun/number_to_word_english
749	convenient_architecture	The collection of useful utils and architecture base classes.	0.1.0+1	46.838295843626746	0	0	0	1	Maksimka101		MIT	2022-12-12T00:33:39.000Z	https://github.com/Maksimka101/convenient_architecture
750	whois	Lightweight and performant WHOIS client supporting hundreds of TLDs.	1.0.0	46.72994409049539	0	0	0	0	xeost	xeost.com	MIT	2022-02-09T03:08:28.000Z	https://github.com/xeost/whois
751	sign	Basic state management base for dart. Sign inspired QT framework signal-slot architecture.	0.0.3	46.67793524899233	6	1	0	0	Mehmetyaz	styledart.dev	MIT	2022-09-10T09:06:11.000Z	https://github.com/Mehmetyaz/sign
752	isolate_agents	Agents are state that lives on a background isolate.	0.2.0	46.608590126988254	34	47	2	1	gaaclarke		BSD-3-Clause	2022-12-07T19:05:32.000Z	https://github.com/gaaclarke/agents
753	text_indexing	Dart library for creating an inverted index on a collection of text documents.	1.0.0	46.52624279460842	0	0	0	0	GM-Consult-Pty-Ltd	gmconsult.dev	NOASSERTION	2022-11-25T06:31:21.000Z	https://github.com/GM-Consult-Pty-Ltd/text_indexing
754	carapacik_lints	The most necessary lints for Flutter to encourage good coding practices.	1.2.2	46.51757465435791	6	0	0	0	Carapacik	carapacik.dev	BSD-3-Clause	2022-09-05T13:04:26.000Z	https://github.com/Carapacik/carapacik_lints
755	bd_l10n	Tools that help manage localization for a dart/flutter application.	1.2.0	46.50023837385689	7	1	1	2	bitsydarel		BSD-3-Clause-Clear	2022-09-06T08:05:36.000Z	https://github.com/bitsydarel/bd_l10n
756	curve	A simple command-line application.	1.2.0	46.448229532353835	1	0	0	0	bjartebore		MIT	2021-08-05T05:48:32.000Z	https://github.com/bjartebore/curve
757	belatuk_http_server	A collection of useful utility classes for building HTTP server.	3.0.0	46.42655918172756	2	1	0	0	dart-backend	dukefirehawk.com	BSD-3-Clause	2022-07-07T00:25:40.000Z	https://github.com/dart-backend/belatuk_http_server
758	to_string_pretty	to pretty string.	1.1.7	46.2792007974689	1	0	0	0	sylfreee	sylfree.com	MIT	2022-04-18T13:07:59.000Z	https://github.com/sylfreee/to_string_pretty
759	auth0_spa_dart	A dart wrapper for auth0-spa-js	1.0.2	46.253196376717376	3	1	2	1	jfacoustic		MIT	2022-02-16T16:11:45.000Z	https://github.com/jfacoustic/Auth0-SPA-Dart
760	cached_query	A simple library for dealing with server state in dart and flutter.	0.4.0	46.24452823646686	13	19	1	0	D-James-GH	cachedquery.dev	MIT	2022-12-17T11:30:57.000Z	https://github.com/D-James-GH/cached_query
761	package_file_loader	Simple utility functions for loading a file from packages	0.2.0	46.24019416634162	0	0	1	0	oliatienza		MIT	2022-11-16T06:36:14.000Z	https://github.com/oliatienza/package_file_loader
762	pexels	Unofficial wrapper of Pexels REST API for the Dart Language.	0.1.1	46.2315260260911	1	3	1	0	xenoken		BSD-3-Clause	2019-06-29T01:25:01.000Z	https://github.com/xenoken/pexels
763	mpesa_sdk_dart	A Dart package for M-Pesa API (Mozambique). This package can be used in every dart frameworks as it's written in plain dart.	2.0.1	46.01048844970312	10	15	12	1	realrgt		MIT	2022-05-12T08:16:19.000Z	https://github.com/realrgt/mpesa_sdk_dart
764	caldav_client	A CalDAV client for dart. It allows to make CalDAV requests to a server easily and quickly.	1.1.0	45.97581588870108	3	3	2	1	julisanchez		MIT	2021-07-27T17:34:31.000Z	https://github.com/julisanchez/caldav_client
765	aes_crypt2	(Null safety) Dart encryption library for encrypting/decrypting files, plain text and binary data in AES Crypt file format.	2.0.1	45.919472977072765	2	2	0	0	fsmdeveloper		MIT	2022-06-08T21:23:14.000Z	https://github.com/fsmdeveloper/aes_crypt2
766	graph_collection	Provides numerous graph theory based Graph Collections: Graph[LinkGraph[UndirectedGraph, DirectedGraph], UndirectedValueGraph, DirectedValueGraph]	2.1.0	45.91513890694752	13	9	3	3	MeowType		MIT	2021-11-07T05:27:42.000Z	https://github.com/MeowType/GraphDart
767	ipapi	Geolocation plugin for Flutter based on ip-api.com. Supports both free and pro access.	1.0.1	45.86746413556971	0	0	0	0	mk-dev-1		MIT	2022-09-17T12:43:46.000Z	https://github.com/mk-dev-1/ipapi
768	code_coverage	A CLI tool and package useful for reporting code coverage of a given dart package	1.4.0	45.793784943440386	4	1	0	0	gustavo-hillesheim	gustavohill.dev	BSD-3-Clause	2022-01-07T12:19:28.000Z	https://github.com/gustavo-hillesheim/dart-code-coverage
769	shelf_session	The `shelf_session` is the implementation of `cookiesMiddleware` and  `sessionMiddleware` for `shelf`.	0.1.2	45.75044424218784	0	0	0	0	mezoni		BSD-3-Clause	2022-11-25T17:09:58.000Z	https://github.com/mezoni/shelf_session
770	neo4driver	Dart driver to manipulate the Neo4J database with the Neo4J HTTP API.	1.0.6	45.67243097993325	6	3	1	1	ClementG63		NOASSERTION	2022-11-07T12:32:46.000Z	https://github.com/ClementG63/Neo4Dart
771	flutter_cep2	Uma biblioteca para consulta de CEP para desenvolvedores Dart (Console, Web e Flutter).	0.0.13	45.60741992805444	3	0	0	0	vitoramaral10		LGPL-2.1	2022-09-14T13:14:20.000Z	https://github.com/vitoramaral10/flutter_cep2
772	logly	A simple logging tool that uses color coding to indicate severity and offers a clickable link to the printing line.	0.3.1+readme3	45.56407922680189	4	0	0	0	krista-koivisto		MIT	2021-08-02T11:19:06.000Z	https://github.com/krista-koivisto/logly
773	behaviour	This package adds support for behaviours. Behaviours are classes of which the instances are used as functions.	1.0.0	45.546742946300874	1	0	0	0	wim07101993		MIT	2022-12-05T15:08:39.000Z	https://github.com/wim07101993/behaviour
774	cities	A dataset containing 2.6 million cities that can be used by benchmarks or demos. Zero third party dependencies and completely self-contained.	1.0.0	45.3907164217917	4	1	0	4	modulovalue		MIT	2022-09-24T21:19:19.000Z	https://github.com/modulovalue/cities.dart
775	maid	Maids handle your chores. By focusing on the most duplicated and messy parts of your code, maid was designed to make your life easier.	0.0.3	45.36037793091492	0	0	0	1	kj415j45	okinawa.loli.land	MIT	2022-12-05T08:58:57.000Z	https://github.com/kj415j45/maid-dart
776	random_nickname	a Dart package that provides random nickname with various languages.	0.0.2	45.33003944003814	2	2	0	1	Holder-inc	dev.holder.team	GPL-3.0	2022-10-14T03:53:43.000Z	https://github.com/Holder-inc/random_nickname
777	pubspec2	A library for manipulating pubspec.yaml files. This is a place holder until the pubspec library is updated with PR	2.4.1	45.17401291552897	1	1	0	0	onepub-dev	onepub.dev	BSD-3-Clause	2022-07-17T01:12:55.000Z	https://github.com/onepub-dev/pubspec
778	yamltools	Some tools for making your yaml life easier.	1.1.1	45.16534477527846	0	0	0	0	fischerscode		BSD-3-Clause	2022-03-26T10:50:07.000Z	https://github.com/fischerscode/dart-yamlTools
779	intel_hex	A Dart library that can read and write Intel HEX files. The Intel HEX format is a file format that contains binary information as ASCII text.	1.2.1	45.017986391019804	0	0	0	0	domohuhn		BSD-3-Clause	2022-10-29T20:00:30.000Z	https://github.com/domohuhn/intel_hex
780	rc	Dart environment variables for runtime configuration, `Platform.environment` wrapper.	0.2.2	44.94430719889048	1	0	0	1	odroe	odroe.com	BSD-3-Clause	2022-10-16T06:33:23.000Z	https://github.com/odroe/rc
781	dogma	Dogma for Dart.	0.0.1	44.93563905863997	2	3	3	2	dogmatists	dogma.dev	Unlicense	2022-10-06T04:02:41.000Z	https://github.com/dogmatists/dogma.dart
782	total_lints	A very strict set of lints.	2.18.0	44.92697091838946	9	1	0	0	alexeyinkin	ainkin.com	MIT-0	2022-09-02T03:48:14.000Z	https://github.com/alexeyinkin/dart-total-lints
783	cancelable_compute	Flutter based compute operation, that can be canceled with null or with value.	1.3.0	44.892298357387425	3	8	0	0	ykmnkmi		MIT	2022-06-13T17:19:00.000Z	https://github.com/ykmnkmi/cancelable-compute.dart
784	packme	Simple and extremely fast binary serialization using classes generated from JSON manifest files.	1.2.1	44.78828067438131	11	6	0	0	sourcecaster	minimagic.games	MIT	2022-07-10T21:45:32.000Z	https://github.com/sourcecaster/packme
785	socketlabs	An API client for the SocketLabs email service, that allows you to send emails using their REST API.	0.1.0	44.749274043254026	1	0	0	0	enyo		MIT	2022-02-25T10:19:18.000Z	https://github.com/enyo/socketlabs
786	rad	A zero-dependency frontend framework for creating high-performant web apps using Dart.	1.4.0	44.385212152732635	39	70	2	0	erlage	erlage.com	BSD-3-Clause	2022-10-22T15:27:19.000Z	https://github.com/erlage/rad
787	poker	A Dart implementation of Texas Hold'em matchup simulator based on Henry Lee's Poker Hand Evaluator.	0.10.0	44.38087808260738	8	10	3	3	axross	kohei.dev	Apache-2.0	2022-08-22T17:43:11.000Z	https://github.com/axross/poker
788	dart_dotenv	A simple bridge between dotenv and dartlang.	1.0.1	44.32886924110432	1	3	0	0	BLUE-DEVIL1134		AGPL-3.0	2021-10-15T16:07:24.000Z	https://github.com/BLUE-DEVIL1134/dart_dotenv
789	dart_dev_utils	Package criada para externalizar função uteis que auxiliará no desenvolvimento de Apps dart e flutter para todos as plataformas.	1.1.0	44.25085597884974	1	0	0	0	Suebersson		BSD-3-Clause	2022-12-06T04:54:31.000Z	https://github.com/Suebersson/dart_dev_utils
790	obsobject	An observable/computed object can notify value changed to observers that listen on it Built-in validation with support for localize and extends.	1.3.1	44.2161834178477	5	2	1	0	hientrung		MIT	2022-05-20T04:09:39.000Z	https://github.com/hientrung/dart-observable
791	gg_value	GgValue allows managing a value in a dart application. It provides a stream, a flag preventing too many updates, and a custom transform and a comparison function.	1.3.6+4	44.19451306722143	0	0	0	0	inlavigo	inlavigo.com	MIT	2022-09-07T04:03:58.000Z	https://github.com/inlavigo/gg_value
792	phone_number_mask	☎️ Dart package of simple parsing of phone numbers and various masking options.	1.1.0	44.155506436094136	2	0	0	0	ivangalkindeveloper		NOASSERTION	2022-11-21T17:53:50.000Z	https://github.com/ivangalkindeveloper/phone_number_mask
793	osumlog	The osum logging library by osumpi	0.1.0	44.13383608546786	2	2	0	0	osumpi		LGPL-2.1	2022-01-01T15:08:14.000Z	https://github.com/osumpi/osumlog
794	dio_client_deta_api	Implementation of the `client_deta_api` package using the Dio package.	0.0.1	44.103497594591076	0	6	2	6	yeikel16		MIT	2022-11-27T20:16:31.000Z	https://github.com/yeikel16/deta-dart
795	crypted_preferences	Flutter preferences management with crypto capabilities	0.0.2	44.09916352446582	5	7	3	1	jaumard	jaumard.com	MIT	2020-02-18T16:43:44.000Z	https://github.com/jaumard/crypted_preferences
796	sealed_class	Make a sealed class hierarchy	3.0.0	44.090495384215316	9	18	1	2	vrtdev	vrt.be	MIT	2019-12-11T17:57:46.000Z	https://github.com/vrtdev/sealed_class_generator
797	win32_gamepad	A package that provides a friendly Dart API for accessing gamepads connected to a Windows machine.	1.0.2	44.0254843323365	18	13	0	0	timsneath	sneath.org	BSD-3-Clause	2022-02-19T20:51:10.000Z	https://github.com/timsneath/win32_gamepad
798	universal_feed	Universal parser for RSS and Atom feeds with support for some extensions (dc, dcterms, media, itunes, georss, syndication, content)	0.2.0	43.99514584145972	2	1	0	0	kascote	netflux.com.ar	MIT	2022-12-11T00:23:09.000Z	https://github.com/kascote/universal_feed
799	torrent_task	BitTorrent download client package written by pure Dart language.	0.3.0	43.9778095609587	18	12	0	6	eclipseglory		BSD-3-Clause	2021-03-24T02:03:20.000Z	https://github.com/eclipseglory/torrent_task
800	dumble	A Mumble transport client framework supporting multiple Mumble features such as fully encrypted udp transport or user management	0.8.9	43.93446885970615	3	16	6	4	EPNW	epnw.eu	BSD-2-Clause	2022-04-30T01:00:38.000Z	https://github.com/EPNW/dumble
801	schema_dart	Generate dart type definitions from PostgreSQL database schema.	0.0.1+4	43.91713257920513	6	8	3	0	osaxma	osaxma.com	MIT	2022-08-19T08:03:01.000Z	https://github.com/osaxma/schema-dart
802	perks	Perks is a simple-to-use persistent data storage.	1.0.0	43.843453387075805	0	0	0	0	zyrouge		MIT	2022-07-17T09:25:15.000Z	https://github.com/zyrouge/dart_perks
803	kubernetes	A feature-rich and fully-fledged Kubernetes client for Dart/Flutter.	0.1.4	43.76977419494648	15	8	4	2	xclud	pwa.ir	MIT	2022-07-18T08:33:35.000Z	https://github.com/xclud/dart_kubernetes
804	socks5_proxy	Socks5 server and client with ability to catch packet in both direction, chain proxies and more.	1.0.3+dev.3	43.63975209118884	1	1	0	0	LacticWhale		MIT	2022-10-31T09:59:26.000Z	https://github.com/LacticWhale/socks_dart
805	dart_frog_cli	The official command line interface for Dart Frog. Built by Very Good Ventures.	0.3.1	43.600745460061546	27	1024	64	17	VeryGoodOpenSource	verygood.ventures	MIT	2022-12-16T19:12:34.000Z	https://github.com/VeryGoodOpenSource/dart_frog
806	lint_factory	Dart / Flutter lint rules and dart_code_metrics configuration used internally by innFactory GmbH.	1.2.2	43.566072899059506	1	0	0	0	innFactory	innfactory.de	MIT	2022-06-15T20:59:23.000Z	https://github.com/innFactory/flutter_lint_factory
807	integer	Dart's native integers in custom bit-width format like i2, i4, i8, i16, i32, ix and u1, u2, u4, u8, u16, u32, ux...	2.0.1	43.483725566679674	2	2	1	0	AldrinMathew	aldrinsartfactory.com	NOASSERTION	2022-03-05T10:22:40.000Z	https://github.com/aldrinsartfactory/integer.dart
808	flagsmith_flutter_core	Core Package of Flutter Client SDK for https://www.flagsmith.com/, Flagsmith is 100% Open Source. Host yourself or let us take care of the hosting.	2.3.1	43.36237160317254	0	0	1	1	Flagsmith	flagsmith.com	MIT	2022-08-31T08:43:27.000Z	https://github.com/Flagsmith/flagsmith-flutter-core
809	precis	An implementation of the PRECIS Language Rules as defined by RFC 8265	0.0.3	43.29736055129372	0	0	0	0	flutter-institute	flutter.institute	BSD-3-Clause	2022-09-27T21:01:54.000Z	https://github.com/flutter-institute/precis
810	protoc_builder	A build script for compiling Protocol Buffers without needing to manually install protoc or the protoc_plugin.	0.3.0	43.27569020066745	11	10	4	3	pikaju	byte-sapling.io	MIT	2022-10-26T11:00:50.000Z	https://github.com/pikaju/dart-protoc-builder
811	tafqit	Tafqit a  Dart/Flutter  package  to convert a numbers to Arabic text words.	0.0.3	43.25835392016643	10	1	0	0	kflihan		MIT	2022-06-27T07:56:32.000Z	https://github.com/kflihan/tafqit
812	unities_helper	A library to help you convert unities and a few other things	3.0.0	43.236683569540155	5	3	0	0	bdlukaa		BSD-3-Clause	2021-03-05T14:42:26.000Z	https://github.com/bdlukaa/unities_helper
813	fnv	FNV hash algorithm for Dart language (see http://isthe.com/chongo/tech/comp/fnv/)	1.0.1	43.202011008538115	1	4	0	1	Midi12		MIT	2021-08-16T07:19:19.000Z	https://github.com/Midi12/fnv
814	jsend	Implementation of jsend specification in dart.	1.0.13	43.0503185541542	3	0	0	0	arjunQ21		MIT	2021-10-11T16:12:13.000Z	https://github.com/arjunQ21/jsend-dart
815	owoify_dart	Turning your worst nightmare into a Dart package. This is a Dart port of mohan-cao's owoify-js, which will help you turn any string into nonsensical babyspeaks.	2.0.1	42.96363715164912	2	1	0	0	deadshot465		MIT	2021-09-05T19:03:31.000Z	https://github.com/deadshot465/owoify_dart
816	websocket_universal	Convenient websocket handler for all platforms (both IO and web/HTML).Websocket messages routing, statuses and other features have easy-to-useinterface.	0.3.6	42.85528539851775	8	7	1	0	dvmatyun	dvmatyun.ru	BSD-3-Clause	2022-11-13T08:30:57.000Z	https://github.com/dvmatyun/web_socket
817	sprint	A tiny, simple-to-use and fully documented library for printing messages to the web console or to the terminal in a variety of modes.	1.0.4	42.82061283751571	1	1	0	0	WordCollector	wordcollector.co.uk	MIT	2022-08-10T15:25:15.000Z	https://github.com/wordcollector/sprint
818	dartorrent_common	A common library for Dart torrent client development. Include some common methods and class.	1.0.3	42.79027434663893	0	2	0	0	eclipseglory		BSD-3-Clause	2021-01-06T04:10:58.000Z	https://github.com/eclipseglory/dartorrent_common
819	destiny	An package which generates mock-data using the PCG algorithm.	1.0.0	42.78594027651367	7	11	1	0	AKushWarrior	kishoredev.live	MPL-2.0	2021-05-11T00:02:33.000Z	https://github.com/AKushWarrior/destiny
820	monarch_http	Http utilities for Monarch. Monarch is a tool for building Flutter widgets in isolation. It makes it easy to build, test and debug complex UIs.	1.2.0	42.469553157370086	0	334	10	8	Dropsource	monarchapp.io	MIT	2022-12-14T20:57:36.000Z	https://github.com/Dropsource/monarch
821	otpauth_migration	A Dart package to encode and decode the otpauth-migration URI format used to import into and export 2FA secrets from the Google Authenticator app.	0.0.7	42.43054652624279	1	1	0	1	johncallahan	quiznoob.app	MIT	2022-02-17T22:26:42.000Z	https://github.com/johncallahan/otpauth_migration
822	convert_extensions	Common convert methods exposed as static extensions method from the Dart core library and the convert package. Base64, ASCII, UTF8, Latin1, JSON, and more.	1.0.0+2	42.42187838599229	2	1	0	0	dartsidedev	dartside.dev	BSD-3-Clause	2022-04-16T14:52:13.000Z	https://github.com/dartsidedev/convert_extensions
823	dart_brompton	A library for controlling Brompton Tessera systems over a network	2.3.0	42.22684523035583	0	0	0	0	point-source		BSD-3-Clause	2022-12-13T22:52:24.000Z	https://github.com/point-source/dart_brompton
824	mt19937	Dart implementations of the Mersenne Twister pseudo-random number generator.	0.1.0	42.157500108351755	0	0	0	0	jamesderlin		NOASSERTION	2022-05-24T16:27:25.000Z	https://github.com/jamesderlin/dart_mt19937
825	bip21	Dart implementation of the BIP-21 Bitcoin URI scheme	1.0.0	42.122827547349715	0	4	2	0	videah		MIT	2019-02-12T22:41:12.000Z	https://github.com/videah/bip21-dart
826	before_publish_cli	Change Application's name, package name, icon and Splash in one shot.	1.0.2	42.07081870584666	51	10	1	1	moohammed-gaber		MIT	2022-02-19T12:53:11.000Z	https://github.com/moohammed-gaber/before_publish_flutter_cli
827	dart_utils	A collection of useful helpers for Dart providing solutions for different situations.	2.0.0	41.83244484895766	0	5	2	1	Jesway	jesway.com	NOASSERTION	2021-12-11T12:26:05.000Z	https://github.com/bratan/dart_utils
828	test_rail_dart	This package is a thin wrapper around the Test Rail API that will allow for automated test reporting in dart	0.0.4	41.81510856845664	2	2	1	1	GetDutchie		MIT	2022-04-03T22:49:46.000Z	https://github.com/GetDutchie/test_rail_dart
829	strict	A heavily opinionated analysis_options for Dart/Flutter projects with strict - but justified - lint rules	1.4.0	41.810774498331384	6	11	2	3	olmps		MIT	2022-12-05T02:12:13.000Z	https://github.com/olmps/strict
830	in_date_range	Encapsulates a start and end DateTime that represent the range of dates.	1.0.1	41.7327612360768	1	2	0	0	Innim	innim.ru	BSD-3-Clause	2022-01-11T16:02:53.000Z	https://github.com/Innim/dart_date_range
831	torrent_model	A Dart library for parsing .torrent file to Torrent model/saving Torrent model to .torrent file.	1.0.3	41.680752394573744	1	5	1	0	eclipseglory		BSD-3-Clause	2021-01-04T19:48:47.000Z	https://github.com/eclipseglory/torrent_model
832	cached_streamable	Simple interface for creating a streamable data source that caches it latest value.	1.1.1	41.663416114072724	1	0	0	0	Luckey-Elijah		MIT	2022-09-06T16:19:43.000Z	https://github.com/Luckey-Elijah/cached_streamable
833	turf_equality	Comparison of two GeoJSON objects, based on the turf pub-package	0.0.2	41.59407099206865	0	3	0	0	dartclub	dartlang.rocks	MIT	2022-07-11T15:54:04.000Z	https://github.com/dartclub/turf_equality
834	dargon2_interface	An interface for all dargon2 hashing functions. Provides the base outline for all implementations.	1.1.0	41.585402851818145	1	11	5	1	tmthecoder	tmthecoder.dev	MIT	2022-10-09T01:03:43.000Z	https://github.com/tmthecoder/dargon2
835	byte_extensions	Extensions for handling common types and converting them to/from byte arrays	0.0.2	41.550730290816105	0	0	0	0	flutter-institute	flutter.institute	BSD-3-Clause	2022-10-21T23:32:53.000Z	https://github.com/flutter-institute/byte_extensions
836	download_task	Resumable http download request - pause, resume, cancel, realtime progress and error handling	1.0.1	41.52039179993932	2	0	0	0	starkdmi		BSD-3-Clause	2022-10-04T07:13:06.000Z	https://github.com/starkdmi/resumable_download
837	codenic_logger	A logger extension for providing structured and mutable log messages.	1.0.1+1	41.503055519438306	6	0	0	0	CodenicCoders	codenic.dev	MIT	2022-12-05T22:33:50.000Z	https://github.com/CodenicCoders/codenic_logger
838	json_rpc_client	Dart library to write JSON RPC v1 and v2 clients	1.0.2	41.4943873791878	0	1	0	0	tejainece		BSD-3-Clause	2021-08-18T00:53:12.000Z	https://github.com/tejainece/json_rpc_client
839	json_by_path	Get, Set, create, delete Json Maps using path relative keys. No dependencies, as simple as possible!	1.0.0	41.45104667793525	4	0	0	0	GnRSlash		BSD-3-Clause	2022-03-08T03:27:34.000Z	https://github.com/GnRSlash/json_by_path
840	mineral_ioc	The Container package is one of the core components of the Mineral framework	2.0.0	41.42937632730897	0	2	0	0	mineral-dart	mineral-foundation.org	MIT	2022-11-16T20:15:44.000Z	https://github.com/mineral-dart/container
841	paddinger_annotations	Annotations for the paddinger Flutter code-generator. This package does nothing without paddinger too.	0.2.0	41.32969271442812	2	14	2	0	ema987	emanuelepapa.dev	MIT	2022-05-12T13:39:06.000Z	https://github.com/ema987/paddinger
842	batteries	A set of typical classes, extensions and utilities for dart and flutter that help in development.	0.0.4-dev	41.26901573267455	7	10	1	7	PlugFox	plugfox.dev	MIT	2022-07-17T13:50:37.000Z	https://github.com/PlugFox/batteries
843	web3_storage	Port of web3.storage SDK in Dart	0.0.1	41.26034759242405	2	1	0	0	dart-pacotes		MIT	2022-09-13T21:48:52.000Z	https://github.com/dart-pacotes/web3.storage
844	pendulum	A dynamic, Stream-based API for job scheduling in Dart, capable of processing on different triggers.	0.1.3+1	41.008971525159275	8	1	0	0	AKushWarrior	kishoredev.live	MPL-2.0	2020-02-22T01:01:56.000Z	https://github.com/AKushWarrior/pendulum
845	reader	Lightweight library that allows to read single strings, ints and doubles from stdin in a simple and straightforward way.	1.0.0	40.9396264031552	1	1	1	1	Diviloper		BSD-3-Clause	2020-12-19T03:26:10.000Z	https://github.com/Diviloper/reader
846	xinput_gamepad	Add support to XInput controllers.	1.2.2	40.85727907077536	1	1	1	2	LuanRoger		MIT	2022-12-17T13:22:20.000Z	https://github.com/LuanRoger/xinput_gamepad
847	gcoord_dart	A starting point for Dart libraries or applications.	0.2.3	40.831274650023836	3	1	1	0	TonyStark106		MIT	2020-08-25T04:16:46.000Z	https://github.com/TonyStark106/gcoord_dart
848	rpmtw_dart_common_library	RPMTW common library for dart.	0.0.4	40.75326138776925	0	0	0	0	RPMTW	rpmtw.com	GPL-3.0	2022-04-11T11:37:41.000Z	https://github.com/RPMTW/RPMTW-Dart-Common-Library
849	concur	A helper for making multithreaded web applications using Web Workers.  Seamlessly downgrades to async on one thread when asked or when Web Workers are not supported.	0.1.2	40.72292289689247	9	5	0	0	cthonianmessiah		MIT	2021-08-13T22:27:38.000Z	https://github.com/cthonianmessiah/concur
850	enumset	A Dart implementation EnumSet (or bit fields)	1.0.0	40.662245915138904	4	1	0	0	Levi-Lesches		BSD-3-Clause	2021-08-13T20:31:49.000Z	https://github.com/Levi-Lesches/EnumSet-Dart
851	logo	Log for Dart. Simple log package for debug and issue tracking. No extra dependency.	1.2.1	40.36319507649634	0	0	0	0	SudoDotDog		MIT	2022-05-14T18:42:25.000Z	https://github.com/SudoDotDog/Dart-Logo
852	localdb	JsonDb is a library to make it easier to create local databases and currently only supports json.I created this library because it was inspired by the library lowdb.	0.0.3	40.29818402461752	3	35	2	0	azkadev		NOASSERTION	2022-11-28T13:28:47.000Z	https://github.com/azkadev/localdb
853	mastodon_api	The easiest and powerful Dart/Flutter library for Mastodon API.	0.2.1	40.189832271486154	12	24	2	38	mastodon-dart	shinyakato.dev	BSD-3-Clause	2022-12-17T13:33:41.000Z	https://github.com/mastodon-dart/mastodon-api
854	tiamat	This is an emulator of the COMET2 and a compiler of the CASL2.	0.4.1	40.18116413123564	0	1	0	1	a-skua		MIT	2022-12-17T07:18:09.000Z	https://github.com/a-skua/tiamat
855	extension_nullable	extends nullable	1.0.1	39.93412213409613	1	0	0	0	stoneream		MIT	2022-10-24T08:13:31.000Z	https://github.com/stoneream/extension-nullable
856	fluttium_cli	The CLI for Fluttium, a user flow testing framework for Flutter	0.1.0-dev.15	39.70875048758289	9	176	4	14	wolfenrain	fluttium.dev	MIT	2022-12-15T02:09:45.000Z	https://github.com/wolfenrain/fluttium
857	dflutter_lint_rules	Lint rules for "Dizoft Team" company for Dart and Flutter projects.	1.0.1+1	39.69141420708187	3	0	0	0	DizoftTeam	dizoft.ru	Apache-2.0	2022-10-13T14:39:04.000Z	https://github.com/DizoftTeam/dflutter_lint_rules
858	python_shell	Python Environment Manager and Executor for dart and flutter	0.0.7	39.62640315520305	4	0	2	4	eseunghwan		MIT	2022-12-06T17:45:43.000Z	https://github.com/eseunghwan/python_shell.dart
859	formdator	A collection of form field validators that can be selected and grouped into various combinations through composition — Decorator Pattern.	1.1.0	39.518051402071684	22	10	2	3	dartoos-dev	dartoos.dev	MIT	2022-06-20T17:17:03.000Z	https://github.com/dartoos-dev/formdator
860	model_interfaces	Common interfaces for your models that have IDs, titles, etc.	0.3.0	39.422701859316085	8	1	0	0	alexeyinkin	ainkin.com	MIT-0	2022-07-21T04:18:16.000Z	https://github.com/alexeyinkin/dart-model-interfaces
861	codenic_bloc_use_case	A suite of abstract cubits to reduce boilerplate code and construct app use cases.	2.1.0+4	39.36202487756252	4	0	0	0	CodenicCoders	codenic.dev	MIT	2022-11-18T08:27:26.000Z	https://github.com/CodenicCoders/codenic_clean_arch/tree/main/packages/codenic_bloc_use_case
862	simple_mapper	Maps objects of different types to other objects using configured expressions.	1.2.0	39.292679755558446	7	1	0	0	jacobmcgowan		MIT	2021-08-11T05:42:22.000Z	https://github.com/jacobmcgowan/simple_mapper
863	mineral_package	Develop your own packages thanks to this base offering you access to Mineral's core	1.1.0	39.27100940493217	0	0	0	0	mineral-dart	mineral-foundation.org	MIT	2022-11-16T20:28:22.000Z	https://github.com/mineral-dart/package
864	usedesk	Pure dart SDK implementation of usedesk.com service. Includes client realtime chat	0.7.0	39.16265765180081	1	0	0	0	ScerIO	serge.software	MIT	2022-08-16T01:02:40.000Z	https://github.com/ScerIO/usedesk.dart
865	funcy	Utility classes and functions for comfortable and "safe" functional programming.	3.1.0	39.14532137129979	0	2	0	0	LiLoGandalph		BSD-3-Clause	2021-02-12T09:15:01.000Z	https://github.com/LiLoGandalph/funcy
866	very_commons	Common classes for very libraries	0.1.0	38.98929484679062	0	0	0	0	akurnaz		BSD-3-Clause	2022-11-18T13:59:38.000Z	https://github.com/akurnaz/very_commons
867	omnilog	OmniLog.	0.0.1	38.928617865037054	0	0	0	0	k1zerX		MIT	2022-12-07T14:25:03.000Z	https://github.com/k1zerX/logger
868	double_linked_list	A Generic Double Linked List data structure. Allows constant time inserting at elements at both ends, before and after any element and constant time element deletion.	2.0.1	38.91128158453604	11	4	0	0	Diviloper		BSD-3-Clause	2021-11-25T00:53:46.000Z	https://github.com/Diviloper/double_linked_list
869	ziggurat	A library for making fully-featured audio games using Dart and SDL.	0.55.0	38.7812594807784	0	3	1	0	chrisnorman7	backstreets.site	MPL-2.0	2022-11-07T20:44:57.000Z	https://github.com/chrisnorman7/ziggurat
870	firestore_api_parser	A Flutter and Dart plugin allowing you to convert the JSON format used by firestore to represent its documents or collections to the conventional JSON data format	1.0.4	38.763923200277375	5	0	1	2	stvndelucis		BSD-3-Clause	2021-10-13T17:32:56.000Z	https://github.com/stvndelucis/firestore_api_parser
871	getx_translator	A command-line application for generating language strings file for Getx Flutter. Easy translation with google sheet for Getx.	1.0.1	38.75525506002687	11	0	0	0	bikram0000		MIT	2022-10-03T12:02:56.000Z	https://github.com/bikram0000/getx_translator
872	length	A terrible esolang. Uses length of lines to determine how the code runs	0.3.0	38.71624842889958	1	3	0	0	LengthLang	nailuj29gaming.com	GPL-3.0	2021-05-22T21:42:19.000Z	https://github.com/nailuj29gaming/length
873	web3lib	Dart library to connect to Ethereum clients. Send transactions and interact with smart contracts! We folk from https://github.com/xclud/web3dart	2.3.5	38.59056039526719	2	0	0	0	thinktodo-dev	thinktodo.net	MIT	2022-04-30T16:26:38.000Z	https://github.com/thinktodo-dev/web3lib
874	gg_periodic_timer	A timer that can be started, stopped and restarted again. Also multiple listners can be added.	1.0.0+beta.1	38.42586573050752	0	0	0	0	inlavigo	inlavigo.com	MIT	2022-10-04T05:38:29.000Z	https://github.com/inlavigo/gg_periodic_timer
875	easysms	Easy to use, simple configuration can send SMS messages to Phone.  Easily expandable gateways, messages customized according to scenarios.	1.0.0	38.37819095912972	2	5	2	0	odroe	odroe.com	BSD-3-Clause	2021-11-09T12:30:27.000Z	https://github.com/odroe/easysms
876	pokedex	A Dart wrapper for PokeAPI that provides everything Pokémon-related.	0.2.0	38.36952281887921	8	2	0	0	galatea21		MIT	2022-10-05T19:31:13.000Z	https://github.com/galatea21/dart_pokedex
877	ipfinder	Official Dart client library for IPfinder. - IP address details. - ASN details. - Firewall by supported formats details. - IP Address Ranges by the Organization name details. - service status details. - Get Domain IP. - Get Domain IP history. - Get list Domain By ASN, Country,Ranges.	1.0.1	38.291509556624625	6	7	1	2	ipfinder-io		Apache-2.0	2019-09-20T20:39:18.000Z	https://github.com/ipfinder-io/ip-finder-dart
878	witnet	A library to interface with the Witnet Protocol. - Ability to recover - build, sign, and send value transfers and data requests - communicate with a rust node or wallet server - communicate with the explorer	0.1.4	38.22649850474581	1	0	0	0	parodyBit		GPL-3.0	2022-11-24T06:13:01.000Z	https://github.com/parodyBit/witnet.dart
879	viteconnect	Dart library for ViteConnect.	0.0.2	38.2178303644953	0	0	1	0	viterium	viterium.io	MIT	2022-10-21T13:00:24.000Z	https://github.com/viterium/viteconnect_dart
880	albiruni	A wrapper to easily access IIUM's Course Schedule website data.	1.2.0	38.02713127898409	0	1	1	3	iqfareez	iqfareez.com	MIT	2022-11-30T00:20:13.000Z	https://github.com/iqfareez/albiruni
881	chatgpt	A reverse chatgpt by open ai.	0.0.0	37.914445455727474	0	0	0	0	azkadev		NOASSERTION	2022-12-09T00:14:16.000Z	https://github.com/azkadev/chatgpt
882	dawn	Dawn is a Dart web framework that lets developers create UIs with a widget model similar to Flutter. Dawn apps are compiled into JS and painted with HTML & CSS.	6.0.3	37.819095912971875	11	44	4	0	Hawmex		MIT	2022-12-01T15:28:22.000Z	https://github.com/Hawmex/dawn
883	client_server_sockets	A simple client-server sockets package that uses the Socket and ServerSocket classes.	0.0.2	37.814761842846615	1	1	0	0	georges-ph		BSD-3-Clause	2022-10-16T20:26:37.000Z	https://github.com/georges-ph/client_server_sockets
884	mutation_test	A command line application to measure the quality of your test cases by mutating your code and checking if your tests detect the changes.	1.3.1	37.75408486109305	11	8	0	2	domohuhn		BSD-3-Clause	2022-10-30T18:29:43.000Z	https://github.com/domohuhn/mutation-test
885	json2entity	A tool for converting JSON strings into dart entity classes. Support json_serializable.	1.1.2	37.69340787933949	2	38	5	0	laxian		Apache-2.0	2020-05-30T16:22:05.000Z	https://github.com/laxian/dart-json2entity
886	algorand_kmd	OpenAPI API client for Algorand Key Management Daemon	1.0.0	37.45069995232523	0	0	0	0	RootSoft		NOASSERTION	2021-08-23T20:38:17.000Z	https://github.com/RootSoft/algorand-kmd-dart
887	extendedip	Extended functionality for an InternetAddress.	1.0.0	37.390022970571664	1	2	0	0	fischerscode		MIT	2022-03-04T19:19:05.000Z	https://github.com/fischerscode/dart-extendedIP
888	stringmatcher	Library for fuzzy string comparison	1.0.0	37.385688900446404	5	1	0	0	shigomany	saleseeker.ru	LGPL-3.0	2020-06-30T23:22:07.000Z	https://github.com/ltropin/string-matcher
889	dedis	Simple Redis Client for Dart (pubsub and multi/exec commands support)	0.4.1	37.31634377844234	4	1	0	3	SiLeader		Apache-2.0	2022-01-28T12:05:49.000Z	https://github.com/SiLeader/dedis
890	base45	A simple base45 library to perform utf8 string encoding and decoding. base45 is an internet draft and designed for efficient, compact encoding for QR code.	0.0.3	37.26433493693928	2	1	0	0	calvinchengx		MIT	2021-06-25T13:55:59.000Z	https://github.com/calvinchengx/base45
891	secretary	A sophisticated tool for managing queues of asynchronous tasks, with a stream interface, strong typing and lots of helpful options.	0.4.0	37.134312833181646	10	4	0	0	alexobviously		NOASSERTION	2022-08-17T14:25:42.000Z	https://github.com/alexobviously/secretary
892	bitapp_functional_dart	A starting point for Dart libraries or applications.	1.0.0	37.08663806180384	0	0	0	0	openbitapp		MIT	2021-09-28T14:40:50.000Z	https://github.com/openbitapp/functional-dart
893	cpf_utility	A simple package to generate, validate and format valid Brazilian CPF's, it supports creating totally random CPF's or creating CPF's out of a specific state.	1.0.1	36.87426862566636	0	0	0	0	duffhd		BSD-3-Clause	2022-06-06T14:34:24.000Z	https://github.com/duffhd/cpf_util
894	geo_hash_xy	A simple geohashing library for dart forked from DISCONTINUED geohash [https://pub.dev/packages/geohash]	0.2.5	36.64456290902787	2	0	1	2	BMEC		BSD-3-Clause	2021-04-15T06:31:36.000Z	https://github.com/BMEC/dart-geo_hash_xy
895	zermelo	Zermelo Dart package	0.0.5	36.5362111558965	0	5	0	0	netlob		BSD-3-Clause	2022-11-28T20:16:33.000Z	https://github.com/netlob/zermelo.dart
896	dbx_platform	An unofficial dropbox platform package.	1.1.7+9	36.52754301564599	0	0	0	0	LiveUser		MIT	2022-04-29T16:19:00.000Z	https://github.com/LiveUser/dbx_platform
897	json_converters_lite	Easily convert common Dart data types into a json compatible ones.	1.0.2+1	36.505872665019716	0	0	0	0	Jlgtri		MIT	2022-08-04T05:26:22.000Z	https://github.com/Jlgtri/json_converters_lite
898	reactter	Reactter is a light, powerful and reactive state management.	4.0.0	36.46253196376718	24	3	0	0	2devs-team	2devs.io	MIT	2022-11-16T00:31:26.000Z	https://github.com/2devs-team/reactter
899	action_bloc	Extends bloc with a second stream for actions (one time events that aren't part of the state).	0.0.2+1	36.4408616131409	1	2	0	0	Almighty-Alpaca		MIT	2022-04-27T13:14:54.000Z	https://github.com/Almighty-Alpaca/bloc_extensions
900	polo_client	A WebSocket Library written in Pure Dart. Easy API for writing WebSocket based Apps or Games. Also Support for Flutter and Web.	0.0.3	36.3931868417631	2	3	0	3	AyushChothe		BSD-3-Clause	2022-07-09T18:32:15.000Z	https://github.com/AyushChothe/polo
901	prime	A library of useful, reusable, methods and extensions for Dart.See also `flutter_prime` for Flutter apps.	0.0.1-alpha.1	36.37151649113682	1	1	0	0	GizmosDev	gizmos.dev	BSD-3-Clause	2022-12-08T07:08:20.000Z	https://github.com/GizmosDev/prime
902	seeded_rsa	A library to generated RSA key pair with a string seed (prefer bip39).	1.0.2	36.328175789884284	0	0	0	0	pierreem		BSD-3-Clause	2022-10-16T00:47:13.000Z	https://github.com/pierreem/seeded_rsa_dart
903	classic_logger	It is a cross-platform classic and minimalist logger written in the Dart language.	1.0.0	36.15914705499935	7	6	2	1	myConsciousness		BSD-3-Clause	2022-12-15T03:07:28.000Z	https://github.com/myConsciousness/classic-logger.dart
904	league_of_api	A library to facilitate access to the Riot API. Provide easy access to endpoint and dto for an easy access to the response data.	0.1.6	36.10713821349629	4	0	0	1	Driky		MIT	2021-03-21T21:03:05.000Z	https://github.com/Driky/LeagueOfApi
905	classical_cipher	Encrypt and Decrypt strings using popular classical ciphers.	0.1.1	35.8774324968578	2	3	0	0	misterh01	misterh.dev	MIT	2020-11-24T06:40:11.000Z	https://github.com/misterh01/classical_cipher
906	freemework	Common library of the Freemework.	0.2.0	35.769080743726434	0	0	0	2	freemework	freemework.org	Apache-2.0	2022-12-16T03:29:26.000Z	https://github.com/freemework/dart
907	cli_spinner	A small tool that allows to show a message with spinner to a user.	1.0.4	35.704069691847614	0	0	0	0	DutchRican		MIT	2022-11-21T13:54:40.000Z	https://github.com/DutchRican/cli_spinner
908	network_data_transfer	A network data transfer package	0.0.4	35.669397130845574	1	1	0	0	ominibyte		MIT	2020-11-14T17:00:23.000Z	https://github.com/ominibyte/network_data_transfer
909	result_dart	Result for dart. It is an implementation based on Kotlin Result and Swift Result.	1.0.1	35.58271572834049	11	3	0	0	Flutterando	flutterando.com.br	MIT	2022-12-17T15:12:21.000Z	https://github.com/Flutterando/result_dart
910	chemistry	State manager that separates pure state and derived state. It aims to be easy to use.	1.0.0	35.574047588089975	8	1	0	0	simonwahll		BSD-3-Clause	2021-07-10T11:08:36.000Z	https://github.com/simonwahll/chemistry
911	nyxx_sharding	External sharding for nyxx.	2.0.1	35.56537944783947	0	1	1	0	nyxx-discord	l7ssha.xyz	Apache-2.0	2022-10-23T11:27:17.000Z	https://github.com/nyxx-discord/nyxx_sharding
912	i18n_json	An alternative dart code generator for the vs-code plugin "vscode-flutter-i18n-json"	0.9.1	35.361678151952496	2	6	4	1	gnudles		BSD-3-Clause	2022-03-19T22:08:20.000Z	https://github.com/gnudles/dart_i18n_generator
913	swagger_parser	Generate REST clients and data classes from swagger json file	0.4.1	35.35301001170199	9	7	2	0	Carapacik	carapacik.dev	MIT	2022-12-16T15:05:56.000Z	https://github.com/Carapacik/swagger_parser
914	translations_cleaner	Package to remove unused keys in arb files, across all translations	0.0.5	35.33133966107572	9	2	0	0	Chinmay-KB	chinmaykabi.com	BSD-3-Clause	2022-11-27T14:05:21.000Z	https://github.com/Chinmay-KB/translations_cleaner
915	sidekick	Creates a CLI for your flutter app for custom tasks and automation	0.8.0	35.196983487192824	8	34	2	23	phntmxyz	phntm.xyz	Apache-2.0	2022-12-18T01:44:52.000Z	https://github.com/phntmxyz/sidekick/tree/main/sidekick
916	charlatan	A library for configuring and providing fake HTTP responses to your dio HTTP client.	0.1.0	35.16664499631604	14	14	1	2	Betterment	betterment.dev	MIT	2022-05-06T20:55:35.000Z	https://github.com/Betterment/charlatan
917	xml_map_converter	XML to Dart map converter and vice versa following Stefan Goessner convention	1.0.0+1	35.14497464568977	2	0	0	0	andyduke	amazingsoftworks.com	BSD-3-Clause	2022-03-22T19:45:07.000Z	https://github.com/andyduke/xml_map_converter
918	system_resources_2	Provides easy access to system resources (CPU load, memory usage).	2.0.0	35.02795475230789	0	0	0	0	serverpod		MIT	2022-09-02T07:55:55.000Z	https://github.com/serverpod/system_resources_2
919	realm_common	Hosts the common code shared between realm, realm_dart and realm_generator packages. This package is part of the official Realm Flutter and Realm Dart SDKs.	0.8.0+rc	35.014952541932125	1	525	44	125	realm	realm.io	Apache-2.0	2022-12-17T14:16:25.000Z	https://github.com/realm/realm-dart
920	blake_hash	Provide Blake encryption support, dart implementation library	1.0.2	34.86759415767347	4	1	0	0	litaoh		MIT	2021-11-19T10:50:41.000Z	https://github.com/litaoh/blake-hash
921	stash_objectbox	Objectbox storage extension for the stash API. Provides support to store vaults  and caches in a Objectbox database	4.5.0	34.84158973692194	1	72	10	0	ivoleitao	ivoleitao.dev	MIT	2022-12-05T23:19:18.000Z	https://github.com/ivoleitao/stash
922	lyrics	Fetch lyrics from Google	0.0.7	34.82425345642092	8	6	3	2	netlob		BSD-3-Clause	2022-11-14T14:09:12.000Z	https://github.com/netlob/dart-lyrics
923	typed_messages	A simple piece of data with encoder and decoder	1.2.1	34.80258310579465	0	0	0	0	Davenchy		BSD-3-Clause	2022-02-22T20:54:39.000Z	https://github.com/Davenchy/typed_messages
924	response_parser	Response Parser makes it easier to parse data and error response from server	1.0.0+1	34.737572053915834	0	4	1	1	qyre-ab		MIT	2022-10-17T07:35:35.000Z	https://github.com/qyre-ab/response_parser
925	cli_launcher	CLI development utility to support launching locally installed versions.	0.3.0	34.68989728253803	1	1	0	1	blaugold	gabriel.terwesten.net	MIT	2022-12-08T22:40:57.000Z	https://github.com/blaugold/cli_launcher
926	transform_in_isolate	Simple helper to run stream transformation through newly spawned isolate.	0.1.3	34.672561002037014	1	1	1	2	skyjur		BSD-2-Clause	2022-02-02T10:09:05.000Z	https://github.com/skyjur/dart_transform_in_isolate
927	redux_future_middleware	A Middleware for Redux which makes handling Dart Future easy by using Actions.	0.4.1	34.66822693191176	2	4	1	0	shbmbhrdwj		MIT	2021-09-29T08:36:50.000Z	https://github.com/shbmbhrdwj/redux_future
928	bencode_dart	A Dart library for implementing the encoding and decoding of the Bencode format.	1.0.2	34.655224721535994	1	2	0	0	eclipseglory		BSD-3-Clause	2020-12-24T14:03:40.000Z	https://github.com/eclipseglory/bencode_dart
929	pathfinding	A Dart port of https://github.com/qiao/PathFinding.js library	3.0.1	34.49053005677632	5	6	4	0	pavelgj		MIT	2022-10-06T14:03:02.000Z	https://github.com/pavelgj/PathFinding.dart
930	deps	Simple, flexible and opinionated Dependency Injection	0.0.3	34.399514584145976	1	0	0	0	tom-010		Apache-2.0	2022-04-13T12:05:38.000Z	https://github.com/tom-010/dart-dependencies
931	lemmatizerx	Lemmatizer for text in English. Inspired by Python's nltk.corpus.reader.wordnet.morphy	0.0.3	34.38651237377021	2	2	0	1	xErik	novelplotter.com	MIT	2022-08-14T13:27:20.000Z	https://github.com/xErik/lemmatizerx
932	simple_throttle_debounce	It's a simple pure dart package which implements throttle/debounce functionality, and it's a rewrite work of the original js version (JavaScript patterns: Throttle and Debounce)	1.0.4	34.35617388289343	1	0	0	0	liudonghua123		MIT	2022-09-15T07:18:53.000Z	https://github.com/liudonghua123/simple_throttle_debounce
933	web3libdart	Dart library to connect to Ethereum clients. Send transactions and interact with smart contracts!	3.0.1	34.04412083387509	0	0	0	0	AufWallet		MIT	2022-11-19T14:17:45.000Z	https://github.com/aufwallet/web3libdart
934	boolean	Extension functions on strings and numbers to convert them to bools.	1.0.1	34.01378234299831	1	0	0	0	mjstel		BSD-2-Clause	2021-01-26T08:49:55.000Z	https://github.com/mjstel/boolean
935	gg_once_per_cycle	Use GgOncePerCycle to trigger tasks multiple times while ensuring they are only executed one time during a run loop cycle.	1.1.0	33.89676244961643	1	0	0	0	inlavigo	inlavigo.com	BSD-3-Clause	2021-03-24T09:21:03.000Z	https://github.com/inlavigo/gg_once_per_cycle
936	typed_event_bus	Event bus for your app with extended types feature	1.2.0	33.86642395873965	2	0	0	0	iadept	whatdo.work	MIT	2022-03-08T14:01:10.000Z	https://github.com/iadept/typed_event_bus
937	powerdart	Compute the Power Spectral Density (PSD) on Dart. This package runs everywhere dart runs.	0.0.2	33.77974255623456	0	0	0	0	Supercaly		BSD-3-Clause	2020-05-12T11:03:58.000Z	https://github.com/Supercaly/powerdart
938	gedcom	Dart library to parse GEDCOM data from string input ported from popular Python library	0.1.0	33.70606336410523	4	4	0	0	orestesgaolin	roszkowski.dev	GPL-2.0	2021-04-26T19:34:12.000Z	https://github.com/orestesgaolin/gedcom-dart
939	bgg_api	Board Game Geek XML API client (version 2) This package was inspired by bgg.dart package, which works with first version of BGG API.	0.7.0	33.480691717591995	5	0	1	3	bartektartanus	konwencik.pl	BSD-3-Clause	2022-11-17T03:03:28.000Z	https://github.com/bartektartanus/bgg_api
940	libssh_binding	binding and high-level wrapper on top of libssh - The SSH library! libssh is a multiplatform C library implementing the SSHv2 protocol on client and server side. With libssh, you can remotely execute programs, transfer files, use a secure and transparent tunnel https://www.libssh.org	1.0.0	33.46768950721623	5	2	1	3	insinfo		MIT	2021-12-16T02:24:04.000Z	https://github.com/insinfo/libssh_binding
941	http_client_handler	A wrapper on top of `http` package with GET, POST, PUT, DELELE, POST File, easier for using.	0.1.1	33.37233996446062	1	0	0	0	dungngminh		MIT	2022-12-14T17:01:55.000Z	https://github.com/dungngminh/dungngminh-workspace
942	ziggurat_simple_maps	Provides simple maps for use with [Ziggurat](https://pub.dev/packages/ziggurat).	0.3.0	33.363671824210115	0	0	0	0	chrisnorman7	backstreets.site	Unlicense	2022-11-08T06:42:43.000Z	https://github.com/chrisnorman7/ziggurat_simple_maps
943	paisa	A Flutter and Dart plugin for converting currencies and getting the latest exchange rates. Supports 161 currencies.	0.0.7	33.35500368395961	4	1	0	1	icodelifee		MIT	2022-10-28T17:21:47.000Z	https://github.com/icodelifee/paisa.dart
944	bolt	Bolt, a lightning fast, strongly typed network protocol	0.1.0-dev.2	33.33333333333333	12	42	0	3	wolfenrain	wolfenra.in	MIT	2022-11-22T18:11:30.000Z	https://github.com/wolfenrain/bolt
945	metar_dart	Parse Meteorological Weather reports emited from aeronautical land stations (METAR). Coming soon TAF and SYNOP.	0.3.2	33.27699042170502	3	2	3	2	TAF-Verification		MIT	2022-10-06T06:37:07.000Z	https://github.com/TAF-Verification/metar-dart
946	token_store	api for the dart pub token store.	1.0.19	33.233649720452476	0	0	0	0	onepub-dev	onepub.dev	BSD-3-Clause	2022-10-10T04:49:49.000Z	https://github.com/onepub-dev/token_store
947	dart_dice_parser	A dart library for parsing dice notation (e.g. "2d6+4"). Supports advantage/disadvantage, exploding die, and other variations.	5.1.5	33.22498158020197	0	2	1	0	Adventuresmith		MIT	2022-12-08T05:22:35.000Z	https://github.com/Adventuresmith/dart-dice-parser
948	tree_structures	tree_structures is a Dart implentation of (currently only) a red-black self-balancing binary search tree with a possibility to output to Graphviz for previewing.	0.0.5	33.116629827070604	1	0	0	0	iuthere	imagineusthere.com	NOASSERTION	2021-08-17T12:56:37.000Z	https://github.com/iuthere/tree_structures
949	pumli	PlantUML interface for Dart. Provides easy PlantUML diagram conversion from dart.	0.1.4	33.08629133619382	0	0	0	0	tamas-p		MIT	2022-12-11T15:21:41.000Z	https://github.com/tamas-p/pumli
950	valorant_client	Library to interact with Riot's Valorant Game API.	1.1.4	33.064620985567544	5	8	2	3	ArunPrakashG	arunprakashg.com	MIT	2022-06-20T17:01:34.000Z	https://github.com/ArunPrakashG/valorant_client
951	shelf_rate_limiter	Limit requests to your shelf backend server.	1.0.1	33.06028691544229	2	0	0	0	ramyak-mehra		MIT	2021-11-10T11:18:45.000Z	https://github.com/ramyak-mehra/shelf_rate_limiter
952	flac_metadata	A cross platform dart package to extract meta data from flac files.	1.0.4	32.98227365318771	4	2	2	1	zengkid		Apache-2.0	2022-02-01T10:08:01.000Z	https://github.com/zengkid/flac_metadata
953	mermaid	Dart JS interop for Mermaid - The Javascript tool that makes use of a markdown based syntax to render customizable diagrams, charts and visualizations.	0.9.35	32.96493737268669	2	3	0	0	timmaffett	hiveright.tech	BSD-3-Clause	2022-05-06T08:07:43.000Z	https://github.com/timmaffett/mermaid.dart
954	nova_geocoder	A package to transform a description of a location i.e. street address, town name into latitude and longitude and vice versa.	1.2.0	32.904260390933125	1	0	0	0	nova-flutter		MIT	2022-11-06T16:23:11.000Z	https://github.com/nova-flutter/nova_geocoder
955	hive_repository	A DatabaseAdapter for the hive database as used by the database_repository package	1.0.4	32.63988211329259	1	0	0	0	glassp	glassp.dev	MIT	2022-04-11T19:48:50.000Z	https://github.com/glassp/hive_repository
956	video_parser	CLI app/package to extract metadata from a movie or TV show name	1.0.2	32.609543622415806	3	2	0	0	dobladov		BSD-3-Clause	2021-03-21T20:31:08.000Z	https://github.com/dobladov/video-parser
957	web_socket_channel_fork	StreamChannel wrappers for WebSockets. Provides a cross-platform WebSocketChannel API, a cross-platform implementation of that API that communicates over an underlying StreamChannel.	2.1.0	32.29315650327222	0	0	1	0	chandu0101		BSD-3-Clause	2021-05-25T20:59:22.000Z	https://github.com/chandu0101/web_socket_channel
958	freemework_http	HTTP related classes of the Freemework	0.2.0	32.284488363021715	0	0	0	0	freemework	freemework.org	BSD-3-Clause	2022-02-08T16:56:52.000Z	https://github.com/freemework/dart.http
959	freemework_cancellation	Set of various cancellation token sources	0.2.0	32.267152082520695	0	0	0	0	freemework	freemework.org	BSD-3-Clause	2021-07-28T19:44:12.000Z	https://github.com/freemework/dart.cancellation
960	bouncy_listener	An easy to use, autocancellable debouncer. Can be used as a class or a one-off.	1.0.1	32.2281454513934	0	2	0	0	TheCarpetMerchant		BSD-3-Clause	2022-05-21T13:34:47.000Z	https://github.com/TheCarpetMerchant/bouncy_listener
961	flutter_pseudolocalizor	A Pseudolocalization tool for Flutter and Dart which generates pseudo, nonsensical translations for multiple languages from a given English source.	0.5.1	32.19347289039137	5	5	1	0	defuncart	defuncart.com	MIT	2021-07-24T07:56:21.000Z	https://github.com/defuncart/flutter_pseudolocalizor
962	camus_lints	A set of lints for Flutter apps, packages, and plugins to encourage good coding practices.	1.1.1	32.18913882026611	2	2	1	0	camus-design	camus.design	MIT	2022-11-14T07:13:20.000Z	https://github.com/camus-design/camus_lints
963	austerity	Dart and Flutter static code analysis, but not for the faint hearted. This code tries to turn all violations in to red squiggly lines	0.0.10-beta	32.16313439951459	2	2	0	0	MelbourneDeveloper	christianfindlay.com	BSD-3-Clause	2022-11-08T23:10:45.000Z	https://github.com/MelbourneDeveloper/austerity
964	version_gen	The Dart code generator for your packages version.	1.0.1	32.1327959086378	1	12	1	10	wasabeef	wasabeef.jp	MIT	2022-11-29T00:13:46.000Z	https://github.com/wasabeef/version_gen
965	vote	A number of voting methods implemented in Dart with base classes that allow easy comparison between implementations.	2.1.0	32.1241277683873	6	25	4	3	kevmoo	j832.com	BSD-3-Clause	2022-12-05T17:47:46.000Z	https://github.com/kevmoo/vote.dart
966	linteo	Flutter and Dart lint rules used at iteo	1.1.0	32.08078706713475	24	2	0	0	Iteo	iteo.com	MIT	2022-12-13T13:57:19.000Z	https://github.com/Iteo/linteo
967	commit_lint	Static analysis for commit messages	0.2.0	32.05478264638322	1	4	0	1	incendial		MIT	2021-08-05T10:41:30.000Z	https://github.com/incendial/commit-lint
968	win32_runner	Compile and run a Flutter app without needing any C/C++ code. Just Dart!	0.0.8	32.020110085381184	12	51	4	1	timsneath	sneath.org	BSD-3-Clause	2022-02-07T00:59:03.000Z	https://github.com/timsneath/win32_runner
969	images_keys	A simple and easy command-line generation tool generating image assets keys for Dart and Flutter projects.	0.0.4	31.972435314003377	1	1	0	0	DmitryVoronko		MIT	2021-03-24T20:29:35.000Z	https://github.com/DmitryVoronko/images_keys
970	cairo	Dart bindings to the Cairo C graphics library	1.0.2	31.89875612187405	2	1	0	2	manim-web	manim-web.hugos29.dev	MIT	2021-11-23T19:58:18.000Z	https://github.com/manim-web/cairo.dart
971	avataar_generator	A simple svg generator that gives awesome emojis. This package can be used anywhere with Dart like Angular dart, Flutter etc.	1.1.2	31.8944220517488	19	6	11	6	devslane		BSD-2-Clause	2022-09-28T02:47:08.000Z	https://github.com/devslane/Avataar-Generator
972	robots_txt	A lightweight `robots.txt` ruleset parser to ensure your application adheres the de facto standard.	1.1.1	31.872751701122525	1	0	0	0	WordCollector	wordcollector.co.uk	MIT	2022-07-06T21:37:02.000Z	https://github.com/wordcollector/robots_txt
973	serverpod_service_client	Generated client for the Severpod service protocol.	0.9.21	31.803406579118448	3	970	71	76	serverpod		BSD-3-Clause	2022-12-17T16:30:47.000Z	https://github.com/serverpod/serverpod
974	isolation	The library allows you to simplify the creation and interaction of isolates for dart and flutter.The interaction between isolates is an interface similar to stream controllers.	0.0.2-dev	31.69072075586183	14	15	1	7	PlugFox	plugfox.dev	MIT	2022-10-27T06:47:23.000Z	https://github.com/PlugFox/isolation
975	value_cubit	A dart package that helps implements basic states for BLoC library	1.1.6	31.630043774108263	3	1	0	0	devobs	devobs.dev	MIT	2022-09-25T21:21:59.000Z	https://github.com/devobs/value_cubit
976	sweepline_intersections	A small and fast module using a sweepline algorithm to detect intersections between polygons and/or polylines.	0.0.3+1	31.60403935335674	1	1	0	0	dartclub	dartlang.rocks	MIT	2022-09-09T15:39:27.000Z	https://github.com/dartclub/sweepline_intersections
977	dart_bip32	A BIP32 (https://github.com/bitcoin/bips/blob/master/bip-0032.mediawiki) compatible library for Flutter writing by Dart.	2.0.5	31.58670307285572	0	0	0	0	dart-bitcoin-lib	mahsumurebe.com	MIT	2021-12-30T20:01:49.000Z	https://github.com/dart-bitcoin-lib/dart-bip32
978	dedent	Remove any common leading whitespace from every line in text.	1.0.2	31.508689810601137	2	1	1	0	abulka		MIT	2022-06-26T00:02:59.000Z	https://github.com/abulka/flutter-dedent
979	lttb	A LTTB downsampling plugin before rendering the chart.	0.0.3	31.413340267845534	1	1	0	0	bnap00		MIT	2022-08-31T03:59:12.000Z	https://github.com/bnap00/dart-lttb
980	bitapp_cache	A starting point for Dart libraries or applications.	1.0.0	31.387335847094004	0	0	0	0	openbitapp		MIT	2021-09-28T14:39:47.000Z	https://github.com/openbitapp/simplecache-flutter
981	flutter_scripts	Run dart/flutter scripts defined in a pubspec.yaml	0.0.3	31.35266328609197	28	17	0	2	rodydavis	rodydavis.com	MIT	2022-07-19T16:09:24.000Z	https://github.com/rodydavis/flutter_scripts
982	theater	Actor framework for Dart. This package makes it easier to work with isolates, create clusters of isolates.	0.2.21	31.339661075716208	27	39	5	3	GlebBatykov	batykov-gleb.ru	MIT	2022-07-10T19:27:55.000Z	https://github.com/GlebBatykov/theater
983	map_path	A tool to easilly get values from map by path	1.0.1	31.2833181640879	1	1	0	1	megabayt		GPL-3.0	2022-04-01T12:12:44.000Z	https://github.com/megabayt/map_path
984	ref_out_box	Wrapping values so that they can be passed by reference, like c#'s ref out	1.1.0	31.170632340831272	1	2	0	1	MeowType		MIT	2022-06-26T07:53:43.000Z	https://github.com/MeowType/RefOutBoxDart
985	dart_currencies	Data package containing currencies and information about them that helps formatting.	2.0.0	31.153296060330256	0	1	0	0	cedvdb		MIT	2022-07-06T18:13:28.000Z	https://github.com/cedvdb/dart_currencies
986	nova_places_api	The Places API lets you search for place information using a variety of categories, including establishments, prominent points of interest, and geographic locations. You can search for places either by proximity or a text string. A Place Search returns a list of places along with summary information about each place.	1.2.0	31.140293849954492	0	0	0	0	nova-flutter		MIT	2022-11-06T16:56:34.000Z	https://github.com/nova-flutter/nova_places_api
987	controllable	The core package of the controllable ecosystem that contains base classes and interfaces.	0.0.5	31.12729163957873	0	0	0	7	nivisi		MIT	2022-11-18T16:46:44.000Z	https://github.com/nivisi/controllable/tree/develop/packages/controllable
988	circuit_breaker	Implementation of the Circuit Breaker Design Pattern for HTTP requests	1.0.3	31.1012872188272	2	0	0	0	DouglasMedeiros	codenetworks.dev	MIT	2022-05-25T00:38:31.000Z	https://github.com/DouglasMedeiros/circuit-breaker
989	shogi	A simple shogi engine for Dart and Flutter. This engine can be combined with flutter_shogi_board to render static game board positions, tsume problems or shogi castles.	0.0.6	30.945260694318034	1	3	0	1	defuncart	defuncart.com	MIT	2021-07-12T16:20:20.000Z	https://github.com/defuncart/shogi
990	darin	Dependency Injection oversimplified. Inspired by Koin, with focus on scopes.	0.1.2	30.87591557231396	1	1	0	0	TamasBarta	bartatamas.hu	MIT	2022-11-25T23:35:27.000Z	https://github.com/TamasBarta/darin
991	geodart	A geospatial library for Dart. Designed primarily around vector features (like, with coordinate points), this library provides a simple interface for working with geographic data.	0.2.5	30.71555497767954	2	0	0	0	divvitco	divvit.co	MIT	2022-06-15T21:31:34.000Z	https://github.com/divvitco/geodart
992	error_or_result	Helper classes that returns a Result or Errors objects to reduce amount of exception throwing.	2.0.1	30.69821869717852	4	1	0	0	vaygeth89		Apache-2.0	2022-08-20T13:13:12.000Z	https://github.com/vaygeth89/error_or_result
993	shadertoy	Main entities and contracts supported by the shadertoy REST and WEB APIs.  Can be used to create shadertoy web or persistent clients.	2.3.0	30.607203224548172	0	6	0	1	ivoleitao	ivoleitao.dev	MIT	2022-12-05T15:09:32.000Z	https://github.com/ivoleitao/shadertoy
994	calendarific_dart	A dart package to retrieve data from calendarific API.Get holidays from specific country, year and moreover retreieve languages and countries from their API.	1.0.2	30.60286915442292	3	0	0	7	jayjah	markus.jayjah.de	MIT	2022-12-14T12:10:01.000Z	https://github.com/jayjah/calendarific_dart
995	nano_var	A variable that can be subscribed to so the subscribers get notified when changes occur.	1.1.1	30.57686473367139	2	3	1	3	oborgen	oborgen.se	BSD-3-Clause	2022-02-10T13:26:09.000Z	https://github.com/oborgen/nano_var
996	stability_ai	A simple gRPC client for StabilityAI	1.0.0	30.485849261041043	1	1	0	0	aq1018	yeet.io	MIT	2022-11-18T05:58:01.000Z	https://github.com/aq1018/stability_ai_dart
997	dart_encrypter	Encrypt / Decrypt the String with given Key and IV. It includes built-in password generator also.	1.0.4	30.438174489663243	1	0	0	0	berkbb	berk.babadogan.net	MIT	2022-03-15T09:18:37.000Z	https://github.com/berkbb/dart_encrypter
998	casper_dart_sdk	Dart SDK for interacting with the Casper Blockchain	0.1.3	30.37749750790968	0	0	1	0	cdolaz		Apache-2.0	2022-06-26T12:01:49.000Z	https://github.com/cdolaz/casper_dart_sdk
999	fast_json	Collection of JSON parsers. Classic parser (also with BigNum support), event-based parser. Pretty quick parsing.	0.1.12	30.29515017552984	3	2	0	0	mezoni		BSD-3-Clause	2022-05-26T07:37:22.000Z	https://github.com/mezoni/fast_json
1000	xtra	Some xtra useful datatypes, currently XTable and XSet, a set of XTables are usable.	0.2.6	30.269145754778314	2	3	0	1	DorylinaeStudios		Apache-2.0	2022-11-20T13:31:38.000Z	https://github.com/DorylinaeStudios/xtra
1001	app_store_connect_apis	A package for the Apple App Store Connect API. It can be used to automate steps in your build pipeline.	0.3.0	30.256143544402548	1	4	0	0	methodpark	methodpark.de	BSD-3-Clause	2021-11-11T08:32:25.000Z	https://github.com/methodpark/App_Store_Connect
1002	weather_pack	The project is designed to obtain weather via the OpenWeatherMap API. With handy features. :)	0.0.1	30.199800632774238	2	0	0	4	PackRuble		MIT	2022-10-21T06:52:59.000Z	https://github.com/PackRuble/weather_pack
1003	weak_cache	Weak cache that uses weak references for holding values.	1.0.0	30.1651280717722	0	0	0	0	Zekfad		ISC	2022-05-20T21:43:18.000Z	https://github.com/Zekfad/weak_cache
1004	serveme	Backend server framework designed for a quick development of modular WebSocket based server applications with MongoDB integration.	1.2.0	30.134789580895422	55	20	1	0	sourcecaster	minimagic.games	MIT	2022-10-22T02:15:30.000Z	https://github.com/sourcecaster/serveme
1005	chessnutdriver	A Chessnut-Chessboard Driver written in pure Dart	0.0.4	30.130455510770165	0	0	0	0	mono424	khad.im	MIT	2022-11-14T21:43:27.000Z	https://github.com/mono424/chessnutdriver
1006	kassakuitti	A Dart package for handling a cash receipt coming from S-kaupat or K-ruoka (two Finnish food online stores).	0.2.2	30.035105968014562	1	0	0	2	areee		GPL-3.0	2022-12-17T16:40:28.000Z	https://github.com/areee/kassakuitti
1007	telegram_link	simple library for generating telegram links. It is possible to generate links with number or username	0.0.2-pre	30.00476747713778	1	0	1	0	rickypid	insideapp.net	BSD-3-Clause	2022-05-22T20:53:53.000Z	https://github.com/rickypid/telegram_link
1008	genius_api_unofficial	This library provides you with a nice interface to Genius API.	2.0.1	29.935422355133706	3	3	0	1	nt4f04uNd		BSD-2-Clause	2021-07-20T19:00:23.000Z	https://github.com/nt4f04uNd/genius_api_unofficial
1009	turf_pip	A small library for detecting if a point lies inside a polygon	0.0.1+1	29.926754214883193	0	1	0	1	dartclub	dartlang.rocks	MIT	2022-07-11T15:57:27.000Z	https://github.com/dartclub/turf_pip
1010	betid	A tiny, secure, unique identifier generator for Dart.	1.0.0	29.77072769037403	1	0	0	0	odroe	odroe.com	BSD-3-Clause	2022-06-27T03:05:23.000Z	https://github.com/odroe/betid
1011	google_books_api	A library to help on the search for books on google books api	1.0.1	29.62770337624063	1	0	0	0	GiudaBallerino		BSD-3-Clause	2022-11-25T11:50:00.000Z	https://github.com/GiudaBallerino/google_books_api
1012	docx_mailmerge	Package for performing a mailmerge operation on merge fields within a DOCX document	1.0.3	29.62336930611537	4	3	0	1	Wetbikeboy2500		MIT	2022-07-22T03:56:27.000Z	https://github.com/Wetbikeboy2500/docx_mailmerge
1013	dartbag	A grab-bag of miscellaneous, lightweight utility code for Dart.	0.4.1+2	29.6016989554891	1	0	0	0	jamesderlin		Zlib	2022-06-15T20:02:21.000Z	https://github.com/jamesderlin/dartbag
1014	script_runner	Run all your project-related scripts in a portable, simple config.	0.3.1	29.59736488536385	5	4	0	0	chenasraf	casraf.dev	MIT	2022-12-07T16:49:25.000Z	https://github.com/chenasraf/dart_script_runner
1015	github_actions_toolkit	Toolkit containing useful methods to build a GitHub Action with Dart.	0.0.6	29.393663589476876	0	4	1	1	axel-op		MIT	2022-08-18T19:27:38.000Z	https://github.com/axel-op/github_actions_toolkit.dart
1016	genderizeio	A Dart API wrapper for Genderize.io	1.0.1	29.32865253759806	0	0	0	0	agustinustheo		MIT	2022-06-13T21:14:36.000Z	https://github.com/agustinustheo/dart-genderizeio
1017	linux_serial	Dart package for accessing serial ports on Linux using dart:ffi.	0.2.0	29.05560611970702	3	20	4	8	ardera	ardera.dev	MIT	2022-08-08T10:06:27.000Z	https://github.com/ardera/flutter_packages
1018	yald	Yet Another Logger for Dart	0.0.7	28.968924717201926	0	0	0	0	srikrishnacj		GPL-3.0	2022-11-09T18:04:26.000Z	https://github.com/srikrishnacj/yald
1019	parrot	Parrot is a modular Dart framework for building efficient, reliable, and scalable applications.	0.0.6	28.903913665323106	1	8	1	2	odroe	odroe.com	BSD-3-Clause	2022-12-07T04:08:36.000Z	https://github.com/odroe/parrot
1020	cadmean_rpc	A Cadmean RPC library for Dart. Its goal is to simplify the communication with your web API, hiding all the HTTP and JSON stuff.	0.2.0	28.895245525072593	2	0	0	0	cadmean-ru	cadmean.ru	MIT	2022-08-20T16:20:56.000Z	https://github.com/cadmean-ru/cadmean_rpc_dart
1021	brasil_datetime	Extensões para a classe DateTime para facilitar a formatação em pt_BR	0.1.4	28.7132145798119	4	2	0	0	flutterbootcamp	flutterbootcamp.com.br	NOASSERTION	2022-12-16T01:06:43.000Z	https://github.com/flutterbootcamp/brasil_datetime
1022	eventstore_client_test	A testing library for applications using EventStore Client with a local EventStoreDB instance.	0.7.1	28.68721015906037	0	3	0	0	DISCOOS	discoos.org	BSD-2-Clause	2022-11-05T17:13:27.000Z	https://github.com/DISCOOS/eventstore-client-dart
1023	betamax	Record your test suite's HTTP interactions and replay them during future test runs for fast, deterministic, accurate tests.Like Ruby's VCR gem!	2.0.0	28.682876088935117	7	11	1	1	shyndman	madewithfelt.com	MIT	2022-03-11T05:00:53.000Z	https://github.com/shyndman/betamax
1024	flint	Forus Labs' sets of dartanalyzer lints that we use internally in our Dart & Flutter projects.	2.5.3	28.643869457807824	1	6	0	1	forus-labs	foruslabs.com	MIT	2022-12-16T08:20:00.000Z	https://github.com/forus-labs/cauldron
