No.	Name	Description	Version	Popularity	Likes	Stars	Forks	Issues	Owner	Publisher	License	Last Commit	Repository URL
1	http	A composable, multi-platform, Future-based API for HTTP requests.	0.13.5	99.97832964937373	5617	886	292	158	dart-lang	dart.dev	BSD-3-Clause	2022-12-14T23:56:15.000Z	https://github.com/dart-lang/http/tree/master/pkgs/http
2	intl	Contains code to deal with internationalized/localized messages, date and number formatting and parsing, bi-directional text, and other internationalization issues.	0.18.0	99.97399557924848	3623	496	167	107	dart-lang	dart.dev	BSD-3-Clause	2022-12-16T17:02:46.000Z	https://github.com/dart-lang/intl
3	flutter_svg	An SVG rendering and widget library for Flutter, which allows painting and displaying Scalable Vector Graphics 1.1 files.	1.1.6	99.96966150912321	3404	1467	385	136	dnfield	dnfield.dev	MIT	2022-12-16T04:07:41.000Z	https://github.com/dnfield/flutter_svg
4	provider	A wrapper around InheritedWidget to make them easier to use and more reusable.	6.0.5	99.9609933688727	7813	4561	465	12	rrousselGit	dash-overflow.net	MIT	2022-12-15T22:07:16.000Z	https://github.com/rrousselGit/provider
5	permission_handler	Permission plugin for Flutter. This plugin provides a cross-platform (iOS, Android) API to request and check permissions.	10.2.0	99.93932301824644	3319	1699	661	153	Baseflow	baseflow.com	MIT	2022-11-11T10:50:27.000Z	https://github.com/baseflow/flutter-permission-handler
6	google_fonts	A Flutter package to use fonts from fonts.google.com.	3.0.1	99.92632080787067	4203	670	88	17	material-foundation	material.io	Apache-2.0	2022-12-06T15:25:08.000Z	https://github.com/material-foundation/google-fonts-flutter
7	path	A string-based path manipulation library. All of the path operations you know and love, with solid support for Windows, POSIX (Linux and Mac OS X), and the web.	1.8.3	99.90898452736965	946	158	38	12	dart-lang	dart.dev	BSD-3-Clause	2022-12-05T23:13:55.000Z	https://github.com/dart-lang/path
8	equatable	A Dart package that helps to implement value based equality without needing to explicitly override == and hashCode.	2.0.5	99.89164824686864	2027	739	91	16	felangel	fluttercommunity.dev	MIT	2022-10-17T14:47:51.000Z	https://github.com/felangel/equatable
9	file_picker	A package that allows you to use a native file explorer to pick single or multiple absolute file paths, with extension filtering support.	5.2.4	99.88731417674337	2875	974	432	30	miguelpruivo	miguelruivo.com	MIT	2022-12-12T17:26:48.000Z	https://github.com/miguelpruivo/flutter_file_picker
10	carousel_slider	A carousel slider widget, support infinite scroll and custom child widget.	4.2.1	99.87864603649287	3801	1382	447	168	serenader2014	serenader.me	MIT	2022-12-13T16:32:08.000Z	https://github.com/serenader2014/flutter_carousel_slider
11	font_awesome_flutter	The Font Awesome Icon pack available as Flutter Icons. Provides 1600 additional icons to use in your apps.	10.3.0	99.86130975599185	3171	727	179	6	fluttercommunity	fluttercommunity.dev	NOASSERTION	2022-12-04T13:24:44.000Z	https://github.com/fluttercommunity/font_awesome_flutter
12	collection	Collections and utilities functions and classes related to collections.	1.17.0	99.82230312486456	706	264	69	34	dart-lang	dart.dev	BSD-3-Clause	2022-12-09T17:04:55.000Z	https://github.com/dart-lang/collection
13	lottie	Render After Effects animations natively on Flutter. This package is a pure Dart implementation of a Lottie player.	2.1.0	99.81796905473931	2445	885	163	95	xvrh	xaha.dev	MIT	2022-12-14T13:12:23.000Z	https://github.com/xvrh/lottie-flutter
14	sqflite	Flutter plugin for SQLite, a self-contained, high-reliability, embedded, SQL database engine.	2.2.2	99.81363498461405	3527	2529	452	126	tekartik	tekartik.com	BSD-2-Clause	2022-12-04T19:40:08.000Z	https://github.com/tekartik/sqflite/tree/master/sqflite
15	rxdart	RxDart is an implementation of the popular reactiveX api for asynchronous programming, leveraging the native Dart Streams api.	0.27.7	99.80496684436353	1950	3199	266	46	ReactiveX	fluttercommunity.dev	NOASSERTION	2022-11-28T15:48:04.000Z	https://github.com/ReactiveX/rxdart
16	crypto	Implementations of SHA, MD5, and HMAC cryptographic functions	3.0.2	99.79196463398777	1026	191	42	23	dart-lang	dart.dev	BSD-3-Clause	2022-11-10T17:45:46.000Z	https://github.com/dart-lang/crypto
17	flutter_secure_storage	Flutter Secure Storage provides API to store data in secure storage. Keychain is used in iOS, KeyStore based solution is used in Android.	7.0.1	99.78763056386254	2428	888	226	69	mogol	steenbakker.dev	BSD-3-Clause	2022-12-16T12:25:07.000Z	https://github.com/mogol/flutter_secure_storage/tree/develop/flutter_secure_storage
18	shimmer	A package provides an easy way to add shimmer effect in Flutter project	2.0.0	99.77462835348676	3227	1551	185	29	hnvn	hunghd.dev	BSD-3-Clause	2022-07-08T03:27:47.000Z	https://github.com/hnvn/flutter_shimmer
19	flutter_native_splash	Customize Flutter's default white native splash screen with background color and splash image. Supports dark mode, full screen, and more.	2.2.16	99.76162614311099	4957	936	142	15	jonbhanson	jonhanson.net	MIT	2022-11-27T17:58:46.000Z	https://github.com/jonbhanson/flutter_native_splash
20	async	Utility functions and classes related to the 'dart:async' library.	2.10.0	99.75729207298573	366	213	44	13	dart-lang	dart.dev	BSD-3-Clause	2022-11-09T17:20:16.000Z	https://github.com/dart-lang/async
21	flutter_inappwebview	A Flutter plugin that allows you to add an inline webview, to use an headless webview, and to open an in-app browser window.	5.7.2+3	99.74862393273524	1528	2309	969	588	pichillilorenzo	inappwebview.dev	Apache-2.0	2022-12-16T14:49:41.000Z	https://github.com/pichillilorenzo/flutter_inappwebview
22	http_parser	A platform-independent package for parsing and serializing HTTP formats.	4.0.2	99.73995579248472	132	24	23	3	dart-lang	dart.dev	BSD-3-Clause	2022-10-31T00:30:28.000Z	https://github.com/dart-lang/http_parser
23	html	APIs for parsing and manipulating HTML content outside the browser.	0.15.1	99.7226195119837	393	232	56	71	dart-lang	tools.dart.dev	NOASSERTION	2022-11-09T23:34:42.000Z	https://github.com/dart-lang/html
24	mime	Utilities for handling media (MIME) types, including determining a type from a file extension and file contents.	1.0.3	99.70961730160795	252	78	38	21	dart-lang	tools.dart.dev	BSD-3-Clause	2022-12-13T15:49:04.000Z	https://github.com/dart-lang/mime
25	args	Library for defining parsers for parsing raw command-line arguments into a set of options and values using GNU and POSIX style options.	2.3.1	99.7052832314827	259	171	60	39	dart-lang	dart.dev	BSD-3-Clause	2022-11-09T20:45:35.000Z	https://github.com/dart-lang/args
26	logging	Provides APIs for debugging and error logging, similar to loggers in other languages, such as the Closure JS Logger and java.util.logging.Logger.	1.1.0	99.70094916135743	483	239	41	17	dart-lang	dart.dev	BSD-3-Clause	2022-12-06T22:23:52.000Z	https://github.com/dart-lang/logging
27	archive	Provides encoders and decoders for various archive and compression formats such as zip, tar, bzip2, gzip, and zlib.	3.3.5	99.69228102110692	417	296	85	73	brendan-duncan	loki3d.com	MIT	2022-12-06T19:46:53.000Z	https://github.com/brendan-duncan/archive
28	dart_code_metrics	Software analytics tool that helps developers analyse and improve software quality.	5.2.1	99.68794695098167	749	738	83	56	dart-code-checker	dartcodemetrics.dev	MIT	2022-12-16T15:09:38.000Z	https://github.com/dart-code-checker/dart-code-metrics
29	flutter_rating_bar	A simple yet fully customizable ratingbar for flutter which also include a rating bar indicator, supporting any fraction of rating.	4.0.1	99.67927881073115	1578	320	75	39	sarbagyastha	sarbagyastha.com.np	MIT	2022-11-28T13:51:05.000Z	https://github.com/sarbagyastha/flutter_rating_bar
30	pin_code_fields	A flutter package which will help you to generate pin code fields. Can be useful for OTP for example.	7.4.0	99.66194253023014	1626	549	245	14	adar2378	theadar.xyz	MIT	2022-12-15T16:10:20.000Z	https://github.com/adar2378/pin_code_fields
31	yaml	A parser for YAML, a human-friendly data serialization standard	3.1.1	99.63593810947862	173	120	53	18	dart-lang	tools.dart.dev	MIT	2022-11-15T20:27:41.000Z	https://github.com/dart-lang/yaml
32	convert	Utilities for converting between data representations. Provides a number of Sink, Codec, Decoder, and Encoder types.	3.1.1	99.62726996922811	64	45	21	8	dart-lang	dart.dev	BSD-3-Clause	2022-10-12T21:53:57.000Z	https://github.com/dart-lang/convert
33	web_socket_channel	StreamChannel wrappers for WebSockets. Provides a cross-platform WebSocketChannel API, a cross-platform implementation of that API that communicates over an underlying StreamChannel.	2.2.0	99.61426775885234	762	312	81	85	dart-lang	tools.dart.dev	BSD-3-Clause	2022-12-07T09:27:31.000Z	https://github.com/dart-lang/web_socket_channel
34	source_span	A library for identifying source spans and locations.	1.9.1	99.58392926797556	18	21	14	12	dart-lang	tools.dart.dev	BSD-3-Clause	2022-10-25T17:24:45.000Z	https://github.com/dart-lang/source_span
35	string_scanner	A class for parsing strings using a sequence of patterns.	1.2.0	99.57526112772504	150	51	13	5	dart-lang	tools.dart.dev	BSD-3-Clause	2022-12-13T00:08:03.000Z	https://github.com/dart-lang/string_scanner
36	typed_data	Utility functions and classes related to the dart:typed_data library.	1.3.1	99.57092705759979	30	29	10	3	dart-lang	dart.dev	BSD-3-Clause	2022-11-10T17:39:40.000Z	https://github.com/dart-lang/typed_data
37	shelf	A model for web server middleware that encourages composition and easy reuse.	1.4.0	99.56659298747454	558	700	102	29	dart-lang	tools.dart.dev	BSD-3-Clause	2022-12-08T17:24:18.000Z	https://github.com/dart-lang/shelf/tree/master/pkgs/shelf
38	bloc	A predictable state management library that helps implement the BLoC (Business Logic Component) design pattern.	8.1.0	99.54492263684827	2072	9886	3021	93	felangel	bloclibrary.dev	MIT	2022-12-11T03:56:07.000Z	https://github.com/felangel/bloc/tree/master/packages/bloc
39	term_glyph	Useful Unicode glyphs and ASCII substitutes.	1.2.1	99.54058856672302	21	10	10	0	dart-lang	tools.dart.dev	BSD-3-Clause	2022-11-15T22:30:35.000Z	https://github.com/dart-lang/term_glyph
40	clock	A fakeable wrapper for dart:core clock APIs.	1.1.1	99.53625449659775	119	34	13	1	dart-lang	tools.dart.dev	Apache-2.0	2022-11-09T23:23:34.000Z	https://github.com/dart-lang/clock
41	pub_semver	Versions and version constraints implementing pub's versioning policy. This is very similar to vanilla semver, with a few corner cases.	2.1.3	99.5319204264725	71	47	22	8	dart-lang	tools.dart.dev	BSD-3-Clause	2022-11-12T00:56:02.000Z	https://github.com/dart-lang/pub_semver
42	stack_trace	A package for manipulating stack traces and printing them readably.	1.11.0	99.51891821609674	146	102	19	18	dart-lang	tools.dart.dev	BSD-3-Clause	2022-12-01T20:24:46.000Z	https://github.com/dart-lang/stack_trace
43	qr_code_scanner	QR code scanner that can be embedded inside flutter. It uses zxing in Android and MTBBarcode scanner in iOS.	1.0.1	99.49724786547046	1494	854	577	127	juliuscanute		BSD-2-Clause	2022-12-14T08:23:47.000Z	https://github.com/juliuscanute/qr_code_scanner
44	shelf_static	Static file server support for the shelf package and ecosystem.	1.1.1	99.48857972521995	53	24	25	3	dart-archive	tools.dart.dev	BSD-3-Clause	2022-05-09T20:32:05.000Z	https://github.com/dart-lang/shelf/tree/master/pkgs/shelf_static
45	webkit_inspection_protocol	A client for the Chrome DevTools Protocol (previously called the Webkit Inspection Protocol).	1.2.0	99.46690937459368	4	24	26	4	google	google.dev	BSD-3-Clause	2022-11-14T17:14:57.000Z	https://github.com/google/webkit_inspection_protocol.dart
46	io	Utilities for the Dart VM Runtime including support for ANSI colors, file copying, and standard exit code values.	1.0.3	99.45390716421791	26	32	16	19	dart-lang	tools.dart.dev	BSD-3-Clause	2022-11-15T20:27:29.000Z	https://github.com/dart-lang/io
47	flutter_riverpod	A simple way to access state from anywhere in your application while robust and testable.	2.1.1	99.4365708837169	1321	3838	617	104	rrousselGit	dash-overflow.net	MIT	2022-12-17T20:19:05.000Z	https://github.com/rrousselGit/riverpod
48	csslib	A library for parsing and analyzing CSS (Cascading Style Sheets)	0.17.2	99.42790274346639	22	69	32	21	dart-lang	tools.dart.dev	BSD-3-Clause	2022-11-15T15:46:59.000Z	https://github.com/dart-lang/csslib
49	petitparser	A dynamic parser framework to build efficient grammars and parsers quickly.	5.1.0	99.42356867334114	189	382	51	5	petitparser	lukas-renggli.ch	MIT	2022-12-12T07:53:31.000Z	https://github.com/petitparser/dart-petitparser
50	glob	A library to perform Bash-style file and directory globbing.	2.1.1	99.41056646296536	37	36	14	6	dart-lang	tools.dart.dev	BSD-3-Clause	2022-11-09T23:20:11.000Z	https://github.com/dart-lang/glob
51	package_config	Support for reading and writing Dart Package Configuration files.	2.1.0	99.40623239284012	6	13	16	6	dart-lang	tools.dart.dev	BSD-3-Clause	2022-11-15T20:29:54.000Z	https://github.com/dart-lang/package_config
52	stream_channel	An abstraction for two-way communication channels based on the Dart Stream class.	2.1.1	99.40189832271487	28	38	20	4	dart-lang	tools.dart.dev	BSD-3-Clause	2022-11-10T11:30:32.000Z	https://github.com/dart-lang/stream_channel
53	watcher	A file system watcher. It monitors changes to contents of directories and sends notifications when files have been added, removed, or modified.	1.0.2	99.39323018246435	112	102	26	19	dart-lang	tools.dart.dev	BSD-3-Clause	2022-10-14T17:19:59.000Z	https://github.com/dart-lang/watcher
54	fixnum	Library for 32- and 64-bit signed fixed-width integers with consistent behavior between native and JS runtimes.	1.0.1	99.3888961123391	25	36	25	16	dart-lang	dart.dev	BSD-3-Clause	2022-12-08T16:13:54.000Z	https://github.com/dart-lang/fixnum
55	coverage	Coverage data manipulation and formatting	1.6.1	99.38456204221384	60	90	55	27	dart-lang	tools.dart.dev	BSD-3-Clause	2022-11-14T22:55:10.000Z	https://github.com/dart-lang/coverage
56	shelf_web_socket	A shelf handler that wires up a listener for every connection.	1.0.3	99.36722576171283	80	22	15	6	dart-archive	tools.dart.dev	BSD-3-Clause	2022-05-09T20:49:07.000Z	https://github.com/dart-lang/shelf/tree/master/pkgs/shelf_web_socket
57	http_multi_server	A dart:io HttpServer wrapper that handles requests from multiple servers.	3.2.1	99.35422355133706	31	22	13	1	dart-lang	tools.dart.dev	BSD-3-Clause	2022-11-09T23:47:30.000Z	https://github.com/dart-lang/http_multi_server
58	pool	Manage a finite pool of resources. Useful for controlling concurrent file system or network requests.	1.5.1	99.3412213409613	45	35	20	5	dart-lang	tools.dart.dev	BSD-3-Clause	2022-11-09T23:47:56.000Z	https://github.com/dart-lang/pool
59	source_maps	A library to programmatically manipulate source map files.	0.10.11	99.33688727083604	0	12	14	13	dart-lang	tools.dart.dev	BSD-3-Clause	2022-10-19T17:16:50.000Z	https://github.com/dart-lang/source_maps
60	shelf_packages_handler	A shelf handler for serving a `packages/` directory.	3.0.1	99.31088285008451	2	3	4	0	dart-archive	tools.dart.dev	BSD-3-Clause	2022-05-09T20:49:46.000Z	https://github.com/dart-lang/shelf/tree/master/pkgs/shelf_packages_handler
61	tuple	A library providing a tuple data structure.	2.0.1	99.302214709834	356	171	27	11	google	google.dev	BSD-2-Clause	2022-10-06T20:21:52.000Z	https://github.com/google/tuple.dart
62	matcher	Support for specifying test expectations via an extensible Matcher class. Also includes a number of built-in Matcher implementations for common cases.	0.12.14	99.29788063970875	28	53	32	27	dart-lang	dart.dev	BSD-3-Clause	2022-12-13T19:01:10.000Z	https://github.com/dart-lang/matcher
63	flutter_image_compress	Compress image with native (Objective-C/Kotlin) with faster speed. Support Android/iOS.	1.1.3	99.2935465695835	815	505	132	60	fluttercandies		MIT	2022-09-22T08:48:55.000Z	https://github.com/fluttercandies/flutter_image_compress
64	source_map_stack_trace	A package for applying source maps to stack traces.	2.1.1	99.28487842933299	5	5	7	0	dart-lang	tools.dart.dev	BSD-3-Clause	2022-10-18T18:16:18.000Z	https://github.com/dart-lang/source_map_stack_trace
65	sync_http	Synchronous HTTP client for Dart.	0.3.1	99.28054435920774	4	10	14	5	google	google.dev	BSD-3-Clause	2022-12-02T18:53:11.000Z	https://github.com/google/sync_http.dart
66	webdriver	Provides WebDriver bindings for Dart. Supports WebDriver JSON interface and W3C spec. Requires the use of WebDriver remote server.	3.0.1	99.26754214883196	29	121	59	23	google	google.dev	Apache-2.0	2022-12-15T01:13:15.000Z	https://github.com/google/webdriver.dart
67	wakelock	Plugin that allows you to keep the device screen awake, i.e. prevent the screen from sleeping on Android, iOS, macOS, Windows, and web.	0.6.2	99.26320807870671	1120	336	57	7	creativecreatorormaybenot	creativemaybeno.dev	BSD-3-Clause	2022-09-13T04:03:51.000Z	https://github.com/creativecreatorormaybenot/wakelock/tree/main/wakelock
68	dropdown_search	Simple and robust Searchable Dropdown with item search feature, making it possible to use an offline item list or filtering URL for easy customization.	5.0.5	99.2545399384562	1183	239	219	11	salim-lachdhaf	salimdev.ovh	MIT	2022-12-05T08:46:47.000Z	https://github.com/salim-lachdhaf/searchable_dropdown
69	boolean_selector	A flexible syntax for boolean expressions, based on a simplified version of Dart's expression syntax.	2.1.1	99.24153772808044	9	15	12	1	dart-lang	tools.dart.dev	BSD-3-Clause	2022-11-10T17:41:56.000Z	https://github.com/dart-lang/boolean_selector
70	json_rpc_2	Utilities to write a client or server using the JSON-RPC 2.0 spec.	3.0.2	99.21119923720366	56	63	33	6	dart-lang	tools.dart.dev	BSD-3-Clause	2022-11-09T23:47:44.000Z	https://github.com/dart-lang/json_rpc_2
71	flutter_keyboard_visibility	Flutter plugin for discovering the state of the soft-keyboard visibility on Android and iOS.	5.4.0	99.20253109695315	556	300	61	17	MisterJimson	jasonrai.ca	MIT	2022-12-08T13:51:05.000Z	https://github.com/MisterJimson/flutter_keyboard_visibility
72	shelf_proxy	A shelf handler for proxying HTTP requests to another server.	1.0.2	99.19386295670265	49	24	15	10	dart-archive	tools.dart.dev	BSD-3-Clause	2022-05-09T20:50:00.000Z	https://github.com/dart-lang/shelf/tree/master/pkgs/shelf_proxy
73	completion	A package to add shell command completion to your Dart application	1.0.1	99.18519481645212	25	53	11	1	kevmoo	j832.com	BSD-3-Clause	2022-12-14T20:13:37.000Z	https://github.com/kevmoo/completion.dart
74	fake_async	Fake asynchronous events such as timers and microtasks for deterministic testing.	1.3.1	99.18086074632687	48	68	13	5	dart-lang	dart.dev	Apache-2.0	2022-11-09T23:22:10.000Z	https://github.com/dart-lang/fake_async
75	browser_launcher	Provides a standardized way to launch web browsers for testing and tools.	1.1.1	99.1591903957006	5	10	9	2	dart-lang	tools.dart.dev	BSD-3-Clause	2022-12-13T18:32:41.000Z	https://github.com/dart-lang/browser_launcher
76	sse	Provides client and server functionality for setting up bi-directional communication through Server Sent Events (SSE) and corresponding POST requests.	4.1.2	99.15485632557535	24	49	18	5	dart-lang	tools.dart.dev	BSD-3-Clause	2022-12-14T21:03:50.000Z	https://github.com/dart-lang/sse
77	sentry_flutter	Sentry SDK for Flutter. This package aims to support different Flutter targets by relying on the many platforms supported by Sentry with native SDKs.	6.18.1	99.14618818532483	495	600	158	78	getsentry	sentry.io	MIT	2022-12-17T03:02:13.000Z	https://github.com/getsentry/sentry-dart
78	usage	A Google Analytics wrapper for command-line, web, and Flutter apps.	4.1.0	99.14185411519958	58	139	48	15	dart-lang	tools.dart.dev	BSD-3-Clause	2022-10-20T20:09:59.000Z	https://github.com/dart-lang/usage
79	pdf	A pdf producer for Dart. It can create pdf files for both web or flutter.	3.8.4	99.12885190482382	1744	949	370	117	DavBfr	nfet.net	Apache-2.0	2022-12-06T09:29:55.000Z	https://github.com/DavBfr/dart_pdf
80	ffi	Utilities for working with Foreign Function Interface (FFI) code.	2.0.1	99.12018376457331	161	125	28	20	dart-lang	dart.dev	BSD-3-Clause	2022-11-21T11:11:52.000Z	https://github.com/dart-lang/ffi
81	internet_connection_checker	A pure Dart library that checks for internet by opening a socket to a list of specified addresses, each with individual port and timeout. Defaults are provided for convenience.	1.0.0+1	99.11584969444806	614	61	16	14	RounakTadvi		NOASSERTION	2022-09-22T10:54:54.000Z	https://github.com/RounakTadvi/internet_connection_checker
82	vector_math	A Vector Math library for 2D and 3D applications.	2.1.4	99.10718155419754	197	259	77	19	google	google.dev	NOASSERTION	2022-11-01T09:39:33.000Z	https://github.com/google/vector_math.dart
83	pinput	Pin code input (OTP) text field, iOS SMS autofill, Android SMS autofill One Time Code, Password, Passcode, Captcha, Security, Coupon, Wowcher, 2FA, Two step verification	2.2.16	99.09851341394705	1300	447	110	5	Tkko	fman.ge	MIT	2022-10-07T08:18:37.000Z	https://github.com/Tkko/Flutter_PinPut
84	youtube_player_flutter	Flutter plugin for playing or streaming inline YouTube videos using the official iFrame player API. This plugin supports both Android and iOS.	8.1.1	99.08984527369653	1045	555	563	311	sarbagyastha	sarbagyastha.com.np	BSD-3-Clause	2022-12-12T15:34:31.000Z	https://github.com/sarbagyastha/youtube_player_flutter
85	flutter_downloader	Powerful plugin making it easy to download files.	1.9.1	99.08551120357127	1051	782	426	270	fluttercommunity	fluttercommunity.dev	BSD-3-Clause	2022-12-17T18:49:53.000Z	https://github.com/fluttercommunity/flutter_downloader
86	timezone	Time zone database and time zone aware DateTime.	0.9.0	99.06817492307025	240	76	38	31	srawlins		BSD-2-Clause	2022-11-07T12:23:11.000Z	https://github.com/srawlins/timezone
87	flutter_hooks	A flutter implementation of React hooks. It adds a new kind of widget with enhanced code reuse.	0.18.5+1	99.05950678281975	1522	2554	147	29	rrousselGit	dash-overflow.net	MIT	2022-07-20T09:57:15.000Z	https://github.com/rrousselGit/flutter_hooks/tree/master/packages/flutter_hooks
88	quiver	Quiver is a set of utility libraries for Dart that makes using many Dart libraries easier and more convenient, or adds additional functionality.	3.1.0	99.0161660815672	409	901	140	50	google	google.dev	Apache-2.0	2022-12-09T17:16:25.000Z	https://github.com/google/quiver-dart
89	flutter_map	A versatile mapping package for Flutter, based off leaflet.js, that's simple and easy to learn, yet completely customizable and configurable.	3.0.0	98.98582759069042	1105	2231	711	25	fleaflet	fleaflet.dev	BSD-3-Clause	2022-12-11T21:07:27.000Z	https://github.com/fleaflet/flutter_map
90	jiffy	Jiffy is a date dart package inspired by momentjs for parsing, manipulating and formatting dates	5.0.0	98.98149352056517	569	401	78	32	jama5262		MIT	2022-11-02T17:46:17.000Z	https://github.com/jama5262/jiffy
91	hooks_riverpod	A simple way to access state from anywhere in your application while robust and testable.	2.1.1	98.93381874918737	555	3838	617	104	rrousselGit	dash-overflow.net	MIT	2022-12-17T20:19:05.000Z	https://github.com/rrousselGit/riverpod
92	win32	A Dart library for accessing common Win32 APIs using FFI. No C required!	3.1.3	98.91214839856109	561	601	94	31	timsneath	sneath.org	BSD-3-Clause	2022-12-17T10:19:39.000Z	https://github.com/timsneath/win32
93	printing	Plugin that allows Flutter apps to generate and print documents to compatible printers on Android, iOS, macOS, Windows, and Linux, as well as web print.	5.9.3	98.89481211806007	973	949	370	117	DavBfr	nfet.net	Apache-2.0	2022-12-06T09:29:55.000Z	https://github.com/DavBfr/dart_pdf
94	socket_io_client	Dartlang port of socket.io-client for web, flutter, dartvm to use	2.0.0	98.8818099076843	881	552	141	95	rikulo		MIT	2022-12-17T13:34:57.000Z	https://github.com/rikulo/socket.io-client-dart
95	googleapis	Auto-generated client libraries for accessing Google APIs described through the API discovery service.	9.2.0	98.87747583755905	667	329	102	33	google	google.dev	BSD-3-Clause	2022-12-08T01:19:31.000Z	https://github.com/google/googleapis.dart/tree/master/generated/googleapis
96	flutter_form_builder	This package helps in creation of forms in Flutter by removing the boilerplate code, reusing validation, react to changes, and collect final user input.	7.7.0	98.8731417674338	1716	1191	441	52	flutter-form-builder-ecosystem	flutterformbuilderecosystem.com	BSD-3-Clause	2022-12-15T15:22:03.000Z	https://github.com/flutter-form-builder-ecosystem/flutter_form_builder
97	mockito	A mock framework inspired by Mockito with APIs for Fakes, Mocks, behavior verification, and stubbing.	5.3.2	98.86447362718329	891	553	146	56	dart-lang	dart.dev	Apache-2.0	2022-12-14T21:34:39.000Z	https://github.com/dart-lang/mockito
98	event_bus	A simple Event Bus using Dart Streams for decoupling applications	2.0.0	98.85580548693278	463	698	75	0	marcojakob	jakobservices.ch	MIT	2022-03-01T17:38:59.000Z	https://github.com/marcojakob/dart-event-bus
99	pubspec_parse	Simple package for parsing pubspec.yaml files with a type-safe API and rich error reporting.	1.2.1	98.84713734668227	24	42	16	5	dart-lang	tools.dart.dev	BSD-3-Clause	2022-12-12T22:14:20.000Z	https://github.com/dart-lang/pubspec_parse
100	dotted_line	This package allows you to draw dotted lines with Flutter. You can draw a beautiful dotted line.	3.1.0	98.8341351363065	177	33	12	4	umechanhika		BSD-3-Clause	2022-09-04T08:08:54.000Z	https://github.com/umechanhika/dotted_line
101	video_thumbnail	A flutter plugin for creating a thumbnail from a local video file or from a video URL.	0.5.3	98.80379664542971	340	153	114	28	justsoft		MIT	2022-11-14T15:45:18.000Z	https://github.com/justsoft/video_thumbnail
102	mobile_scanner	A universal barcode and QR code scanner for Flutter based on MLKit. Uses CameraX on Android, AVFoundation on iOS and Apple Vision & AVFoundation on macOS.	2.1.0	98.7777922246782	687	320	194	76	juliansteenbakker	steenbakker.dev	BSD-3-Clause	2022-12-13T12:26:48.000Z	https://github.com/juliansteenbakker/mobile_scanner
103	cli_util	A library to help in building Dart command-line apps.	0.3.5	98.75612187405193	40	45	22	5	dart-lang	tools.dart.dev	BSD-3-Clause	2022-11-15T15:54:18.000Z	https://github.com/dart-lang/cli_util
104	awesome_notifications	A complete solution to create Local and Push Notifications, customizing buttons, images, sounds, emoticons and applying many different layouts for Flutter apps.	0.7.4+1	98.75178780392667	1931	560	211	23	rafaelsetragni	carda.me	Apache-2.0	2022-11-28T13:30:31.000Z	https://github.com/rafaelsetragni/awesome_notifications
105	grouped_list	A Flutter ListView where the list items can be grouped into sections.	5.1.2	98.7387855935509	911	275	78	45	Dimibe	begnis.dev	MIT	2022-10-20T16:04:42.000Z	https://github.com/Dimibe/grouped_list
106	flutter_staggered_animations	Easily add staggered animations to your ListView, GridView, Column and Row children as shown in Material Design guidelines	1.1.1	98.73445152342565	1317	1231	119	10	The-ring-io	dailyn.app	MIT	2022-11-09T20:05:42.000Z	https://github.com/mobiten/flutter_staggered_animations
107	stream_transform	A collection of utilities to transform and manipulate streams.	2.1.0	98.72144931304987	159	104	18	11	dart-lang	tools.dart.dev	BSD-3-Clause	2022-12-12T18:24:29.000Z	https://github.com/dart-lang/stream_transform
108	characters	String replacement with operations that are Unicode/grapheme cluster aware.	1.2.1	98.6911108221731	272	54	11	3	dart-lang	dart.dev	BSD-3-Clause	2022-11-09T23:30:34.000Z	https://github.com/dart-lang/characters
109	rive	Rive 2 Flutter Runtime. This package provides runtime functionality for playing back and interacting with animations built with the Rive editor available at https://rive.app.	0.10.0	98.67377454167209	976	751	126	51	rive-app	rive.app	MIT	2022-12-14T22:15:44.000Z	https://github.com/rive-app/rive-flutter
110	protobuf	Runtime library for protocol buffers support. Use https://pub.dev/packages/protoc_plugin to generate dart code for your '.proto' files.	2.1.0	98.65643826117106	130	57445	14648	678	protocolbuffers	google.dev	NOASSERTION	2022-12-17T21:34:26.000Z	https://github.com/google/protobuf.dart/tree/master/protobuf
111	responsive_framework	Easily make Flutter apps responsive. Automatically adapt UI to different screen sizes. Responsiveness made simple.	0.2.0	98.62609977029429	2100	923	110	50	Codelessly	codelessly.com	0BSD	2022-09-18T16:01:30.000Z	https://github.com/Codelessly/ResponsiveFramework
112	lints	Official Dart lint rules. Defines the 'core' and 'recommended' set of lints suggested by the Dart team.	2.0.1	98.61309755991851	162	66	22	23	dart-lang	tools.dart.dev	BSD-3-Clause	2022-11-14T22:19:20.000Z	https://github.com/dart-lang/lints
113	animate_do	Beautiful animations inspired on Animate.css, every animation is a widget that contains default but customizable values that look attractive.	3.0.2	98.587093139167	2898	157	30	7	Klerith	fernando-herrera.com	MIT	2022-11-24T13:47:31.000Z	https://github.com/Klerith/animate_do_package
114	marquee	A Flutter widget that scrolls text infinitely. Provides many customizations including custom scroll directions, durations, curves as well as pauses after every round.	2.2.3	98.50474580678716	662	216	64	36	MarcelGarus		MIT	2022-06-04T20:38:07.000Z	https://github.com/MarcelGarus/marquee
115	photo_manager	A Flutter plugin that provides assets abstraction management APIs on Android, iOS, and macOS.	2.5.1+1	98.49607766653664	408	518	215	25	fluttercandies	fluttercandies.com	Apache-2.0	2022-12-13T16:28:02.000Z	https://github.com/fluttercandies/flutter_photo_manager
116	country_picker	A flutter package to select a country from a list of countries.	2.0.19	98.45273696528409	157	58	81	20	Daniel-Ioannou		MIT	2022-12-17T15:43:54.000Z	https://github.com/Daniel-Ioannou/flutter_country_picker
117	flutter_animate	Add beautiful animated effects & builders in Flutter, via an easy, customizable, unified API.	2.0.1	98.43973475490834	585	345	19	19	gskinner	gskinner.com	BSD-3-Clause	2022-11-16T06:10:51.000Z	https://github.com/gskinner/flutter_animate
118	charcode	Constants for ASCII and common non-ASCII character codes. Integer constants corresponding to the code points of individual characters.	1.3.1	98.43106661465782	28	21	10	2	lrhn	infimum.dk	BSD-3-Clause	2022-10-14T16:50:53.000Z	https://github.com/lrhn/charcode
119	persistent_bottom_nav_bar	A do all, highly customizable persistent/static bottom navigation bar for flutter. Includes up-to 20 styles.	5.0.2	98.42239847440732	1585	420	256	152	BilalShahid13		BSD-3-Clause	2022-10-09T22:19:51.000Z	https://github.com/BilalShahid13/PersistentBottomNavBar
120	multi_select_flutter	A flexible multi select package for Flutter. Make multi select widgets the way you want.	4.1.3	98.34871928227798	477	176	140	98	CHB61		BSD-2-Clause	2022-12-08T10:41:19.000Z	https://github.com/CHB61/flutter-multi-select
121	timeline_tile	A package to help you build highly customisable timelines with Flutter.	2.0.0	98.34005114202748	1336	542	122	23	JHBitencourt	juliobitencourt.com	MIT	2022-10-26T12:08:15.000Z	https://github.com/JHBitencourt/timeline_tile
122	sliver_tools	A set of useful sliver tools that are missing from the flutter framework	0.2.8	98.33138300177697	752	410	39	16	Kavantix	pietervanloon.com	MIT	2022-11-28T10:51:07.000Z	https://github.com/Kavantix/sliver_tools
123	youtube_player_iframe	Flutter port of the official YouTube iFrame player API. Supports web & mobile platforms.	3.1.0	98.31838079140121	356	555	563	311	sarbagyastha	sarbagyastha.com.np	BSD-3-Clause	2022-12-12T15:34:31.000Z	https://github.com/sarbagyastha/youtube_player_flutter
124	decimal	The decimal package allows you to deal with decimal numbers without losing precision.	2.3.2	98.30971265115069	204	146	39	2	a14n		Apache-2.0	2022-12-07T14:19:22.000Z	https://github.com/a14n/dart-decimal
125	wechat_assets_picker	An audio/video/image picker in pure Dart which is the same with WeChat,support multi picking, custom item and delegates override.	8.2.0	98.30537858102544	436	1116	309	6	fluttercandies	fluttercandies.com	Apache-2.0	2022-12-18T11:18:44.000Z	https://github.com/fluttercandies/flutter_wechat_assets_picker
126	in_app_update	Enables In App Updates on Android using the official Android APIs.	4.0.1	98.29671044077493	622	234	57	10	jonasbark	jonasbark.de	NOASSERTION	2022-11-28T11:08:00.000Z	https://github.com/jonasbark/flutter_in_app_update
127	form_builder_validators	Form Builder Validators set of validators for FlutterFormBuilder. Provides common validators and a way to make your own.	8.4.0	98.29237637064968	108	7	15	4	flutter-form-builder-ecosystem	flutterformbuilderecosystem.com	BSD-3-Clause	2022-12-01T07:09:26.000Z	https://github.com/flutter-form-builder-ecosystem/form_builder_validators
128	flutter_phoenix	Easily restart your application from scratch, losing any previous state	1.1.0	98.28370823039917	359	119	9	7	The-ring-io	dailyn.app	MIT	2022-08-23T16:00:34.000Z	https://github.com/mobiten/flutter_phoenix
129	flutter_sound	Europe Stand With Ukraine. Pray for Ukraine. A complete api for audio playback and recording. Audio player, audio recorder.	9.2.13	98.27937416027392	1025	762	459	245	Canardoux	tau.canardoux.xyz	MPL-2.0	2022-10-21T03:07:36.000Z	https://github.com/canardoux/flutter_sound
130	formz	A unified form representation in Dart which aims to simplify form representation and validation in a generic way.	0.4.1	98.21436310839509	425	217	27	9	VeryGoodOpenSource	verygood.ventures	MIT	2022-12-13T02:08:36.000Z	https://github.com/ChicagoFlutter/formz
131	nb_utils	Collection of Widgets and helpful Methods that every developer needs.	4.6.25	98.20136089801933	207	51	19	5	bhoominn	bhoominn.com	MIT	2022-11-24T17:43:31.000Z	https://github.com/bhoominn/nb_utils
132	nested	A Flutter Widget which helps nest multiple widgets without needing to manually nest them.	1.0.0	98.18835868764356	264	112	12	1	rrousselGit	dash-overflow.net	MIT	2021-02-20T16:36:28.000Z	https://github.com/rrousselGit/nested
133	loading_animation_widget	Loading animation or loading spiner or loader. It's used to show loading animation when the app is in loading state or something is processing for uncertain time.	1.2.0+4	98.17969054739307	523	68	20	1	watery-desert	waterydesert.com	BSD-3-Clause	2022-12-14T11:04:34.000Z	https://github.com/watery-desert/loading_animation_widget
134	mocktail	A Dart mock library which simplifies mocking with null safety support and no manual mocks or code generation.	0.3.0	98.17102240714254	658	428	63	22	felangel	felangel.dev	MIT	2022-12-06T12:35:53.000Z	https://github.com/felangel/mocktail
135	data_table_2	In-place substitute for Flutter's DataTable and PaginatedDataTable with fixed/sticky headers and few extra features	2.3.10	98.13201577601525	404	118	69	18	maxim-saplin	saplin.blogspot.com	BSD-3-Clause	2022-12-12T19:29:19.000Z	https://github.com/maxim-saplin/data_table_2
136	drift	Drift is a reactive library to store relational data in Dart and Flutter applications.	2.3.0	98.12768170589	833	1797	237	103	simolus3	simonbinder.eu	MIT	2022-12-17T20:37:15.000Z	https://github.com/simolus3/drift
137	workmanager	Flutter Workmanager. This plugin allows you to schedule background work on Android and iOS.	0.5.1	98.12334763576474	1253	699	173	59	fluttercommunity	fluttercommunity.dev	MIT	2022-11-07T20:00:35.000Z	https://github.com/fluttercommunity/flutter_workmanager
138	barcode_widget	Barcode generation widget for Flutter with support for standard barcodes.	2.0.3	97.9846573917566	180	88	26	7	DavBfr	nfet.net	Apache-2.0	2022-12-07T16:49:31.000Z	https://github.com/DavBfr/dart_barcode
139	hydrated_bloc	An extension to the bloc state management library which automatically persists and restores bloc states.	9.0.0	97.97165518138084	502	189	25	0	felangel	bloclibrary.dev	MIT	2020-07-09T03:23:09.000Z	https://github.com/felangel/bloc/tree/master/packages/hydrated_bloc
140	purchases_flutter	Flutter in-app purchases and subscriptions made easy. The plugin supports Apple, Android, and the web.	4.5.3	97.94998483075457	406	412	114	14	RevenueCat	revenuecat.com	MIT	2022-12-16T18:35:03.000Z	https://github.com/RevenueCat/purchases-flutter
141	flutter_login_facebook	Login via Facebook. Easily add Facebook login feature in your application. User profile information included.	1.7.0	97.91097819962728	176	64	42	14	Innim	innim.ru	BSD-3-Clause	2022-12-07T15:09:34.000Z	https://github.com/Innim/flutter_login_facebook
142	amplify_flutter	The top level Flutter package for the AWS Amplify libraries.	0.6.10	97.7939583062454	111	1128	176	192	aws-amplify	aws-amplify.com	Apache-2.0	2022-12-17T00:16:28.000Z	https://github.com/aws-amplify/amplify-flutter
143	flutter_cached_pdfview	A package to show Native PDF View for iOS and Android, support Open from a different resource like Path, Asset or Url and Cache it.	0.4.1	97.76361981536861	291	94	34	39	binSaed	abdosaed.ml	MIT	2022-05-16T21:31:57.000Z	https://github.com/AbdOoSaed/flutter_cached_pdfview
144	flutter_phone_direct_caller	Simple flutter plugin to call a number directly, without going to phone dialer, from app	2.1.1	97.75928574524336	222	21	20	9	yanisalfian		MIT	2022-10-26T15:29:16.000Z	https://github.com/yanisalfian/flutter-phone-direct-caller
145	amplify_auth_cognito	The Amplify Flutter Auth category plugin using the AWS Cognito provider.	0.6.10	97.75495167511811	66	1128	176	192	aws-amplify	aws-amplify.com	Apache-2.0	2022-12-17T00:16:28.000Z	https://github.com/aws-amplify/amplify-flutter
146	flutter_ringtone_player	A simple player for system default ringtones, alarms and notifications	3.2.0	97.70727690374031	173	61	37	8	inway	inway.dev	MIT	2022-11-08T23:47:13.000Z	https://github.com/inway/flutter_ringtone_player
147	riverpod	A simple way to access state from anywhere in your application while robust and testable.	2.1.1	97.68560655311403	2201	3838	617	104	rrousselGit	dash-overflow.net	MIT	2022-12-17T20:19:05.000Z	https://github.com/rrousselGit/riverpod
148	flutter_chat_ui	Actively maintained, community-driven chat UI implementation with an optional Firebase BaaS.	1.6.6	97.66827027261301	694	627	328	24	flyerhq	flyer.chat	Apache-2.0	2022-12-15T19:35:36.000Z	https://github.com/flyerhq/flutter_chat_ui
149	flutter_windowmanager	A Flutter plugin for manipulating Android WindowManager LayoutParams.	0.2.0	97.6596021323625	197	39	17	9	adaptant-labs	adaptant.io	Apache-2.0	2021-08-26T10:45:43.000Z	https://github.com/adaptant-labs/flutter_windowmanager
150	geocode	Package to make Geocode requests. It exposes two methods to translate coordinates into locations and addresses into coordinates.	1.0.2	97.65526806223724	84	6	7	4	imvalient	imanol.dev	BSD-3-Clause	2022-07-24T11:27:50.000Z	https://github.com/imvalient/geocode
151	android_id	A Flutter plugin for getting the Android ID. Only for Android.	0.1.3+1	97.62926364148572	37	12	3	1	fluttercommunity	achim.io	BSD-3-Clause	2022-11-28T22:33:32.000Z	https://github.com/fluttercommunity/android_id
152	shrine_images	Image assets for the Material Components for Flutter codelabs based on an app called Shrine.	2.0.2	97.62492957136047	5	18	19	0	material-components		NOASSERTION	2022-12-07T19:48:40.000Z	https://github.com/material-components/material-components-flutter-codelabs-packages
153	sentry	A crash reporting library for Dart that sends crash reports to Sentry.io. This library supports Dart VM and Web. For Flutter consider sentry_flutter instead.	6.18.1	97.59459108048368	381	600	158	78	getsentry	sentry.io	MIT	2022-12-17T03:02:13.000Z	https://github.com/getsentry/sentry-dart
154	flex_color_scheme	A Flutter package to use and make beautiful Material design based themes.	6.1.1	97.59025701035843	1363	453	59	3	rydmike	rydmike.com	NOASSERTION	2022-12-11T20:12:08.000Z	https://github.com/rydmike/flex_color_scheme
155	velocity_x	A minimalist Flutter framework for rapidly building custom designs.	3.6.0	97.58592294023317	1083	1159	161	11	iampawan	codepur.dev	MIT	2022-10-12T13:25:49.000Z	https://github.com/iampawan/VelocityX
156	adaptive_dialog	Show alert dialog or modal action sheet adaptively according to platform.	1.8.0+1	97.53391409873011	708	244	46	11	mono0926	mono0926.com	MIT	2022-09-01T00:24:24.000Z	https://github.com/mono0926/adaptive_dialog
157	data_connection_checker	A pure Dart library that checks for internet by opening a socket to a list of specified addresses, each with individual port and timeout. Defaults are provided for convenience.	0.3.4	97.49490746760281	415	103	71	19	komapeb		NOASSERTION	2021-12-14T10:00:14.000Z	https://github.com/komapeb/data_connection_checker
158	flutter_quill	A rich text editor supporting mobile and web (Demo App @ bulletjournal.us)	6.1.6	97.48623932735232	919	1666	450	60	singerdmx	bulletjournal.us	MIT	2022-11-17T20:45:49.000Z	https://github.com/singerdmx/flutter-quill
159	dart_style	Opinionated, automatic Dart source code formatter. Provides an API and a CLI tool.	2.2.4	97.46456897672604	69	571	108	101	dart-lang	tools.dart.dev	BSD-3-Clause	2022-11-29T20:17:14.000Z	https://github.com/dart-lang/dart_style
160	flutter_vibrate	A Haptic Feedback plugin.	1.3.0	97.41689420534824	129	81	54	2	rodydavis		MIT	2022-02-26T16:48:22.000Z	https://github.com/rodydavis/flutter_vibrate
161	isar	Extremely fast, easy to use, and fully async NoSQL database for Flutter.	3.0.5	97.3822216443462	1038	2012	158	49	isar	isar.dev	Apache-2.0	2022-12-12T10:00:38.000Z	https://github.com/isar/isar/tree/main/packages/isar
162	isar_flutter_libs	Isar Core binaries for the Isar Database. Needs to be included for Flutter apps.	3.0.5	97.36921943397044	13	2012	158	49	isar	isar.dev	Apache-2.0	2022-12-12T10:00:38.000Z	https://github.com/isar/isar
163	stop_watch_timer	Simple CountUp timer / CountDown timer. It easily create app of stopwatch.	2.0.0	97.36488536384519	172	75	39	1	hukusuke1007	neverjp.com	MIT	2022-09-10T08:14:40.000Z	https://github.com/hukusuke1007/stop_watch_timer
164	grpc	Dart implementation of gRPC, a high performance, open-source universal RPC framework.	3.1.0	97.36055129371994	246	728	209	65	grpc	dart.dev	Apache-2.0	2022-12-13T20:46:41.000Z	https://github.com/grpc/grpc-dart
165	image_editor	Edit your image data and output to file/memory on Android and iOS.	1.3.0	97.33888094309367	209	314	94	15	fluttercandies	fluttercandies.com	Apache-2.0	2022-11-15T13:26:26.000Z	https://github.com/fluttercandies/flutter_image_editor
166	build	A package for authoring build_runner compatible code generators.	2.3.1	97.26953582108958	58	675	192	175	dart-lang	dart.dev	BSD-3-Clause	2022-12-16T20:16:10.000Z	https://github.com/dart-lang/build/tree/master/build
167	flick_video_player	Flick Video Player is a video player for flutter. The video_player plugin gives low level access for the video playback.	0.5.0	97.21319290946127	350	194	167	33	GeekyAnts	geekyants.com	NOASSERTION	2022-11-04T11:04:21.000Z	https://github.com/GeekyAnts/flick-video-player
168	expandable_text	Widget that only shows the first lines of a text and adds a link to expand the full text.	2.3.0	97.19585662896026	165	33	30	12	fweinaug		MIT	2022-06-13T05:36:21.000Z	https://github.com/fweinaug/expandable_text
169	dynamic_color	A Flutter package to create Material color schemes based on a platform's implementation of dynamic color.	1.5.4	97.14818185758246	153	53	12	6	material-foundation	material.io	BSD-3-Clause	2022-12-07T11:11:46.000Z	https://github.com/material-foundation/material-dynamic-color-flutter
170	mixpanel_flutter	Official Flutter Tracking SDK for Mixpanel Analytics developed and maintained by Mixpanel, Inc.	2.0.0	97.13084557708143	65	43	32	22	mixpanel		Apache-2.0	2022-12-12T13:51:32.000Z	https://github.com/mixpanel/mixpanel-flutter
171	markdown	A portable Markdown library written in Dart that can parse Markdown into HTML.	6.0.1	97.11350929658042	173	348	159	39	dart-lang	tools.dart.dev	BSD-3-Clause	2022-12-16T18:04:09.000Z	https://github.com/dart-lang/markdown
172	external_app_launcher	A Flutter plugin which helps you to open another app from your app	3.1.0	97.10917522645516	159	4	12	5	GeekyAnts	geekyants.com	BSD-3-Clause	2022-08-04T13:42:48.000Z	https://github.com/GeekyAnts/external_app_launcher
173	http_interceptor	A lightweight, simple plugin that allows you to intercept request and response objects and modify them if desired.	1.0.2	97.10484115632991	136	86	51	4	CodingAleCR	codingale.dev	MIT	2022-08-24T21:03:52.000Z	https://github.com/CodingAleCR/http_interceptor
174	styled_text	Text widget with formatted text using tags. Makes it easier to use formatted text in multilingual applications.	6.0.0	97.07883673557838	286	59	36	1	andyduke	amazingsoftworks.com	BSD-3-Clause	2022-10-11T16:57:09.000Z	https://github.com/andyduke/styled_text_package
175	file_saver	This package will help you save file with a single method on any platform including macOS, iOS, Android, Windows, Web, Linux.	0.1.1	97.06583452520262	177	32	40	19	incrediblezayed		BSD-3-Clause	2022-07-27T07:31:34.000Z	https://github.com/incrediblezayed/file_saver
176	brasil_fields	O jeito mais fácil de utilizar padrões e formatos brasileiros em seu projeto Dart.	1.9.0	97.05716638495211	398	98	32	10	flutterbootcamp	flutterbootcamp.com.br	NOASSERTION	2022-12-16T23:09:29.000Z	https://github.com/flutterbootcamp/brasil_fields
177	lint	An opinionated, community-driven set of lint rules for Dart and Flutter projects. Like pedantic but stricter	2.0.1	97.02249382395007	741	254	73	15	passsy	pascalwelsch.com	Apache-2.0	2022-11-30T14:52:38.000Z	https://github.com/passsy/dart-lint
178	objectbox	Flutter database for super-fast NoSQL ACID compliant object persistence.	1.7.0	97.01382568369957	822	720	87	54	objectbox	objectbox.io	Apache-2.0	2022-12-16T15:46:25.000Z	https://github.com/objectbox/objectbox-dart
179	flutter_archive	Create and extract ZIP archive files in Android, iOS and macOS. Zip all files in a directory recursively or a given list of files.	5.0.0	96.9921553330733	108	46	34	10	kineapps	kineapps.com	BSD-3-Clause	2022-10-21T10:29:33.000Z	https://github.com/kineapps/flutter_archive
180	objectbox_flutter_libs	Superfast NoSQL Flutter / Dart database. This package contains Flutter runtime libraries for ObjectBox.	1.7.0	96.90980800069346	17	720	87	54	objectbox	objectbox.io	Apache-2.0	2022-12-16T15:46:25.000Z	https://github.com/objectbox/objectbox-dart
181	pinch_zoom	A widget based on Flutter's new Interactive Viewer that makes picture pinch zoom, and return to its initial size and position when released.	1.0.0	96.90547393056819	139	35	13	3	tkortekaas	jelter.net	ISC	2021-07-16T19:20:08.000Z	https://github.com/tkortekaas/pinch_zoom
182	barcode	Barcode generation library for Dart that can generate generic drawing operations for any backend.	2.2.3	96.85346508906514	330	88	26	7	DavBfr	nfet.net	Apache-2.0	2022-12-07T16:49:31.000Z	https://github.com/DavBfr/dart_barcode
183	flutter_sms	A Flutter plugin to Send SMS and MMS on iOS and Android. If iMessage is enabled it will send as iMessage on iOS. This plugin must be tested on a real device on iOS.	2.3.3	96.84479694881463	249	208	96	28	fluttercommunity	fluttercommunity.dev	MIT	2022-08-02T13:56:14.000Z	https://github.com/fluttercommunity/flutter_sms
184	twitter_login	Flutter Twitter Login Plugin. Library for login with Twitter APIs OAuth service	4.2.3	96.82746066831362	84	44	32	6	0maru		MIT	2022-11-12T14:45:11.000Z	https://github.com/0maru/twitter_login
185	flutter_login	A login widget with login/signup functionalities to help speed up development	4.1.1	96.82312659818835	1059	1224	658	61	NearHuscarl		MIT	2022-12-07T07:52:51.000Z	https://github.com/NearHuscarl/flutter_login
186	copy_with_extension	Annotation for generating `copyWith` extensions code using `copy_with_extension_gen`.	5.0.0	96.80579031768734	70	57	23	8	numen31337	oleksandrkirichenko.com	MIT	2022-12-02T23:18:09.000Z	https://github.com/numen31337/copy_with_extension
187	qr	A QR code generation library for Dart and Flutter. Supports QR code version 1 through 40, error correction and redundancy.	3.0.1	96.79712217743683	134	234	54	2	kevmoo	j832.com	BSD-3-Clause	2022-12-15T21:18:34.000Z	https://github.com/kevmoo/qr.dart
188	iconsax	Iconsax for flutter (1000+ icons 6 diferent styles, total 6000+ icons).	0.0.8	96.76678368656006	217	14	5	8	luisDanielRoviraContreras		GPL-3.0	2022-06-28T08:48:23.000Z	https://github.com/luisDanielRoviraContreras/flutter_iconsax
189	bitsdojo_window	A package to help with creating custom windows with Flutter desktop (custom border, titlebar and minimize/maximize/close buttons) and common desktop window operations (show/hide/position on screen) for Windows and macOS	0.1.5	96.75378147618429	651	598	142	98	bitsdojo	bitsdojo.com	MIT	2022-11-19T14:48:02.000Z	https://github.com/bitsdojo/bitsdojo_window
190	amplitude_flutter	Amplitude Flutter plugin	3.13.0	96.74511333593378	72	80	38	19	amplitude		MIT	2022-12-12T20:30:44.000Z	https://github.com/amplitude/Amplitude-Flutter
191	custom_pop_up_menu	Wrap a widget with CustomPopupMenu, Tap or Long Press this widget, a popup menu would display in a suitable position.	1.2.4	96.7234429853075	188	88	34	9	malikwang	malikwang.com	MIT	2022-10-29T19:46:59.000Z	https://github.com/malikwang/custom_pop_up_menu
192	custom_refresh_indicator	Flutter Widget that make it easy to implement custom refresh indicator.	2.0.1	96.714774845057	392	315	47	0	gonuit	klyta.it	MIT	2022-11-04T16:56:56.000Z	https://github.com/gonuit/flutter-custom-refresh-indicator
193	flutter_chat_types	Utility library for the flutter_chat_ui and flutter_firebase_chat_core libraries which contains shared type declarations.	3.6.0	96.61075716205089	23	14	48	1	flyerhq	flyer.chat	MIT	2022-10-29T07:17:39.000Z	https://github.com/flyerhq/flutter_chat_types
194	very_good_analysis	Lint rules for Dart and Flutter used internally at Very Good Ventures.	3.1.0	96.5327438997963	333	242	30	1	VeryGoodOpenSource	verygood.ventures	MIT	2022-12-13T14:47:03.000Z	https://github.com/VeryGoodOpenSource/very_good_analysis
195	flutter_exif_rotation	Flutter plugin that fixes the picture orientation when it's took in landscape for some devices.	0.5.1	96.52840982967105	56	23	46	15	NGhebreial		BSD-3-Clause	2022-04-03T10:36:06.000Z	https://github.com/NGhebreial/flutter_exif_rotation
196	web3dart	Dart library to connect to Ethereum clients. Send transactions and interact with smart contracts!	2.5.2	96.49373726866901	368	91	45	56	xclud	pwa.ir	MIT	2022-12-14T20:38:05.000Z	https://github.com/xclud/web3dart
197	webview_cookie_manager	Have you been turned into a cookie management problem? This package can help. It has all of the cookie management functionality you have been looking for.	2.0.6	96.47640098816798	63	40	29	6	fryette	mobilepeople.dev	MIT	2021-11-15T11:07:33.000Z	https://github.com/fryette/webview_cookie_manager
198	algolia	Algolia is a pure dart SDK, wrapped around Algolia REST API for easy implementation for your Flutter or Dart projects.	1.1.1	96.47206691804273	190	112	67	17	knoxpo	knoxpo.com	NOASSERTION	2022-10-08T11:49:40.000Z	https://github.com/knoxpo/dart_algolia
199	amplify_api	The Amplify Flutter API category plugin, supporting GraphQL and REST operations.	0.6.10	96.46339877779222	30	1128	176	192	aws-amplify	aws-amplify.com	Apache-2.0	2022-12-17T00:16:28.000Z	https://github.com/aws-amplify/amplify-flutter
200	dart_jsonwebtoken	A dart implementation of the famous javascript library 'jsonwebtoken' (JWT).	2.6.2	96.43306028691543	99	28	19	4	jonasroussel	jroussel.fr	MIT	2022-12-11T19:08:14.000Z	https://github.com/jonasroussel/dart_jsonwebtoken
201	simple_gradient_text	Create fast and simple gradient texts, whether linear or radial, you just decide the colors and the text to display, very easy.	1.2.4	96.40705586616392	38	5	5	0	astudilloalex	alexastudillo.com	Apache-2.0	2022-09-24T19:09:38.000Z	https://github.com/astudilloalex/flutter_gradient_text
202	wechat_camera_picker	A camera picker based on WeChat's UI which is a separate runnable extension to wechat_assets_picker.	3.6.5	96.40272179603866	137	264	83	5	fluttercandies	fluttercandies.com	Apache-2.0	2022-12-05T14:55:47.000Z	https://github.com/fluttercandies/flutter_wechat_camera_picker
203	scroll_snap_list	A Flutter widget that allows "snaping" event to an item at the end of user-scroll.	0.9.1	96.37238330516188	289	84	30	13	MSVCode	msvcode.com	NOASSERTION	2022-05-29T10:59:44.000Z	https://github.com/MSVCode/scroll_snap_list
204	tab_indicator_styler	Add beautiful and trending tab indicators directly to your default Flutter TabBar	2.0.0	96.36804923503662	203	50	16	3	adar2378	theadar.xyz	MIT	2022-04-20T05:11:00.000Z	https://github.com/adar2378/tab_indicator_styler
205	oauth2	A client library for authenticating with a remote service via OAuth2 on behalf of a user, and making authorized HTTP requests with the user's OAuth2 credentials.	2.0.1	96.36371516491137	210	173	116	44	dart-lang	tools.dart.dev	BSD-3-Clause	2022-11-11T07:22:29.000Z	https://github.com/dart-lang/oauth2
206	custom_info_window	A widget based custom info window for google_maps_flutter package.	1.0.1	96.35504702466086	90	21	16	6	abhishekduhoon	abhishekduhoon.com	BSD-3-Clause	2022-09-19T00:18:17.000Z	https://github.com/abhishekduhoon/custom_info_window
207	pluto_grid	PlutoGrid is a dataGrid that can be controlled by the keyboard on desktop and web. Of course, it works well on Android and IOS. (DataGrid, DataTable, Data Grid, Data Table, Sticky)	5.4.9	96.3507129545356	552	444	136	94	bosskmk	weblaze.dev	MIT	2022-12-15T13:38:25.000Z	https://github.com/bosskmk/pluto_grid
208	supabase_flutter	Flutter integration for Supabase. This package makes it simple for developers to build secure and scalable products.	1.2.2	96.32904260390933	173	237	52	54	supabase	supabase.io	MIT	2022-12-02T09:07:59.000Z	https://github.com/supabase/supabase-flutter
209	accordion	An expandable Flutter widget list where each item can be expanded or collapsed simply by clicking on the header.	2.5.1	96.32037446365882	173	29	21	5	GotJimmy	vulcansoft.com	NOASSERTION	2022-07-10T20:10:18.000Z	https://github.com/GotJimmy/accordion
210	searchfield	A highly customizable, simple and easy to use flutter Widget to add a searchfield to your Flutter Application. This Widget allows you to search and select from list of suggestions.	0.7.2	96.31604039353357	157	45	28	20	maheshmnj	maheshjamdade.com	MIT	2022-11-21T21:23:07.000Z	https://github.com/maheshmnj/searchfield
211	whatsapp_unilink	Dart package helping your app interact with WhatsApp via HTTP links (universal links). Works with Flutter.	2.1.0	96.30737225328306	190	18	7	0	dartsidedev	dartside.dev	BSD-3-Clause	2022-11-20T16:10:41.000Z	https://github.com/dartsidedev/whatsapp_unilink
212	flutter_translate	Flutter Translate is a fully featured localization / internationalization (i18n) library for Flutter.	4.0.3	96.30303818315781	178	330	102	2	Jesway	jesway.com	NOASSERTION	2022-11-25T20:40:11.000Z	https://github.com/Jesway/Flutter-Translate
213	search_choices	Highly versatile Widget to search through a single or multiple choices list in a dialog box or a menu. Supports pagination and future/API/webservice searches with sort and filter.	2.2.1	96.29003597278204	385	43	26	8	lcuis	jod.li	MIT	2022-12-15T02:41:53.000Z	https://github.com/lcuis/search_choices
214	expandable_bottom_sheet	This is a BottomSheet with a draggable height like the Google Maps App on Android.	1.1.1+1	96.28570190265678	139	32	19	9	torbenkeller	torben-keller.de	MIT	2022-07-01T17:32:48.000Z	https://github.com/torbenkeller/expandable_bottom_sheet
215	beamer	A routing package built on top of Router and Navigator's pages API, supporting arbitrary nested navigation, guards and more.	1.5.3	96.25536341178001	925	480	119	70	slovnicki	beamer.dev	MIT	2022-10-17T09:41:39.000Z	https://github.com/slovnicki/beamer
216	mvc_pattern	To develop apps using a framework following the MVC design pattern separating the app's 'interface' from its 'business logic' and from its 'data source' if any.	8.12.0	96.2076886404022	179	163	30	0	AndriousSolutions	andrioussolutions.com	NOASSERTION	2022-08-26T01:39:37.000Z	https://github.com/AndriousSolutions/mvc_pattern
217	dio_smart_retry	Retry library for Dio package made with love. By default, the request will be retried only for appropriate retryable http statuses.	1.4.0	96.19468643002644	81	43	15	1	rodion-m	rodion-m.ru	MIT	2022-12-08T19:04:58.000Z	https://github.com/rodion-m/dio_smart_retry
218	buttons_tabbar	A Flutter package that implements a TabBar where each label is a toggle button.	1.3.6	96.19035235990118	199	55	17	0	afonsocraposo	afonsoraposo.com	MIT	2022-06-12T13:27:25.000Z	https://github.com/Afonsocraposo/buttons_tabbar
219	flutter_bluetooth_serial	A basic Flutter Bluetooth Serial library	0.4.0	96.1600138690244	250	373	347	70	edufolly	3daysapp.com.br	MIT	2022-10-25T11:46:33.000Z	https://github.com/edufolly/flutter_bluetooth_serial
220	code_builder	A fluent, builder-based library for generating valid Dart code	4.3.0	96.14267758852338	146	326	58	18	dart-lang	tools.dart.dev	BSD-3-Clause	2022-12-16T23:05:59.000Z	https://github.com/dart-lang/code_builder
221	app_review	Request and Write Reviews and Open Store Listing for Android and iOS in Flutter.	2.1.2+1	96.13834351839813	250	269	69	14	fluttercommunity	fluttercommunity.dev	MIT	2022-11-22T09:07:27.000Z	https://github.com/fluttercommunity/app_review
222	simple_html_css	This package allows you to use simple HTML and inline CSS styles to style your text in flutter. A fork of css_text package.	4.0.0	96.12534130802236	92	27	18	5	ali-thowfeek		NOASSERTION	2022-10-26T14:44:53.000Z	https://github.com/ali-thowfeek/simple_html_css_flutter
223	fpdart	Functional programming in Dart and Flutter. All the main functional programming types and patterns fully documented, tested, and with examples.	0.4.0	96.08200060676981	287	269	24	5	SandroMaglione	sandromaglione.com	MIT	2022-12-16T04:50:00.000Z	https://github.com/SandroMaglione/fpdart
224	mailto	Simple Dart package for creating mailto links in your Flutter apps	2.0.0	96.05599618601829	101	21	6	4	smaho-engineering	smaho.dev	BSD-3-Clause	2021-04-13T19:22:03.000Z	https://github.com/smaho-engineering/mailto
225	gql	GraphQL tools for parsing, transforming and printing GraphQL documents.	0.14.0	96.05166211589304	33	240	99	56	gql-dart	gql-dart.dev	MIT	2022-12-03T23:04:15.000Z	https://github.com/gql-dart/gql
226	easy_refresh	A flutter widget that provides pull-down refresh and pull-up load.	3.0.5+1	96.03432583539202	112	3346	581	35	xuelongqy		MIT	2022-12-14T07:12:42.000Z	https://github.com/xuelongqy/flutter_easy_refresh
227	screen_brightness	A Plugin for controlling screen brightness with application life cycle reset implemented	0.2.2	96.02132362501625	59	13	6	2	aaassseee		MIT	2022-10-09T13:08:08.000Z	https://github.com/aaassseee/screen_brightness/tree/master/screen_brightness
228	image_picker_web	Flutter Web Plugin to pick Images (as Widget, File or Uint8List) and Videos (as File or Uint8List)	3.0.0+1	96.016989554891	107	40	20	0	Ahmadre	rouxguillau.me	GPL-3.0	2022-11-21T12:19:51.000Z	https://github.com/Ahmadre/image_picker_web
229	flex_color_picker	A customizable Flutter primary, accent and custom color picker. Includes an optional HSV wheel color picker.	3.0.0	95.98231699388896	268	132	21	10	rydmike	rydmike.com	BSD-3-Clause	2022-11-23T19:49:46.000Z	https://github.com/rydmike/flex_color_picker
230	contained_tab_bar_view	Encapsulates TabController, TabBar and TabBarView into a single customizable Widget.	0.8.0	95.91297187188489	90	13	6	12	slovnicki	scipack.dev	MIT	2021-06-10T10:53:34.000Z	https://github.com/slovnicki/contained_tab_bar_view
231	flow_builder	Flutter Flows made easy! A Flutter package which simplifies flows with a flexible, declarative API.	0.0.9	95.90863780175964	308	335	50	26	felangel	felangel.dev	MIT	2022-08-26T14:49:12.000Z	https://github.com/felangel/flow_builder
232	amplify_storage_s3	The Amplify Flutter Storage category plugin using the AWS S3 provider.	0.6.10	95.8739652407576	51	1128	176	192	aws-amplify	aws-amplify.com	Apache-2.0	2022-12-17T00:16:28.000Z	https://github.com/aws-amplify/amplify-flutter
233	flutter_background	A plugin to keep flutter apps running in the background by using foreground service, wake lock and disabling battery optimizations	1.1.0	95.86529710050709	193	72	28	20	JulianAssmann		MIT	2022-08-23T10:06:18.000Z	https://github.com/JulianAssmann/flutter_background
234	sentry_dio	An integration which adds support for performance tracing for the Dio package.	6.18.1	95.81328825900403	14	600	158	78	getsentry	sentry.io	MIT	2022-12-17T03:02:13.000Z	https://github.com/getsentry/sentry-dart
235	otp_autofill	Android implementation of OTP autofill with using User Consent API and Retriever API. Add possibility to receive OTP code from another input.	2.1.0	95.7872838382525	127	37	14	11	surfstudio	surf.ru	Apache-2.0	2022-11-12T20:13:05.000Z	https://github.com/surfstudio/flutter-otp-autofill
236	flutter_gen	The Flutter code generator for your assets, fonts, colors, … — Get rid of all String-based APIs.	5.1.0+1	95.74394313699996	763	1133	95	38	FlutterGen	wasabeef.jp	MIT	2022-12-12T07:35:43.000Z	https://github.com/FlutterGen/flutter_gen
237	flutter_flavorizr	A flutter utility to easily create flavors in your flutter application	2.1.5	95.73960906687469	374	265	48	27	AngeloAvv	angelocassano.it	MIT	2022-12-09T04:21:29.000Z	https://github.com/AngeloAvv/flutter_flavorizr
238	either_dart	Error handler library for type-safe and easy work with errors on Dart and Flutter. Either is an alternative to Nullable value and Exceptions.	0.3.0	95.7309409266242	73	20	6	0	avdosev		MIT	2022-11-06T17:04:13.000Z	https://github.com/avdosev/either_dart
239	line_awesome_flutter	The Line Awesome Icons pack for flutter. Provides 1542 additional icons to use in your apps.	2.0.0	95.70493650587267	141	12	2	1	clean		MIT	2021-07-19T10:41:13.000Z	https://github.com/clean/line_awesome_flutter
240	any_link_preview	Dart package that helps with preview of any links. Fully customizable and has the ability to render from cached data. Useful for apps where we had chat feature.	2.0.9	95.70060243574741	173	33	37	8	sur950	suresh-konakanchi.in	MIT	2022-12-11T21:24:25.000Z	https://github.com/sur950/any_link_preview
241	flutter_keyboard_visibility_web	An implementation for the web platform of `flutter_keyboard_visibility'	2.0.0	95.63125731374333	1	300	61	17	MisterJimson		MIT	2022-12-08T13:51:05.000Z	https://github.com/MisterJimson/flutter_keyboard_visibility
242	stream_chat_flutter	Stream Chat official Flutter SDK. Build your own chat experience using Dart and Flutter.	5.1.0	95.60525289299181	249	654	237	76	GetStream	getstream.io	NOASSERTION	2022-12-16T14:41:48.000Z	https://github.com/GetStream/stream-chat-flutter
243	disk_space	A tiny Flutter Plugin to show free and total disk space.	0.2.1	95.60091882286656	54	12	20	8	mboeddeker		MIT	2022-03-25T22:53:03.000Z	https://github.com/mboeddeker/disk_space
244	http_mock_adapter	A simple to use mocking package for Dio intended to be used in tests. It provides various types and methods to declaratively mock request-response communication.	0.3.3	95.58358254236553	92	45	19	10	lomsa-dev	lomsa.com	MIT	2022-08-10T19:29:16.000Z	https://github.com/lomsa-dev/http-mock-adapter
245	gql_http_link	GQL Terminating Link to execute requests via HTTP using JSON.	0.4.5	95.5099033502362	10	240	99	56	gql-dart	gql-dart.dev	MIT	2022-12-03T23:04:15.000Z	https://github.com/gql-dart/gql
246	flutter_gen_runner	The Flutter code generator for your assets, fonts, colors, … — Get rid of all String-based APIs.	5.1.0+1	95.49690113986044	82	1133	95	38	FlutterGen	wasabeef.jp	MIT	2022-12-12T07:35:43.000Z	https://github.com/FlutterGen/flutter_gen
247	amplify_datastore	The Amplify Flutter DataStore category plugin, providing a queryable, on-device data store.	0.6.10	95.49256706973519	26	1128	176	192	aws-amplify	aws-amplify.com	Apache-2.0	2022-12-17T00:16:28.000Z	https://github.com/aws-amplify/amplify-flutter
248	advertising_id	A Flutter plugin to access advertising ID.Wraps ASIdentifierManager.advertisingIdentifier (on iOS) and advertising ID (on Android).	2.3.0	95.46656264898367	18	8	24	3	operando		Apache-2.0	2022-05-23T18:46:59.000Z	https://github.com/operando/advertising_id
249	flutter_advanced_drawer	An advanced drawer widget, that can be fully customized with size, text, color, radius of corners.	1.3.2	95.42322194773112	186	44	12	2	alex-melnyk	alexmelnyk.io	BSD-3-Clause	2022-04-03T16:04:36.000Z	https://github.com/alex-melnyk/flutter_advanced_drawer
250	persistent_bottom_nav_bar_v2	A do all, highly customizable persistent/static bottom navigation bar for flutter. Includes up-to 20 styles. Based on persistent_bottom_nav_bar which currently is not continued.	4.2.6	95.38421531660383	156	26	21	32	jb3rndt		BSD-3-Clause	2022-11-28T23:06:20.000Z	https://github.com/jb3rndt/PersistentBottomNavBarV2
251	custom_sliding_segmented_control	Allows you to flexibly configure the widget for displaying controls. You can add color, speed, size, initial value, animation and more.	1.7.3	95.34520868547654	55	13	10	1	hadukin		MIT	2022-10-20T06:34:16.000Z	https://github.com/hadukin/custom_sliding_segmented_control
252	loading_animations	A Flutter package with a selection of simple yet very customizable set of loading animations.	2.2.0	95.33220647510076	218	171	22	2	cytryn		MIT	2021-03-09T18:19:44.000Z	https://github.com/cytryn/loading-animations
253	custom_lint	Lint rules are a powerful way to improve the maintainability of a project. Custom Lint allows package authors and developers to easily write custom lint rules.	0.0.16	95.26719542322195	59	151	17	19	invertase	invertase.io	Apache-2.0	2022-12-12T11:22:31.000Z	https://github.com/invertase/dart_custom_lint
254	flutter_keyboard_visibility_platform_interface	A common platform interface for the flutter_keyboard_visibility plugin.	2.0.0	95.2151865817189	1	300	61	17	MisterJimson		MIT	2022-12-08T13:51:05.000Z	https://github.com/MisterJimson/flutter_keyboard_visibility
255	ffmpeg_kit_flutter	FFmpeg Kit for Flutter. Supports Android, iOS and macOS platforms.	5.1.0	95.20651844146838	142	2159	306	66	arthenica	arthenica.com	LGPL-3.0	2022-11-19T15:37:05.000Z	https://github.com/arthenica/ffmpeg-kit
256	sticky_grouped_list	A ScrollablePositionedList where the list items can be grouped into sections.	3.1.0	95.19785030121788	191	130	33	22	Dimibe	begnis.dev	MIT	2022-10-22T23:12:24.000Z	https://github.com/Dimibe/sticky_grouped_list
257	system_settings	Flutter plugin to open system and app settings on iOS and Android.	2.1.0	95.16751181034108	52	11	20	6	fweinaug		MIT	2022-04-03T12:17:03.000Z	https://github.com/fweinaug/system_settings
258	bottom_sheet	Flexible bottom sheet with the ability to scroll content even without a list.	3.1.2	95.15450959996534	213	92	25	6	surfstudio	surf.ru	Apache-2.0	2022-11-24T05:54:54.000Z	https://github.com/surfstudio/flutter-bottom-sheet
259	agora_rtm	Flutter wrapper around the Agora Real Time Message SDKs for Android and iOS.	1.5.0	95.15017552984007	51	92	54	28	AgoraIO	agora.io	MIT	2022-11-30T02:36:35.000Z	https://github.com/AgoraIO/Flutter-RTM
260	filesystem_picker	FileSystem file or folder picker dialog. Allows the user to browse the file system and pick a folder or file.	3.1.0	95.13717331946431	118	47	28	5	andyduke	amazingsoftworks.com	BSD-3-Clause	2022-09-01T14:03:18.000Z	https://github.com/andyduke/filesystem_picker
261	darq	The power of lazy-evaluated enumerables in your hands! (A port of functional LINQ from the .NET library.)	1.2.1	95.1198370389633	118	75	7	0	Abion47		MIT	2022-09-18T18:01:58.000Z	https://github.com/abion47/darq
262	flutter_spinbox	SpinBox is a numeric input widget with an input field for entering a specific value, and spin buttons for quick, convenient, and accurate value adjustments.	0.11.0	95.10683482858752	94	26	23	10	jpnurmi		MIT	2022-12-16T12:14:30.000Z	https://github.com/jpnurmi/flutter_spinbox
263	flutter_google_places_hoc081098	Google places autocomplete widgets for flutter. No wrapper, use https://pub.dartlang.org/packages/google_maps_webservice. Better flutter_google_places, updated by @hoc081098	1.1.0	95.10250075846227	27	10	10	4	hoc081098		NOASSERTION	2022-11-13T17:01:41.000Z	https://github.com/hoc081098/flutter_google_places
264	flutter_map_location_marker	A flutter map plugin for displaying device current location.	5.0.0+1	95.09816668833702	53	40	41	3	tlserver	tlserver6y.net	BSD-3-Clause	2022-11-08T17:06:59.000Z	https://github.com/tlserver/flutter_map_location_marker
265	flutter_segment	Flutter implementation of Segment Analytics for iOS, Android and Web	3.12.1	95.08516447796124	61	15	102	25	la-haus		MIT	2022-11-22T07:39:58.000Z	https://github.com/la-haus/flutter-library-segment
266	flutter_sound_lite	A complete api for audio playback and recording. Audio player, audio recorder, media player, media recorder, sound player, sound recorder.	8.5.0	95.07649633771075	108	762	459	245	Canardoux		MPL-2.0	2022-10-21T03:07:36.000Z	https://github.com/canardoux/flutter_sound
267	agora_uikit	Flutter plugin to simply integrate Agora Video Calling or Live Video Streaming to your app with just a few lines of code.	1.1.0	95.0721622675855	322	106	37	13	AgoraIO-Community	agora.io	MIT	2022-11-29T10:58:37.000Z	https://github.com/AgoraIO-Community/VideoUIKit-Flutter
268	styled_widget	Simplifying your widget tree structure by defining widget using methods. Taking ispiration from CSS and SwiftUI	0.4.1	95.06349412733498	622	968	79	19	ReinBentdal		MIT	2022-11-07T22:26:11.000Z	https://github.com/ReinBentdal/styled_widget
269	telephony	A Flutter plugin to use telephony features such as fetch network info, start phone calls, send and receive SMS, and listen for incoming SMS.	0.2.0	95.04182377670871	258	103	72	33	shounakmulay	shounakmulay.dev	MIT	2022-12-03T18:26:22.000Z	https://github.com/shounakmulay/Telephony
270	envied	Explicitly reads environment variables into a dart file from a .env file for more security and faster start up times.	0.3.0	95.01581935595718	106	30	15	3	petercinibulk		MIT	2022-11-28T17:56:33.000Z	https://github.com/petercinibulk/envied
271	queue	Queue up futures from multiple sources and await their return anywhere in your code.	3.1.0+2	94.98981493520566	66	37	8	5	rknell		MIT	2022-12-06T00:41:06.000Z	https://github.com/rknell/dart_queue
272	link_preview_generator	A cross-platform flutter package to convert your links into rich beautiful previews.	1.2.0	94.98548086508039	39	12	6	3	ghpranav		MIT	2021-11-08T07:26:36.000Z	https://github.com/ghpranav/link_preview_generator
273	location_android	Android implementation of the location plugin	5.0.0-dev.3	94.98114679495514	1	952	591	90	Lyokone		MIT	2022-07-21T16:05:20.000Z	https://github.com/Lyokone/flutterlocation
274	fijkplayer	A Video Player Flutter plugin based on ijkplayer, support most popular protocols and codecs	0.10.1	94.96814458457938	148	1381	256	179	befovy		MIT	2022-07-22T03:47:47.000Z	https://github.com/befovy/fijkplayer
275	location_ios	iOS implementation of the location plugin	5.0.0-dev.4	94.95514237420362	1	952	591	90	Lyokone		MIT	2022-07-21T16:05:20.000Z	https://github.com/Lyokone/flutterlocation
276	location_macos	MacOS implementation of the location plugin	5.0.0-dev.3	94.95080830407836	0	952	591	90	Lyokone		MIT	2022-07-21T16:05:20.000Z	https://github.com/Lyokone/flutterlocation
277	flutter_callkit_incoming	Flutter Callkit Incoming to show callkit screen in your Flutter app.	1.0.2+2	94.9464742339531	133	71	96	46	hiennguyen92	hiennv.com	MIT	2022-11-14T23:34:58.000Z	https://github.com/hiennguyen92/flutter_callkit_incoming
278	video_editor	A flutter package for editing video written in pure Dart with fully customizable UI. Supports crop, trim, rotation and cover selection.	2.1.0	94.93780609370259	269	213	100	11	LeGoffMael	felipemurguia.com	MIT	2022-12-01T09:55:03.000Z	https://github.com/LeGoffMael/video_editor
279	money2	Money and Currency classes with fixed precision maths, parsing and formatting. (Money.parse('$2010.00') * 10).format('S CC#,##0') -> $ US20,100	3.3.0	94.91613574307632	150	50	26	5	onepub-dev	onepub.dev	MIT	2022-11-02T04:43:07.000Z	https://github.com/onepub-dev/money.dart
280	supabase	A dart client for Supabase. This client makes it simple for developers to build secure and scalable products.	1.2.0	94.8987994625753	393	389	63	0	supabase	supabase.io	MIT	2022-12-03T13:45:54.000Z	https://github.com/supabase/supabase-dart
281	dual_screen	Foldable and dual-screen support, like the TwoPane widget and hinge angle sensor data.	1.0.3	94.88146318207428	67	39	4	0	microsoft	microsoft.com	MIT	2022-05-05T14:12:42.000Z	https://github.com/microsoft/flutter-dualscreen
282	glassmorphism	A Flutter package for implimentation of Glassmorphic UI easily.	3.0.0	94.86846097169852	336	45	19	2	RitickSaha		Apache-2.0	2022-09-13T13:48:25.000Z	https://github.com/RitickSaha/glassmorphism
283	graphs	Graph algorithms that operate on graphs in any representation	2.2.0	94.84679062107226	63	69	14	3	dart-lang	tools.dart.dev	BSD-3-Clause	2022-11-01T16:47:02.000Z	https://github.com/dart-lang/graphs
284	quickalert	With QuickAlert, instantly display animated alert dialogs such as success, error, warning, confirm, loading or even a custom dialog.	1.0.1	94.82512027044598	164	16	7	2	belovance	belovance.com	MIT	2022-12-02T08:02:27.000Z	https://github.com/belovance/QuickAlert
285	flutter_inset_box_shadow	This package extends BoxShadow and BoxDecoration to support the inset property.	1.0.8	94.77744549906818	35	14	2	2	johynpapin	qoumo.dev	BSD-3-Clause	2022-04-08T12:26:18.000Z	https://github.com/qoumo/flutter_inset_box_shadow
286	flutter_link_previewer	Customizable link and URL preview extracted from the provided text with the ability to render from the cache. Ideal for chat applications.	3.2.0	94.76877735881767	171	47	45	1	flyerhq	flyer.chat	MIT	2022-10-29T07:36:56.000Z	https://github.com/flyerhq/flutter_link_previewer
287	ferry	Ferry is a simple, powerful GraphQL Client for Flutter and Dart.	0.13.0	94.73843886794089	274	477	90	51	gql-dart	gql-dart.dev	MIT	2022-12-11T21:44:13.000Z	https://github.com/gql-dart/ferry
288	animated_toggle_switch	Simple and animated toggle switch for multiple choices. It's a good alternative if you don't want to use something like a dropdown menu.	0.5.2	94.72543665756513	250	19	6	3	SplashByte	splashbyte.dev	BSD-3-Clause	2022-12-05T21:20:09.000Z	https://github.com/SplashByte/animated_toggle_switch
289	dropdown_plus	Simple and easy to use Dropdown in forms with search, keyboard navigation, offiline data source, remote data source and easy customization.	0.0.9	94.71243444718935	97	8	28	25	crawlinknetworks	crawlink.com	MIT	2022-11-08T09:05:50.000Z	https://github.com/crawlinknetworks/dropdown_plus
290	currency_picker	A flutter package to select a currency from a list of currencies.	2.0.13	94.61708490443375	59	21	48	12	Daniel-Ioannou		MIT	2022-11-29T19:57:30.000Z	https://github.com/Daniel-Ioannou/flutter_currency_picker
291	flutter_keyboard_visibility_macos	An implementation for the macOS platform of `flutter_keyboard_visibility'	1.0.0	94.59541455380747	0	300	61	17	MisterJimson		MIT	2022-12-08T13:51:05.000Z	https://github.com/MisterJimson/flutter_keyboard_visibility
292	credit_card_validator	A package that validates credit card numbers, expiration dates, and security codes (CVV/CVC) based on the type of credit card	2.0.1	94.59108048368222	57	21	14	1	cholojuanito		MIT	2022-11-01T18:06:45.000Z	https://github.com/cholojuanito/credit_card_validator
293	flutter_keyboard_visibility_linux	An implementation for the linux platform of `flutter_keyboard_visibility'	1.0.0	94.58241234343173	0	300	61	17	MisterJimson		MIT	2022-12-08T13:51:05.000Z	https://github.com/MisterJimson/flutter_keyboard_visibility
294	flutter_keyboard_visibility_windows	An implementation for the Windows platform of `flutter_keyboard_visibility'	1.0.0	94.56941013305595	0	300	61	17	MisterJimson		MIT	2022-12-08T13:51:05.000Z	https://github.com/MisterJimson/flutter_keyboard_visibility
295	flutter_breadcrumb	Flutter Widget that can easily create Breadcrumb in Flutter.	1.0.1	94.56074199280545	74	35	5	0	payam-zahedi	payamzahedi.com	BSD-3-Clause	2021-05-01T14:23:59.000Z	https://github.com/payam-zahedi/flutter_breadcrumb
296	icons_launcher	A command-line tool that simplifies the task of updating your Flutter app's launcher icon.	2.0.6	94.4610583799246	209	48	5	2	mrrhak	mrrhak.com	MIT	2022-11-12T11:57:12.000Z	https://github.com/mrrhak/icons_launcher
297	avatars	An avatar widget that uses the best available data source among those provided (social images, gravatar, name initials, custom)	3.0.2	94.45672430979933	68	8	3	8	luckyseven	albertofecchi.com	MIT	2022-02-01T18:48:22.000Z	https://github.com/luckyseven/avatars
298	uri_to_file	A Flutter plugin for converting supported uri to file. Supports Android & iOS.	0.2.0	94.44372209942357	14	2	3	3	Nikhil1999		MIT	2022-11-01T18:15:56.000Z	https://github.com/Nikhil1999/uri-to-file
299	home_widget	A plugin to provide a common interface for creating HomeScreen Widgets for Android and iOS.	0.1.6	94.43505395917306	691	401	92	27	ABausG	antonborri.es	BSD-3-Clause	2022-12-16T16:35:53.000Z	https://github.com/ABausG/home_widget
300	freshchat_sdk	Freshchat is a modern messaging software for sales and customer engagement teams. freshchat_sdk (BETA) will help you integrate chat support in your mobile apps.	0.10.1	94.42638581892255	22	8	19	3	freshworks	freshworks.com	NOASSERTION	2022-12-06T09:02:47.000Z	https://github.com/freshworks/freshchat-flutter-sdk
301	animate_icons	This is a plugin with the help of which you can animate between any two icons like we do in AnimatedIcon widget given to us by default.	2.0.0	94.41771767867205	157	17	17	11	Aman-Malhotra		MIT	2022-05-27T08:41:54.000Z	https://github.com/Aman-Malhotra/animate_icons
302	realm	The official Realm SDK for Flutter. Realm is a mobile database - an alternative to SQLite and key-value stores.	0.8.0+rc	94.39171325792051	253	525	44	125	realm	realm.io	Apache-2.0	2022-12-17T14:16:25.000Z	https://github.com/realm/realm-dart
303	rally_assets	Assets for the app Rally, a Flutter sample app based on the Material study Rally.	3.0.1	94.34403848654271	0	18	19	0	material-components		NOASSERTION	2022-12-07T19:48:40.000Z	https://github.com/material-components/material-components-flutter-codelabs-packages
304	crop	Crop for Flutter. Crop any widget/image in Android, iOS, Web and Desktop with fancy and customizable UI, in 100% pure Dart code.	0.5.4	94.32670220604169	166	221	78	8	xclud	pwa.ir	MIT	2022-12-05T19:10:18.000Z	https://github.com/xclud/flutter_crop
305	flextras	A collection of Flex widgets (Columns and Rows) with additional functionality.	1.0.0	94.24435487366185	72	21	4	4	gskinnerTeam	gskinner.com	MIT	2022-11-07T16:23:15.000Z	https://github.com/gskinnerTeam/flutter-flextras
306	flutter_rating_stars	A Flutter package to create Rating Stars bar. It will be useful for your awesome app.	1.0.3+4	94.24002080353661	63	1	4	1	minhhung2556	romanticdeveloper.com	Apache-2.0	2021-11-02T17:25:27.000Z	https://github.com/minhhung2556/romantic_project_flutter_rating_stars
307	flutter_fortune_wheel	Visualize (random) selection processes with widgets like a spinning wheel of fortune or a fortune bar.	1.2.0	94.19668010228406	171	60	43	7	kevlatus	kevlatus.de	MIT	2022-07-30T19:34:13.000Z	https://github.com/kevlatus/flutter_fortune_wheel
308	loading_more_list	A loading more list which supports ListView,GridView,WaterfallFlow and Slivers.	5.0.2	94.17500975165778	103	291	42	7	fluttercandies	fluttercandies.com	MIT	2022-08-17T11:39:50.000Z	https://github.com/fluttercandies/loading_more_list
309	select_dialog	Package designed to select an item from a list, with the option to filter and even search the items online.	2.0.0	94.17067568153253	75	63	34	9	davidsdearaujo		MIT	2022-01-05T01:35:12.000Z	https://github.com/davidsdearaujo/select_dialog
310	gradient_borders	Gradient borders for inputs and containers. Borders package integrated with a basic flutter widgets as a container and input decorations. Easy in use, platform independent.	0.2.0	94.16200754128202	34	6	5	1	obiwanzenobi	warwas.dev	MIT	2022-09-02T11:17:30.000Z	https://github.com/obiwanzenobi/gradient-borders
311	datadog_flutter_plugin	Flutter bindings and tools for utilizing Datadog Mobile SDks	1.1.1	94.15767347115677	17	17	12	7	DataDog	datadoghq.com	Apache-2.0	2022-12-16T21:24:54.000Z	https://github.com/DataDog/dd-sdk-flutter
312	measure_size	A widget that provides a callback that is triggered when its size changes	4.0.0	94.14033719065574	12	4	2	1	mhrst	qrl.app	MIT	2022-06-01T16:00:14.000Z	https://github.com/mhrst/measure_size
313	flutter_file_dialog	Dialogs for picking and saving files in Android and in iOS.	2.3.2	94.12733498027998	49	25	20	8	kineapps	kineapps.com	BSD-3-Clause	2022-11-04T13:28:42.000Z	https://github.com/kineapps/flutter_file_dialog
314	flutter_logs	An extensive filebased logging framework for flutter apps. (ELK Stack Supported)	2.1.10	94.08832834915269	66	29	14	32	umair13adil	umairadil.com	Apache-2.0	2022-11-23T08:55:30.000Z	https://github.com/umair13adil/flutter_logs
315	oauth2_client	Flutter library for interacting with OAuth2 servers, with classes for transparent authorized requests, secure OAuth token storage, automatic token refeshing.	3.0.0	94.07532613877693	133	73	78	48	teranetsrl	teranet.it	BSD-2-Clause	2022-11-08T04:30:00.000Z	https://github.com/teranetsrl/oauth2_client
316	kt_dart	This project is a port of kotlin-stdlib for Dart/Flutter projects. It includes collections (KtList, KtMap, KtSet) with 150+ methods as well as other useful packages.	1.0.0	94.06665799852641	148	456	28	6	passsy	pascalwelsch.com	Apache-2.0	2022-10-05T20:22:02.000Z	https://github.com/passsy/kt.dart
317	webview_windows	A WebView2-powered webview implementation for the Windows platform.	0.2.2	94.06232392840116	127	123	63	47	jnschulze	jns.io	BSD-3-Clause	2022-11-26T11:49:29.000Z	https://github.com/jnschulze/flutter-webview-windows
318	network_image_mock	Utility for providing mocked Image.network response in Flutter widget tests.	2.1.1	94.04498764790014	37	21	12	6	stelynx	stelynx.com	BSD-3-Clause	2022-06-28T07:41:55.000Z	https://github.com/stelynx/network_image_mock
319	credit_card_type_detector	A package that detects credit card types based on the current credit card number patterns	2.0.0	94.03198543752438	52	23	10	0	cholojuanito		MIT	2022-11-01T17:54:23.000Z	https://github.com/cholojuanito/credit_card_type_detector
320	image_fade	A widget that displays a placeholder and optional progress indicator while an image loads, then cross-fades to the loaded image. Improves on FadeInImage. Compatible with CachedNetworkImageProvider.	0.6.1	93.98864473627184	38	26	9	5	gskinner	gskinner.com	BSD-2-Clause	2022-05-15T22:03:28.000Z	https://github.com/gskinner/image_fade
321	fake_cloud_firestore	Previously known as cloud_firestore_mocks. Fake implementation of Cloud Firestore. Use this package to unit test apps that use Cloud Firestore.	2.1.0	93.97997659602132	67	94	71	40	atn832	wafrat.com	BSD-2-Clause	2022-12-11T04:47:43.000Z	https://github.com/atn832/fake_cloud_firestore
322	flutter_firebase_chat_core	Actively maintained, community-driven Firebase BaaS for chat applications with an optional chat UI.	1.6.4	93.96697438564556	192	171	129	9	flyerhq	flyer.chat	Apache-2.0	2022-10-29T17:35:19.000Z	https://github.com/flyerhq/flutter_firebase_chat_core
323	shamsi_date	A Flutter and Dart package for using Jalali (Shamsi, Solar, Persian or Jalaali) calendar. You can convert, format and manipulate Jalali and Gregorian (Miladi) date and times.	1.0.1	93.94963810514454	143	64	7	2	FatulM		BSD-3-Clause	2022-11-15T13:28:51.000Z	https://github.com/FatulM/shamsi_date
324	amplify_authenticator	A prebuilt Sign In and Sign Up experience for the Amplify Auth category	0.2.4	93.91929961426776	20	1128	176	192	aws-amplify	aws-amplify.com	Apache-2.0	2022-12-17T00:16:28.000Z	https://github.com/aws-amplify/amplify-flutter
325	dart_vlc	Flutter audio / video playback, broadcast & recording library for Windows & Linux. Based on libvlc.	0.4.0	93.9149655441425	212	413	108	28	alexmercerind		LGPL-2.1	2022-12-01T03:01:49.000Z	https://github.com/alexmercerind/dart_vlc
326	flutter_animarker	Marker Geo-Animation solution for Google Maps.	3.2.0	93.91063147401725	128	51	34	31	gauris26	gaurisjavier.com	BSD-3-Clause	2022-12-05T13:26:31.000Z	https://github.com/gauris26/flutter_animarker
327	simple_logger	Provides super simple APIs for logging. The log also includes caller info by setting includeCallerInfo to true. On Android Studio, jump to called location by clicking the log.	1.9.0+1	93.89329519351624	77	50	7	1	mono0926	mono0926.com	MIT	2022-11-14T06:42:28.000Z	https://github.com/mono0926/simple_logger
328	flutter_advanced_switch	An advanced switch control provides a rich API for widget customization that opens a new look and feel in your app.	3.0.1	93.88896112339098	82	13	3	0	alex-melnyk	alexmelnyk.io	BSD-3-Clause	2022-04-14T20:17:10.000Z	https://github.com/alex-melnyk/flutter_advanced_switch
329	unity_ads_plugin	Unity Ads plugin for Flutter Applications. This plugin is able to display Unity Banner Ads and Unity Video Ads.	0.3.7	93.83261821176266	104	23	11	14	pavelzaichyk	rebeloid.com	MIT	2022-10-16T09:16:25.000Z	https://github.com/pavelzaichyk/flutter_unity_ads
330	import_sorter	Automatically organize your dart imports	4.6.0	93.82828414163741	231	138	27	19	fluttercommunity	fluttercommunity.dev	MIT	2022-10-31T06:06:51.000Z	https://github.com/fluttercommunity/import_sorter
331	tap_debouncer	Tap debounce simplifying widget. Wrap your button widget in TapDebounce widget and any taps will be disabled while tap callback is in progress.	2.0.2	93.8196160013869	77	12	3	0	sla-000		MIT	2022-01-23T20:25:46.000Z	https://github.com/sla-000/flutter_debouncer
332	map	Lightweight Map widget for flutter supporting different projections including EPSG4326/Mercator/WGS1984.	1.3.5+1	93.8109478611364	251	100	23	1	xclud	pwa.ir	MIT	2022-12-08T14:37:34.000Z	https://github.com/xclud/flutter_map
333	numeral	A Dart library for Format number into beautiful string, Format the number into a beautiful, readable and short string.	2.0.1	93.77627530013436	43	8	5	0	medz	odroe.com	MIT	2022-07-21T17:15:35.000Z	https://github.com/medz/numeral.dart
334	appwrite	Appwrite is an open-source self-hosted backend server that abstract and simplify complex and repetitive development tasks behind a very simple REST API	8.1.0	93.76760715988385	356	255	64	20	appwrite	appwrite.io	BSD-3-Clause	2022-12-16T18:51:02.000Z	https://github.com/appwrite/sdk-for-flutter
335	amplify_core	The base package containing common types and utilities that are shared across the Amplify Flutter packages.	0.6.10	93.72860052875656	36	1128	176	192	aws-amplify	aws-amplify.com	Apache-2.0	2022-12-17T00:16:28.000Z	https://github.com/aws-amplify/amplify-flutter
336	time_range_picker	A time range picker for flutter. This widget let's you open a dialog to choose a timeframe with start and end time.	2.2.0	93.71559831838078	124	26	24	10	Chris1234567899		NOASSERTION	2022-07-02T15:38:20.000Z	https://github.com/Chris1234567899/flutter_time_range_picker
337	vrouter	A navigation package that makes navigation and routing easy on every platform. Built on top of Navigator 2.	1.2.1	93.69826203787977	298	195	23	29	lulupointu	vrouter.dev	MIT	2022-05-12T08:29:07.000Z	https://github.com/lulupointu/vrouter
338	pausable_timer	A timer implementation that can be paused, resumed and reset.	1.0.0+6	93.68959389762927	51	17	5	2	llucax	llucax.com	BSD-3-Clause	2022-09-02T20:58:21.000Z	https://github.com/llucax/pausable_timer
339	effective_dart	Linter rules corresponding to the guidelines in Effective Dart.	1.3.2	93.67225761712824	127	127	28	0	tenhobi	tenhobi.dev	MIT	2021-06-20T16:27:20.000Z	https://github.com/tenhobi/effective_dart
340	background_location	A Flutter plugin to get location updates in the background for both Android and iOS. Uses CoreLocation for iOS and FusedLocationProvider for Android.	0.8.1	93.66358947687775	278	179	158	39	Almoullim	faultyapp.com	NOASSERTION	2022-11-15T13:25:55.000Z	https://github.com/Almoullim/background_location
341	text_scroll	TextScroll Flutter widget adds text auto-scrolling functionality (marquee text).	0.1.1	93.61158063537468	56	9	3	4	yurii-khi	yurii-khi.dev	MIT	2022-11-14T09:09:42.000Z	https://github.com/yurii-khi/text_scroll
342	cupertino_will_pop_scope	Enables 'onWillPop' callbacks on Cupertino page transitions and improves visual feedback of rejected "Swipe to go back" gestures.	1.2.1	93.57690807437264	38	16	9	0	benPesso	benpesso.com	MIT	2022-07-31T09:44:38.000Z	https://github.com/benPesso/flutter_cupertino_will_pop_scope
343	pusher_channels_flutter	Pusher Channels Flutter Plugin	2.1.0	93.56823993412213	54	57	40	7	pusher	pusher.com	MIT	2022-10-27T10:39:13.000Z	https://github.com/pusher/pusher-channels-flutter
344	blinking_text	A simple plugin to creating a blinking text. It allows to adjust duration of a blink and number of times text blinks before stopping.	1.0.2	93.56390586399688	23	0	1	2	androideen		MIT	2022-03-30T13:17:21.000Z	https://github.com/androideen/blinking_text
345	eventify	A cancellable event emitter which supports context based event driven programming. 	1.0.1	93.55090365362112	33	11	3	0	iMeshAcademy		NOASSERTION	2022-06-16T04:22:31.000Z	https://github.com/iMeshAcademy/EventEmitter
346	ua_client_hints	Provide User-Agent Client Hints to Flutter.	1.1.3	93.53356737312009	23	40	10	8	wasabeef	wasabeef.jp	MIT	2022-11-29T23:44:16.000Z	https://github.com/wasabeef/flutter_ua_client_hints
347	is_first_run	A simple package to check if it is the first time the app runs.	1.0.0	93.4945607419928	64	6	2	1	JulianAssmann		BSD-3-Clause	2022-07-20T17:58:55.000Z	https://github.com/JulianAssmann/flutter_is_first_run
348	charset_converter	Charset/encoding converter that uses underlying platform - no external dependencies	2.1.0	93.4858926017423	39	15	10	8	pr0gramista	pr0gramista.pl	BSD-3-Clause	2022-04-01T15:38:18.000Z	https://github.com/pr0gramista/charset_converter
349	flutter_acpcore	Official Adobe Experience Platform support for Flutter apps. The Mobile Core represents the core Adobe Experience Platform SDK that is required for every app implementation.	2.0.1	93.47722446149179	4	3	10	0	adobe	adobe.com	Apache-2.0	2022-01-26T23:50:26.000Z	https://github.com/adobe/flutter_acpcore
350	dismissible_page	Creates page that is dismissed by swipe gestures, with Hero style animations, Inspired by Facebook, Instagram stories.	0.7.3	93.45122004074025	294	75	26	2	Tkko	fman.ge	NOASSERTION	2022-10-10T17:59:57.000Z	https://github.com/Tkko/Flutter_dismissible_page
351	tiengviet	🇻🇳 Converts vietnamese language sign to unsigned easily. 😍 Give me a string vietnamese language, i will respond you string vietnamese unsigned. 👍	0.5.0	93.43388376023924	72	16	1	0	tvc12	4pet.social	BSD-3-Clause	2021-03-27T14:06:50.000Z	https://github.com/tvc12/tiengviet
352	data_connection_checker_tv	A pure Dart library that checks for internet by opening a socket to a list of specified addresses, each with individual port and timeout. Defaults are provided for convenience.	0.3.5-nullsafety	93.3905430589867	25	2	0	0	thorved		NOASSERTION	2021-05-15T16:48:21.000Z	https://github.com/thorved/data_connection_checker
353	flutter_js	A Javascript engine to use with flutter. It uses Quickjs on Android and JavascriptCore on IOS	0.6.0	93.37754084861093	184	329	74	31	abner		MIT	2022-11-29T19:38:36.000Z	https://github.com/abner/flutter_js
354	flutter_acrylic	Window acrylic, mica & transparency effects for Flutter on Windows, macOS & Linux.	1.0.0+2	93.35587049798465	293	432	34	9	alexmercerind		MIT	2022-12-05T08:19:20.000Z	https://github.com/alexmercerind/flutter_acrylic
355	country_state_city_picker	A flutter package for showing a country, states, and cities. In addition it gives the possibility to select a list of favorites countries.	1.2.8	93.32986607723312	59	18	38	14	prof22		BSD-3-Clause	2022-11-18T06:20:39.000Z	https://github.com/prof22/country_state_city_picker
356	intl_translation	Contains code to deal with internationalized/localized messages, date and number formatting and parsing, bi-directional text, and other internationalization issues.	0.18.0	93.32553200710787	68	117	182	28	dart-lang	dart.dev	BSD-3-Clause	2022-12-14T16:09:03.000Z	https://github.com/dart-lang/intl_translation
357	amplify_analytics_pinpoint	The Amplify Flutter Analytics category plugin using the AWS Pinpoint provider.	0.6.10	93.29085944610583	16	1128	176	192	aws-amplify	aws-amplify.com	Apache-2.0	2022-12-17T00:16:28.000Z	https://github.com/aws-amplify/amplify-flutter
358	flutter_acpanalytics	Official Adobe Experience Platform support for Flutter apps. The Analytics extension allows for integration with Adobe Analytics.	2.0.1	93.28652537598057	5	3	8	1	adobe	adobe.com	Apache-2.0	2022-09-14T15:50:17.000Z	https://github.com/adobe/flutter_acpanalytics
359	sentry_logging	An integration which adds support for recording log from the logging package.	6.18.1	93.28219130585533	6	600	158	78	getsentry	sentry.io	MIT	2022-12-17T03:02:13.000Z	https://github.com/getsentry/sentry-dart
360	flutter_settings_screens	A Simple plugin to implement settings UI screens for your flutter apps. Customize what you want, From UI elements, behaviour or underlying storage library.	0.2.2+1	93.26052095522905	160	142	59	26	GAM3RG33K		MIT	2022-11-22T14:25:42.000Z	https://github.com/GAM3RG33K/flutter_settings_screens
361	firebase_auth_mocks	Fakes for Firebase Auth. Use this package with `google_sign_in_mocks` to write unit tests involving Firebase Authentication.	0.9.2	93.2475187448533	56	23	50	8	atn832	wafrat.com	BSD-2-Clause	2022-11-30T23:17:14.000Z	https://github.com/atn832/firebase_auth_mocks
362	webengage_flutter	WebEngage Flutter plugin.	1.2.1	93.22151432410176	9	4	17	7	WebEngage		NOASSERTION	2022-10-31T14:47:50.000Z	https://github.com/WebEngage/webengage-flutter
363	wiredash	Wiredash is an interactive user feedback tool for Flutter apps.	1.5.0	93.208512113726	208	404	45	34	wiredashio	wiredash.io	NOASSERTION	2022-11-22T10:39:36.000Z	https://github.com/wiredashio/wiredash-sdk
364	touchable	Flutter library to add various gesture callbacks to each Shape you draw on your canvas in your CustomPainter	1.0.2	93.19550990335024	178	188	51	23	nateshmbhat		MPL-2.0	2022-10-07T21:50:26.000Z	https://github.com/nateshmbhat/touchable
365	instabug_flutter	Instabug empowers mobile teams to monitor, prioritize, and debug  performance and stability issues throughout the app development lifecycle. 	11.5.0	93.18250769297447	32	148	38	6	Instabug	instabug.com	MIT	2022-12-15T15:15:39.000Z	https://github.com/Instabug/Instabug-Flutter
366	plaid_flutter	Plaid Link for Flutter. Integrates the native iOS, Android and Web SDKs.	3.0.0	93.13049885147142	58	45	30	6	jorgefspereira		MIT	2022-11-21T17:10:30.000Z	https://github.com/jorgefspereira/plaid_flutter
367	web_browser_detect	Flutter Web browser detection package. This package allows you to detect which browser and its version is in use.	2.0.3	93.1131625709704	10	5	1	2	tomaschyly	tomas-chyly.com	MIT	2022-06-02T05:55:06.000Z	https://github.com/tomaschyly/web_browser_detect
368	photo_gallery	A Flutter plugin that retrieves images and videos from mobile native gallery.	1.1.1	93.09149222034414	80	32	25	21	Firelands128		BSD-3-Clause	2022-12-08T17:05:55.000Z	https://github.com/Firelands128/photo_gallery
369	gql_dio_link	Similar to gql_http_link, gql_dio_link is a GQL Terminating Link to execute requests via Dio using JSON	0.2.4	93.06115372946734	20	240	99	56	gql-dart	gql-dart.dev	MIT	2022-12-03T23:04:15.000Z	https://github.com/gql-dart/gql
370	phosphor_flutter	Implementation of Phosphoricons for Flutter. 772 icons and counting. Thin, Light, Regular, Bold, Fill.	1.4.0	93.04815151909158	50	53	2	4	phosphor-icons	phosphoricons.com	MIT	2021-12-24T07:21:29.000Z	https://github.com/phosphor-icons/phosphor-flutter
371	timing	A simple package for tracking the performance of synchronous and asynchronous actions.	1.0.0	93.04381744896632	14	10	5	2	dart-lang	tools.dart.dev	BSD-3-Clause	2022-11-09T23:30:57.000Z	https://github.com/dart-lang/timing
372	spider	A small dart command-line tool for generating dart references of assets from the assets folder.	4.1.0	93.0091448879643	209	159	14	10	BirjuVachhani	birju.dev	Apache-2.0	2022-11-16T12:47:35.000Z	https://github.com/BirjuVachhani/spider
373	gql_link	A simple and modular AST-based GraphQL request execution interface.	0.5.0+1	92.99614267758852	16	240	99	56	gql-dart	gql-dart.dev	MIT	2022-12-03T23:04:15.000Z	https://github.com/gql-dart/gql
374	braze_plugin	This is the Braze plugin for Flutter. Effective marketing automation is an essential part of successfully scaling and managing your business.	3.0.0	92.95280197633598	26	13	14	6	braze-inc	braze.com	NOASSERTION	2022-12-06T16:56:38.000Z	https://github.com/braze-inc/braze-flutter-sdk
375	draggable_widget	A flutter package which will help you to create a draggable widget that can be dragged around the screen.	2.0.0	92.94846790621072	78	31	17	2	adar2378	theadar.xyz	MIT	2021-08-12T06:09:31.000Z	https://github.com/adar2378/draggable_widget
376	decorated_icon	A lightweight, efficient icon widget that supports a list of shadow effects.	1.2.1	92.93546569583496	69	8	5	0	benPesso	benpesso.com	MIT	2021-07-04T06:35:38.000Z	https://github.com/benPesso/flutter_decorated_icon
377	slang	Localization / Internationalization (i18n) solution. Use JSON, YAML or CSV files to create typesafe translations via source generation.	3.6.0	92.91812941533394	81	183	18	8	Tienisto	tienisto.com	MIT	2022-12-17T01:03:43.000Z	https://github.com/Tienisto/slang
378	http_proxy	http proxy plugin,get and set http proxy automatically.This package help you to use proxy tools.	1.2.1	92.90946127508343	23	8	12	4	wslaimin		MIT	2022-10-27T10:20:08.000Z	https://github.com/wslaimin/http_proxy
379	camera_camera	The easy plugin camera for your project, platforms Android and iOS.	2.0.2	92.90512720495818	149	95	79	29	gabuldev	gabul.dev	MIT	2022-10-09T02:35:47.000Z	https://github.com/gabuldev/camera_camera
380	dio_logging_interceptor	Logging interceptor for DIO	1.0.1	92.89645906470767	9	1	2	2	granoeste		Apache-2.0	2022-07-08T07:23:58.000Z	https://github.com/granoeste/dio_logging_interceptor
381	form_builder_image_picker	Images picker field for FlutterFormBuilder. Get images from gallery or camera	3.1.0	92.86178650370563	41	22	44	8	flutter-form-builder-ecosystem	flutterformbuilderecosystem.com	BSD-3-Clause	2022-11-20T19:29:04.000Z	https://github.com/flutter-form-builder-ecosystem/form_builder_image_picker
382	walletconnect_dart	Open protocol for connecting decentralised applications to mobile wallets with QR code scanning or deep linking.	0.0.11	92.85311836345512	91	87	52	27	RootSoft		MIT	2022-11-05T16:26:26.000Z	https://github.com/RootSoft/walletconnect-dart-sdk
383	material	Set of material design icons packed in a single ttf font file. Works on all platforms.	1.0.0+2	92.8357820829541	11	1	2	0	xclud		MIT	2021-05-25T20:29:52.000Z	https://github.com/xclud/flutter_material
384	dartdoc	A non-interactive HTML documentation generator for Dart source code.	6.1.5	92.81844580245308	116	414	113	259	dart-lang	tools.dart.dev	BSD-3-Clause	2022-12-13T18:22:17.000Z	https://github.com/dart-lang/dartdoc
385	gql_exec	Basis for GraphQL execution layer to support Link and Client.	0.4.3	92.80977766220258	0	240	99	56	gql-dart	gql-dart.dev	MIT	2022-12-03T23:04:15.000Z	https://github.com/gql-dart/gql
386	another_stepper	A flutter package to create easily customizable Horizontal and Vertical stepper.	1.1.6	92.77943917132579	37	8	4	2	RajnishOnly		MIT	2022-11-14T14:54:04.000Z	https://github.com/BlackNoir1/another_stepper
387	flutter_libserialport	A simple wrapper around libserialport utilizing Flutter's build system to build and deploy the C-library for the target platform.	0.3.0	92.77077103107528	68	87	35	39	jpnurmi		MIT	2022-03-05T14:09:01.000Z	https://github.com/jpnurmi/flutter_libserialport
388	drop_down_list	A drop down list with single and multiple selection that will work with search.	0.0.4	92.74910068044902	141	47	15	3	Mindinventory	mindinventory.com	MIT	2022-12-14T16:42:18.000Z	https://github.com/Mindinventory/drop_down_list
389	easy_web_view	A super simple webview for Flutter Web, Mobile and Desktop	1.6.0	92.72309625969748	162	479	83	1	rodydavis	rodydavis.com	MIT	2022-06-06T06:25:06.000Z	https://github.com/rodydavis/plugins
390	slang_flutter	Flutter support for slang. This library provides helpful Flutter API.	3.6.0	92.68408962857019	2	183	18	8	Tienisto	tienisto.com	MIT	2022-12-17T01:03:43.000Z	https://github.com/Tienisto/slang
391	kana_kit	A Dart library for for detecting and transliterating Hiragana, Katakana, and Romaji.	2.0.0	92.66675334806918	24	25	5	4	jeroen-meijer	jfk.dev	MIT	2022-06-06T00:39:41.000Z	https://github.com/jeroen-meijer/kana_kit
392	loading_gifs	Loading indicator GIFs. Material and Cupertino (Android and iOS) loading indicators in assorted sizes. Use as placeholders for loading remote image assets.	0.3.0	92.64074892731765	74	30	6	2	Codelessly	codelessly.com	0BSD	2021-03-04T22:54:25.000Z	https://github.com/Codelessly/FlutterLoadingGIFs
393	dio_logger	Simple logging library for DIO requests. Prints request and response information to a console.	4.0.8+8	92.63641485719238	18	6	3	0	Defuera		BSD-3-Clause	2022-10-31T09:21:19.000Z	https://github.com/Defuera/dio_logger
394	responsive_grid_list	A Flutter plugin to create responsive grid lists using ListView.builder() or SliverList with a SliverChildBuilderDelegate.	1.3.0	92.59307415593985	38	9	7	0	hauketoenjes	htoenjes.de	BSD-3-Clause	2022-09-07T13:32:13.000Z	https://github.com/hauketoenjes/responsive_grid_list
395	awesome_notifications_fcm	Awesome Notifications add-on plugin to send push notifications through Firebase Cloud Messaging, enabling all awesome notifications features.	0.7.4+1	92.58440601568934	42	7	7	7	rafaelsetragni	carda.me	NOASSERTION	2022-11-09T21:20:38.000Z	https://github.com/rafaelsetragni/awesome_notifications_fcm
396	gql_transform_link	GQL Link to transform Requests and Responses. May be used to update context, document, variables, data, errors, etc.	0.2.2+1	92.56273566506306	0	240	99	56	gql-dart	gql-dart.dev	MIT	2022-12-03T23:04:15.000Z	https://github.com/gql-dart/gql
397	cupertino_stepper	Stepper is a widget that displays progress through a sequence of steps. This is a Cupertino version of the stock Material Stepper in Flutter.	0.2.1	92.54106531443679	175	18	12	1	jpnurmi		BSD-3-Clause	2021-12-11T08:35:57.000Z	https://github.com/jpnurmi/cupertino_stepper
398	week_of_year	Adds extension method to get the ISO 8601 week of year from a date	2.0.0	92.53673124431153	32	12	1	1	KadaDev	kada.se	BSD-3-Clause	2021-03-28T17:15:40.000Z	https://github.com/KadaDev/week_of_year
399	stream_chat_flutter_core	Stream Chat official Flutter SDK Core. Build your own chat experience using Dart and Flutter.	5.1.0	92.52372903393577	41	654	237	76	GetStream	getstream.io	NOASSERTION	2022-12-16T14:41:48.000Z	https://github.com/GetStream/stream-chat-flutter
400	system_theme	A plugin to get the current system theme info. Supports Android, Web and Windows	2.0.0	92.51506089368526	36	23	7	5	bdlukaa	bdlukaa.dev	BSD-3-Clause	2022-04-03T19:37:20.000Z	https://github.com/bdlukaa/system_theme
401	internet_connection_checker_plus	A pure Dart library that checks for internet by opening a socket to a list of specified addresses, each with individual port and timeout.	1.0.1	92.48472240280847	14	3	1	0	OutdatedGuy	outdatedguy.rocks	NOASSERTION	2022-06-22T22:12:43.000Z	https://github.com/OutdatedGuy/internet_connection_checker_plus
402	throttling	Contain "throttling" and "debouncing" async helper classes with listeners	1.0.0	92.46738612230746	25	35	3	0	PlugFox	plugfox.dev	MIT	2021-03-08T13:16:46.000Z	https://github.com/PlugFox/throttling
403	flutter_session_manager	Easy to use session wrapper that adds support to session storage and management in flutter.	1.0.3	92.45438391193169	12	2	0	0	edumigueis		MIT	2021-11-12T19:13:27.000Z	https://github.com/edumigueis/flutter_session_manager
404	expand_tap_area	Manually expand the tap area of a widget without changing its size or layout. Similar with the hitTest in iOS development.	1.1.1	92.45004984180643	32	35	5	2	malikwang	malikwang.com	MIT	2022-06-14T08:50:41.000Z	https://github.com/malikwang/expand_tap_area
405	jovial_svg	SVG - Robust rendering of Scalable Vector Graphic images, supporting a well-defined profile of SVG and a fast-loading binary storage format.	1.1.7	92.44571577168118	114	54	5	4	zathras	jovial.com	BSD-3-Clause	2022-12-03T19:17:10.000Z	https://github.com/zathras/jovial_svg
406	unsplash_client	Unsplash provides free high-resolution photos. This is a client for their REST API.	2.1.0+3	92.41971135092966	45	17	5	5	blaugold	gabriel.terwesten.net	BSD-3-Clause	2022-11-16T22:27:39.000Z	https://github.com/blaugold/unsplash_client
407	shrink_sidemenu	A Side Menu plugin for flutter and compatible with liquid ui.	2.0.0+2-null-safety	92.40670914055389	207	18	12	9	raj457036	stackorient.com	MIT	2022-09-30T06:19:04.000Z	https://github.com/raj457036/shrink_sidemenu_flutter
408	weekday_selector	A collection of Flutter widgets and classes to help you select weekdays in your apps. Perfect for recurring events, alarms.	1.1.0	92.40237507042865	91	37	9	3	smaho-engineering	smaho.dev	BSD-3-Clause	2022-10-30T18:48:05.000Z	https://github.com/smaho-engineering/weekday_selector
409	another_transformer_page_view	Yet another pageTransformer for flutter with null-safety support	2.0.1	92.3980410003034	31	3	4	2	juliansteenbakker	steenbakker.dev	MIT	2022-11-09T08:00:46.000Z	https://github.com/juliansteenbakker/another_transformer_page_view
410	collapsible_sidebar	A collapsible sidebar for Flutter apps implementing the Material Design.	2.0.3+2	92.3677025094266	269	121	46	14	DrunkOnBytes		Apache-2.0	2022-12-04T23:06:42.000Z	https://github.com/DrunkOnBytes/flutter_collapsible_sidebar
411	swipe	The easy way to detect swipe up, down, left and right in Flutter.	0.0.1	92.35470029905085	36	4	4	1	salkuadrat		MIT	2021-11-06T19:30:00.000Z	https://github.com/salkuadrat/swipe
412	uri	Utilities for building and parsing URIs, including support for parsing URI templates as defined in RFC 6570.	1.0.0	92.34603215880033	18	70	51	8	google	google.dev	BSD-3-Clause	2022-07-14T13:38:15.000Z	https://github.com/google/uri.dart
413	firebase_core_desktop	Desktop implementation of firebase_core	1.0.2	92.32002773804881	37	284	35	18	invertase	invertase.io	NOASSERTION	2022-11-05T03:27:18.000Z	https://github.com/invertase/flutterfire_desktop
414	crypton	A simple Dart library for asymmetric encryption and digital signatures	2.1.0	92.30702552767303	51	28	9	2	konstantinullrich	konstantinullrich.de	MIT	2022-10-28T11:44:43.000Z	https://github.com/konstantinullrich/crypton
415	gql_error_link	GQL Link to handle execution errors and exceptions	0.2.3+1	92.28968924717202	1	240	99	56	gql-dart	gql-dart.dev	MIT	2022-12-03T23:04:15.000Z	https://github.com/gql-dart/gql
416	barcode_image	Barcode generation library for Dart that can generate barcodes using the image library.	2.0.2	92.25935075629523	46	88	26	7	DavBfr	nfet.net	Apache-2.0	2022-12-07T16:49:31.000Z	https://github.com/DavBfr/dart_barcode
417	dynamic_themes	Allows you to specify a number of color themes for the user to choose from. Persits the selected theme across app restarts.	1.1.0	92.19867377454167	30	8	2	3	JulianAssmann		MIT	2022-01-08T17:06:10.000Z	https://github.com/JulianAssmann/flutter_dynamic_themes
418	ar_flutter_plugin	Flutter Plugin for creating (collaborative) Augmented Reality experiences - Supports ARKit for iOS and ARCore for Android devices.	0.7.3	92.19000563429117	212	215	118	61	CariusLars	lars.carius.io	MIT	2022-12-14T21:44:48.000Z	https://github.com/CariusLars/ar_flutter_plugin
419	map_picker	A lovely Flutter package for creating pin in map center and animate it with a map movement so the user can select his location.	0.0.3	92.1856715641659	96	16	11	4	akbarpulatov		MIT	2021-09-15T13:23:14.000Z	https://github.com/akbarpulatov/flutter_map_picker
420	awesome_bottom_bar	Awesome Bottom Bar	1.2.1	92.18133749404065	38	4	7	1	AppCheap	appcheap.io	BSD-3-Clause	2022-08-22T11:51:55.000Z	https://github.com/AppCheap/awesome_bottom_bar
421	ai_barcode	barcode,qrcode,scan,scanning,Barcode generation,Barcode scanning,qrcode,qrcode generation,qrcode creator	3.2.4	92.16833528366489	124	108	69	32	pdliuw		BSD-3-Clause	2022-10-12T16:42:15.000Z	https://github.com/pdliuw/ai_barcode
422	miniplayer	A lightweight flutter package to simplify the creation of a miniplayer.	1.0.1	92.1293286525376	246	80	47	10	peterscodee	peterscode.dev	MIT	2022-04-29T11:25:28.000Z	https://github.com/peterscodee/miniplayer
423	flutter_painter	A Flutter widget to draw scribbles, text, shapes and images on a background image or color	1.0.1	92.11199237203658	110	78	36	17	omarhurani		MIT	2022-10-27T19:17:57.000Z	https://github.com/omarhurani/flutter_painter
424	shelf_cors_headers	CORS headers middleware for Shelf.	0.1.4	92.09032202141032	22	6	2	1	lenniezelk		MIT	2022-09-27T11:09:12.000Z	https://github.com/lenniezelk/shelf-cors-headers
425	google_static_maps_controller	The package provides simple and declarative access to the Google Static Maps service.	1.0.0	92.08598795128505	39	15	6	1	gonuit	klyta.it	MIT	2022-04-07T17:25:32.000Z	https://github.com/gonuit/flutter_google_static_maps
426	smart_auth	Wrapper of Android SMS User Consent API, SMS Retriever API to read one time sms code, get/save/delete user phone number, OTP, OTC, sms autofill, android autofill	1.0.6	92.05564946040828	31	13	5	4	Tkko	fman.ge	MIT	2022-10-06T15:15:28.000Z	https://github.com/Tkko/flutter_smart_auth
427	lazy_load_indexed_stack	A package that extends IndexedStack to allow for lazy loading.	0.1.4	92.05131539028302	43	18	3	0	okaryo	okaryo.io	MIT	2022-06-14T11:05:24.000Z	https://github.com/okaryo/lazy_load_indexed_stack
428	datadog_tracking_http_client	A wrapping implementation of HttpClient for tracking resources with Datadog	1.1.0	92.03831317990725	3	17	12	7	DataDog	datadoghq.com	Apache-2.0	2022-12-16T21:24:54.000Z	https://github.com/DataDog/dd-sdk-flutter
429	ios_utsname_ext	Extension method for translation ios utsname to full product name.	2.2.0	92.02964503965674	14	4	0	0	stefandevo	stefandevo.dev	MIT	2022-11-04T17:19:48.000Z	https://github.com/stefandevo/flutter-ios-utsname-ext
430	painter	A simple widget to paint with your fingers. Supports setting a background color, undo and export to png!	2.0.0	92.02531096953149	161	132	62	15	EPNW	epnw.eu	NOASSERTION	2022-02-07T04:20:13.000Z	https://github.com/EPNW/painter
431	side_navigation	Provides Flutter navigation by using a sidemenu similar to Drawer or BottomNavigationBar.	1.0.4	92.00364061890521	82	11	6	1	jksevend		MIT	2022-11-05T11:19:01.000Z	https://github.com/jksevend/side_navigation
432	flutter_web_frame	Make Limit content size in Flutter Web/Desktop/PWA, Make your app that doesn't support responsiveness more focused on content	0.0.3	91.9863043384042	36	7	1	4	wisnuwiry		MIT	2022-05-18T06:07:57.000Z	https://github.com/wisnuwiry/flutter_web_frame
433	polylabel	A fast algorithm for finding polygon pole of inaccessibility implemented as a Dart library.  Useful for optimal placement of a text label on a polygon.	1.0.1	91.96896805790318	7	2	2	0	beroso	beroso.dev	BSD-3-Clause	2022-08-15T15:26:33.000Z	https://github.com/beroso/dart_polylabel
434	azure_application_insights	A Dart client to integrate with Azure's Application Insights service	3.1.0	91.95163177740216	27	6	5	0	kentcb	kent-boogaart.com	MIT	2022-11-26T00:14:55.000Z	https://github.com/kentcb/azure_application_insights
435	linkedin_login	Library for login with LinkedIn OAuth V2 service. This library helps you to implement authorization with LinkedIn OAuth API's.	2.2.1	91.93429549690114	43	34	35	4	d3xt3r2909		MIT	2022-11-18T11:25:29.000Z	https://github.com/d3xt3r2909/linkedin_login
436	profanity_filter	Simple filter to check and censor strings against profanity, obscene words. A default English words list is provided (LDNOOBW).	2.0.0	91.92996142677589	72	13	7	3	roshanrahman		BSD-2-Clause	2021-06-29T16:56:38.000Z	https://github.com/roshanrahman/profanity_filter
437	animated_snack_bar	Easily show beautiful snack bars directly using overlays. Create custom snack bars and show them with awesome animations.	0.3.0	91.87361851514757	29	10	4	1	JulyWitch		GPL-3.0	2022-09-10T04:12:43.000Z	https://github.com/JulyWitch/animated_snack_bar
438	vs_scrollbar	Customizable ScrollBar that can be dragged for quick navigation supporting both Horizontal and Vertical list.	0.2.1	91.86495037489706	54	9	7	3	VickySalunkhe	vickysalunkhe.in	MIT	2021-06-27T06:41:34.000Z	https://github.com/VickySalunkhe/vs_scrollbar
439	ftpconnect	Simple and robust dart FTP Connect Library to interact with FTP Servers.	2.0.2	91.86061630477181	78	49	27	5	salim-lachdhaf	salimdev.ovh	MIT	2022-11-20T17:43:55.000Z	https://github.com/salim-lachdhaf/ftpConnect
440	is_lock_screen	Detects if device is in lock screen. Useful for determining whether app entered background due to locking screen or leaving app.	2.0.0	91.85628223464656	31	4	2	3	chihimng	chihimng.com	MIT	2021-04-07T16:55:54.000Z	https://github.com/chihimng/flutter_is_lock_screen
441	flutter_rust_bridge	High-level memory-safe binding generator for Flutter/Dart <-> Rust	1.55.0	91.8519481645213	109	2067	122	55	fzyzcjy	cjycode.com	MIT	2022-12-17T23:54:48.000Z	https://github.com/fzyzcjy/flutter_rust_bridge
442	tab_container	Animated and customisable tab view widget. It's self-contained, so you can just pass in children and tabs, or also use a controller, change the tab side, add color(s), and more.	2.0.0	91.84761409439605	145	11	2	10	sourcemain	elew.dev	MIT	2022-12-18T02:31:51.000Z	https://github.com/sourcemain/tab_container
443	flutter_shimmer	it creating Shimmer effect that indicate a loading status, so instead of using ProgressBar or usual loader use Shimmer for a better design and user interface.	2.1.2	91.81727560351926	171	41	8	0	skaran921		NOASSERTION	2021-09-23T11:22:24.000Z	https://github.com/skaran921/flutter_shimmer
444	fast_contacts	A faster way of accessing device's contacts list	1.1.1	91.79560525289298	24	5	3	3	s0nerik	sonerik.dev	MIT	2022-07-13T18:40:12.000Z	https://github.com/s0nerik/fast_contacts
445	hashtagable	Widgets and functions to implement hashtag decorated text. Decorates the words which start with `#` like a Twitter.	2.1.0	91.76093269189096	125	27	35	19	santa112358	3tadev.work	MIT	2022-04-22T15:56:03.000Z	https://github.com/santa112358/hashtagable
446	get_time_ago	A Flutter package to convert and format `DateTime` object into `get_time_ago` format to get String like `10 seconds ago`, `a minute ago`, `7 hours ago`, etc.	1.1.8	91.73059420101417	59	17	13	2	nixrajput	nixlab.co.in	GPL-3.0	2022-11-29T21:55:35.000Z	https://github.com/nixrajput/get-time-ago
447	light_compressor	A powerful and easy-to-use video compression plugin for Flutter.	2.0.1	91.72192606076366	89	38	18	10	AbedElazizShe		MIT	2022-12-13T17:02:29.000Z	https://github.com/AbedElazizShe/light_compressor
448	material_color_generator	A package for generating a material color palette with HEX Color.	1.1.0	91.71325792051316	26	5	0	0	berkanaslan	berkanaslan.com	BSD-2-Clause	2022-12-16T08:46:38.000Z	https://github.com/berkanaslan/material-color-generator
449	environment_config	Environment specific config generator. Allows to specify env configuration during CI/CD build. Primarily created to simplify Flutter build configuration	3.1.0	91.7089238503879	81	86	7	8	TatsuUkraine		BSD-3-Clause	2022-05-26T10:57:47.000Z	https://github.com/TatsuUkraine/dart_environment_config
450	model_viewer_plus	A Flutter widget for rendering interactive 3D models in the glTF and GLB formats.	1.4.0	91.67858535951112	74	30	24	20	omchiii		Unlicense	2022-12-08T08:43:11.000Z	https://github.com/omchiii/model_viewer_plus.dart
451	linter	The implementation of the lint rules supported by the analyzer framework. This package is not intended to be used directly.	1.30.0	91.66558314913536	67	558	159	662	dart-lang	tools.dart.dev	BSD-3-Clause	2022-12-17T04:22:20.000Z	https://github.com/dart-lang/linter
452	scidart	Cross-platform scientific library for Dart. The main goal of SciDart is run where Dart can run, in other words, run on Flutter, Dart CLI, Dart web, etc.	0.0.2-dev.12	91.64391279850908	92	139	17	2	scidart		Apache-2.0	2022-12-06T14:57:34.000Z	https://github.com/scidart/scidart
453	flutter_glow	complete and easy to use flutter glow ui kit that help you to create and use glow widgets. also you can create your own GlowTheme.	0.2.0	91.59623802713128	103	19	3	4	payam-zahedi	payamzahedi.com	BSD-3-Clause	2022-06-20T12:16:45.000Z	https://github.com/payam-zahedi/flutter-glow
454	rnd	Extension methods & helpers for Random, and a globally accessible instance. Ex. rnd(10), rnd.getItem(list), rnd.getBit(0.8).	0.2.0	91.57890174663027	8	19	4	1	gskinner	gskinner.com	BSD-2-Clause	2022-03-23T03:07:07.000Z	https://github.com/gskinner/dart_rnd
455	camerawesome	Easiest Flutter camera Plugin supporting capturing images, streaming images, video recording, switch sensors, autofocus, flash... on Android and iOS	0.3.3	91.55723139600398	377	481	68	25	Apparence-io	apparence.io	MIT	2022-12-16T16:17:52.000Z	https://github.com/Apparence-io/camera_awesome
456	http2	A HTTP/2 implementation in Dart.	2.0.1	91.54856325575348	51	137	43	24	dart-lang	dart.dev	BSD-3-Clause	2022-12-15T02:04:06.000Z	https://github.com/dart-lang/http2
457	flutter_xupdate	A Flutter plugin for XUpdate(Android Version Update Library).	2.0.3	91.5355610453777	57	232	65	7	xuexiangjys	xuexiangjys.club	Apache-2.0	2022-12-04T14:51:38.000Z	https://github.com/xuexiangjys/flutter_xupdate
458	reactive_multi_image_picker	Wrapper around multi_image_picker to use with reactive_forms	0.8.0	91.49655441425043	2	47	23	2	artflutter		MIT	2022-12-15T16:51:57.000Z	https://github.com/artflutter/reactive_forms_widgets
459	weather_icons	Flutter library for using erikflowers/weather-icons. An icon pack with over 200 weather themed icons.	3.0.0	91.47921813374941	63	12	6	9	worldturtlemedia		MIT	2022-12-09T18:25:46.000Z	https://github.com/worldturtlemedia/weather_icons
460	dart_geohash	A simple encode, decode, and neighbor finder for longitude/latitude and geohash.	2.0.2	91.43587743249685	28	6	11	0	nfrawley93	frawley.me	MIT	2022-02-02T01:41:03.000Z	https://github.com/nfrawley93/dart_geohash
461	cupertino_list_tile	This is a Cupertino version of the stock Material ListTile in Flutter.	0.2.1	91.4315433623716	34	12	11	1	jpnurmi		BSD-3-Clause	2021-12-10T12:51:09.000Z	https://github.com/jpnurmi/cupertino_list_tile
462	status_change	Status Change Package	2.0.0	91.42720929224635	280	42	28	1	usamaaelgendy		NOASSERTION	2021-12-08T10:40:34.000Z	https://github.com/UsamaElgendy/status_change
463	basics	A Dart library containing convenient extension methods on basic Dart objects.	0.9.0	91.41420708187059	75	150	14	3	google	google.dev	BSD-3-Clause	2022-11-01T15:09:23.000Z	https://github.com/google/dart-basics
464	baseflow_plugin_template	A template for plugin examples	2.1.1	91.37953452086855	1	3	1	1	Baseflow		MIT	2022-09-13T07:30:10.000Z	https://github.com/Baseflow/baseflow_plugin_template
465	flutter_bounceable	A simple, interactive and customizable on-tap bounce animation that can be wrapped on any widgets that you like.	1.0.3	91.37086638061804	106	16	1	2	MingSern		MIT	2022-07-25T07:21:53.000Z	https://github.com/MingSern/flutter_bounceable
466	particle_field	A Flutter Widget for adding high performance custom particle effects to your UI.	0.0.1+1	91.35786417024228	31	5	0	0	gskinner	gskinner.com	BSD-3-Clause	2022-09-19T20:33:58.000Z	https://github.com/gskinner/particle_field
467	ios_insecure_screen_detector	A flutter plugin to detect the screenshot and screen recording on iOS.	0.0.2	91.35353010011701	9	3	1	0	crackerli		BSD-3-Clause	2021-09-16T12:55:23.000Z	https://github.com/crackerli/flutter_ios_insecure_screen_detector
468	linear_progress_bar	Flutter and Dart advanced linear progress indicator like Native Android Progress Bar	1.1.0	91.34919602999176	22	1	0	0	Angopapo	angopapo.com	BSD-2-Clause	2022-03-03T14:36:03.000Z	https://github.com/Angopapo/linear_progress_bar
469	just_debounce_it	A simple debounce library for preventing continuous execution of functions	4.1.0	91.34052788974125	16	8	0	2	mhrst	qrl.app	MIT	2022-05-03T18:37:20.000Z	https://github.com/mhrst/just_debounce_it
470	flutter_iconpicker	A Dialog for picking Icons in Flutter and use them anywhere. Can be used as a default Dialog or as a Adaptive Dialog.	3.2.2	91.3275256793655	81	91	56	2	Ahmadre	ahmadre.com	MIT	2022-11-01T17:59:33.000Z	https://github.com/Ahmadre/FlutterIconPicker
471	download	Cross-Platform file downloader for Dart and Flutter projects.	0.0.1+1	91.2971871884887	36	4	2	4	xclud	pwa.ir	MIT	2021-09-02T08:05:23.000Z	https://github.com/xclud/dart_download
472	dio_http_formatter	A Dio interceptor for pretty printing the HTTP request/response to be printed in the console for easier debugging	2.1.0	91.29285311836345	23	8	4	2	assemmarwan		MIT	2022-03-26T10:31:23.000Z	https://github.com/assemmarwan/dio_http_formatter
473	build_version	A builder for extracting a package version into code.	2.1.1	91.2798509079877	15	39	8	4	kevmoo	j832.com	BSD-3-Clause	2022-11-09T20:21:14.000Z	https://github.com/kevmoo/build_version
474	dart_frog	A fast, minimalistic backend framework for Dart built by Very Good Ventures.	0.3.1	91.27118276773717	375	1024	64	17	VeryGoodOpenSource	verygood.ventures	MIT	2022-12-16T19:12:34.000Z	https://github.com/VeryGoodOpenSource/dart_frog
475	styled_divider	Divider widget with different line styles.	1.0.4	91.2408442768604	0	1	0	0	KevinVan720		MIT	2022-12-05T07:41:16.000Z	https://github.com/KevinVan720/styled_divider
476	system_info2	Provides easy access to useful information about the system (architecture, bitness, kernel, memory, operating system, CPU, user).	2.0.4	91.22350799635937	27	9	3	0	onepub-dev	onepub.dev	BSD-3-Clause	2022-06-03T05:10:41.000Z	https://github.com/onepub-dev/system_info
477	multiple_localization	Support for multiple abr and messages localization files for intl package.	0.3.0	91.21483985610888	18	9	8	2	Innim	innim.ru	BSD-3-Clause	2022-03-10T12:46:08.000Z	https://github.com/Innim/flutter_multiple_localization
478	firebase_auth_desktop	Windows and Linux implementation of firebase_auth	1.0.2	91.20617171585836	46	284	35	18	invertase	invertase.io	NOASSERTION	2022-11-05T03:27:18.000Z	https://github.com/invertase/flutterfire_desktop
479	macos_ui	Flutter widgets and themes implementing the current macOS design language.	1.7.5	91.19750357560785	492	1115	94	35	GroovinChip	macosui.dev	MIT	2022-11-18T13:24:13.000Z	https://github.com/GroovinChip/macos_ui
480	paged_vertical_calendar	A simple paginated framework for implementing calendar based interfaces.	1.1.5	91.18883543535733	65	24	13	3	casvanluijtelaar	casvanluijtelaar.com	Apache-2.0	2022-10-21T08:08:11.000Z	https://github.com/casvanluijtelaar/paged_vertical_calendar
481	omni_datetime_picker	A datetime picker package with option to use a single datetime picker or a datetime range picker.	0.1.3	91.17583322498159	39	16	22	6	Type0N1	type0n1.com	MIT	2022-10-23T02:54:44.000Z	https://github.com/Type0N1/OmniDateTimePicker
482	optional	An implementation of the Optional type, which helps avoid dealing with null references	6.1.0+1	91.16716508473107	32	35	7	0	tonio-ramirez	tech42solutions.com	BSD-2-Clause	2022-04-12T10:57:45.000Z	https://github.com/tonio-ramirez/optional.dart
483	instant	A package that exports functions for converting, formatting, and nicening of dates/times in Dart.	0.4.1	91.16283101460581	27	10	3	5	AKushWarrior	kishoredev.live	AGPL-3.0	2021-03-07T05:36:50.000Z	https://github.com/AKushWarrior/instant
484	flutter_web3	Web3 Ethereum, Etherjs and Wallet Connect wrapper for Flutter Web. Made especially for developing Dapp.	2.1.9	91.14549473410479	123	102	30	20	y-pakorn		NOASSERTION	2022-02-07T16:35:22.000Z	https://github.com/y-pakorn/flutter_web3
485	checkbox_formfield	This package contains checkbox widgets that can be used as FormField for Flutter beginners.	0.2.0	91.1368265938543	25	3	5	2	reidha		BSD-3-Clause	2022-01-02T10:09:55.000Z	https://github.com/reidha/checkbox_formfield
486	flutter_zoom_sdk	Zoom SDK from ZOOM ported to flutter as plugin with all necessary features and with Null Safety which is implementation by EvilRATT	1.1.0+4	91.13249252372904	68	36	65	35	evilrat	evilrattechnologies.com	BSD-3-Clause	2022-11-17T06:24:03.000Z	https://github.com/evilrat/flutter_zoom_sdk
487	ffigen	Generator for FFI bindings, using LibClang to parse C header files.	7.2.4	91.12382438347852	162	287	39	69	dart-lang	tools.dart.dev	NOASSERTION	2022-12-16T08:25:30.000Z	https://github.com/dart-lang/ffigen
488	flutter_dynamic_icon	A flutter plugin for dynamically changing app icon and app icon batch number	2.1.0	91.11082217310276	175	64	30	3	tastelessjolt		BSD-3-Clause	2022-12-07T02:17:06.000Z	https://github.com/tastelessjolt/flutter_dynamic_icon
489	hasura_connect	Connect your Flutter/Dart apps to Hasura simply. All the power of GraphQL and Postgres in Flutter.	4.0.0+4	91.07614961210072	194	202	57	14	Flutterando	flutterando.com.br	MIT	2022-11-16T08:36:59.000Z	https://github.com/Flutterando/hasura_connect/tree/master/packages/hasura_connect
490	draggable_home	Draggable is a library for adding a beautiful draggable home page	1.0.4	91.06748147185021	374	106	28	6	DevsOnFlutter		BSD-3-Clause	2022-10-22T16:46:00.000Z	https://github.com/4-alok/draggable_home
491	image_editor_plus	Image Editor Plugin with filters, drawing, text and emoji like stories.	0.1.7	91.06314740172496	96	44	25	5	hsbijarniya	ensorta.com	MIT	2022-11-15T07:52:57.000Z	https://github.com/hsbijarniya/image_editor_plus
492	firebase_pagination	A flutter package to paginate realtime database and firestore with realtime updates.	3.0.0	90.97646599921987	13	2	1	0	OutdatedGuy	outdatedguy.rocks	BSD-3-Clause	2022-11-19T16:17:53.000Z	https://github.com/OutdatedGuy/firebase_pagination
493	list_tile_switch	A simple yet elegant widget combines Material ListTile with custom and original Material and Cupertino switch implementations.	1.0.0	90.95046157846835	63	20	2	1	firatcetiner		MIT	2021-03-06T13:06:41.000Z	https://github.com/firatcetiner/list_tile_switch
494	mocktail_image_network	A Dart package which allows you to mock Image.network in your widget tests with confidence using the mocktail package.	0.3.1	90.93312529796732	33	428	63	22	felangel	felangel.dev	MIT	2022-12-06T12:35:53.000Z	https://github.com/felangel/mocktail
495	flutter_reorderable_grid_view	Enables animated GridViews when updating children or when trying to reorder them by using drag and drop.	3.1.3	90.85077796558748	67	56	8	9	karvulf	karvulf.com	BSD-3-Clause	2022-11-12T18:49:09.000Z	https://github.com/karvulf/flutter-reorderable-grid-view
496	kartal	Kartal is an extension package for easy to use at app development time. You can access more features with primitive variables(context, string etc.).	2.7.0	90.83344168508647	128	61	21	1	VB10	vb10.dev	MIT	2022-11-27T16:28:48.000Z	https://github.com/VB10/kartal
497	flutter_map_tile_caching	Plugin for 'flutter_map' providing advanced caching functionality, with ability to download map regions for offline use.	6.2.0	90.80743726433494	58	67	28	4	JaffaKetchup	jaffaketchup.dev	GPL-3.0	2022-12-17T22:58:38.000Z	https://github.com/JaffaKetchup/flutter_map_tile_caching
498	drop_shadow	Add highly customizable drop shadow effect for any widgets in flutter	0.0.2+1	90.79010098383392	41	10	1	0	rei-codes	rei.codes	MIT	2022-11-12T20:00:30.000Z	https://github.com/iisprey/drop_shadow
499	dialog_flowtter	A Flutter implementation of DialogFlow improved. Get your chatbots ready in no time.	0.3.3	90.74242621245612	43	36	16	1	Deimos-Applications	deimos.app	MIT	2022-12-05T21:29:21.000Z	https://github.com/Deimos-Applications/dialog_flowtter
500	flutter_shake_animated	a new flutter shake animated project.	0.0.5	90.71208772157934	17	0	0	0	aiyakuaile		BSD-3-Clause	2022-01-30T14:40:29.000Z	https://github.com/aiyakuaile/flutter_shake_animated
501	find_dropdown	Simple and robust FindDropdown with item search feature, making it possible to use an offline item list or filtering URL for easy customization.	1.0.0	90.69475144107831	80	59	24	11	davidsdearaujo		MIT	2021-12-02T15:57:51.000Z	https://github.com/davidsdearaujo/find_dropdown
502	flutter_carousel_widget	A customizable carousel slider widget in Flutter which supports inifinte scrolling, auto scrolling, custom child widget, custom animations and built-in indicators.	2.0.0+1	90.69041737095306	33	7	2	2	nixrajput	nixlab.co.in	GPL-3.0	2022-12-16T17:52:01.000Z	https://github.com/nixrajput/flutter_carousel_widget
503	cider	Tools for Dart package maintainers. Automates changelog and pubspec.yaml updates.	0.1.3	90.6860833008278	79	69	11	7	f3ath	karapetov.com	MIT	2022-12-17T23:10:13.000Z	https://github.com/f3ath/cider
504	fraction	A package that helps you working with fractions and mixed fractions.	4.1.4	90.65141073982576	39	14	3	0	albertodev01	fluttercompletereference.com	MIT	2022-08-30T23:20:40.000Z	https://github.com/albertodev01/fraction
505	ferry_flutter	Flutter widgets for the Ferry GraphQL client	0.8.0	90.62540631907424	15	477	90	51	gql-dart	gql-dart.dev	MIT	2022-12-11T21:44:13.000Z	https://github.com/gql-dart/ferry
506	steel_crypt	A comprehensive library of high-level, cryptographic APIs. This library supports hashing, password hashing, two-way encryption, MAC authentication, and key/IV generation.	3.0.0+1	90.60807003857323	69	41	10	8	AKushWarrior	kishoredev.live	MPL-2.0	2021-04-21T01:19:01.000Z	https://github.com/AKushWarrior/steel_crypt
507	widget_mask	Use a widget to mask and blend another widget, for example to imprint text onto surfaces.	1.0.0+0	90.59506782819746	37	5	2	1	blaugold	gabriel.terwesten.net	MIT	2022-06-12T23:30:27.000Z	https://github.com/blaugold/widget_mask
508	stream_chat_persistence	Official Stream Chat Persistence library. Build your own chat experience using Dart and Flutter.	5.1.0	90.5907337580722	16	654	237	76	GetStream	getstream.io	NOASSERTION	2022-12-16T14:41:48.000Z	https://github.com/GetStream/stream-chat-flutter
509	form_builder_file_picker	FilePicker Field for flutter_form_builder package. Used to select files as part of form input.	2.3.0	90.55172712694491	24	11	22	7	flutter-form-builder-ecosystem	flutterformbuilderecosystem.com	BSD-3-Clause	2022-11-23T01:38:32.000Z	https://github.com/flutter-form-builder-ecosystem/form_builder_file_picker
510	flutter_tabler_icons	Tabler Icons for flutter using icons from https://github.com/tabler/tabler-icons by Csaba Kissi @csaba_kissi	1.1.2	90.4390413036883	40	4	1	3	bigbadbob2003	rob-b.co.uk	MIT	2022-11-04T14:12:35.000Z	https://github.com/bigbadbob2003/flutter_tabler_icons
511	ferry_hive_store	Hive-based Store implementation for Ferry GraphQL client	0.5.0	90.42170502318727	4	477	90	51	gql-dart	gql-dart.dev	MIT	2022-12-11T21:44:13.000Z	https://github.com/gql-dart/ferry
512	cupertino_tabbar	A highly customisable and simple widget for having iOS 13 style tab bars.	2.0.0	90.41737095306202	61	98	24	2	aliyigitbireroglu	cosmossoftware.coffee	MIT	2021-05-04T11:10:58.000Z	https://github.com/aliyigitbireroglu/flutter-cupertino-tabbar
