No.	Name	Description	Version	Popularity	Likes	Stars	Forks	Issues	Owner	Publisher	License	Last Commit	Repository URL
1	flutter_svg	An SVG rendering and widget library for Flutter, which allows painting and displaying Scalable Vector Graphics 1.1 files.	1.1.6	99.96966150912321	3405	1467	385	136	dnfield	dnfield.dev	MIT	2022-12-16T04:07:41.000Z	https://github.com/dnfield/flutter_svg
2	provider	A wrapper around InheritedWidget to make them easier to use and more reusable.	6.0.5	99.9609933688727	7813	4561	465	12	rrousselGit	dash-overflow.net	MIT	2022-12-15T22:07:16.000Z	https://github.com/rrousselGit/provider
3	permission_handler	Permission plugin for Flutter. This plugin provides a cross-platform (iOS, Android) API to request and check permissions.	10.2.0	99.93932301824644	3319	1699	661	153	Baseflow	baseflow.com	MIT	2022-11-11T10:50:27.000Z	https://github.com/baseflow/flutter-permission-handler
4	google_fonts	A Flutter package to use fonts from fonts.google.com.	3.0.1	99.92632080787067	4203	670	88	17	material-foundation	material.io	Apache-2.0	2022-12-06T15:25:08.000Z	https://github.com/material-foundation/google-fonts-flutter
5	file_picker	A package that allows you to use a native file explorer to pick single or multiple absolute file paths, with extension filtering support.	5.2.4	99.88731417674337	2875	974	432	30	miguelpruivo	miguelruivo.com	MIT	2022-12-12T17:26:48.000Z	https://github.com/miguelpruivo/flutter_file_picker
6	carousel_slider	A carousel slider widget, support infinite scroll and custom child widget.	4.2.1	99.87864603649287	3801	1382	447	168	serenader2014	serenader.me	MIT	2022-12-13T16:32:08.000Z	https://github.com/serenader2014/flutter_carousel_slider
7	font_awesome_flutter	The Font Awesome Icon pack available as Flutter Icons. Provides 1600 additional icons to use in your apps.	10.3.0	99.86130975599185	3171	727	179	6	fluttercommunity	fluttercommunity.dev	NOASSERTION	2022-12-04T13:24:44.000Z	https://github.com/fluttercommunity/font_awesome_flutter
8	lottie	Render After Effects animations natively on Flutter. This package is a pure Dart implementation of a Lottie player.	2.1.0	99.81796905473931	2445	885	163	95	xvrh	xaha.dev	MIT	2022-12-14T13:12:23.000Z	https://github.com/xvrh/lottie-flutter
9	sqflite	Flutter plugin for SQLite, a self-contained, high-reliability, embedded, SQL database engine.	2.2.2	99.81363498461405	3527	2529	452	126	tekartik	tekartik.com	BSD-2-Clause	2022-12-04T19:40:08.000Z	https://github.com/tekartik/sqflite/tree/master/sqflite
10	flutter_secure_storage	Flutter Secure Storage provides API to store data in secure storage. Keychain is used in iOS, KeyStore based solution is used in Android.	7.0.1	99.78763056386254	2428	888	226	69	mogol	steenbakker.dev	BSD-3-Clause	2022-12-16T12:25:07.000Z	https://github.com/mogol/flutter_secure_storage/tree/develop/flutter_secure_storage
11	shimmer	A package provides an easy way to add shimmer effect in Flutter project	2.0.0	99.77462835348676	3227	1551	185	29	hnvn	hunghd.dev	BSD-3-Clause	2022-07-08T03:27:47.000Z	https://github.com/hnvn/flutter_shimmer
12	flutter_native_splash	Customize Flutter's default white native splash screen with background color and splash image. Supports dark mode, full screen, and more.	2.2.16	99.76162614311099	4957	936	142	15	jonbhanson	jonhanson.net	MIT	2022-11-27T17:58:46.000Z	https://github.com/jonbhanson/flutter_native_splash
13	flutter_inappwebview	A Flutter plugin that allows you to add an inline webview, to use an headless webview, and to open an in-app browser window.	5.7.2+3	99.74862393273524	1528	2309	969	588	pichillilorenzo	inappwebview.dev	Apache-2.0	2022-12-16T14:49:41.000Z	https://github.com/pichillilorenzo/flutter_inappwebview
14	flutter_rating_bar	A simple yet fully customizable ratingbar for flutter which also include a rating bar indicator, supporting any fraction of rating.	4.0.1	99.67927881073115	1578	320	75	39	sarbagyastha	sarbagyastha.com.np	MIT	2022-11-28T13:51:05.000Z	https://github.com/sarbagyastha/flutter_rating_bar
15	pin_code_fields	A flutter package which will help you to generate pin code fields. Can be useful for OTP for example.	7.4.0	99.66194253023014	1626	549	245	13	adar2378	theadar.xyz	MIT	2022-12-15T16:10:20.000Z	https://github.com/adar2378/pin_code_fields
16	qr_code_scanner	QR code scanner that can be embedded inside flutter. It uses zxing in Android and MTBBarcode scanner in iOS.	1.0.1	99.49724786547046	1494	854	577	127	juliuscanute		BSD-2-Clause	2022-12-14T08:23:47.000Z	https://github.com/juliuscanute/qr_code_scanner
17	flutter_riverpod	A simple way to access state from anywhere in your application while robust and testable.	2.1.1	99.4365708837169	1321	3838	617	104	rrousselGit	dash-overflow.net	MIT	2022-12-17T20:19:05.000Z	https://github.com/rrousselGit/riverpod
18	flutter_image_compress	Compress image with native (Objective-C/Kotlin) with faster speed. Support Android/iOS.	1.1.3	99.2935465695835	815	505	132	60	fluttercandies		MIT	2022-09-22T08:48:55.000Z	https://github.com/fluttercandies/flutter_image_compress
19	wakelock	Plugin that allows you to keep the device screen awake, i.e. prevent the screen from sleeping on Android, iOS, macOS, Windows, and web.	0.6.2	99.26320807870671	1120	336	57	7	creativecreatorormaybenot	creativemaybeno.dev	BSD-3-Clause	2022-09-13T04:03:51.000Z	https://github.com/creativecreatorormaybenot/wakelock/tree/main/wakelock
20	dropdown_search	Simple and robust Searchable Dropdown with item search feature, making it possible to use an offline item list or filtering URL for easy customization.	5.0.5	99.2545399384562	1183	239	219	11	salim-lachdhaf	salimdev.ovh	MIT	2022-12-05T08:46:47.000Z	https://github.com/salim-lachdhaf/searchable_dropdown
21	flutter_keyboard_visibility	Flutter plugin for discovering the state of the soft-keyboard visibility on Android and iOS.	5.4.0	99.20253109695315	556	300	61	17	MisterJimson	jasonrai.ca	MIT	2022-12-08T13:51:05.000Z	https://github.com/MisterJimson/flutter_keyboard_visibility
22	sentry_flutter	Sentry SDK for Flutter. This package aims to support different Flutter targets by relying on the many platforms supported by Sentry with native SDKs.	6.18.1	99.14618818532483	495	600	158	78	getsentry	sentry.io	MIT	2022-12-17T03:02:13.000Z	https://github.com/getsentry/sentry-dart
23	pinput	Pin code input (OTP) text field, iOS SMS autofill, Android SMS autofill One Time Code, Password, Passcode, Captcha, Security, Coupon, Wowcher, 2FA, Two step verification	2.2.16	99.09851341394705	1301	447	110	5	Tkko	fman.ge	MIT	2022-10-07T08:18:37.000Z	https://github.com/Tkko/Flutter_PinPut
24	youtube_player_flutter	Flutter plugin for playing or streaming inline YouTube videos using the official iFrame player API. This plugin supports both Android and iOS.	8.1.1	99.08984527369653	1045	555	563	311	sarbagyastha	sarbagyastha.com.np	BSD-3-Clause	2022-12-12T15:34:31.000Z	https://github.com/sarbagyastha/youtube_player_flutter
25	flutter_downloader	Powerful plugin making it easy to download files.	1.9.1	99.08551120357127	1052	782	426	270	fluttercommunity	fluttercommunity.dev	BSD-3-Clause	2022-12-17T18:49:53.000Z	https://github.com/fluttercommunity/flutter_downloader
26	flutter_hooks	A flutter implementation of React hooks. It adds a new kind of widget with enhanced code reuse.	0.18.5+1	99.05950678281975	1522	2554	147	29	rrousselGit	dash-overflow.net	MIT	2022-07-20T09:57:15.000Z	https://github.com/rrousselGit/flutter_hooks/tree/master/packages/flutter_hooks
27	flutter_map	A versatile mapping package for Flutter, based off leaflet.js, that's simple and easy to learn, yet completely customizable and configurable.	3.0.0	98.98582759069042	1105	2231	711	25	fleaflet	fleaflet.dev	BSD-3-Clause	2022-12-11T21:07:27.000Z	https://github.com/fleaflet/flutter_map
28	hooks_riverpod	A simple way to access state from anywhere in your application while robust and testable.	2.1.1	98.93381874918737	555	3838	617	104	rrousselGit	dash-overflow.net	MIT	2022-12-17T20:19:05.000Z	https://github.com/rrousselGit/riverpod
29	printing	Plugin that allows Flutter apps to generate and print documents to compatible printers on Android, iOS, macOS, Windows, and Linux, as well as web print.	5.9.3	98.89481211806007	973	949	370	117	DavBfr	nfet.net	Apache-2.0	2022-12-06T09:29:55.000Z	https://github.com/DavBfr/dart_pdf
30	flutter_form_builder	This package helps in creation of forms in Flutter by removing the boilerplate code, reusing validation, react to changes, and collect final user input.	7.7.0	98.8731417674338	1716	1191	441	52	flutter-form-builder-ecosystem	flutterformbuilderecosystem.com	BSD-3-Clause	2022-12-15T15:22:03.000Z	https://github.com/flutter-form-builder-ecosystem/flutter_form_builder
31	dotted_line	This package allows you to draw dotted lines with Flutter. You can draw a beautiful dotted line.	3.1.0	98.8341351363065	177	33	12	4	umechanhika		BSD-3-Clause	2022-09-04T08:08:54.000Z	https://github.com/umechanhika/dotted_line
32	video_thumbnail	A flutter plugin for creating a thumbnail from a local video file or from a video URL.	0.5.3	98.80379664542971	340	153	114	28	justsoft		MIT	2022-11-14T15:45:18.000Z	https://github.com/justsoft/video_thumbnail
33	mobile_scanner	A universal barcode and QR code scanner for Flutter based on MLKit. Uses CameraX on Android, AVFoundation on iOS and Apple Vision & AVFoundation on macOS.	2.1.0	98.7777922246782	687	320	194	76	juliansteenbakker	steenbakker.dev	BSD-3-Clause	2022-12-13T12:26:48.000Z	https://github.com/juliansteenbakker/mobile_scanner
34	awesome_notifications	A complete solution to create Local and Push Notifications, customizing buttons, images, sounds, emoticons and applying many different layouts for Flutter apps.	0.7.4+1	98.75178780392667	1931	560	211	23	rafaelsetragni	carda.me	Apache-2.0	2022-11-28T13:30:31.000Z	https://github.com/rafaelsetragni/awesome_notifications
35	grouped_list	A Flutter ListView where the list items can be grouped into sections.	5.1.2	98.7387855935509	911	275	78	45	Dimibe	begnis.dev	MIT	2022-10-20T16:04:42.000Z	https://github.com/Dimibe/grouped_list
36	flutter_staggered_animations	Easily add staggered animations to your ListView, GridView, Column and Row children as shown in Material Design guidelines	1.1.1	98.73445152342565	1317	1231	119	10	The-ring-io	dailyn.app	MIT	2022-11-09T20:05:42.000Z	https://github.com/mobiten/flutter_staggered_animations
37	rive	Rive 2 Flutter Runtime. This package provides runtime functionality for playing back and interacting with animations built with the Rive editor available at https://rive.app.	0.10.0	98.67377454167209	976	751	126	51	rive-app	rive.app	MIT	2022-12-14T22:15:44.000Z	https://github.com/rive-app/rive-flutter
38	responsive_framework	Easily make Flutter apps responsive. Automatically adapt UI to different screen sizes. Responsiveness made simple.	0.2.0	98.62609977029429	2100	923	110	50	Codelessly	codelessly.com	0BSD	2022-09-18T16:01:30.000Z	https://github.com/Codelessly/ResponsiveFramework
39	animate_do	Beautiful animations inspired on Animate.css, every animation is a widget that contains default but customizable values that look attractive.	3.0.2	98.587093139167	2897	157	30	7	Klerith	fernando-herrera.com	MIT	2022-11-24T13:47:31.000Z	https://github.com/Klerith/animate_do_package
40	marquee	A Flutter widget that scrolls text infinitely. Provides many customizations including custom scroll directions, durations, curves as well as pauses after every round.	2.2.3	98.50474580678716	662	216	64	36	MarcelGarus		MIT	2022-06-04T20:38:07.000Z	https://github.com/MarcelGarus/marquee
41	photo_manager	A Flutter plugin that provides assets abstraction management APIs on Android, iOS, and macOS.	2.5.1+1	98.49607766653664	408	518	215	25	fluttercandies	fluttercandies.com	Apache-2.0	2022-12-13T16:28:02.000Z	https://github.com/fluttercandies/flutter_photo_manager
42	country_picker	A flutter package to select a country from a list of countries.	2.0.19	98.45273696528409	157	58	81	20	Daniel-Ioannou		MIT	2022-12-17T15:43:54.000Z	https://github.com/Daniel-Ioannou/flutter_country_picker
43	flutter_animate	Add beautiful animated effects & builders in Flutter, via an easy, customizable, unified API.	2.0.1	98.43973475490834	585	345	19	19	gskinner	gskinner.com	BSD-3-Clause	2022-11-16T06:10:51.000Z	https://github.com/gskinner/flutter_animate
44	persistent_bottom_nav_bar	A do all, highly customizable persistent/static bottom navigation bar for flutter. Includes up-to 20 styles.	5.0.2	98.42239847440732	1585	420	256	152	BilalShahid13		BSD-3-Clause	2022-10-09T22:19:51.000Z	https://github.com/BilalShahid13/PersistentBottomNavBar
45	multi_select_flutter	A flexible multi select package for Flutter. Make multi select widgets the way you want.	4.1.3	98.34871928227798	477	176	140	98	CHB61		BSD-2-Clause	2022-12-08T10:41:19.000Z	https://github.com/CHB61/flutter-multi-select
46	timeline_tile	A package to help you build highly customisable timelines with Flutter.	2.0.0	98.34005114202748	1336	542	122	23	JHBitencourt	juliobitencourt.com	MIT	2022-10-26T12:08:15.000Z	https://github.com/JHBitencourt/timeline_tile
47	sliver_tools	A set of useful sliver tools that are missing from the flutter framework	0.2.8	98.33138300177697	752	410	39	16	Kavantix	pietervanloon.com	MIT	2022-11-28T10:51:07.000Z	https://github.com/Kavantix/sliver_tools
48	youtube_player_iframe	Flutter port of the official YouTube iFrame player API. Supports web & mobile platforms.	3.1.0	98.31838079140121	356	555	563	311	sarbagyastha	sarbagyastha.com.np	BSD-3-Clause	2022-12-12T15:34:31.000Z	https://github.com/sarbagyastha/youtube_player_flutter
49	wechat_assets_picker	An audio/video/image picker in pure Dart which is the same with WeChat,support multi picking, custom item and delegates override.	8.2.0	98.30537858102544	436	1116	309	6	fluttercandies	fluttercandies.com	Apache-2.0	2022-12-18T11:18:44.000Z	https://github.com/fluttercandies/flutter_wechat_assets_picker
50	in_app_update	Enables In App Updates on Android using the official Android APIs.	4.0.1	98.29671044077493	622	234	57	10	jonasbark	jonasbark.de	NOASSERTION	2022-11-28T11:08:00.000Z	https://github.com/jonasbark/flutter_in_app_update
51	form_builder_validators	Form Builder Validators set of validators for FlutterFormBuilder. Provides common validators and a way to make your own.	8.4.0	98.29237637064968	108	7	15	4	flutter-form-builder-ecosystem	flutterformbuilderecosystem.com	BSD-3-Clause	2022-12-01T07:09:26.000Z	https://github.com/flutter-form-builder-ecosystem/form_builder_validators
52	flutter_phoenix	Easily restart your application from scratch, losing any previous state	1.1.0	98.28370823039917	359	119	9	7	The-ring-io	dailyn.app	MIT	2022-08-23T16:00:34.000Z	https://github.com/mobiten/flutter_phoenix
53	flutter_sound	Europe Stand With Ukraine. Pray for Ukraine. A complete api for audio playback and recording. Audio player, audio recorder.	9.2.13	98.27937416027392	1025	762	459	245	Canardoux	tau.canardoux.xyz	MPL-2.0	2022-10-21T03:07:36.000Z	https://github.com/canardoux/flutter_sound
54	nb_utils	Collection of Widgets and helpful Methods that every developer needs.	4.6.25	98.20136089801933	207	51	19	5	bhoominn	bhoominn.com	MIT	2022-11-24T17:43:31.000Z	https://github.com/bhoominn/nb_utils
55	nested	A Flutter Widget which helps nest multiple widgets without needing to manually nest them.	1.0.0	98.18835868764356	264	112	12	1	rrousselGit	dash-overflow.net	MIT	2021-02-20T16:36:28.000Z	https://github.com/rrousselGit/nested
56	loading_animation_widget	Loading animation or loading spiner or loader. It's used to show loading animation when the app is in loading state or something is processing for uncertain time.	1.2.0+4	98.17969054739307	523	68	20	1	watery-desert	waterydesert.com	BSD-3-Clause	2022-12-14T11:04:34.000Z	https://github.com/watery-desert/loading_animation_widget
57	data_table_2	In-place substitute for Flutter's DataTable and PaginatedDataTable with fixed/sticky headers and few extra features	2.3.10	98.13201577601525	404	118	69	18	maxim-saplin	saplin.blogspot.com	BSD-3-Clause	2022-12-12T19:29:19.000Z	https://github.com/maxim-saplin/data_table_2
58	workmanager	Flutter Workmanager. This plugin allows you to schedule background work on Android and iOS.	0.5.1	98.12334763576474	1253	699	173	59	fluttercommunity	fluttercommunity.dev	MIT	2022-11-07T20:00:35.000Z	https://github.com/fluttercommunity/flutter_workmanager
59	barcode_widget	Barcode generation widget for Flutter with support for standard barcodes.	2.0.3	97.9846573917566	180	88	26	7	DavBfr	nfet.net	Apache-2.0	2022-12-07T16:49:31.000Z	https://github.com/DavBfr/dart_barcode
60	purchases_flutter	Flutter in-app purchases and subscriptions made easy. The plugin supports Apple, Android, and the web.	4.5.3	97.94998483075457	406	412	114	14	RevenueCat	revenuecat.com	MIT	2022-12-16T18:35:03.000Z	https://github.com/RevenueCat/purchases-flutter
61	flutter_login_facebook	Login via Facebook. Easily add Facebook login feature in your application. User profile information included.	1.7.0	97.91097819962728	176	64	42	14	Innim	innim.ru	BSD-3-Clause	2022-12-07T15:09:34.000Z	https://github.com/Innim/flutter_login_facebook
62	amplify_flutter	The top level Flutter package for the AWS Amplify libraries.	0.6.10	97.7939583062454	111	1128	176	192	aws-amplify	aws-amplify.com	Apache-2.0	2022-12-17T00:16:28.000Z	https://github.com/aws-amplify/amplify-flutter
63	flutter_cached_pdfview	A package to show Native PDF View for iOS and Android, support Open from a different resource like Path, Asset or Url and Cache it.	0.4.1	97.76361981536861	291	94	34	39	binSaed	abdosaed.ml	MIT	2022-05-16T21:31:57.000Z	https://github.com/AbdOoSaed/flutter_cached_pdfview
64	flutter_phone_direct_caller	Simple flutter plugin to call a number directly, without going to phone dialer, from app	2.1.1	97.75928574524336	222	21	20	9	yanisalfian		MIT	2022-10-26T15:29:16.000Z	https://github.com/yanisalfian/flutter-phone-direct-caller
65	amplify_auth_cognito	The Amplify Flutter Auth category plugin using the AWS Cognito provider.	0.6.10	97.75495167511811	66	1128	176	192	aws-amplify	aws-amplify.com	Apache-2.0	2022-12-17T00:16:28.000Z	https://github.com/aws-amplify/amplify-flutter
66	flutter_ringtone_player	A simple player for system default ringtones, alarms and notifications	3.2.0	97.70727690374031	173	61	37	8	inway	inway.dev	MIT	2022-11-08T23:47:13.000Z	https://github.com/inway/flutter_ringtone_player
67	flutter_chat_ui	Actively maintained, community-driven chat UI implementation with an optional Firebase BaaS.	1.6.6	97.66827027261301	694	627	328	24	flyerhq	flyer.chat	Apache-2.0	2022-12-15T19:35:36.000Z	https://github.com/flyerhq/flutter_chat_ui
68	flutter_windowmanager	A Flutter plugin for manipulating Android WindowManager LayoutParams.	0.2.0	97.6596021323625	197	39	17	9	adaptant-labs	adaptant.io	Apache-2.0	2021-08-26T10:45:43.000Z	https://github.com/adaptant-labs/flutter_windowmanager
69	android_id	A Flutter plugin for getting the Android ID. Only for Android.	0.1.3+1	97.62926364148572	37	12	3	1	fluttercommunity	achim.io	BSD-3-Clause	2022-11-28T22:33:32.000Z	https://github.com/fluttercommunity/android_id
70	shrine_images	Image assets for the Material Components for Flutter codelabs based on an app called Shrine.	2.0.2	97.62492957136047	5	18	19	0	material-components		NOASSERTION	2022-12-07T19:48:40.000Z	https://github.com/material-components/material-components-flutter-codelabs-packages
71	flex_color_scheme	A Flutter package to use and make beautiful Material design based themes.	6.1.1	97.59025701035843	1363	454	59	3	rydmike	rydmike.com	NOASSERTION	2022-12-11T20:12:08.000Z	https://github.com/rydmike/flex_color_scheme
72	velocity_x	A minimalist Flutter framework for rapidly building custom designs.	3.6.0	97.58592294023317	1083	1159	161	11	iampawan	codepur.dev	MIT	2022-10-12T13:25:49.000Z	https://github.com/iampawan/VelocityX
73	adaptive_dialog	Show alert dialog or modal action sheet adaptively according to platform.	1.8.0+1	97.53391409873011	708	244	46	11	mono0926	mono0926.com	MIT	2022-09-01T00:24:24.000Z	https://github.com/mono0926/adaptive_dialog
74	flutter_quill	A rich text editor supporting mobile and web (Demo App @ bulletjournal.us)	6.1.6	97.48623932735232	919	1666	450	60	singerdmx	bulletjournal.us	MIT	2022-11-17T20:45:49.000Z	https://github.com/singerdmx/flutter-quill
75	flutter_vibrate	A Haptic Feedback plugin.	1.3.0	97.41689420534824	129	81	54	2	rodydavis		MIT	2022-02-26T16:48:22.000Z	https://github.com/rodydavis/flutter_vibrate
76	isar_flutter_libs	Isar Core binaries for the Isar Database. Needs to be included for Flutter apps.	3.0.5	97.36921943397044	13	2012	158	49	isar	isar.dev	Apache-2.0	2022-12-12T10:00:38.000Z	https://github.com/isar/isar
77	stop_watch_timer	Simple CountUp timer / CountDown timer. It easily create app of stopwatch.	2.0.0	97.36488536384519	172	75	39	1	hukusuke1007	neverjp.com	MIT	2022-09-10T08:14:40.000Z	https://github.com/hukusuke1007/stop_watch_timer
78	image_editor	Edit your image data and output to file/memory on Android and iOS.	1.3.0	97.33888094309367	209	314	94	15	fluttercandies	fluttercandies.com	Apache-2.0	2022-11-15T13:26:26.000Z	https://github.com/fluttercandies/flutter_image_editor
79	flick_video_player	Flick Video Player is a video player for flutter. The video_player plugin gives low level access for the video playback.	0.5.0	97.21319290946127	350	194	167	33	GeekyAnts	geekyants.com	NOASSERTION	2022-11-04T11:04:21.000Z	https://github.com/GeekyAnts/flick-video-player
80	expandable_text	Widget that only shows the first lines of a text and adds a link to expand the full text.	2.3.0	97.19585662896026	165	33	30	12	fweinaug		MIT	2022-06-13T05:36:21.000Z	https://github.com/fweinaug/expandable_text
81	dynamic_color	A Flutter package to create Material color schemes based on a platform's implementation of dynamic color.	1.5.4	97.14818185758246	153	53	12	6	material-foundation	material.io	BSD-3-Clause	2022-12-07T11:11:46.000Z	https://github.com/material-foundation/material-dynamic-color-flutter
82	mixpanel_flutter	Official Flutter Tracking SDK for Mixpanel Analytics developed and maintained by Mixpanel, Inc.	2.0.0	97.13084557708143	65	43	32	22	mixpanel		Apache-2.0	2022-12-12T13:51:32.000Z	https://github.com/mixpanel/mixpanel-flutter
83	external_app_launcher	A Flutter plugin which helps you to open another app from your app	3.1.0	97.10917522645516	159	4	12	5	GeekyAnts	geekyants.com	BSD-3-Clause	2022-08-04T13:42:48.000Z	https://github.com/GeekyAnts/external_app_launcher
84	styled_text	Text widget with formatted text using tags. Makes it easier to use formatted text in multilingual applications.	6.0.0	97.07883673557838	286	59	36	1	andyduke	amazingsoftworks.com	BSD-3-Clause	2022-10-11T16:57:09.000Z	https://github.com/andyduke/styled_text_package
85	file_saver	This package will help you save file with a single method on any platform including macOS, iOS, Android, Windows, Web, Linux.	0.1.1	97.06583452520262	177	32	40	19	incrediblezayed		BSD-3-Clause	2022-07-27T07:31:34.000Z	https://github.com/incrediblezayed/file_saver
86	brasil_fields	O jeito mais fácil de utilizar padrões e formatos brasileiros em seu projeto Dart.	1.9.0	97.05716638495211	398	98	32	10	flutterbootcamp	flutterbootcamp.com.br	NOASSERTION	2022-12-16T23:09:29.000Z	https://github.com/flutterbootcamp/brasil_fields
87	flutter_archive	Create and extract ZIP archive files in Android, iOS and macOS. Zip all files in a directory recursively or a given list of files.	5.0.0	96.9921553330733	108	46	34	10	kineapps	kineapps.com	BSD-3-Clause	2022-10-21T10:29:33.000Z	https://github.com/kineapps/flutter_archive
88	objectbox_flutter_libs	Superfast NoSQL Flutter / Dart database. This package contains Flutter runtime libraries for ObjectBox.	1.7.0	96.90980800069346	17	720	87	54	objectbox	objectbox.io	Apache-2.0	2022-12-16T15:46:25.000Z	https://github.com/objectbox/objectbox-dart
89	pinch_zoom	A widget based on Flutter's new Interactive Viewer that makes picture pinch zoom, and return to its initial size and position when released.	1.0.0	96.90547393056819	139	35	13	3	tkortekaas	jelter.net	ISC	2021-07-16T19:20:08.000Z	https://github.com/tkortekaas/pinch_zoom
90	flutter_sms	A Flutter plugin to Send SMS and MMS on iOS and Android. If iMessage is enabled it will send as iMessage on iOS. This plugin must be tested on a real device on iOS.	2.3.3	96.84479694881463	249	208	96	28	fluttercommunity	fluttercommunity.dev	MIT	2022-08-02T13:56:14.000Z	https://github.com/fluttercommunity/flutter_sms
91	twitter_login	Flutter Twitter Login Plugin. Library for login with Twitter APIs OAuth service	4.2.3	96.82746066831362	84	44	32	6	0maru		MIT	2022-11-12T14:45:11.000Z	https://github.com/0maru/twitter_login
92	flutter_login	A login widget with login/signup functionalities to help speed up development	4.1.1	96.82312659818835	1059	1224	658	61	NearHuscarl		MIT	2022-12-07T07:52:51.000Z	https://github.com/NearHuscarl/flutter_login
93	iconsax	Iconsax for flutter (1000+ icons 6 diferent styles, total 6000+ icons).	0.0.8	96.76678368656006	217	14	5	8	luisDanielRoviraContreras		GPL-3.0	2022-06-28T08:48:23.000Z	https://github.com/luisDanielRoviraContreras/flutter_iconsax
94	bitsdojo_window	A package to help with creating custom windows with Flutter desktop (custom border, titlebar and minimize/maximize/close buttons) and common desktop window operations (show/hide/position on screen) for Windows and macOS	0.1.5	96.75378147618429	651	598	142	98	bitsdojo	bitsdojo.com	MIT	2022-11-19T14:48:02.000Z	https://github.com/bitsdojo/bitsdojo_window
95	amplitude_flutter	Amplitude Flutter plugin	3.13.0	96.74511333593378	72	80	38	19	amplitude		MIT	2022-12-12T20:30:44.000Z	https://github.com/amplitude/Amplitude-Flutter
96	custom_pop_up_menu	Wrap a widget with CustomPopupMenu, Tap or Long Press this widget, a popup menu would display in a suitable position.	1.2.4	96.7234429853075	188	88	34	9	malikwang	malikwang.com	MIT	2022-10-29T19:46:59.000Z	https://github.com/malikwang/custom_pop_up_menu
97	custom_refresh_indicator	Flutter Widget that make it easy to implement custom refresh indicator.	2.0.1	96.714774845057	392	315	47	0	gonuit	klyta.it	MIT	2022-11-04T16:56:56.000Z	https://github.com/gonuit/flutter-custom-refresh-indicator
98	flutter_exif_rotation	Flutter plugin that fixes the picture orientation when it's took in landscape for some devices.	0.5.1	96.52840982967105	56	23	46	15	NGhebreial		BSD-3-Clause	2022-04-03T10:36:06.000Z	https://github.com/NGhebreial/flutter_exif_rotation
99	webview_cookie_manager	Have you been turned into a cookie management problem? This package can help. It has all of the cookie management functionality you have been looking for.	2.0.6	96.47640098816798	63	40	29	6	fryette	mobilepeople.dev	MIT	2021-11-15T11:07:33.000Z	https://github.com/fryette/webview_cookie_manager
100	amplify_api	The Amplify Flutter API category plugin, supporting GraphQL and REST operations.	0.6.10	96.46339877779222	30	1128	176	192	aws-amplify	aws-amplify.com	Apache-2.0	2022-12-17T00:16:28.000Z	https://github.com/aws-amplify/amplify-flutter
101	simple_gradient_text	Create fast and simple gradient texts, whether linear or radial, you just decide the colors and the text to display, very easy.	1.2.4	96.40705586616392	38	5	5	0	astudilloalex	alexastudillo.com	Apache-2.0	2022-09-24T19:09:38.000Z	https://github.com/astudilloalex/flutter_gradient_text
102	wechat_camera_picker	A camera picker based on WeChat's UI which is a separate runnable extension to wechat_assets_picker.	3.6.5	96.40272179603866	137	264	83	5	fluttercandies	fluttercandies.com	Apache-2.0	2022-12-05T14:55:47.000Z	https://github.com/fluttercandies/flutter_wechat_camera_picker
103	scroll_snap_list	A Flutter widget that allows "snaping" event to an item at the end of user-scroll.	0.9.1	96.37238330516188	289	84	30	13	MSVCode	msvcode.com	NOASSERTION	2022-05-29T10:59:44.000Z	https://github.com/MSVCode/scroll_snap_list
104	tab_indicator_styler	Add beautiful and trending tab indicators directly to your default Flutter TabBar	2.0.0	96.36804923503662	203	50	16	3	adar2378	theadar.xyz	MIT	2022-04-20T05:11:00.000Z	https://github.com/adar2378/tab_indicator_styler
105	custom_info_window	A widget based custom info window for google_maps_flutter package.	1.0.1	96.35504702466086	90	21	16	6	abhishekduhoon	abhishekduhoon.com	BSD-3-Clause	2022-09-19T00:18:17.000Z	https://github.com/abhishekduhoon/custom_info_window
106	pluto_grid	PlutoGrid is a dataGrid that can be controlled by the keyboard on desktop and web. Of course, it works well on Android and IOS. (DataGrid, DataTable, Data Grid, Data Table, Sticky)	5.4.9	96.3507129545356	552	444	136	94	bosskmk	weblaze.dev	MIT	2022-12-15T13:38:25.000Z	https://github.com/bosskmk/pluto_grid
107	supabase_flutter	Flutter integration for Supabase. This package makes it simple for developers to build secure and scalable products.	1.2.2	96.32904260390933	173	237	52	54	supabase	supabase.io	MIT	2022-12-02T09:07:59.000Z	https://github.com/supabase/supabase-flutter
108	accordion	An expandable Flutter widget list where each item can be expanded or collapsed simply by clicking on the header.	2.5.1	96.32037446365882	173	29	21	5	GotJimmy	vulcansoft.com	NOASSERTION	2022-07-10T20:10:18.000Z	https://github.com/GotJimmy/accordion
109	searchfield	A highly customizable, simple and easy to use flutter Widget to add a searchfield to your Flutter Application. This Widget allows you to search and select from list of suggestions.	0.7.2	96.31604039353357	157	45	28	20	maheshmnj	maheshjamdade.com	MIT	2022-11-21T21:23:07.000Z	https://github.com/maheshmnj/searchfield
110	flutter_translate	Flutter Translate is a fully featured localization / internationalization (i18n) library for Flutter.	4.0.3	96.30303818315781	178	330	102	2	Jesway	jesway.com	NOASSERTION	2022-11-25T20:40:11.000Z	https://github.com/Jesway/Flutter-Translate
111	search_choices	Highly versatile Widget to search through a single or multiple choices list in a dialog box or a menu. Supports pagination and future/API/webservice searches with sort and filter.	2.2.1	96.29003597278204	385	43	26	8	lcuis	jod.li	MIT	2022-12-15T02:41:53.000Z	https://github.com/lcuis/search_choices
112	expandable_bottom_sheet	This is a BottomSheet with a draggable height like the Google Maps App on Android.	1.1.1+1	96.28570190265678	139	32	19	9	torbenkeller	torben-keller.de	MIT	2022-07-01T17:32:48.000Z	https://github.com/torbenkeller/expandable_bottom_sheet
113	beamer	A routing package built on top of Router and Navigator's pages API, supporting arbitrary nested navigation, guards and more.	1.5.3	96.25536341178001	925	480	119	70	slovnicki	beamer.dev	MIT	2022-10-17T09:41:39.000Z	https://github.com/slovnicki/beamer
114	mvc_pattern	To develop apps using a framework following the MVC design pattern separating the app's 'interface' from its 'business logic' and from its 'data source' if any.	8.12.0	96.2076886404022	179	163	30	0	AndriousSolutions	andrioussolutions.com	NOASSERTION	2022-08-26T01:39:37.000Z	https://github.com/AndriousSolutions/mvc_pattern
115	buttons_tabbar	A Flutter package that implements a TabBar where each label is a toggle button.	1.3.6	96.19035235990118	199	55	17	0	afonsocraposo	afonsoraposo.com	MIT	2022-06-12T13:27:25.000Z	https://github.com/Afonsocraposo/buttons_tabbar
116	flutter_bluetooth_serial	A basic Flutter Bluetooth Serial library	0.4.0	96.1600138690244	250	373	347	70	edufolly	3daysapp.com.br	MIT	2022-10-25T11:46:33.000Z	https://github.com/edufolly/flutter_bluetooth_serial
117	app_review	Request and Write Reviews and Open Store Listing for Android and iOS in Flutter.	2.1.2+1	96.13834351839813	250	269	69	14	fluttercommunity	fluttercommunity.dev	MIT	2022-11-22T09:07:27.000Z	https://github.com/fluttercommunity/app_review
118	simple_html_css	This package allows you to use simple HTML and inline CSS styles to style your text in flutter. A fork of css_text package.	4.0.0	96.12534130802236	92	27	18	5	ali-thowfeek		NOASSERTION	2022-10-26T14:44:53.000Z	https://github.com/ali-thowfeek/simple_html_css_flutter
119	easy_refresh	A flutter widget that provides pull-down refresh and pull-up load.	3.0.5+1	96.03432583539202	112	3346	581	35	xuelongqy		MIT	2022-12-14T07:12:42.000Z	https://github.com/xuelongqy/flutter_easy_refresh
120	screen_brightness	A Plugin for controlling screen brightness with application life cycle reset implemented	0.2.2	96.02132362501625	59	13	6	2	aaassseee		MIT	2022-10-09T13:08:08.000Z	https://github.com/aaassseee/screen_brightness/tree/master/screen_brightness
121	image_picker_web	Flutter Web Plugin to pick Images (as Widget, File or Uint8List) and Videos (as File or Uint8List)	3.0.0+1	96.016989554891	107	40	20	0	Ahmadre	rouxguillau.me	GPL-3.0	2022-11-21T12:19:51.000Z	https://github.com/Ahmadre/image_picker_web
122	flex_color_picker	A customizable Flutter primary, accent and custom color picker. Includes an optional HSV wheel color picker.	3.0.0	95.98231699388896	268	132	21	10	rydmike	rydmike.com	BSD-3-Clause	2022-11-23T19:49:46.000Z	https://github.com/rydmike/flex_color_picker
123	contained_tab_bar_view	Encapsulates TabController, TabBar and TabBarView into a single customizable Widget.	0.8.0	95.91297187188489	90	13	6	12	slovnicki	scipack.dev	MIT	2021-06-10T10:53:34.000Z	https://github.com/slovnicki/contained_tab_bar_view
124	flow_builder	Flutter Flows made easy! A Flutter package which simplifies flows with a flexible, declarative API.	0.0.9	95.90863780175964	308	335	50	26	felangel	felangel.dev	MIT	2022-08-26T14:49:12.000Z	https://github.com/felangel/flow_builder
125	amplify_storage_s3	The Amplify Flutter Storage category plugin using the AWS S3 provider.	0.6.10	95.8739652407576	51	1128	176	192	aws-amplify	aws-amplify.com	Apache-2.0	2022-12-17T00:16:28.000Z	https://github.com/aws-amplify/amplify-flutter
126	flutter_background	A plugin to keep flutter apps running in the background by using foreground service, wake lock and disabling battery optimizations	1.1.0	95.86529710050709	193	72	28	20	JulianAssmann		MIT	2022-08-23T10:06:18.000Z	https://github.com/JulianAssmann/flutter_background
127	otp_autofill	Android implementation of OTP autofill with using User Consent API and Retriever API. Add possibility to receive OTP code from another input.	2.1.0	95.7872838382525	127	37	14	11	surfstudio	surf.ru	Apache-2.0	2022-11-12T20:13:05.000Z	https://github.com/surfstudio/flutter-otp-autofill
128	flutter_flavorizr	A flutter utility to easily create flavors in your flutter application	2.1.5	95.73960906687469	374	265	48	27	AngeloAvv	angelocassano.it	MIT	2022-12-09T04:21:29.000Z	https://github.com/AngeloAvv/flutter_flavorizr
129	line_awesome_flutter	The Line Awesome Icons pack for flutter. Provides 1542 additional icons to use in your apps.	2.0.0	95.70493650587267	141	12	2	1	clean		MIT	2021-07-19T10:41:13.000Z	https://github.com/clean/line_awesome_flutter
130	any_link_preview	Dart package that helps with preview of any links. Fully customizable and has the ability to render from cached data. Useful for apps where we had chat feature.	2.0.9	95.70060243574741	173	33	37	8	sur950	suresh-konakanchi.in	MIT	2022-12-11T21:24:25.000Z	https://github.com/sur950/any_link_preview
131	flutter_keyboard_visibility_web	An implementation for the web platform of `flutter_keyboard_visibility'	2.0.0	95.63125731374333	1	300	61	17	MisterJimson		MIT	2022-12-08T13:51:05.000Z	https://github.com/MisterJimson/flutter_keyboard_visibility
132	stream_chat_flutter	Stream Chat official Flutter SDK. Build your own chat experience using Dart and Flutter.	5.1.0	95.60525289299181	249	654	237	76	GetStream	getstream.io	NOASSERTION	2022-12-16T14:41:48.000Z	https://github.com/GetStream/stream-chat-flutter
133	disk_space	A tiny Flutter Plugin to show free and total disk space.	0.2.1	95.60091882286656	54	12	20	8	mboeddeker		MIT	2022-03-25T22:53:03.000Z	https://github.com/mboeddeker/disk_space
134	amplify_datastore	The Amplify Flutter DataStore category plugin, providing a queryable, on-device data store.	0.6.10	95.49256706973519	26	1128	176	192	aws-amplify	aws-amplify.com	Apache-2.0	2022-12-17T00:16:28.000Z	https://github.com/aws-amplify/amplify-flutter
135	advertising_id	A Flutter plugin to access advertising ID.Wraps ASIdentifierManager.advertisingIdentifier (on iOS) and advertising ID (on Android).	2.3.0	95.46656264898367	18	8	24	3	operando		Apache-2.0	2022-05-23T18:46:59.000Z	https://github.com/operando/advertising_id
136	flutter_advanced_drawer	An advanced drawer widget, that can be fully customized with size, text, color, radius of corners.	1.3.2	95.42322194773112	186	44	12	2	alex-melnyk	alexmelnyk.io	BSD-3-Clause	2022-04-03T16:04:36.000Z	https://github.com/alex-melnyk/flutter_advanced_drawer
137	persistent_bottom_nav_bar_v2	A do all, highly customizable persistent/static bottom navigation bar for flutter. Includes up-to 20 styles. Based on persistent_bottom_nav_bar which currently is not continued.	4.2.6	95.38421531660383	156	26	21	32	jb3rndt		BSD-3-Clause	2022-11-28T23:06:20.000Z	https://github.com/jb3rndt/PersistentBottomNavBarV2
138	custom_sliding_segmented_control	Allows you to flexibly configure the widget for displaying controls. You can add color, speed, size, initial value, animation and more.	1.7.3	95.34520868547654	55	13	10	1	hadukin		MIT	2022-10-20T06:34:16.000Z	https://github.com/hadukin/custom_sliding_segmented_control
139	loading_animations	A Flutter package with a selection of simple yet very customizable set of loading animations.	2.2.0	95.33220647510076	218	171	22	2	cytryn		MIT	2021-03-09T18:19:44.000Z	https://github.com/cytryn/loading-animations
140	flutter_keyboard_visibility_platform_interface	A common platform interface for the flutter_keyboard_visibility plugin.	2.0.0	95.2151865817189	1	300	61	17	MisterJimson		MIT	2022-12-08T13:51:05.000Z	https://github.com/MisterJimson/flutter_keyboard_visibility
141	ffmpeg_kit_flutter	FFmpeg Kit for Flutter. Supports Android, iOS and macOS platforms.	5.1.0	95.20651844146838	142	2159	306	67	arthenica	arthenica.com	LGPL-3.0	2022-11-19T15:37:05.000Z	https://github.com/arthenica/ffmpeg-kit
142	sticky_grouped_list	A ScrollablePositionedList where the list items can be grouped into sections.	3.1.0	95.19785030121788	191	130	33	22	Dimibe	begnis.dev	MIT	2022-10-22T23:12:24.000Z	https://github.com/Dimibe/sticky_grouped_list
143	system_settings	Flutter plugin to open system and app settings on iOS and Android.	2.1.0	95.16751181034108	52	11	20	6	fweinaug		MIT	2022-04-03T12:17:03.000Z	https://github.com/fweinaug/system_settings
144	bottom_sheet	Flexible bottom sheet with the ability to scroll content even without a list.	3.1.2	95.15450959996534	213	92	25	6	surfstudio	surf.ru	Apache-2.0	2022-11-24T05:54:54.000Z	https://github.com/surfstudio/flutter-bottom-sheet
145	agora_rtm	Flutter wrapper around the Agora Real Time Message SDKs for Android and iOS.	1.5.0	95.15017552984007	51	92	54	28	AgoraIO	agora.io	MIT	2022-11-30T02:36:35.000Z	https://github.com/AgoraIO/Flutter-RTM
146	filesystem_picker	FileSystem file or folder picker dialog. Allows the user to browse the file system and pick a folder or file.	3.1.0	95.13717331946431	118	47	28	5	andyduke	amazingsoftworks.com	BSD-3-Clause	2022-09-01T14:03:18.000Z	https://github.com/andyduke/filesystem_picker
147	flutter_spinbox	SpinBox is a numeric input widget with an input field for entering a specific value, and spin buttons for quick, convenient, and accurate value adjustments.	0.11.0	95.10683482858752	94	26	23	10	jpnurmi		MIT	2022-12-16T12:14:30.000Z	https://github.com/jpnurmi/flutter_spinbox
148	flutter_google_places_hoc081098	Google places autocomplete widgets for flutter. No wrapper, use https://pub.dartlang.org/packages/google_maps_webservice. Better flutter_google_places, updated by @hoc081098	1.1.0	95.10250075846227	27	10	10	4	hoc081098		NOASSERTION	2022-11-13T17:01:41.000Z	https://github.com/hoc081098/flutter_google_places
149	flutter_map_location_marker	A flutter map plugin for displaying device current location.	5.0.0+1	95.09816668833702	53	40	41	3	tlserver	tlserver6y.net	BSD-3-Clause	2022-11-08T17:06:59.000Z	https://github.com/tlserver/flutter_map_location_marker
150	flutter_segment	Flutter implementation of Segment Analytics for iOS, Android and Web	3.12.1	95.08516447796124	61	15	102	25	la-haus		MIT	2022-11-22T07:39:58.000Z	https://github.com/la-haus/flutter-library-segment
151	flutter_sound_lite	A complete api for audio playback and recording. Audio player, audio recorder, media player, media recorder, sound player, sound recorder.	8.5.0	95.07649633771075	108	762	459	245	Canardoux		MPL-2.0	2022-10-21T03:07:36.000Z	https://github.com/canardoux/flutter_sound
152	agora_uikit	Flutter plugin to simply integrate Agora Video Calling or Live Video Streaming to your app with just a few lines of code.	1.1.0	95.0721622675855	322	106	37	13	AgoraIO-Community	agora.io	MIT	2022-11-29T10:58:37.000Z	https://github.com/AgoraIO-Community/VideoUIKit-Flutter
153	styled_widget	Simplifying your widget tree structure by defining widget using methods. Taking ispiration from CSS and SwiftUI	0.4.1	95.06349412733498	622	968	79	19	ReinBentdal		MIT	2022-11-07T22:26:11.000Z	https://github.com/ReinBentdal/styled_widget
154	telephony	A Flutter plugin to use telephony features such as fetch network info, start phone calls, send and receive SMS, and listen for incoming SMS.	0.2.0	95.04182377670871	258	103	72	33	shounakmulay	shounakmulay.dev	MIT	2022-12-03T18:26:22.000Z	https://github.com/shounakmulay/Telephony
155	link_preview_generator	A cross-platform flutter package to convert your links into rich beautiful previews.	1.2.0	94.98548086508039	39	12	6	3	ghpranav		MIT	2021-11-08T07:26:36.000Z	https://github.com/ghpranav/link_preview_generator
156	location_android	Android implementation of the location plugin	5.0.0-dev.3	94.98114679495514	1	952	591	90	Lyokone		MIT	2022-07-21T16:05:20.000Z	https://github.com/Lyokone/flutterlocation
157	fijkplayer	A Video Player Flutter plugin based on ijkplayer, support most popular protocols and codecs	0.10.1	94.96814458457938	148	1381	256	179	befovy		MIT	2022-07-22T03:47:47.000Z	https://github.com/befovy/fijkplayer
158	location_ios	iOS implementation of the location plugin	5.0.0-dev.4	94.95514237420362	1	952	591	90	Lyokone		MIT	2022-07-21T16:05:20.000Z	https://github.com/Lyokone/flutterlocation
159	location_macos	MacOS implementation of the location plugin	5.0.0-dev.3	94.95080830407836	0	952	591	90	Lyokone		MIT	2022-07-21T16:05:20.000Z	https://github.com/Lyokone/flutterlocation
160	flutter_callkit_incoming	Flutter Callkit Incoming to show callkit screen in your Flutter app.	1.0.2+2	94.9464742339531	133	71	96	46	hiennguyen92	hiennv.com	MIT	2022-11-14T23:34:58.000Z	https://github.com/hiennguyen92/flutter_callkit_incoming
161	video_editor	A flutter package for editing video written in pure Dart with fully customizable UI. Supports crop, trim, rotation and cover selection.	2.1.0	94.93780609370259	269	213	100	11	LeGoffMael	felipemurguia.com	MIT	2022-12-01T09:55:03.000Z	https://github.com/LeGoffMael/video_editor
162	dual_screen	Foldable and dual-screen support, like the TwoPane widget and hinge angle sensor data.	1.0.3	94.88146318207428	67	39	4	0	microsoft	microsoft.com	MIT	2022-05-05T14:12:42.000Z	https://github.com/microsoft/flutter-dualscreen
163	glassmorphism	A Flutter package for implimentation of Glassmorphic UI easily.	3.0.0	94.86846097169852	336	45	19	2	RitickSaha		Apache-2.0	2022-09-13T13:48:25.000Z	https://github.com/RitickSaha/glassmorphism
164	quickalert	With QuickAlert, instantly display animated alert dialogs such as success, error, warning, confirm, loading or even a custom dialog.	1.0.1	94.82512027044598	164	16	7	2	belovance	belovance.com	MIT	2022-12-02T08:02:27.000Z	https://github.com/belovance/QuickAlert
165	flutter_inset_box_shadow	This package extends BoxShadow and BoxDecoration to support the inset property.	1.0.8	94.77744549906818	35	14	2	2	johynpapin	qoumo.dev	BSD-3-Clause	2022-04-08T12:26:18.000Z	https://github.com/qoumo/flutter_inset_box_shadow
166	flutter_link_previewer	Customizable link and URL preview extracted from the provided text with the ability to render from the cache. Ideal for chat applications.	3.2.0	94.76877735881767	171	47	45	1	flyerhq	flyer.chat	MIT	2022-10-29T07:36:56.000Z	https://github.com/flyerhq/flutter_link_previewer
167	animated_toggle_switch	Simple and animated toggle switch for multiple choices. It's a good alternative if you don't want to use something like a dropdown menu.	0.5.2	94.72543665756513	250	19	6	3	SplashByte	splashbyte.dev	BSD-3-Clause	2022-12-05T21:20:09.000Z	https://github.com/SplashByte/animated_toggle_switch
168	dropdown_plus	Simple and easy to use Dropdown in forms with search, keyboard navigation, offiline data source, remote data source and easy customization.	0.0.9	94.71243444718935	97	8	28	25	crawlinknetworks	crawlink.com	MIT	2022-11-08T09:05:50.000Z	https://github.com/crawlinknetworks/dropdown_plus
169	currency_picker	A flutter package to select a currency from a list of currencies.	2.0.13	94.61708490443375	59	21	48	12	Daniel-Ioannou		MIT	2022-11-29T19:57:30.000Z	https://github.com/Daniel-Ioannou/flutter_currency_picker
170	flutter_keyboard_visibility_macos	An implementation for the macOS platform of `flutter_keyboard_visibility'	1.0.0	94.59541455380747	0	300	61	17	MisterJimson		MIT	2022-12-08T13:51:05.000Z	https://github.com/MisterJimson/flutter_keyboard_visibility
171	flutter_keyboard_visibility_linux	An implementation for the linux platform of `flutter_keyboard_visibility'	1.0.0	94.58241234343173	0	300	61	17	MisterJimson		MIT	2022-12-08T13:51:05.000Z	https://github.com/MisterJimson/flutter_keyboard_visibility
172	flutter_keyboard_visibility_windows	An implementation for the Windows platform of `flutter_keyboard_visibility'	1.0.0	94.56941013305595	0	300	61	17	MisterJimson		MIT	2022-12-08T13:51:05.000Z	https://github.com/MisterJimson/flutter_keyboard_visibility
173	flutter_breadcrumb	Flutter Widget that can easily create Breadcrumb in Flutter.	1.0.1	94.56074199280545	74	35	5	0	payam-zahedi	payamzahedi.com	BSD-3-Clause	2021-05-01T14:23:59.000Z	https://github.com/payam-zahedi/flutter_breadcrumb
174	avatars	An avatar widget that uses the best available data source among those provided (social images, gravatar, name initials, custom)	3.0.2	94.45672430979933	68	8	3	8	luckyseven	albertofecchi.com	MIT	2022-02-01T18:48:22.000Z	https://github.com/luckyseven/avatars
175	uri_to_file	A Flutter plugin for converting supported uri to file. Supports Android & iOS.	0.2.0	94.44372209942357	14	2	3	3	Nikhil1999		MIT	2022-11-01T18:15:56.000Z	https://github.com/Nikhil1999/uri-to-file
176	home_widget	A plugin to provide a common interface for creating HomeScreen Widgets for Android and iOS.	0.1.6	94.43505395917306	691	401	92	27	ABausG	antonborri.es	BSD-3-Clause	2022-12-16T16:35:53.000Z	https://github.com/ABausG/home_widget
177	freshchat_sdk	Freshchat is a modern messaging software for sales and customer engagement teams. freshchat_sdk (BETA) will help you integrate chat support in your mobile apps.	0.10.1	94.42638581892255	22	8	19	3	freshworks	freshworks.com	NOASSERTION	2022-12-06T09:02:47.000Z	https://github.com/freshworks/freshchat-flutter-sdk
178	animate_icons	This is a plugin with the help of which you can animate between any two icons like we do in AnimatedIcon widget given to us by default.	2.0.0	94.41771767867205	157	17	17	11	Aman-Malhotra		MIT	2022-05-27T08:41:54.000Z	https://github.com/Aman-Malhotra/animate_icons
179	realm	The official Realm SDK for Flutter. Realm is a mobile database - an alternative to SQLite and key-value stores.	0.8.0+rc	94.39171325792051	253	525	44	125	realm	realm.io	Apache-2.0	2022-12-17T14:16:25.000Z	https://github.com/realm/realm-dart
180	rally_assets	Assets for the app Rally, a Flutter sample app based on the Material study Rally.	3.0.1	94.34403848654271	0	18	19	0	material-components		NOASSERTION	2022-12-07T19:48:40.000Z	https://github.com/material-components/material-components-flutter-codelabs-packages
181	crop	Crop for Flutter. Crop any widget/image in Android, iOS, Web and Desktop with fancy and customizable UI, in 100% pure Dart code.	0.5.4	94.32670220604169	166	221	78	8	xclud	pwa.ir	MIT	2022-12-05T19:10:18.000Z	https://github.com/xclud/flutter_crop
182	flextras	A collection of Flex widgets (Columns and Rows) with additional functionality.	1.0.0	94.24435487366185	72	21	4	4	gskinnerTeam	gskinner.com	MIT	2022-11-07T16:23:15.000Z	https://github.com/gskinnerTeam/flutter-flextras
183	flutter_rating_stars	A Flutter package to create Rating Stars bar. It will be useful for your awesome app.	1.0.3+4	94.24002080353661	63	1	4	1	minhhung2556	romanticdeveloper.com	Apache-2.0	2021-11-02T17:25:27.000Z	https://github.com/minhhung2556/romantic_project_flutter_rating_stars
184	flutter_fortune_wheel	Visualize (random) selection processes with widgets like a spinning wheel of fortune or a fortune bar.	1.2.0	94.19668010228406	171	60	43	7	kevlatus	kevlatus.de	MIT	2022-07-30T19:34:13.000Z	https://github.com/kevlatus/flutter_fortune_wheel
185	loading_more_list	A loading more list which supports ListView,GridView,WaterfallFlow and Slivers.	5.0.2	94.17500975165778	103	291	42	7	fluttercandies	fluttercandies.com	MIT	2022-08-17T11:39:50.000Z	https://github.com/fluttercandies/loading_more_list
186	select_dialog	Package designed to select an item from a list, with the option to filter and even search the items online.	2.0.0	94.17067568153253	75	63	34	9	davidsdearaujo		MIT	2022-01-05T01:35:12.000Z	https://github.com/davidsdearaujo/select_dialog
187	gradient_borders	Gradient borders for inputs and containers. Borders package integrated with a basic flutter widgets as a container and input decorations. Easy in use, platform independent.	0.2.0	94.16200754128202	34	6	5	1	obiwanzenobi	warwas.dev	MIT	2022-09-02T11:17:30.000Z	https://github.com/obiwanzenobi/gradient-borders
188	datadog_flutter_plugin	Flutter bindings and tools for utilizing Datadog Mobile SDks	1.1.1	94.15767347115677	17	17	12	7	DataDog	datadoghq.com	Apache-2.0	2022-12-16T21:24:54.000Z	https://github.com/DataDog/dd-sdk-flutter
189	measure_size	A widget that provides a callback that is triggered when its size changes	4.0.0	94.14033719065574	12	4	2	1	mhrst	qrl.app	MIT	2022-06-01T16:00:14.000Z	https://github.com/mhrst/measure_size
190	flutter_file_dialog	Dialogs for picking and saving files in Android and in iOS.	2.3.2	94.12733498027998	49	25	20	8	kineapps	kineapps.com	BSD-3-Clause	2022-11-04T13:28:42.000Z	https://github.com/kineapps/flutter_file_dialog
191	flutter_logs	An extensive filebased logging framework for flutter apps. (ELK Stack Supported)	2.1.10	94.08832834915269	66	29	14	32	umair13adil	umairadil.com	Apache-2.0	2022-11-23T08:55:30.000Z	https://github.com/umair13adil/flutter_logs
192	oauth2_client	Flutter library for interacting with OAuth2 servers, with classes for transparent authorized requests, secure OAuth token storage, automatic token refeshing.	3.0.0	94.07532613877693	133	73	78	48	teranetsrl	teranet.it	BSD-2-Clause	2022-11-08T04:30:00.000Z	https://github.com/teranetsrl/oauth2_client
193	webview_windows	A WebView2-powered webview implementation for the Windows platform.	0.2.2	94.06232392840116	127	123	63	47	jnschulze	jns.io	BSD-3-Clause	2022-11-26T11:49:29.000Z	https://github.com/jnschulze/flutter-webview-windows
194	network_image_mock	Utility for providing mocked Image.network response in Flutter widget tests.	2.1.1	94.04498764790014	37	21	12	6	stelynx	stelynx.com	BSD-3-Clause	2022-06-28T07:41:55.000Z	https://github.com/stelynx/network_image_mock
195	image_fade	A widget that displays a placeholder and optional progress indicator while an image loads, then cross-fades to the loaded image. Improves on FadeInImage. Compatible with CachedNetworkImageProvider.	0.6.1	93.98864473627184	38	26	9	5	gskinner	gskinner.com	BSD-2-Clause	2022-05-15T22:03:28.000Z	https://github.com/gskinner/image_fade
196	fake_cloud_firestore	Previously known as cloud_firestore_mocks. Fake implementation of Cloud Firestore. Use this package to unit test apps that use Cloud Firestore.	2.1.0	93.97997659602132	67	94	71	40	atn832	wafrat.com	BSD-2-Clause	2022-12-11T04:47:43.000Z	https://github.com/atn832/fake_cloud_firestore
197	flutter_firebase_chat_core	Actively maintained, community-driven Firebase BaaS for chat applications with an optional chat UI.	1.6.4	93.96697438564556	192	171	129	10	flyerhq	flyer.chat	Apache-2.0	2022-10-29T17:35:19.000Z	https://github.com/flyerhq/flutter_firebase_chat_core
198	amplify_authenticator	A prebuilt Sign In and Sign Up experience for the Amplify Auth category	0.2.4	93.91929961426776	20	1128	176	192	aws-amplify	aws-amplify.com	Apache-2.0	2022-12-17T00:16:28.000Z	https://github.com/aws-amplify/amplify-flutter
199	dart_vlc	Flutter audio / video playback, broadcast & recording library for Windows & Linux. Based on libvlc.	0.4.0	93.9149655441425	212	413	108	28	alexmercerind		LGPL-2.1	2022-12-01T03:01:49.000Z	https://github.com/alexmercerind/dart_vlc
200	flutter_animarker	Marker Geo-Animation solution for Google Maps.	3.2.0	93.91063147401725	128	51	34	31	gauris26	gaurisjavier.com	BSD-3-Clause	2022-12-05T13:26:31.000Z	https://github.com/gauris26/flutter_animarker
201	flutter_advanced_switch	An advanced switch control provides a rich API for widget customization that opens a new look and feel in your app.	3.0.1	93.88896112339098	82	13	3	0	alex-melnyk	alexmelnyk.io	BSD-3-Clause	2022-04-14T20:17:10.000Z	https://github.com/alex-melnyk/flutter_advanced_switch
202	unity_ads_plugin	Unity Ads plugin for Flutter Applications. This plugin is able to display Unity Banner Ads and Unity Video Ads.	0.3.7	93.83261821176266	104	23	11	14	pavelzaichyk	rebeloid.com	MIT	2022-10-16T09:16:25.000Z	https://github.com/pavelzaichyk/flutter_unity_ads
203	tap_debouncer	Tap debounce simplifying widget. Wrap your button widget in TapDebounce widget and any taps will be disabled while tap callback is in progress.	2.0.2	93.8196160013869	77	12	3	0	sla-000		MIT	2022-01-23T20:25:46.000Z	https://github.com/sla-000/flutter_debouncer
204	map	Lightweight Map widget for flutter supporting different projections including EPSG4326/Mercator/WGS1984.	1.3.5+1	93.8109478611364	251	100	23	1	xclud	pwa.ir	MIT	2022-12-08T14:37:34.000Z	https://github.com/xclud/flutter_map
205	appwrite	Appwrite is an open-source self-hosted backend server that abstract and simplify complex and repetitive development tasks behind a very simple REST API	8.1.0	93.76760715988385	356	255	64	20	appwrite	appwrite.io	BSD-3-Clause	2022-12-16T18:51:02.000Z	https://github.com/appwrite/sdk-for-flutter
206	time_range_picker	A time range picker for flutter. This widget let's you open a dialog to choose a timeframe with start and end time.	2.2.0	93.71559831838078	124	26	24	10	Chris1234567899		NOASSERTION	2022-07-02T15:38:20.000Z	https://github.com/Chris1234567899/flutter_time_range_picker
207	vrouter	A navigation package that makes navigation and routing easy on every platform. Built on top of Navigator 2.	1.2.1	93.69826203787977	298	195	23	29	lulupointu	vrouter.dev	MIT	2022-05-12T08:29:07.000Z	https://github.com/lulupointu/vrouter
208	background_location	A Flutter plugin to get location updates in the background for both Android and iOS. Uses CoreLocation for iOS and FusedLocationProvider for Android.	0.8.1	93.66358947687775	278	179	158	39	Almoullim	faultyapp.com	NOASSERTION	2022-11-15T13:25:55.000Z	https://github.com/Almoullim/background_location
209	text_scroll	TextScroll Flutter widget adds text auto-scrolling functionality (marquee text).	0.1.1	93.61158063537468	56	9	3	4	yurii-khi	yurii-khi.dev	MIT	2022-11-14T09:09:42.000Z	https://github.com/yurii-khi/text_scroll
210	cupertino_will_pop_scope	Enables 'onWillPop' callbacks on Cupertino page transitions and improves visual feedback of rejected "Swipe to go back" gestures.	1.2.1	93.57690807437264	38	16	9	0	benPesso	benpesso.com	MIT	2022-07-31T09:44:38.000Z	https://github.com/benPesso/flutter_cupertino_will_pop_scope
211	pusher_channels_flutter	Pusher Channels Flutter Plugin	2.1.0	93.56823993412213	54	57	40	7	pusher	pusher.com	MIT	2022-10-27T10:39:13.000Z	https://github.com/pusher/pusher-channels-flutter
212	blinking_text	A simple plugin to creating a blinking text. It allows to adjust duration of a blink and number of times text blinks before stopping.	1.0.2	93.56390586399688	23	0	1	2	androideen		MIT	2022-03-30T13:17:21.000Z	https://github.com/androideen/blinking_text
213	ua_client_hints	Provide User-Agent Client Hints to Flutter.	1.1.3	93.53356737312009	23	40	10	8	wasabeef	wasabeef.jp	MIT	2022-11-29T23:44:16.000Z	https://github.com/wasabeef/flutter_ua_client_hints
214	is_first_run	A simple package to check if it is the first time the app runs.	1.0.0	93.4945607419928	64	6	2	1	JulianAssmann		BSD-3-Clause	2022-07-20T17:58:55.000Z	https://github.com/JulianAssmann/flutter_is_first_run
215	charset_converter	Charset/encoding converter that uses underlying platform - no external dependencies	2.1.0	93.4858926017423	39	15	10	8	pr0gramista	pr0gramista.pl	BSD-3-Clause	2022-04-01T15:38:18.000Z	https://github.com/pr0gramista/charset_converter
216	flutter_acpcore	Official Adobe Experience Platform support for Flutter apps. The Mobile Core represents the core Adobe Experience Platform SDK that is required for every app implementation.	2.0.1	93.47722446149179	4	3	10	0	adobe	adobe.com	Apache-2.0	2022-01-26T23:50:26.000Z	https://github.com/adobe/flutter_acpcore
217	dismissible_page	Creates page that is dismissed by swipe gestures, with Hero style animations, Inspired by Facebook, Instagram stories.	0.7.3	93.45122004074025	294	75	26	2	Tkko	fman.ge	NOASSERTION	2022-10-10T17:59:57.000Z	https://github.com/Tkko/Flutter_dismissible_page
218	flutter_js	A Javascript engine to use with flutter. It uses Quickjs on Android and JavascriptCore on IOS	0.6.0	93.37754084861093	184	329	74	31	abner		MIT	2022-11-29T19:38:36.000Z	https://github.com/abner/flutter_js
219	flutter_acrylic	Window acrylic, mica & transparency effects for Flutter on Windows, macOS & Linux.	1.0.0+2	93.35587049798465	294	432	34	9	alexmercerind		MIT	2022-12-05T08:19:20.000Z	https://github.com/alexmercerind/flutter_acrylic
220	country_state_city_picker	A flutter package for showing a country, states, and cities. In addition it gives the possibility to select a list of favorites countries.	1.2.8	93.32986607723312	59	18	38	14	prof22		BSD-3-Clause	2022-11-18T06:20:39.000Z	https://github.com/prof22/country_state_city_picker
221	amplify_analytics_pinpoint	The Amplify Flutter Analytics category plugin using the AWS Pinpoint provider.	0.6.10	93.29085944610583	16	1128	176	192	aws-amplify	aws-amplify.com	Apache-2.0	2022-12-17T00:16:28.000Z	https://github.com/aws-amplify/amplify-flutter
222	flutter_acpanalytics	Official Adobe Experience Platform support for Flutter apps. The Analytics extension allows for integration with Adobe Analytics.	2.0.1	93.28652537598057	5	3	8	1	adobe	adobe.com	Apache-2.0	2022-09-14T15:50:17.000Z	https://github.com/adobe/flutter_acpanalytics
223	flutter_settings_screens	A Simple plugin to implement settings UI screens for your flutter apps. Customize what you want, From UI elements, behaviour or underlying storage library.	0.2.2+1	93.26052095522905	160	142	59	26	GAM3RG33K		MIT	2022-11-22T14:25:42.000Z	https://github.com/GAM3RG33K/flutter_settings_screens
224	firebase_auth_mocks	Fakes for Firebase Auth. Use this package with `google_sign_in_mocks` to write unit tests involving Firebase Authentication.	0.9.2	93.2475187448533	56	23	50	8	atn832	wafrat.com	BSD-2-Clause	2022-11-30T23:17:14.000Z	https://github.com/atn832/firebase_auth_mocks
225	webengage_flutter	WebEngage Flutter plugin.	1.2.1	93.22151432410176	9	4	17	7	WebEngage		NOASSERTION	2022-10-31T14:47:50.000Z	https://github.com/WebEngage/webengage-flutter
226	wiredash	Wiredash is an interactive user feedback tool for Flutter apps.	1.5.0	93.208512113726	208	404	45	34	wiredashio	wiredash.io	NOASSERTION	2022-11-22T10:39:36.000Z	https://github.com/wiredashio/wiredash-sdk
227	touchable	Flutter library to add various gesture callbacks to each Shape you draw on your canvas in your CustomPainter	1.0.2	93.19550990335024	178	188	51	23	nateshmbhat		MPL-2.0	2022-10-07T21:50:26.000Z	https://github.com/nateshmbhat/touchable
228	instabug_flutter	Instabug empowers mobile teams to monitor, prioritize, and debug  performance and stability issues throughout the app development lifecycle. 	11.5.0	93.18250769297447	32	148	38	6	Instabug	instabug.com	MIT	2022-12-15T15:15:39.000Z	https://github.com/Instabug/Instabug-Flutter
229	plaid_flutter	Plaid Link for Flutter. Integrates the native iOS, Android and Web SDKs.	3.0.0	93.13049885147142	58	45	30	6	jorgefspereira		MIT	2022-11-21T17:10:30.000Z	https://github.com/jorgefspereira/plaid_flutter
230	web_browser_detect	Flutter Web browser detection package. This package allows you to detect which browser and its version is in use.	2.0.3	93.1131625709704	10	5	1	2	tomaschyly	tomas-chyly.com	MIT	2022-06-02T05:55:06.000Z	https://github.com/tomaschyly/web_browser_detect
231	photo_gallery	A Flutter plugin that retrieves images and videos from mobile native gallery.	1.1.1	93.09149222034414	80	32	25	21	Firelands128		BSD-3-Clause	2022-12-08T17:05:55.000Z	https://github.com/Firelands128/photo_gallery
232	phosphor_flutter	Implementation of Phosphoricons for Flutter. 772 icons and counting. Thin, Light, Regular, Bold, Fill.	1.4.0	93.04815151909158	50	53	2	4	phosphor-icons	phosphoricons.com	MIT	2021-12-24T07:21:29.000Z	https://github.com/phosphor-icons/phosphor-flutter
233	braze_plugin	This is the Braze plugin for Flutter. Effective marketing automation is an essential part of successfully scaling and managing your business.	3.0.0	92.95280197633598	26	13	14	6	braze-inc	braze.com	NOASSERTION	2022-12-06T16:56:38.000Z	https://github.com/braze-inc/braze-flutter-sdk
234	draggable_widget	A flutter package which will help you to create a draggable widget that can be dragged around the screen.	2.0.0	92.94846790621072	78	31	17	2	adar2378	theadar.xyz	MIT	2021-08-12T06:09:31.000Z	https://github.com/adar2378/draggable_widget
235	decorated_icon	A lightweight, efficient icon widget that supports a list of shadow effects.	1.2.1	92.93546569583496	69	8	5	0	benPesso	benpesso.com	MIT	2021-07-04T06:35:38.000Z	https://github.com/benPesso/flutter_decorated_icon
236	http_proxy	http proxy plugin,get and set http proxy automatically.This package help you to use proxy tools.	1.2.1	92.90946127508343	23	8	12	4	wslaimin		MIT	2022-10-27T10:20:08.000Z	https://github.com/wslaimin/http_proxy
237	camera_camera	The easy plugin camera for your project, platforms Android and iOS.	2.0.2	92.90512720495818	149	95	79	29	gabuldev	gabul.dev	MIT	2022-10-09T02:35:47.000Z	https://github.com/gabuldev/camera_camera
238	form_builder_image_picker	Images picker field for FlutterFormBuilder. Get images from gallery or camera	3.1.0	92.86178650370563	41	22	44	8	flutter-form-builder-ecosystem	flutterformbuilderecosystem.com	BSD-3-Clause	2022-11-20T19:29:04.000Z	https://github.com/flutter-form-builder-ecosystem/form_builder_image_picker
239	material	Set of material design icons packed in a single ttf font file. Works on all platforms.	1.0.0+2	92.8357820829541	11	1	2	0	xclud		MIT	2021-05-25T20:29:52.000Z	https://github.com/xclud/flutter_material
240	another_stepper	A flutter package to create easily customizable Horizontal and Vertical stepper.	1.1.6	92.77943917132579	37	8	4	2	RajnishOnly		MIT	2022-11-14T14:54:04.000Z	https://github.com/BlackNoir1/another_stepper
241	flutter_libserialport	A simple wrapper around libserialport utilizing Flutter's build system to build and deploy the C-library for the target platform.	0.3.0	92.77077103107528	68	87	35	39	jpnurmi		MIT	2022-03-05T14:09:01.000Z	https://github.com/jpnurmi/flutter_libserialport
242	drop_down_list	A drop down list with single and multiple selection that will work with search.	0.0.4	92.74910068044902	141	47	15	3	Mindinventory	mindinventory.com	MIT	2022-12-14T16:42:18.000Z	https://github.com/Mindinventory/drop_down_list
243	easy_web_view	A super simple webview for Flutter Web, Mobile and Desktop	1.6.0	92.72309625969748	162	479	83	1	rodydavis	rodydavis.com	MIT	2022-06-06T06:25:06.000Z	https://github.com/rodydavis/plugins
244	slang_flutter	Flutter support for slang. This library provides helpful Flutter API.	3.6.0	92.68408962857019	2	183	18	8	Tienisto	tienisto.com	MIT	2022-12-17T01:03:43.000Z	https://github.com/Tienisto/slang
245	loading_gifs	Loading indicator GIFs. Material and Cupertino (Android and iOS) loading indicators in assorted sizes. Use as placeholders for loading remote image assets.	0.3.0	92.64074892731765	74	30	6	2	Codelessly	codelessly.com	0BSD	2021-03-04T22:54:25.000Z	https://github.com/Codelessly/FlutterLoadingGIFs
246	responsive_grid_list	A Flutter plugin to create responsive grid lists using ListView.builder() or SliverList with a SliverChildBuilderDelegate.	1.3.0	92.59307415593985	38	9	7	0	hauketoenjes	htoenjes.de	BSD-3-Clause	2022-09-07T13:32:13.000Z	https://github.com/hauketoenjes/responsive_grid_list
247	awesome_notifications_fcm	Awesome Notifications add-on plugin to send push notifications through Firebase Cloud Messaging, enabling all awesome notifications features.	0.7.4+1	92.58440601568934	42	7	7	7	rafaelsetragni	carda.me	NOASSERTION	2022-11-09T21:20:38.000Z	https://github.com/rafaelsetragni/awesome_notifications_fcm
248	cupertino_stepper	Stepper is a widget that displays progress through a sequence of steps. This is a Cupertino version of the stock Material Stepper in Flutter.	0.2.1	92.54106531443679	175	18	12	1	jpnurmi		BSD-3-Clause	2021-12-11T08:35:57.000Z	https://github.com/jpnurmi/cupertino_stepper
249	stream_chat_flutter_core	Stream Chat official Flutter SDK Core. Build your own chat experience using Dart and Flutter.	5.1.0	92.52372903393577	41	654	237	76	GetStream	getstream.io	NOASSERTION	2022-12-16T14:41:48.000Z	https://github.com/GetStream/stream-chat-flutter
250	system_theme	A plugin to get the current system theme info. Supports Android, Web and Windows	2.0.0	92.51506089368526	36	23	7	5	bdlukaa	bdlukaa.dev	BSD-3-Clause	2022-04-03T19:37:20.000Z	https://github.com/bdlukaa/system_theme
251	internet_connection_checker_plus	A pure Dart library that checks for internet by opening a socket to a list of specified addresses, each with individual port and timeout.	1.0.1	92.48472240280847	14	3	1	0	OutdatedGuy	outdatedguy.rocks	NOASSERTION	2022-06-22T22:12:43.000Z	https://github.com/OutdatedGuy/internet_connection_checker_plus
252	flutter_session_manager	Easy to use session wrapper that adds support to session storage and management in flutter.	1.0.3	92.45438391193169	12	2	0	0	edumigueis		MIT	2021-11-12T19:13:27.000Z	https://github.com/edumigueis/flutter_session_manager
253	expand_tap_area	Manually expand the tap area of a widget without changing its size or layout. Similar with the hitTest in iOS development.	1.1.1	92.45004984180643	32	35	5	2	malikwang	malikwang.com	MIT	2022-06-14T08:50:41.000Z	https://github.com/malikwang/expand_tap_area
254	jovial_svg	SVG - Robust rendering of Scalable Vector Graphic images, supporting a well-defined profile of SVG and a fast-loading binary storage format.	1.1.7	92.44571577168118	114	54	5	4	zathras	jovial.com	BSD-3-Clause	2022-12-03T19:17:10.000Z	https://github.com/zathras/jovial_svg
255	shrink_sidemenu	A Side Menu plugin for flutter and compatible with liquid ui.	2.0.0+2-null-safety	92.40670914055389	207	18	12	9	raj457036	stackorient.com	MIT	2022-09-30T06:19:04.000Z	https://github.com/raj457036/shrink_sidemenu_flutter
256	weekday_selector	A collection of Flutter widgets and classes to help you select weekdays in your apps. Perfect for recurring events, alarms.	1.1.0	92.40237507042865	91	37	9	3	smaho-engineering	smaho.dev	BSD-3-Clause	2022-10-30T18:48:05.000Z	https://github.com/smaho-engineering/weekday_selector
257	another_transformer_page_view	Yet another pageTransformer for flutter with null-safety support	2.0.1	92.3980410003034	31	3	4	2	juliansteenbakker	steenbakker.dev	MIT	2022-11-09T08:00:46.000Z	https://github.com/juliansteenbakker/another_transformer_page_view
258	collapsible_sidebar	A collapsible sidebar for Flutter apps implementing the Material Design.	2.0.3+2	92.3677025094266	269	121	46	14	DrunkOnBytes		Apache-2.0	2022-12-04T23:06:42.000Z	https://github.com/DrunkOnBytes/flutter_collapsible_sidebar
259	swipe	The easy way to detect swipe up, down, left and right in Flutter.	0.0.1	92.35470029905085	36	4	4	1	salkuadrat		MIT	2021-11-06T19:30:00.000Z	https://github.com/salkuadrat/swipe
260	firebase_core_desktop	Desktop implementation of firebase_core	1.0.2	92.32002773804881	37	284	35	18	invertase	invertase.io	NOASSERTION	2022-11-05T03:27:18.000Z	https://github.com/invertase/flutterfire_desktop
261	dynamic_themes	Allows you to specify a number of color themes for the user to choose from. Persits the selected theme across app restarts.	1.1.0	92.19867377454167	30	8	2	3	JulianAssmann		MIT	2022-01-08T17:06:10.000Z	https://github.com/JulianAssmann/flutter_dynamic_themes
262	ar_flutter_plugin	Flutter Plugin for creating (collaborative) Augmented Reality experiences - Supports ARKit for iOS and ARCore for Android devices.	0.7.3	92.19000563429117	212	215	118	61	CariusLars	lars.carius.io	MIT	2022-12-14T21:44:48.000Z	https://github.com/CariusLars/ar_flutter_plugin
263	map_picker	A lovely Flutter package for creating pin in map center and animate it with a map movement so the user can select his location.	0.0.3	92.1856715641659	96	16	11	4	akbarpulatov		MIT	2021-09-15T13:23:14.000Z	https://github.com/akbarpulatov/flutter_map_picker
264	awesome_bottom_bar	Awesome Bottom Bar	1.2.1	92.18133749404065	38	4	7	1	AppCheap	appcheap.io	BSD-3-Clause	2022-08-22T11:51:55.000Z	https://github.com/AppCheap/awesome_bottom_bar
265	ai_barcode	barcode,qrcode,scan,scanning,Barcode generation,Barcode scanning,qrcode,qrcode generation,qrcode creator	3.2.4	92.16833528366489	124	108	69	32	pdliuw		BSD-3-Clause	2022-10-12T16:42:15.000Z	https://github.com/pdliuw/ai_barcode
266	miniplayer	A lightweight flutter package to simplify the creation of a miniplayer.	1.0.1	92.1293286525376	246	80	47	10	peterscodee	peterscode.dev	MIT	2022-04-29T11:25:28.000Z	https://github.com/peterscodee/miniplayer
267	flutter_painter	A Flutter widget to draw scribbles, text, shapes and images on a background image or color	1.0.1	92.11199237203658	110	78	36	17	omarhurani		MIT	2022-10-27T19:17:57.000Z	https://github.com/omarhurani/flutter_painter
268	google_static_maps_controller	The package provides simple and declarative access to the Google Static Maps service.	1.0.0	92.08598795128505	39	15	6	1	gonuit	klyta.it	MIT	2022-04-07T17:25:32.000Z	https://github.com/gonuit/flutter_google_static_maps
269	smart_auth	Wrapper of Android SMS User Consent API, SMS Retriever API to read one time sms code, get/save/delete user phone number, OTP, OTC, sms autofill, android autofill	1.0.6	92.05564946040828	31	13	5	4	Tkko	fman.ge	MIT	2022-10-06T15:15:28.000Z	https://github.com/Tkko/flutter_smart_auth
270	lazy_load_indexed_stack	A package that extends IndexedStack to allow for lazy loading.	0.1.4	92.05131539028302	43	18	3	0	okaryo	okaryo.io	MIT	2022-06-14T11:05:24.000Z	https://github.com/okaryo/lazy_load_indexed_stack
271	datadog_tracking_http_client	A wrapping implementation of HttpClient for tracking resources with Datadog	1.1.0	92.03831317990725	3	17	12	7	DataDog	datadoghq.com	Apache-2.0	2022-12-16T21:24:54.000Z	https://github.com/DataDog/dd-sdk-flutter
272	ios_utsname_ext	Extension method for translation ios utsname to full product name.	2.2.0	92.02964503965674	14	4	0	0	stefandevo	stefandevo.dev	MIT	2022-11-04T17:19:48.000Z	https://github.com/stefandevo/flutter-ios-utsname-ext
273	painter	A simple widget to paint with your fingers. Supports setting a background color, undo and export to png!	2.0.0	92.02531096953149	161	132	62	15	EPNW	epnw.eu	NOASSERTION	2022-02-07T04:20:13.000Z	https://github.com/EPNW/painter
274	side_navigation	Provides Flutter navigation by using a sidemenu similar to Drawer or BottomNavigationBar.	1.0.4	92.00364061890521	82	11	6	1	jksevend		MIT	2022-11-05T11:19:01.000Z	https://github.com/jksevend/side_navigation
275	flutter_web_frame	Make Limit content size in Flutter Web/Desktop/PWA, Make your app that doesn't support responsiveness more focused on content	0.0.3	91.9863043384042	36	7	1	4	wisnuwiry		MIT	2022-05-18T06:07:57.000Z	https://github.com/wisnuwiry/flutter_web_frame
276	linkedin_login	Library for login with LinkedIn OAuth V2 service. This library helps you to implement authorization with LinkedIn OAuth API's.	2.2.1	91.93429549690114	43	34	35	4	d3xt3r2909		MIT	2022-11-18T11:25:29.000Z	https://github.com/d3xt3r2909/linkedin_login
277	animated_snack_bar	Easily show beautiful snack bars directly using overlays. Create custom snack bars and show them with awesome animations.	0.3.0	91.87361851514757	29	10	4	1	JulyWitch		GPL-3.0	2022-09-10T04:12:43.000Z	https://github.com/JulyWitch/animated_snack_bar
278	vs_scrollbar	Customizable ScrollBar that can be dragged for quick navigation supporting both Horizontal and Vertical list.	0.2.1	91.86495037489706	54	9	7	3	VickySalunkhe	vickysalunkhe.in	MIT	2021-06-27T06:41:34.000Z	https://github.com/VickySalunkhe/vs_scrollbar
279	is_lock_screen	Detects if device is in lock screen. Useful for determining whether app entered background due to locking screen or leaving app.	2.0.0	91.85628223464656	31	4	2	3	chihimng	chihimng.com	MIT	2021-04-07T16:55:54.000Z	https://github.com/chihimng/flutter_is_lock_screen
280	tab_container	Animated and customisable tab view widget. It's self-contained, so you can just pass in children and tabs, or also use a controller, change the tab side, add color(s), and more.	2.0.0	91.84761409439605	145	11	2	10	sourcemain	elew.dev	MIT	2022-12-18T02:31:51.000Z	https://github.com/sourcemain/tab_container
281	flutter_shimmer	it creating Shimmer effect that indicate a loading status, so instead of using ProgressBar or usual loader use Shimmer for a better design and user interface.	2.1.2	91.81727560351926	171	41	8	0	skaran921		NOASSERTION	2021-09-23T11:22:24.000Z	https://github.com/skaran921/flutter_shimmer
282	fast_contacts	A faster way of accessing device's contacts list	1.1.1	91.79560525289298	24	5	3	3	s0nerik	sonerik.dev	MIT	2022-07-13T18:40:12.000Z	https://github.com/s0nerik/fast_contacts
283	hashtagable	Widgets and functions to implement hashtag decorated text. Decorates the words which start with `#` like a Twitter.	2.1.0	91.76093269189096	125	27	35	19	santa112358	3tadev.work	MIT	2022-04-22T15:56:03.000Z	https://github.com/santa112358/hashtagable
284	get_time_ago	A Flutter package to convert and format `DateTime` object into `get_time_ago` format to get String like `10 seconds ago`, `a minute ago`, `7 hours ago`, etc.	1.1.8	91.73059420101417	59	17	13	2	nixrajput	nixlab.co.in	GPL-3.0	2022-11-29T21:55:35.000Z	https://github.com/nixrajput/get-time-ago
285	light_compressor	A powerful and easy-to-use video compression plugin for Flutter.	2.0.1	91.72192606076366	89	38	18	10	AbedElazizShe		MIT	2022-12-13T17:02:29.000Z	https://github.com/AbedElazizShe/light_compressor
286	material_color_generator	A package for generating a material color palette with HEX Color.	1.1.0	91.71325792051316	26	5	0	0	berkanaslan	berkanaslan.com	BSD-2-Clause	2022-12-16T08:46:38.000Z	https://github.com/berkanaslan/material-color-generator
287	model_viewer_plus	A Flutter widget for rendering interactive 3D models in the glTF and GLB formats.	1.4.0	91.67858535951112	74	30	24	20	omchiii		Unlicense	2022-12-08T08:43:11.000Z	https://github.com/omchiii/model_viewer_plus.dart
288	flutter_glow	complete and easy to use flutter glow ui kit that help you to create and use glow widgets. also you can create your own GlowTheme.	0.2.0	91.59623802713128	103	19	3	4	payam-zahedi	payamzahedi.com	BSD-3-Clause	2022-06-20T12:16:45.000Z	https://github.com/payam-zahedi/flutter-glow
289	rnd	Extension methods & helpers for Random, and a globally accessible instance. Ex. rnd(10), rnd.getItem(list), rnd.getBit(0.8).	0.2.0	91.57890174663027	8	19	4	1	gskinner	gskinner.com	BSD-2-Clause	2022-03-23T03:07:07.000Z	https://github.com/gskinner/dart_rnd
290	camerawesome	Easiest Flutter camera Plugin supporting capturing images, streaming images, video recording, switch sensors, autofocus, flash... on Android and iOS	0.3.3	91.55723139600398	377	482	68	25	Apparence-io	apparence.io	MIT	2022-12-16T16:17:52.000Z	https://github.com/Apparence-io/camera_awesome
291	flutter_xupdate	A Flutter plugin for XUpdate(Android Version Update Library).	2.0.3	91.5355610453777	57	232	65	7	xuexiangjys	xuexiangjys.club	Apache-2.0	2022-12-04T14:51:38.000Z	https://github.com/xuexiangjys/flutter_xupdate
292	reactive_multi_image_picker	Wrapper around multi_image_picker to use with reactive_forms	0.8.0	91.49655441425043	2	47	23	2	artflutter		MIT	2022-12-15T16:51:57.000Z	https://github.com/artflutter/reactive_forms_widgets
293	weather_icons	Flutter library for using erikflowers/weather-icons. An icon pack with over 200 weather themed icons.	3.0.0	91.47921813374941	63	12	6	9	worldturtlemedia		MIT	2022-12-09T18:25:46.000Z	https://github.com/worldturtlemedia/weather_icons
294	cupertino_list_tile	This is a Cupertino version of the stock Material ListTile in Flutter.	0.2.1	91.4315433623716	34	12	11	1	jpnurmi		BSD-3-Clause	2021-12-10T12:51:09.000Z	https://github.com/jpnurmi/cupertino_list_tile
295	status_change	Status Change Package	2.0.0	91.42720929224635	280	42	28	1	usamaaelgendy		NOASSERTION	2021-12-08T10:40:34.000Z	https://github.com/UsamaElgendy/status_change
296	baseflow_plugin_template	A template for plugin examples	2.1.1	91.37953452086855	1	3	1	1	Baseflow		MIT	2022-09-13T07:30:10.000Z	https://github.com/Baseflow/baseflow_plugin_template
297	flutter_bounceable	A simple, interactive and customizable on-tap bounce animation that can be wrapped on any widgets that you like.	1.0.3	91.37086638061804	106	16	1	2	MingSern		MIT	2022-07-25T07:21:53.000Z	https://github.com/MingSern/flutter_bounceable
298	particle_field	A Flutter Widget for adding high performance custom particle effects to your UI.	0.0.1+1	91.35786417024228	31	5	0	0	gskinner	gskinner.com	BSD-3-Clause	2022-09-19T20:33:58.000Z	https://github.com/gskinner/particle_field
299	ios_insecure_screen_detector	A flutter plugin to detect the screenshot and screen recording on iOS.	0.0.2	91.35353010011701	9	3	1	0	crackerli		BSD-3-Clause	2021-09-16T12:55:23.000Z	https://github.com/crackerli/flutter_ios_insecure_screen_detector
300	linear_progress_bar	Flutter and Dart advanced linear progress indicator like Native Android Progress Bar	1.1.0	91.34919602999176	22	1	0	0	Angopapo	angopapo.com	BSD-2-Clause	2022-03-03T14:36:03.000Z	https://github.com/Angopapo/linear_progress_bar
301	flutter_iconpicker	A Dialog for picking Icons in Flutter and use them anywhere. Can be used as a default Dialog or as a Adaptive Dialog.	3.2.2	91.3275256793655	81	91	56	2	Ahmadre	ahmadre.com	MIT	2022-11-01T17:59:33.000Z	https://github.com/Ahmadre/FlutterIconPicker
302	styled_divider	Divider widget with different line styles.	1.0.4	91.2408442768604	0	1	0	0	KevinVan720		MIT	2022-12-05T07:41:16.000Z	https://github.com/KevinVan720/styled_divider
303	multiple_localization	Support for multiple abr and messages localization files for intl package.	0.3.0	91.21483985610888	18	9	8	2	Innim	innim.ru	BSD-3-Clause	2022-03-10T12:46:08.000Z	https://github.com/Innim/flutter_multiple_localization
304	firebase_auth_desktop	Windows and Linux implementation of firebase_auth	1.0.2	91.20617171585836	46	284	35	18	invertase	invertase.io	NOASSERTION	2022-11-05T03:27:18.000Z	https://github.com/invertase/flutterfire_desktop
305	macos_ui	Flutter widgets and themes implementing the current macOS design language.	1.7.5	91.19750357560785	492	1115	94	35	GroovinChip	macosui.dev	MIT	2022-11-18T13:24:13.000Z	https://github.com/GroovinChip/macos_ui
306	paged_vertical_calendar	A simple paginated framework for implementing calendar based interfaces.	1.1.5	91.18883543535733	65	24	13	3	casvanluijtelaar	casvanluijtelaar.com	Apache-2.0	2022-10-21T08:08:11.000Z	https://github.com/casvanluijtelaar/paged_vertical_calendar
307	omni_datetime_picker	A datetime picker package with option to use a single datetime picker or a datetime range picker.	0.1.3	91.17583322498159	39	16	22	6	Type0N1	type0n1.com	MIT	2022-10-23T02:54:44.000Z	https://github.com/Type0N1/OmniDateTimePicker
308	flutter_web3	Web3 Ethereum, Etherjs and Wallet Connect wrapper for Flutter Web. Made especially for developing Dapp.	2.1.9	91.14549473410479	123	103	30	20	y-pakorn		NOASSERTION	2022-02-07T16:35:22.000Z	https://github.com/y-pakorn/flutter_web3
309	checkbox_formfield	This package contains checkbox widgets that can be used as FormField for Flutter beginners.	0.2.0	91.1368265938543	25	3	5	2	reidha		BSD-3-Clause	2022-01-02T10:09:55.000Z	https://github.com/reidha/checkbox_formfield
310	flutter_zoom_sdk	Zoom SDK from ZOOM ported to flutter as plugin with all necessary features and with Null Safety which is implementation by EvilRATT	1.1.0+4	91.13249252372904	68	36	65	35	evilrat	evilrattechnologies.com	BSD-3-Clause	2022-11-17T06:24:03.000Z	https://github.com/evilrat/flutter_zoom_sdk
311	flutter_dynamic_icon	A flutter plugin for dynamically changing app icon and app icon batch number	2.1.0	91.11082217310276	175	64	30	3	tastelessjolt		BSD-3-Clause	2022-12-07T02:17:06.000Z	https://github.com/tastelessjolt/flutter_dynamic_icon
312	draggable_home	Draggable is a library for adding a beautiful draggable home page	1.0.4	91.06748147185021	374	106	28	6	DevsOnFlutter		BSD-3-Clause	2022-10-22T16:46:00.000Z	https://github.com/4-alok/draggable_home
313	image_editor_plus	Image Editor Plugin with filters, drawing, text and emoji like stories.	0.1.7	91.06314740172496	96	44	25	5	hsbijarniya	ensorta.com	MIT	2022-11-15T07:52:57.000Z	https://github.com/hsbijarniya/image_editor_plus
314	firebase_pagination	A flutter package to paginate realtime database and firestore with realtime updates.	3.0.0	90.97646599921987	13	2	1	0	OutdatedGuy	outdatedguy.rocks	BSD-3-Clause	2022-11-19T16:17:53.000Z	https://github.com/OutdatedGuy/firebase_pagination
315	list_tile_switch	A simple yet elegant widget combines Material ListTile with custom and original Material and Cupertino switch implementations.	1.0.0	90.95046157846835	63	20	2	1	firatcetiner		MIT	2021-03-06T13:06:41.000Z	https://github.com/firatcetiner/list_tile_switch
316	flutter_reorderable_grid_view	Enables animated GridViews when updating children or when trying to reorder them by using drag and drop.	3.1.3	90.85077796558748	67	56	8	9	karvulf	karvulf.com	BSD-3-Clause	2022-11-12T18:49:09.000Z	https://github.com/karvulf/flutter-reorderable-grid-view
317	kartal	Kartal is an extension package for easy to use at app development time. You can access more features with primitive variables(context, string etc.).	2.7.0	90.83344168508647	128	61	21	1	VB10	vb10.dev	MIT	2022-11-27T16:28:48.000Z	https://github.com/VB10/kartal
318	flutter_map_tile_caching	Plugin for 'flutter_map' providing advanced caching functionality, with ability to download map regions for offline use.	6.2.0	90.80743726433494	58	67	28	4	JaffaKetchup	jaffaketchup.dev	GPL-3.0	2022-12-17T22:58:38.000Z	https://github.com/JaffaKetchup/flutter_map_tile_caching
319	drop_shadow	Add highly customizable drop shadow effect for any widgets in flutter	0.0.2+1	90.79010098383392	41	10	1	0	rei-codes	rei.codes	MIT	2022-11-12T20:00:30.000Z	https://github.com/iisprey/drop_shadow
320	dialog_flowtter	A Flutter implementation of DialogFlow improved. Get your chatbots ready in no time.	0.3.3	90.74242621245612	43	36	16	1	Deimos-Applications	deimos.app	MIT	2022-12-05T21:29:21.000Z	https://github.com/Deimos-Applications/dialog_flowtter
321	flutter_shake_animated	a new flutter shake animated project.	0.0.5	90.71208772157934	17	0	0	0	aiyakuaile		BSD-3-Clause	2022-01-30T14:40:29.000Z	https://github.com/aiyakuaile/flutter_shake_animated
322	find_dropdown	Simple and robust FindDropdown with item search feature, making it possible to use an offline item list or filtering URL for easy customization.	1.0.0	90.69475144107831	80	59	24	11	davidsdearaujo		MIT	2021-12-02T15:57:51.000Z	https://github.com/davidsdearaujo/find_dropdown
323	flutter_carousel_widget	A customizable carousel slider widget in Flutter which supports inifinte scrolling, auto scrolling, custom child widget, custom animations and built-in indicators.	2.0.0+1	90.69041737095306	33	7	2	2	nixrajput	nixlab.co.in	GPL-3.0	2022-12-16T17:52:01.000Z	https://github.com/nixrajput/flutter_carousel_widget
324	ferry_flutter	Flutter widgets for the Ferry GraphQL client	0.8.0	90.62540631907424	15	477	90	51	gql-dart	gql-dart.dev	MIT	2022-12-11T21:44:13.000Z	https://github.com/gql-dart/ferry
325	widget_mask	Use a widget to mask and blend another widget, for example to imprint text onto surfaces.	1.0.0+0	90.59506782819746	37	5	2	1	blaugold	gabriel.terwesten.net	MIT	2022-06-12T23:30:27.000Z	https://github.com/blaugold/widget_mask
326	stream_chat_persistence	Official Stream Chat Persistence library. Build your own chat experience using Dart and Flutter.	5.1.0	90.5907337580722	16	654	237	76	GetStream	getstream.io	NOASSERTION	2022-12-16T14:41:48.000Z	https://github.com/GetStream/stream-chat-flutter
327	form_builder_file_picker	FilePicker Field for flutter_form_builder package. Used to select files as part of form input.	2.3.0	90.55172712694491	24	11	22	7	flutter-form-builder-ecosystem	flutterformbuilderecosystem.com	BSD-3-Clause	2022-11-23T01:38:32.000Z	https://github.com/flutter-form-builder-ecosystem/form_builder_file_picker
328	flutter_tabler_icons	Tabler Icons for flutter using icons from https://github.com/tabler/tabler-icons by Csaba Kissi @csaba_kissi	1.1.2	90.4390413036883	40	4	1	3	bigbadbob2003	rob-b.co.uk	MIT	2022-11-04T14:12:35.000Z	https://github.com/bigbadbob2003/flutter_tabler_icons
329	cupertino_tabbar	A highly customisable and simple widget for having iOS 13 style tab bars.	2.0.0	90.41737095306202	61	98	24	2	aliyigitbireroglu	cosmossoftware.coffee	MIT	2021-05-04T11:10:58.000Z	https://github.com/aliyigitbireroglu/flutter-cupertino-tabbar
330	flutter_screen_wake	A Flutter plugin to manage the device's screen on Android and iOS.	1.0.2	90.40870281281151	22	2	4	2	erickhaendel		MIT	2021-08-12T01:02:07.000Z	https://github.com/erickhaendel/flutter_screen_wake
331	scrollable_list_tabview	A Flutter widget which syncronize a ScrollView and a custom tab view.	0.1.6	90.40436874268626	148	21	25	11	firatcetiner		MIT	2022-12-01T07:27:44.000Z	https://github.com/firatcetiner/scrollable_list_tabview
332	swipeable_tile	A package to dismiss with animated background. Also Swipe to tigger action without dismiss.	2.0.0+3	90.3523599011832	121	28	7	2	watery-desert	waterydesert.com	BSD-3-Clause	2022-12-14T11:16:19.000Z	https://github.com/watery-desert/swipeable_tile
333	svg_path_parser	A Flutter/Dart utility to parse an SVG path into a equivalent Path object from dart:ui library.	1.1.1	90.31768734018117	40	13	3	1	masterashu	masterashu.codes	MIT	2021-12-06T16:25:17.000Z	https://github.com/masterashu/svg_path_parser
334	container_tab_indicator	Build your own Tab indicator using familiar Container-like properties.	0.3.0	90.30901919993065	36	11	0	6	slovnicki	scipack.dev	MIT	2021-06-08T11:46:07.000Z	https://github.com/slovnicki/container_tab_indicator
335	language_picker	Language picker dropdown and dialog.	0.4.2	90.30468512980539	18	2	3	2	atn832	wafrat.com	MIT	2022-12-02T07:18:59.000Z	https://github.com/atn832/language_picker
336	art_sweetalert	A beautiful, responsive, customizable, accessible replacement, easy use for flutter popup boxes. Both supported ios and android.	0.0.5	90.29168291942963	31	3	2	3	hsndmr	hasandemir.org	MIT	2022-08-22T15:30:46.000Z	https://github.com/hsndmr/art_sweetalert
337	division	Simple to use yet powerfull style widgets with syntax inspired by CSS.	0.9.0	90.2266718675508	182	266	35	15	ReinBentdal		MIT	2022-06-26T13:31:55.000Z	https://github.com/ReinBentdal/division
338	loop_page_view	A simple Flutter PageView builder constructor wrapper that allows for endless scrolling on both directions.	1.2.0	90.20500151692454	43	16	9	12	wjuniorgit		BSD-2-Clause	2022-09-16T13:13:30.000Z	https://github.com/wjuniorgit/loop_page_view
339	data_tables	ListView on Mobile and Stateless Data Tables on Tablets and Desktops.	1.4.0	90.17899709617302	123	164	45	16	rodydavis	rodydavis.com	MIT	2022-12-08T01:18:17.000Z	https://github.com/rodydavis/data_tables
340	vimeo_video_player	A Video Player that support videos from Vimeo platform in Flutter. This Package allow us to play any videos from Vimeo by using its Vimeo Video Id.	0.0.6	90.14865860529623	40	26	15	3	Mindinventory	mindinventory.com	MIT	2022-11-10T09:12:21.000Z	https://github.com/Mindinventory/vimeo_video_player
341	stream_chat_localizations	The Official localizations for Stream Chat Flutter, a service for building chat applications	4.0.0	90.07931348329215	8	654	237	76	GetStream	getstream.io	NOASSERTION	2022-12-16T14:41:48.000Z	https://github.com/GetStream/stream-chat-flutter
342	ms_undraw	Updated UnDraw library. These illustrations are designed by Katerina Limpitsouni.	3.1.0+3	90.03163871191437	44	5	2	1	Marcus-Software	marcussoftware.info	MIT	2022-08-09T20:05:47.000Z	https://github.com/Marcus-Software/ms_undraw
343	action_slider	A slider to confirm actions and provide feedback on the success of these after subsequent loading.	0.6.1	90.00996836128809	72	10	1	0	SplashByte	splashbyte.dev	BSD-3-Clause	2022-12-09T01:02:39.000Z	https://github.com/SplashByte/action_slider
344	reactive_date_time_picker	Wrapper around showDatePicker and showTimePicker to work with reactive_forms	0.5.0	89.9709617301608	9	47	23	2	artflutter		MIT	2022-12-15T16:51:57.000Z	https://github.com/artflutter/reactive_forms_widgets
345	flutter_alarm_clock	A lightweight flutter package connecting android clock app intents.	0.0.2	89.96229358991027	43	12	4	5	mevljas		MIT	2021-12-22T21:26:59.000Z	https://github.com/mevljas/flutter_alarm_clock
346	bezier_chart	A beautiful bezier line chart widget for flutter that is highly interactive and configurable.	1.0.17+1	89.95795951978502	241	425	132	38	aeyrium	aeyrium.com	Apache-2.0	2021-07-29T00:46:25.000Z	https://github.com/aeyrium/bezier-chart
347	charts_painter	Highly customizable and extendable charts library for flutter made with custom painters	3.0.0	89.91895288865774	183	92	31	8	infinum	infinum.com	MIT	2022-11-16T08:54:07.000Z	https://github.com/infinum/flutter-charts
348	flutter_advanced_segment	An advanced segment widget, that can be fully customized with bunch of properties, just try it and enjoy!	3.0.1	89.87994625753045	70	19	8	0	alex-melnyk	alexmelnyk.io	BSD-3-Clause	2022-05-24T15:23:30.000Z	https://github.com/alex-melnyk/flutter_advanced_segment
349	flutter_acpuserprofile	Adobe Experience Platform User Profile support for Flutter apps.	2.0.1	89.86260997702942	0	3	6	0	adobe	adobe.com	Apache-2.0	2022-01-13T23:54:56.000Z	https://github.com/adobe/flutter-acpuserprofile
350	freerasp	Flutter library for improving app security and threat monitoring on Android and iOS mobile devices. Learn more about provided features on the freeRASP's homepage first.	3.0.2	89.85827590690417	137	62	3	6	talsec	talsec.app	MIT	2022-11-14T17:34:03.000Z	https://github.com/talsec/Free-RASP-Flutter
351	handy_window	This package enhances the looks of Flutter applications on Linux by providingmodern-looking Handy windows with rounded bottom corners.	0.1.9	89.85394183677892	15	16	4	1	ubuntu-flutter-community	canonical.com	MPL-2.0	2022-12-01T19:17:54.000Z	https://github.com/ubuntu-flutter-community/handy_window
352	image_downloader_web	A Flutter plugin for downloading images from URL to user's device. This plugin only works for Flutter web.	1.0.2	89.8279374160274	17	1	3	3	hrvojecukman		MIT	2022-10-19T09:50:51.000Z	https://github.com/hrvojecukman/image_downloader_web
353	speech_balloon	This is a flutter widget that generates a simple speech bubble. This widget can display simple speech bubbles and reproduce speech bubbles with a border.	0.0.4	89.76726043427382	30	1	1	0	s-tyd	s-tyd.com	MIT	2021-07-22T13:39:46.000Z	https://github.com/s-tyd/speech_balloon
354	image_sequence_animator	A simple widget for animating a set of images with full custom controls as an alternative to using a GIF file.	2.0.0	89.72825380314654	67	131	27	5	aliyigitbireroglu	cosmossoftware.coffee	MIT	2022-04-11T00:16:32.000Z	https://github.com/aliyigitbireroglu/flutter-image-sequence-animator
355	avatar_stack	Advanced and agile avatar stack with settings. It allows to place a lot of avatars or another widgets in small place.	1.1.2	89.67624496164348	69	11	1	0	cyrax111		BSD-3-Clause	2022-07-12T03:07:45.000Z	https://github.com/cyrax111/avatar_stack
356	credit_card_scanner	Fast, Accurate and Secure Credit & Debit card scanning library for flutter. This package is a fork of the original.	1.0.5	89.64157240064145	33	81	66	27	nateshmbhat		GPL-3.0	2021-05-29T23:53:21.000Z	https://github.com/nateshmbhat/card-scanner-flutter
357	platform_maps_flutter	A Flutter package that combines google_maps and apple_maps to provide a crossplatform native map implementation.	1.0.2	89.61990205001517	90	70	42	21	LuisThein	luisthein.de	BSD-2-Clause	2022-05-02T21:54:40.000Z	https://github.com/LuisThein/platform_maps_flutter
358	reorderable_grid	A full reorderable grid implementations similar to flutter's native reorderable list.	1.0.5	89.58089541888788	64	33	3	3	casvanluijtelaar	casvanluijtelaar.com	MIT	2022-11-04T11:42:29.000Z	https://github.com/casvanluijtelaar/reorderable_grid
359	bloc_provider	Provides bloc to descendant widget (O(1)), and the bloc is disposed appropriately by state which the bloc_provider holds internally.	1.0.0	89.55922506826161	24	115	18	4	mono0926	mono0926.com	MIT	2022-08-16T00:54:48.000Z	https://github.com/mono0926/bloc_provider
360	esys_flutter_share_plus	A Flutter plugin for sharing images & text with other applications. Fork by Innim	2.2.0	89.54622285788584	8	0	2	0	Innim	innim.ru	Apache-2.0	2022-08-12T11:58:41.000Z	https://github.com/Innim/esys-flutter-share
361	chucker_flutter	Chucker Flutter helps you inspect the HTTP(S) requests/responses. It stores data locally and provides a UI for inspecting network calls and sharing their content.	1.4.0	89.53755471763533	36	27	7	2	syedmurtaza108	syedmurtaza.site	MIT	2022-12-15T09:00:05.000Z	https://github.com/syedmurtaza108/chucker-flutter
362	flutter_fancy_tree_view	A highly customizable TreeView Widget for visualization of nested data in Flutter.	0.5.3+2	89.48987994625753	64	80	39	9	mbaumgartenbr		MIT	2022-12-16T20:42:08.000Z	https://github.com/mbaumgartenbr/flutter_tree_view
363	file_manager	FileManager is a wonderful widget that allows you to manage files and folders, pick files and folders, and do a lot more. Designed to feel like part of the Flutter framework.	1.0.1	89.4725436657565	91	49	12	12	DevsOnFlutter		BSD-3-Clause	2022-10-23T09:00:34.000Z	https://github.com/DevsOnFlutter/file_manager
364	page_view_dot_indicator	A simple and animated page view indicator in the form of dots, which you can customise color, size, space and duration.	2.0.1	89.44653924500498	31	10	6	2	douglasiacovelli		MIT	2022-08-22T22:28:55.000Z	https://github.com/douglasiacovelli/page_view_dot_indicator
365	hmssdk_flutter	The Flutter package for 100ms SDK. Video Conferencing infrastructure for a Video first world.	1.1.0	89.44220517487973	47	78	35	29	100mslive	100ms.live	MIT	2022-12-17T14:27:05.000Z	https://github.com/100mslive/100ms-flutter
366	float_column	Flutter FloatColumn widget for building a vertical column of widgets and text where the text wraps around floated widgets, similar to how CSS float works.	1.3.1	89.39019633337666	29	12	0	0	ronjb	ronbooth.com	MIT	2022-12-10T23:07:25.000Z	https://github.com/ronjb/float_column
367	pull_down_button	Cupertino styled Pull-Down Button from iOS 14 with great customisation options.	0.4.1	89.38586226325141	57	16	4	0	notDmDrl		MIT	2022-12-03T19:07:59.000Z	https://github.com/notDmDrl/pull_down_button
368	vertical_scrollable_tabview	A Flutter widget which syncronize a ScrollView and a custom tab view.	0.0.7	89.3685259827504	59	12	17	9	wayne900204		MIT	2022-06-29T02:42:32.000Z	https://github.com/wayne900204/vertical_scrollable_tabview
369	rudder_sdk_flutter	The RudderStack Flutter SDK allows you to track event data from your app. It can be easily integrated into your Flutter application. After integrating this SDK, you will also send the event data to your preferred analytics destination/s, such as Google Analytics, Amplitude, and more.	2.2.0	89.34252156199888	7	4	17	4	rudderlabs	rudderstack.com	MIT	2022-12-15T02:11:57.000Z	https://github.com/rudderlabs/rudder-sdk-flutter
370	pluto_menu_bar	A menu bar for flutter. You can add as many submenus as you want, and you can change the default style.	3.0.0	89.33818749187363	65	52	15	7	bosskmk	weblaze.dev	MIT	2022-11-30T06:54:57.000Z	https://github.com/bosskmk/pluto_menu_bar
371	form_builder_phone_field	International phone number field for FlutterFormBuilder package	1.3.0	89.3208512113726	23	3	1	9	flutter-form-builder-ecosystem	flutterformbuilderecosystem.com	BSD-3-Clause	2022-11-21T20:29:37.000Z	https://github.com/flutter-form-builder-ecosystem/form_builder_phone_field
372	flutter_locales	Easily localize your app to multiple languages	2.0.2	89.31651714124735	30	4	0	2	iampopal		MIT	2022-06-27T18:56:09.000Z	https://github.com/iampopal/flutter_locales
373	flutter_media_metadata	A Flutter plugin to read metadata of media files.	1.0.0+1	89.29484679062108	36	60	12	7	alexmercerind		MIT	2022-12-10T15:32:12.000Z	https://github.com/alexmercerind/flutter_media_metadata
374	flutter_gradient_colors	it's provide you more than 100 predefined Gradient Colors.	2.1.1	89.2818445802453	79	17	3	3	skaran921		NOASSERTION	2022-10-31T09:27:40.000Z	https://github.com/skaran921/flutter_gradient_colors
375	flutter_mapbox_navigation	Add Turn By Turn Navigation to Your Flutter Application Using MapBox. Never leave your app when you need to navigate your users to a location.	0.0.26	89.26450829974429	198	162	103	65	eopeter	dormmom.com	Apache-2.0	2022-11-13T16:05:39.000Z	https://github.com/eopeter/flutter_mapbox_navigation
376	firebase_installations	Firebase installations Flutter plugin	16.3.6	89.26017422961904	5	3	2	0	lidio601		MIT	2021-06-04T20:03:07.000Z	https://github.com/lidio601/flutter_installations
377	qlevar_router	A router that helps you to manage your project routes. Create nested routes. navigation without context between your pages.	1.7.1	89.22116759849175	110	66	16	12	SchabanBo	qlevar.de	MIT	2022-11-23T07:02:31.000Z	https://github.com/SchabanBo/qlevar_router
378	flutter_advanced_networkimage_2	An advanced image provider provides caching and retrying for flutter app. Now with zoomable widget and transition to image widget.	2.0.1	89.2168335283665	8	0	7	2	insinfo		MIT	2022-11-11T13:38:28.000Z	https://github.com/insinfo/flutter_advanced_networkimage
379	flutter_web_auth_2	Flutter plugin for authenticating a user with a web service.	2.0.3	89.17349282711395	22	17	12	9	ThexXTURBOXx	femtopedia.de	MIT	2022-12-13T11:34:44.000Z	https://github.com/ThexXTURBOXx/flutter_web_auth_2
380	serverpod_flutter	Flutter specific utilities for Serverpod.	0.9.21	89.14748840636241	0	970	71	76	serverpod		BSD-3-Clause	2022-12-17T16:30:47.000Z	https://github.com/serverpod/serverpod
381	flutter_file_view	A file viewer plugin for Flutter, support local file and network link of Android, iOS.	2.1.2	89.1388202661119	18	18	13	3	LiWenHui96		Apache-2.0	2022-11-01T01:19:21.000Z	https://github.com/LiWenHui96/flutter_file_view
382	typicons_flutter	Typicons pack with the code to support flutter, easy use, beautifully.	0.5.0	89.11714991548563	15	3	2	1	tvc12	4pet.social	MIT	2021-03-27T14:31:29.000Z	https://github.com/tvc12/typicons_flutter
383	get_phone_number	Get real phone number from device - It only works on android device and also need to run in a real device.	2.0.1	89.11281584536039	30	1	0	5	ssk-flutter		BSD-3-Clause	2021-05-23T20:59:46.000Z	https://github.com/ssk-flutter/get_phone_number
384	update_available	Know if there's any update for your Flutter app, based on published versions.	2.1.0	89.10414770510987	47	16	7	9	mateusfccp		MIT	2022-12-05T13:35:36.000Z	https://github.com/mateusfccp/update_available/tree/master/update_available
385	simple_time_range_picker	A simple time range picker for flutter	0.0.5	89.06947514410784	10	4	8	5	trashfeed	trashfeed.net	MIT	2022-08-07T03:30:18.000Z	https://github.com/trashfeed/simple_time_range_picker
386	unifiedpush	Push notifications with the provider chosen by the user.	4.0.3	88.99579595197851	7	15	9	10	UnifiedPush	unifiedpush.org	Apache-2.0	2022-11-29T23:14:09.000Z	https://github.com/UnifiedPush/flutter-connector
387	jitsi_meet_wrapper	A Flutter wrapper around the official JitsiMeetSDKs. With this package, you can launch Jitsi meetings in a native view.	0.0.5	88.98279374160273	20	11	25	25	saibotma		BSD-3-Clause	2022-12-16T03:07:06.000Z	https://github.com/saibotma/jitsi_meet_wrapper/tree/main/jitsi_meet_wrapper
388	webviewx_plus	A cross-platform webview using webview_flutter for mobile and iFrame for web.	0.3.2	88.96979153122697	12	4	1	2	Mahad61	lazyus.com	BSD-3-Clause	2022-09-23T19:16:46.000Z	https://github.com/Mahad61/webviewx_plus
389	top_modal_sheet	A simple top modal sheet implementation in pure dart.	2.0.1	88.95678932085121	15	5	8	1	Pilaba		BSD-2-Clause	2022-07-29T18:25:48.000Z	https://github.com/Pilaba/TopModalSheet
390	flutter_camera_overlay	A Flutter plugin to add common camera overlay components such as ID Card, Credit Card, Texts, prompts or custom components.	0.1.1	88.93945304035019	68	9	12	4	matwright	matwright.dev	MIT	2022-06-29T10:02:27.000Z	https://github.com/matwright/flutter_camera_overlay
391	bugsnag_flutter	Bugsnag crash monitoring and reporting tool for Flutter apps	2.4.0	88.93078490009968	7	5	5	3	bugsnag	bugsnag.com	MIT	2022-12-08T17:24:22.000Z	https://github.com/bugsnag/bugsnag-flutter
392	tiktoklikescroller	A vertical fullscreen scroll implementation that snaps in place, similar to the TikTok app	0.2.3	88.87877605859663	124	35	12	4	dmt195	davidtaylor.io	Apache-2.0	2022-06-29T17:01:37.000Z	https://github.com/dmt195/tiktok-flutter-plugin
393	pushy_flutter	The official Pushy SDK for Flutter apps.	2.0.12	88.83976942746934	14	19	13	0	pushy		Apache-2.0	2022-10-09T12:05:25.000Z	https://github.com/pushy/pushy-flutter
394	markdown_editable_textinput	A TextField Widget that allow you to convert easily what's in the TextField to Markdown.	2.1.0	88.83110128721883	116	56	30	9	playmoweb	playmoweb.com	BSD-3-Clause	2022-11-17T08:38:14.000Z	https://github.com/playmoweb/markdown-editable-textinput
395	lucide_icons	A Lucide icon library package for Flutter applications. Fork of Feather Icons, open for anyone to contribute icons.	0.104.0	88.82676721709358	30	2973	161	54	lucide-icons	lucide.dev	ISC	2022-12-13T17:42:51.000Z	https://github.com/lucide-icons/lucide
396	calendar_appbar	Flutter package for custom AppBar with full calendar view with many new features!	0.0.6	88.82243314696832	148	40	19	5	vpalcar		MIT	2022-06-10T10:14:54.000Z	https://github.com/vpalcar/calendar_appbar
397	resizable_widget	Enables users to resize the internal widgets by dragging. This package contains simple APIs, but if needed, you can customize ResizableWidget flexibly.	1.0.5	88.79209465609154	118	35	24	13	ibako	ibako-piyo.com	BSD-3-Clause	2022-07-08T19:01:53.000Z	https://github.com/ibako/resizable_widget
398	apple_maps_flutter	This plugin uses the Flutter platform view to display an Apple Maps widget.	1.2.0	88.77909244571576	35	48	45	14	LuisThein	luisthein.de	BSD-2-Clause	2022-12-02T18:40:39.000Z	https://github.com/LuisThein/apple_maps_flutter
399	in_app_notification	A Flutter package to show custom in-app notification with any Widgets.	1.1.2	88.77042430546527	108	18	6	1	cb-cloud	cb-cloud.com	MIT	2022-12-01T08:40:43.000Z	https://github.com/cb-cloud/flutter_in_app_notification
400	flutter_hooks_lint_plugin	a lint plugin for flutter_hooks	0.6.1	88.73575174446322	7	29	1	1	mj-hd		MIT	2022-11-03T21:36:14.000Z	https://github.com/mj-hd/flutter_hooks_lint_plugin
401	flutter_boxicons	Boxicons (https://boxicons.com) customization for Flutter. You can use 2K+ more Boxicons.	3.0.0	88.70541325358644	46	4	7	5	arifai		MIT	2021-07-07T00:24:25.000Z	https://github.com/arifai/flutter_boxicons
402	sliver_header_delegate	A flexible sliver header delegate that allows easily customize your SliverHeader	0.0.5	88.70107918346119	72	11	8	3	miroslava-podybailo		MIT	2022-11-01T03:43:58.000Z	https://github.com/miroslava-podybailo/flutter_sliver_header_delegate
403	gauges	A library for customizable gauges (radial gauges only for now).	1.0.0	88.6143977809561	35	11	9	4	JulianAssmann		MIT	2022-01-08T17:05:01.000Z	https://github.com/JulianAssmann/flutter_gauges
404	reactive_dropdown_search	Wrapper around searchable_dropdown to use with reactive_forms	0.12.0	88.49304381744896	6	47	23	2	artflutter		MIT	2022-12-15T16:51:57.000Z	https://github.com/artflutter/reactive_forms_widgets
405	spring_button	A simple widget for having child widgets that respond to gestures with a spring animation.	2.0.0	88.3846920643176	36	73	13	0	aliyigitbireroglu	cosmossoftware.coffee	MIT	2021-05-04T11:01:21.000Z	https://github.com/aliyigitbireroglu/flutter-spring-button
406	generic_bloc_provider	A generic BloC Provider for your Flutter apps. This package will help you avoid the boilerplate of writing BloC Providers.	2.1.1	88.36302171369132	22	26	6	1	robertohuertasm	robertohuertas.com	MIT	2022-02-14T09:54:59.000Z	https://github.com/robertohuertasm/generic_bloc_provider
407	flutter_calendar_week	Flutter calendar week UI package	3.0.0	88.34568543319031	32	67	26	5	mduccc		MIT	2022-09-12T17:00:44.000Z	https://github.com/mduccc/flutter_calendar_week
408	drift_sqflite	A Flutter-only implementation of a drift database, based on the `sqflite` package.	2.0.0	88.28500845143674	7	1797	237	103	simolus3	simonbinder.eu	MIT	2022-12-17T20:37:15.000Z	https://github.com/simolus3/drift
409	animated_segmented_tab_control	A customizable segmented control that can be used with a TabView.	1.0.1	88.27634031118623	32	11	9	8	LanarsInc		NOASSERTION	2022-11-08T02:00:54.000Z	https://github.com/LanarsInc/animated-segmented-tab-control
410	json_store	A Flutter storage solution somewhat similar to a browser's localStorage (but super powered)	2.0.0	88.26767217093573	36	8	8	1	fstof		BSD-2-Clause	2022-08-15T22:42:46.000Z	https://github.com/fstof/flutter_json_store
411	apivideo_live_stream	Flutter RTMP live stream client for your audio/video application. Made with ♥ by api.video.	1.0.7	88.23733368005894	34	20	11	7	apivideo	api.video	MIT	2022-11-16T15:18:14.000Z	https://github.com/apivideo/api.video-flutter-live-stream
412	alphabet_scroll_view	A Scrollable ListView Widget with the dynamic vertical Alphabet List which you can drag and tap to scroll to the first item starting with that letter.	0.3.2	88.21132925930742	68	20	9	9	maheshmnj	maheshjamdade.com	MIT	2022-10-08T03:19:19.000Z	https://github.com/maheshmnj/alphabet_scroll_view
413	json_editor	A json editor on flutter.	0.0.8	88.20699518918215	19	12	8	4	youngchan1988	dev.apptoy.cc	BSD-3-Clause	2022-05-25T08:22:49.000Z	https://github.com/youngchan1988/json_editor
414	interval_time_picker	A variant of the default Flutter Time Picker in which you can pick intervals.	2.0.0+5	88.12031378667707	14	2	11	0	Fleximex	fleximex.com	MIT	2022-09-01T19:57:30.000Z	https://github.com/Fleximex/interval_time_picker
415	antdesign_icons	AntDesign Icons implementation for dart projects.	0.0.3	88.07263901529927	9	4	0	1	elkhayder		MIT	2021-04-27T01:12:50.000Z	https://github.com/elkhayder/anticons
416	selectable	A Flutter widget that enables text selection over all the text widgets it contains.	0.2.8	88.06830494517402	30	9	4	5	ronjb	ronbooth.com	MIT	2022-12-11T02:16:12.000Z	https://github.com/ronjb/selectable
417	zego_uikit_prebuilt_call	PrebuiltCall is a full-featured call kit that provides a ready-made call invitation, voice/video chat, device detection, etc. Add a voice/video call to your app in minutes.	1.2.14	88.04663459454774	5	1	3	0	ZEGOCLOUD	zegocloud.com	MIT	2022-12-13T03:23:32.000Z	https://github.com/ZEGOCLOUD/zego_uikit_prebuilt_call_flutter
418	sliding_clipped_nav_bar	Bottom Navigation Bar with sliding menu icon and text with clipping effect, it also has ripple effect when tapped.	3.1.0+4	88.04230052442249	177	55	9	0	watery-desert	waterydesert.com	BSD-3-Clause	2022-12-14T11:08:30.000Z	https://github.com/watery-desert/sliding_clipped_nav_bar
419	app_popup_menu	A more modular popup menu.	1.0.0	88.02496424392146	31	9	2	1	AndriousSolutions		NOASSERTION	2022-11-04T16:16:11.000Z	https://github.com/AndriousSolutions/app_popup_menu
420	icons_plus	A collection of popular icon packs is available in icons_plus. Such as bootstrap, font awesome, eva icons, line awesome, ionicons, and many more.	3.0.0	88.0119620335457	77	12	2	1	chouhan-rahul	rahulchouhan.me	MIT	2022-09-03T14:28:00.000Z	https://github.com/chouhan-rahul/icons_plus
421	flavor	An easy way to configure flavor settings and displaying flavor banner.	2.0.0	87.97728947254366	44	12	4	1	stefandevo	stefandevo.dev	MIT	2021-09-28T09:46:59.000Z	https://github.com/stefandevo/flutter-flavor
422	easy_table	A full customized data table that builds the cells on demand. Focused on Web/Desktop Applications. Bidirectional scroll bars.	2.2.0	87.96862133229317	45	19	5	9	caduandrade	caduandrade.net	MIT	2022-12-17T23:48:03.000Z	https://github.com/caduandrade/easy_table_flutter
423	cr_calendar	Awesome calendar with customizations, range picking and event showing.	1.0.0+1	87.95995319204265	60	17	14	2	Cleveroad	cleveroad.com	MIT	2022-11-17T11:47:30.000Z	https://github.com/Cleveroad/cr_calendar
424	quickblox_sdk	Quickblox includes everything that brings messaging right into your application - chat, video calling, users, push notifications, etc.	0.11.0	87.95128505179214	44	6	0	24	QuickBlox		NOASSERTION	2022-09-30T13:13:32.000Z	https://github.com/QuickBlox/quickblox-flutter-sdk
425	md5_file_checksum	Flutter plugin to calculate a file checksum as MD5 hash, using a platform native implementation.	1.0.4	87.89927621028907	5	3	1	2	albemala	albemala.me	MIT	2022-10-01T14:19:32.000Z	https://github.com/albemala/md5_file_checksum
426	flutter_update_dialog	A beautiful application version update dialog for flutter.You can customize your own version update pop-up window!	2.0.0	87.86026957916178	44	32	10	2	xuexiangjys	xuexiangjys.club	Apache-2.0	2022-12-04T15:20:44.000Z	https://github.com/xuexiangjys/flutter_update_dialog
427	auto_start_flutter	The plugin redirects the user to auto-start permission screen to allow auto-start and fix background problems in some phones.	0.1.1	87.83426515841026	22	4	5	3	seena98	techflow.ir	BSD-2-Clause	2022-11-02T09:41:57.000Z	https://github.com/seena98/auto_start_flutter
428	flutter_mdns_plugin	Flutter mDNS plugin	0.0.3	87.82993108828501	4	46	37	10	terrabythia		MIT	2022-01-07T15:53:00.000Z	https://github.com/terrabythia/flutter_mdns_plugin
429	icon_decoration	Add decoration capabilities for the Icon widget with shadows, borders, gradients.	1.0.1	87.76925410653145	68	23	0	0	TesteurManiak	rouxguillau.me	BSD-2-Clause	2022-03-11T08:59:36.000Z	https://github.com/TesteurManiak/icon_decoration
430	ensure_visible_when_focused	A handy Flutter widget to scroll to a certain widget every time this widget gains Focus.	1.1.1	87.71291119490313	22	9	3	1	rodrigobastosv	rodrigobastos.dev	MIT	2022-09-05T12:14:44.000Z	https://github.com/rodrigobastosv/ensure_visible_when_focused
431	youtube_api	YouTubeAPI is a plugin which directly interacts with YouTube server. Supports Searching video and playlist.	1.0.4	87.67823863390109	67	48	42	16	nstack-in	nstack.in	Apache-2.0	2021-11-09T07:03:17.000Z	https://github.com/nstack-in/youtube_api
432	horizontal_blocked_scroll_physics	A ScrollPhysics class that blocks movement in the horizontal axis.	4.0.1	87.63489793264854	23	10	3	0	koa-health	koahealth.tech	MIT	2022-03-07T08:05:10.000Z	https://github.com/Alpha-health/horizontal_blocked_scroll_physics
433	whatsapp	A top package for whatsapp business api send messages, product, media, location through flutter app.	2.0.0	87.61322758202228	78	7	4	2	rohit-chouhan	rohitchouhan.com	MIT	2022-10-09T04:02:05.000Z	https://github.com/rohit-chouhan/whatsapp
434	onboarding_overlay	Flexible to control Onboarding overlay with or without target element (fork from onboard_overlay)	3.1.2	87.60022537164652	208	31	10	3	talamaska		MIT	2022-11-17T13:46:34.000Z	https://github.com/talamaska/onboarding_overlay
435	pspdfkit_flutter	A Flutter plugin providing a feature-rich PDF viewing and editing experience to your users with the powerful PSPDFKit PDF SDK.	3.4.1	87.5525506002687	34	73	26	6	PSPDFKit	pspdfkit.com	NOASSERTION	2022-11-18T13:01:40.000Z	https://github.com/PSPDFKit/pspdfkit-flutter
436	avoid_keyboard	This package enables convenient keyboard avoidance. It can be used to enable keyboard avoidance for specific view regions, without compressing the entire view.	0.3.0	87.53954838989296	15	1	0	0	HornMichaelS		MIT	2021-06-10T23:56:37.000Z	https://github.com/HornMichaelS/flutter_avoid_keyboard
437	adapty_flutter	Adapty SDK is an open-source framework that makes implementing in-app subscriptions in Flutter applications fast and easy. It’s 100% open-source and lightweight.	2.2.1	87.51354396914141	37	46	7	2	adaptyteam	adapty.io	MIT	2022-12-16T09:39:09.000Z	https://github.com/adaptyteam/AdaptySDK-Flutter
438	qr_code_utils	Flutter plugin that provides tools for dealing with QR code. For now, just read.	0.0.1	87.49620768864041	1	0	0	1	atech-dev		MIT	2022-05-14T20:00:41.000Z	https://github.com/atech-dev/qr_code_utils/tree/main/qr_code_utils
439	flutter_zxing	A barcode scanner and generator natively in Flutter with Dart FFI based on ZXing.	0.8.5	87.47453733801413	29	32	12	8	khoren93		MIT	2022-12-17T07:34:15.000Z	https://github.com/khoren93/flutter_zxing
440	cunning_document_scanner	A document scanner plugin for flutter. Scan and crop automatically on iOS and Android.	1.1.2	87.46153512763837	50	17	12	1	jachzen	cunning.biz	MIT	2022-11-08T12:26:14.000Z	https://github.com/jachzen/cunning_document_scanner
441	bottom_sheet_bar	A toolbar that aligns to the bottom of a widget and expands into a bottom sheet.	2.3.8	87.42686256663633	51	9	2	3	mhrst	qrl.app	MIT	2022-10-18T15:06:35.000Z	https://github.com/mhrst/bottom_sheet_bar
442	morphable_shape	A Flutter package for creating various shapes that are responsive and can morph betweem each other.	1.6.4	87.33151302388073	113	35	5	0	KevinVan720	wenkaifan.com	MIT	2022-09-05T13:48:35.000Z	https://github.com/KevinVan720/morphable_shape
443	mixpanel_analytics	A dart wrapper on the mixpanel REST API to be used in Flutter applications. As this is using the http REST API it works both with Android and iOS.	2.1.1	87.31417674337972	17	18	22	3	koa-health	koahealth.tech	MIT	2021-07-12T20:02:40.000Z	https://github.com/Alpha-health/mixpanel_analytics
444	ably_flutter	A wrapper around Ably's Cocoa and Java client library SDKs, providing iOS and Android support.	1.2.15	87.29250639275344	22	46	14	62	ably	ably.com	Apache-2.0	2022-12-13T18:41:49.000Z	https://github.com/ably/ably-flutter
445	star_menu	Contextual popup menu with different shapes and multiple ways to fine-tune animation and position. The menu entries can be almost any kind of widgets.	3.1.0+1	87.2578338317514	103	27	9	2	alnitak	marcobavagnoli.com	MIT	2022-12-12T17:15:50.000Z	https://github.com/alnitak/flutter_star_menu
446	brightness_volume	Adjust the volume and brightness	1.0.3	87.25349976162614	7	3	2	5	tion126		MIT	2021-05-26T07:03:53.000Z	https://github.com/tion126/brightness_volume
447	fluid_bottom_nav_bar	A beautiful bottom navigation with a fluid animation. Bar color, icons and animation speed are fully customizable.	1.4.0	87.15381614874529	136	24	23	13	eric-taix		MIT	2022-11-21T16:02:57.000Z	https://github.com/eric-taix/fluid-nav-bar
448	datepicker_dropdown	A Dropdown Date picker for Flutter with customizable options.	0.0.7+2	87.12781172799376	14	3	5	2	Robertrobinson777	robertrobinson.in	MIT	2022-09-01T13:55:20.000Z	https://github.com/Robertrobinson777/dropdown_date_picker
449	prefs	A Library Package that utilizes the plugin, shared_preferences, to store and read an app’s preferences in both the Android and the iOS platform.	4.0.0	87.11914358774325	13	8	3	0	AndriousSolutions	andrioussolutions.com	NOASSERTION	2022-12-02T22:38:18.000Z	https://github.com/AndriousSolutions/prefs
450	background_app_bar	A background app bar plugin, use this plugin if you want to preserve background of sliver app bar when scrolling,	2.0.1	87.09747323711697	34	10	7	1	LeonColt		MIT	2022-03-19T19:57:03.000Z	https://github.com/LeonColt/background_app_bar
451	loading_overlay_pro	A new Flutter project with a simple widget wrapper set of loading animations for Flutter projects.	2.1.1	87.09313916699172	28	2	0	0	HVLoc		MIT	2021-03-23T07:51:34.000Z	https://github.com/HVLoc/loading_overlay_pro
452	vcard_maintained	A dart port of vCard JS by Eric J Nesser. Create vCards to import contacts into Outlook, iOS, Mac OS, and Android devices from your website or mobile application.	0.0.1+1	87.08013695661596	5	8	15	10	valerycolong	quds.cc	MIT	2021-10-27T09:07:00.000Z	https://github.com/valerycolong/vcard
453	water_drop_nav_bar	Bottom navigation bar, it has unique water drop effect. When water droplet falls it marks seleted item.	2.2.0+5	87.04979846573919	177	34	5	1	watery-desert	waterydesert.com	BSD-3-Clause	2022-12-14T11:12:35.000Z	https://github.com/watery-desert/water_drop_nav_bar
454	contactus	contactus is the package which helps the developers to add their contact information with ease.Developers can add many important details such as website, email, phone number, etc.	1.2.0	87.04113032548867	52	19	12	0	AbhishekDoshi26		MIT	2021-11-24T11:47:56.000Z	https://github.com/AbhishekDoshi26/contactus
455	skeleton_animation	Display skeleton animations in your app. It works on android, iOS and the web.	0.1.4	87.00645776448664	24	4	1	0	wjtje	wjtje.dev	MIT	2021-05-16T09:48:41.000Z	https://github.com/wjtje/flutter-skeleton-animation
456	salesiq_mobilisten	Mobilisten enables you to give your users the best in-app live chat experience. Mobilisten provides drop-in in-app chat and knowledge base.	1.0.4	86.97611927360984	13	9	5	8	zoho	zoho.com	MIT	2022-12-08T15:54:42.000Z	https://github.com/zoho/salesiq-mobilisten-flutter
457	shared_storage	Flutter plugin to work with external storage and privacy-friendly APIs.	0.7.0	86.95878299310883	26	30	11	13	alexrintt	alexrintt.io	MIT	2022-11-19T03:40:15.000Z	https://github.com/alexrintt/shared-storage
458	image_cropping	This package helps you to crop image with ratio and free scale.	0.0.13	86.87210159060373	72	40	14	1	Mindinventory	mindinventory.com	MIT	2022-09-01T07:14:05.000Z	https://github.com/Mindinventory/image_cropping
459	hive_test	Initialize a temporary Hive database for testing	1.0.1	86.86776752047848	4	4	1	1	netsells		MIT	2021-05-11T10:03:48.000Z	https://github.com/netsells/hive_test
460	mrx_charts	Simple, high-performance Flutter charts with beautiful animations.	0.1.3	86.78542018809864	74	54	7	3	merixstudio	merixstudio.com	MIT	2022-12-01T18:16:54.000Z	https://github.com/merixstudio/mrx-flutter-charts
461	bonfire	(RPG maker) Create RPG-style or similar games more simply with Flame.	2.11.9	86.77675204784813	275	780	118	4	RafaelBarbosatec		MIT	2022-12-15T11:51:02.000Z	https://github.com/RafaelBarbosatec/bonfire
462	flutter_expandable_table	A Flutter widget for create an expandable table with header and first column fixed.	1.1.1	86.74641355697135	58	15	14	3	rickypid	rcprogrammer.net	BSD-3-Clause	2022-08-01T15:45:46.000Z	https://github.com/rickypid/flutter_expandable_table
463	perfect_freehand	Draw perfect pressure-sensitive freehand lines. A set of functions for turning input points into a polygon of outline points.	1.0.4	86.73774541672084	108	184	25	4	steveruizok		MIT	2022-07-14T06:01:25.000Z	https://github.com/steveruizok/perfect-freehand-dart
464	alert	A Flutter plugin for showing native alert dialog in IOS and Toast messages in Android.	2.0.1	86.655398084341	18	1	4	0	Oleksandr32		MIT	2021-05-25T19:50:37.000Z	https://github.com/Oleksandr32/flutter-alert
465	input_history_text_field	A input_history_text_field widget is automatically saved and suggest as you type.	0.2.0	86.60338924283795	44	8	4	4	trashfeed	trashfeed.net	MIT	2022-09-03T03:05:07.000Z	https://github.com/trashfeed/input_history_text_field
466	flutter_star	You can create a star easily and decide how many angle or color of the star, even the fat and progress of the star.	1.2.0	86.57738482208643	11	20	2	0	toly1994328	toly1994.com	NOASSERTION	2020-02-23T02:34:32.000Z	https://github.com/toly1994328/flutter_star
467	signalr_flutter	A flutter plugin for .net SignalR client. This client is for ASP.Net SignalR, not for .Net Core SignalR.	0.2.0	86.56438261171066	56	16	15	14	AS-Devs		MIT	2022-11-21T12:23:46.000Z	https://github.com/AS-Devs/signalr_flutter
468	quds_popup_menu	A new way to show advanced popup menu in Flutter, the package is a part of quds_ui_kit package.	0.0.1+1	86.5513804013349	55	18	11	2	MohammedAsaadAsaad	quds.cc	MIT	2022-05-03T07:57:51.000Z	https://github.com/MohammedAsaadAsaad/quds_ui_kit
469	reactive_phone_form_field	Wrapper around phone_form_field to use with reactive_forms	0.10.0	86.54271226108439	6	47	23	2	artflutter		MIT	2022-12-15T16:51:57.000Z	https://github.com/artflutter/reactive_forms_widgets
470	geocoder_buddy	Forward, Reverse geocoding and Search Address without any apikey.	1.0.1	86.53837819095914	15	2	4	4	flutterbuddy1	flutterbuddy.in	MIT	2022-11-20T16:56:40.000Z	https://github.com/flutterbuddy1/geocoder_buddy
471	very_good_infinite_list	A library for easily displaying paginated data, created by Very Good Ventures. Great for activity feeds, news feeds, and more.	0.7.0	86.52104191045811	132	102	14	3	VeryGoodOpenSource	verygood.ventures	MIT	2022-11-28T18:02:53.000Z	https://github.com/VeryGoodOpenSource/very_good_infinite_list
472	flutter_widgetkit	Flutter library for iOS Widgets Extensions. Integrate a Widget into your App	1.0.3	86.51670784033286	38	224	20	5	fasky-software		MIT	2021-03-22T09:10:11.000Z	https://github.com/fasky-software/flutter_widgetkit
473	flutter_sensors	A flutter plugin to access the available sensors of the device.	1.0.1	86.5037056299571	28	28	26	14	LJaraCastillo		MIT	2022-02-23T13:22:29.000Z	https://github.com/LJaraCastillo/native_video_view
474	msh_checkbox	An animated checkbox, inspired by BEMCheckbox for iOS, using an API similar to Flutter's own Checkbox.	2.0.0	86.49070341958132	13	4	3	0	HornMichaelS		MIT	2022-12-14T18:52:36.000Z	https://github.com/HornMichaelS/msh_checkbox
475	statusbarz	A Flutter package for dynamically changing status bar color based on the background. Works with static colors and images.	1.0.12	86.48636934945607	38	6	2	0	Mapventure	mankeli.co	MIT	2022-10-20T11:18:02.000Z	https://github.com/Mapventure/statusbarz
476	fancy_password_field	A highly customizable password control input widget. It has features such as password strenght and rules validation	2.0.0	86.45169678845403	43	12	5	0	rodrigobastosv	rodrigobastos.dev	MIT	2022-10-13T13:25:35.000Z	https://github.com/rodrigobastosv/fancy_password_field
477	webcrypto	Cross-platform implementation of Web Cryptography APIs for Flutter.	0.5.3	86.39968794695099	51	56	30	14	google	google.dev	Apache-2.0	2022-11-02T14:39:32.000Z	https://github.com/google/webcrypto.dart
478	animated_notch_bottom_bar	This package helps you to achieve animated notch bottom navigation bar with any widget as children.	0.0.6	86.37801759632471	62	32	3	1	Mindinventory	mindinventory.com	MIT	2022-10-18T12:06:25.000Z	https://github.com/Mindinventory/animated_notch_bottom_bar
479	survey_kit	Create beautiful surveys with Flutter (inspired by iOS ResearchKit Surveys)	0.1.1	86.36934945607419	69	89	50	10	QuickBirdEng	quickbirdstudios.com	MIT	2022-12-15T12:56:25.000Z	https://github.com/quickbirdstudios/survey_kit
480	iso_countries	A plugin for fetching ISOCountries data from device OS. Name of countries can be obtained in different languages.	2.1.0	86.33901096519742	14	4	12	2	anoop4real		MIT	2022-01-13T16:19:36.000Z	https://github.com/anoop4real/flutter_iso_countries
481	matomo_tracker	A fully cross-platform wrap of the Matomo tracking client for Flutter, using the Matomo API.	2.0.0	86.30433840419538	18	11	8	0	Floating-Dartists	floating-dartists.dev	MIT	2022-12-02T16:13:09.000Z	https://github.com/Floating-Dartists/matomo-tracker
482	google_sign_in_mocks	Mocks for Google Sign In. Use this package with `firebase_auth_mocks` to write unit tests involving Firebase Authentication.	0.2.1	86.28700212369435	17	6	9	4	atn832	wafrat.com	BSD-2-Clause	2022-08-20T09:17:39.000Z	https://github.com/atn832/google_sign_in_mocks
483	flutter_custom_cards	Flutter Custom Cards help developers to create beautiful custom cards and 3D cards with flutter.	0.2.1	86.2739999133186	12	2	0	0	pktintali	studentmitra.in	MIT	2021-11-21T05:31:04.000Z	https://github.com/pktintali/flutter_custom_cards
484	scribble	Scribble is a lightweight library for freehand drawing in Flutter supporting pressure, variable line width and more!	0.9.1	86.25232956269232	106	73	18	9	fyzo-dev	fyzio.de	MIT	2022-12-02T11:21:07.000Z	https://github.com/timcreatedit/scribble
485	stream_feed_flutter_core	Stream Feed official Flutter SDK Core. Build your own feed experience using Dart and Flutter.	0.8.0	86.20898886143978	10	67	25	31	GetStream	getstream.io	NOASSERTION	2022-11-15T01:27:16.000Z	https://github.com/GetStream/stream-feed-flutter
486	info_popup	The simple way to show the user some information on your selected widget.	2.4.6	86.20032072118927	36	9	1	0	SalihCanBinboga	salihcan.dev	MIT	2022-11-22T13:29:29.000Z	https://github.com/salihcanbinboga/info_popup
487	patrol	Simple yet powerful Flutter-native UI testing framework eliminating limitations of flutter_test, integration_test, and flutter_driver.	0.10.3	86.17865037056299	132	250	22	83	leancodepl	leancode.co	Apache-2.0	2022-12-17T23:28:09.000Z	https://github.com/leancodepl/patrol
488	animated_card	Package to animate the initialization of any widget, with the possibility of using a custom dismissible.	2.0.0	86.16131409006198	58	15	3	1	davidsdearaujo		MIT	2021-04-16T19:55:32.000Z	https://github.com/davidsdearaujo/animated_card
489	camcode	A camera barcode scanner for Flutter Web using your favorite Javascript library	3.0.0	86.15264594981147	40	10	9	8	PiotrFLEURY		BSD-3-Clause	2022-07-23T18:21:05.000Z	https://github.com/PiotrFLEURY/camcode
490	google_language_fonts	Include easily Google Fonts which are compatible with your languages.	2.0.0	86.14397780956095	12	1	0	0	mzdm		Apache-2.0	2021-06-16T18:58:21.000Z	https://github.com/mzdm/google-language-fonts-flutter
491	tabbed_view	Flutter widget inspired by the classic Desktop-style tab component. Supports customizable themes.	1.15.0	86.08330082780739	59	29	9	5	caduandrade	caduandrade.net	MIT	2022-11-20T14:30:02.000Z	https://github.com/caduandrade/tabbed_view
492	multi_image_picker_view	A complete widget which can easily pick multiple images from device and display them in UI. Also picked image can be re-ordered and removed easily.	0.0.6	86.07896675768214	17	8	4	2	shubham-gupta-16		MIT	2022-08-27T08:00:46.000Z	https://github.com/shubham-gupta-16/multi_image_picker_view
493	flutter_scale_tap	Scale and opacity animated Button for Flutter	1.0.5	86.05729640705586	24	7	4	3	fedeamura		MIT	2022-09-19T10:17:19.000Z	https://github.com/fedeamura/flutter_scale_tap
494	firebase_storage_mocks	Mocks for Firebase Storage. Use this package to write unit tests involving Firebase Storage.	0.6.0+1	86.02695791617909	16	8	19	5	atn832	wafrat.com	BSD-2-Clause	2022-11-29T06:34:12.000Z	https://github.com/atn832/firebase_storage_mocks
495	flutter_randomcolor	A flutter package for generating attractive random colors. it can be used for data visualization, generative and lot more.	1.0.14	85.9966194253023	12	7	3	1	DAMMAK	dammak.dev	MIT	2022-07-31T19:36:45.000Z	https://github.com/DAMMAK/RandomColorDart
496	flutter_timeline	a fully customizable & general timeline widget, based on real-world application references	0.3.0	85.96194686430026	124	282	24	6	softmarshmallow	softmarshmallow.com	MIT	2021-11-13T13:31:12.000Z	https://github.com/softmarshmallow/flutter-timeline
497	tabbar	Simple tabbar, rewritten using pagecontroller and facilitating internal PageView manipulation	0.1.1	85.957612794175	23	7	11	3	davidsdearaujo		MIT	2021-03-26T16:38:37.000Z	https://github.com/davidsdearaujo/tabbar
498	drawing_animation	An dart-only library for gradually painting SVG path objects on canvas (drawing line animation).	1.0.1	85.83192476054262	180	440	97	8	biocarl		BSD-2-Clause	2022-10-08T12:14:17.000Z	https://github.com/biocarl/drawing_animation
499	objectbox_sync_flutter_libs	Fast Flutter database for persisting Dart objects. This package contains Flutter runtime libraries for ObjectBox, including ObjectBox Sync.	1.7.0	85.8145884800416	8	720	87	54	objectbox	objectbox.io	Apache-2.0	2022-12-16T15:46:25.000Z	https://github.com/objectbox/objectbox-dart
500	pusher_beams	Official Flutter Plugin for Pusher Beams, receive notifications easily on your Flutter application with Pusher Beams.	1.1.1	85.80158626966585	18	8	11	7	pusher	pusher.com	MIT	2022-09-19T13:11:43.000Z	https://github.com/pusher/push-notifications-flutter
501	f_datetimerangepicker	Date and Time Range Picker for Flutter using Cupertino. Support pick date range, time range, date and time range.	0.2.0	85.78424998916483	36	20	8	7	longphanmn		Apache-2.0	2021-09-06T08:08:04.000Z	https://github.com/longphanmn/f-datetimerangepicker
502	horizontal_picker	You can select your value on Horizontal Picker while scrolling on items.	1.2.0	85.77991591903957	53	10	6	3	leventkantaroglu	leventkantaroglu.com	BSD-3-Clause	2022-06-27T17:45:26.000Z	https://github.com/leventkantaroglu/horizontal_picker
503	flutter_scroll_shadow	ScrollShadow adds shadows to a scrollable child. Supports ScrollController and vertical or horizontal orientation.	1.0.2	85.77124777878906	9	4	1	0	rickypid	rcprogrammer.net	BSD-3-Clause	2022-01-25T12:39:32.000Z	https://github.com/rickypid/flutter_scroll_shadow
504	nfc_in_flutter	Flutter plugin to read and write NFC tags on both Android and iOS. Currently it only supports reading NDEF formatted tags.	2.0.5	85.76691370866381	103	113	108	61	semlette	semler.dev	MIT	2021-05-22T20:19:03.000Z	https://github.com/semlette/nfc_in_flutter
505	advance_image_picker	Flutter plugin in pure Dart code for selecting/editing multiple images from the Android/iOS image library and taking new pictures with the camera in the same view.	0.1.7+1	85.74524335803754	102	90	32	15	weta-vn	weta.vn	BSD-3-Clause	2022-10-15T16:04:24.000Z	https://github.com/weta-vn/advance_image_picker
506	msal_flutter	A Microsoft Authentication Library wrapper for Android and iOS	2.0.1	85.701902656785	18	4	7	4	Muljin	muljin.com	BSD-3-Clause	2022-11-21T09:41:41.000Z	https://github.com/muljin/msal-flutter
507	flutter_number_picker	A new custom Flutter Number Picker plugin by using add and minus buttons.	1.0.4	85.67589823603345	15	2	7	1	phuongtinhbien	phvit.blogspot.com	MIT	2022-07-04T10:29:00.000Z	https://github.com/phuongtinhbien/flutter_number_picker
508	zego_uikit_signaling_plugin	ZegoUIKitSignalingPlugin is a low-code plugin collection that provides the signal related function extensions for ZegoUIKit, helps you to integarte features easier and faster.	1.1.0	85.65422788540718	4	1	0	1	ZEGOCLOUD	zegocloud.com	MIT	2022-12-12T07:20:13.000Z	https://github.com/ZEGOCLOUD/zego_uikit_signaling_plugin_flutter
509	open_app_settings	A remaster plugin of app_settings. app_setting use Kotlin and Swift may cause build issue, so this plugin used Java and ObjC.	2.0.1	85.61522125427989	6	3	2	0	mjl0602		MIT	2021-12-30T03:56:28.000Z	https://github.com/mjl0602/open_app_settings
510	card_scanner	Fast, Accurate and Secure Credit & Debit card scanning library for flutter.	0.2.2	85.58054869327786	96	81	66	27	nateshmbhat		GPL-3.0	2021-05-29T23:53:21.000Z	https://github.com/nateshmbhat/card-scanner-flutter
511	touchable_opacity	This widget lets you provide a more visual feedback to users when they interact with your app, similar to TouchableOpacity in React Native.	1.2.0	85.5198717115243	13	14	2	1	nkshah2		BSD-2-Clause	2021-03-15T15:18:03.000Z	https://github.com/nkshah2/touchable_opacity
512	youtube_player_flutter_quill	Flutter plugin for playing or streaming inline YouTube videos using the official iFrame player API. This plugin supports both Android and iOS.	8.2.2	85.50253543102328	5	555	563	311	sarbagyastha		BSD-3-Clause	2022-12-12T15:34:31.000Z	https://github.com/sarbagyastha/youtube_player_flutter
