No.	Name	Description	Version	Popularity	Likes	Stars	Forks	Issues	Owner	Publisher	License	Last Commit	Repository URL
1	http	A composable, multi-platform, Future-based API for HTTP requests.	0.13.5	99.97831837301071	5621	886	292	158	dart-lang	dart.dev	BSD-3-Clause	2022-12-14T23:56:15.000Z	https://github.com/dart-lang/http/tree/master/pkgs/http
2	intl	Contains code to deal with internationalized/localized messages, date and number formatting and parsing, bi-directional text, and other internationalization issues.	0.18.0	99.97398204761285	3626	496	167	105	dart-lang	dart.dev	BSD-3-Clause	2022-12-19T10:00:12.000Z	https://github.com/dart-lang/intl
3	flutter_svg	An SVG rendering and widget library for Flutter, which allows painting and displaying Scalable Vector Graphics 1.1 files.	1.1.6	99.96964572221499	3410	1468	386	137	dnfield	dnfield.dev	MIT	2022-12-16T04:07:41.000Z	https://github.com/dnfield/flutter_svg
4	provider	A wrapper around InheritedWidget to make them easier to use and more reusable.	6.0.5	99.96097307141928	7820	4565	465	12	rrousselGit	dash-overflow.net	MIT	2022-12-15T22:07:16.000Z	https://github.com/rrousselGit/provider
5	permission_handler	Permission plugin for Flutter. This plugin provides a cross-platform (iOS, Android) API to request and check permissions.	10.2.0	99.93929144442998	3324	1699	663	153	Baseflow	baseflow.com	MIT	2022-11-11T10:50:27.000Z	https://github.com/baseflow/flutter-permission-handler
6	google_fonts	A Flutter package to use fonts from fonts.google.com.	3.0.1	99.92628246823642	4207	669	88	17	material-foundation	material.io	Apache-2.0	2022-12-06T15:25:08.000Z	https://github.com/material-foundation/google-fonts-flutter
7	path	A string-based path manipulation library. All of the path operations you know and love, with solid support for Windows, POSIX (Linux and Mac OS X), and the web.	1.8.3	99.90893716664499	949	158	38	13	dart-lang	dart.dev	BSD-3-Clause	2022-12-05T23:13:55.000Z	https://github.com/dart-lang/path
8	equatable	A Dart package that helps to implement value based equality without needing to explicitly override == and hashCode.	2.0.5	99.89159186505356	2035	739	91	15	felangel	fluttercommunity.dev	MIT	2022-10-17T14:47:51.000Z	https://github.com/felangel/equatable
9	file_picker	A package that allows you to use a native file explorer to pick single or multiple absolute file paths, with extension filtering support.	5.2.4	99.8872555396557	2879	974	432	29	miguelpruivo	miguelruivo.com	MIT	2022-12-12T17:26:48.000Z	https://github.com/miguelpruivo/flutter_file_picker
10	carousel_slider	A carousel slider widget, support infinite scroll and custom child widget.	4.2.1	99.88291921425784	3808	1384	446	168	serenader2014	serenader.me	MIT	2022-12-13T16:32:08.000Z	https://github.com/serenader2014/flutter_carousel_slider
11	font_awesome_flutter	The Font Awesome Icon pack available as Flutter Icons. Provides 1600 additional icons to use in your apps.	10.3.0	99.86123758726855	3171	727	179	6	fluttercommunity	fluttercommunity.dev	NOASSERTION	2022-12-04T13:24:44.000Z	https://github.com/fluttercommunity/font_awesome_flutter
12	collection	Collections and utilities functions and classes related to collections.	1.17.0	99.82221065868782	708	268	69	34	dart-lang	dart.dev	BSD-3-Clause	2022-12-09T17:04:55.000Z	https://github.com/dart-lang/collection
13	lottie	Render After Effects animations natively on Flutter. This package is a pure Dart implementation of a Lottie player.	2.1.0	99.81787433328996	2452	886	163	95	xvrh	xaha.dev	MIT	2022-12-14T13:12:23.000Z	https://github.com/xvrh/lottie-flutter
14	sqflite	Flutter plugin for SQLite, a self-contained, high-reliability, embedded, SQL database engine.	2.2.2	99.8135380078921	3530	2531	453	126	tekartik	tekartik.com	BSD-2-Clause	2022-12-19T08:41:13.000Z	https://github.com/tekartik/sqflite/tree/master/sqflite
15	rxdart	RxDart is an implementation of the popular reactiveX api for asynchronous programming, leveraging the native Dart Streams api.	0.27.7	99.80486535709639	1953	3199	266	47	ReactiveX	fluttercommunity.dev	NOASSERTION	2022-11-28T15:48:04.000Z	https://github.com/ReactiveX/rxdart
16	crypto	Implementations of SHA, MD5, and HMAC cryptographic functions	3.0.2	99.79185638090283	1029	191	42	23	dart-lang	dart.dev	BSD-3-Clause	2022-11-10T17:45:46.000Z	https://github.com/dart-lang/crypto
17	flutter_secure_storage	Flutter Secure Storage provides API to store data in secure storage. Keychain is used in iOS, KeyStore based solution is used in Android.	7.0.1	99.78752005550497	2432	888	226	70	mogol	steenbakker.dev	BSD-3-Clause	2022-12-16T12:25:07.000Z	https://github.com/mogol/flutter_secure_storage/tree/develop/flutter_secure_storage
18	shimmer	A package provides an easy way to add shimmer effect in Flutter project	2.0.0	99.7745110793114	3230	1552	185	29	hnvn	hunghd.dev	BSD-3-Clause	2022-07-08T03:27:47.000Z	https://github.com/hnvn/flutter_shimmer
19	flutter_native_splash	Customize Flutter's default white native splash screen with background color and splash image. Supports dark mode, full screen, and more.	2.2.16	99.76150210311782	4965	936	142	13	jonbhanson	jonhanson.net	MIT	2022-11-27T17:58:46.000Z	https://github.com/jonbhanson/flutter_native_splash
20	async	Utility functions and classes related to the 'dart:async' library.	2.10.0	99.75716577771996	367	214	44	13	dart-lang	dart.dev	BSD-3-Clause	2022-11-09T17:20:16.000Z	https://github.com/dart-lang/async
21	flutter_inappwebview	A Flutter plugin that allows you to add an inline webview, to use an headless webview, and to open an in-app browser window.	5.7.2+3	99.74849312692425	1531	2311	971	587	pichillilorenzo	inappwebview.dev	Apache-2.0	2022-12-16T14:49:41.000Z	https://github.com/pichillilorenzo/flutter_inappwebview
22	http_parser	A platform-independent package for parsing and serializing HTTP formats.	4.0.2	99.74415680152639	132	24	23	4	dart-lang	dart.dev	BSD-3-Clause	2022-10-31T00:30:28.000Z	https://github.com/dart-lang/http_parser
23	html	APIs for parsing and manipulating HTML content outside the browser.	0.15.1	99.72681149993495	393	232	56	71	dart-lang	tools.dart.dev	NOASSERTION	2022-11-09T23:34:42.000Z	https://github.com/dart-lang/html
24	mime	Utilities for handling media (MIME) types, including determining a type from a file extension and file contents.	1.0.3	99.71380252374138	253	78	38	21	dart-lang	tools.dart.dev	BSD-3-Clause	2022-12-13T15:49:04.000Z	https://github.com/dart-lang/mime
25	args	Library for defining parsers for parsing raw command-line arguments into a set of options and values using GNU and POSIX style options.	2.3.1	99.70512987294566	260	171	60	39	dart-lang	dart.dev	BSD-3-Clause	2022-11-09T20:45:35.000Z	https://github.com/dart-lang/args
26	logging	Provides APIs for debugging and error logging, similar to loggers in other languages, such as the Closure JS Logger and java.util.logging.Logger.	1.1.0	99.7007935475478	483	239	41	16	dart-lang	dart.dev	BSD-3-Clause	2022-12-06T22:23:52.000Z	https://github.com/dart-lang/logging
27	archive	Provides encoders and decoders for various archive and compression formats such as zip, tar, bzip2, gzip, and zlib.	3.3.5	99.69645722214995	418	297	85	72	brendan-duncan	loki3d.com	MIT	2022-12-19T23:11:03.000Z	https://github.com/brendan-duncan/archive
28	dart_code_metrics	Software analytics tool that helps developers analyse and improve software quality.	5.3.0	99.68778457135423	751	738	83	54	dart-code-checker	dartcodemetrics.dev	MIT	2022-12-19T15:46:26.000Z	https://github.com/dart-code-checker/dart-code-metrics
29	flutter_rating_bar	A simple yet fully customizable ratingbar for flutter which also include a rating bar indicator, supporting any fraction of rating.	4.0.1	99.68344824595637	1580	323	75	39	sarbagyastha	sarbagyastha.com.np	MIT	2022-11-28T13:51:05.000Z	https://github.com/sarbagyastha/flutter_rating_bar
30	json_serializable	Automatically generate code for converting to and from JSON by annotating Dart classes.	6.5.4	99.66610294436494	2419	1376	350	77	google	google.dev	BSD-3-Clause	2022-12-19T23:41:14.000Z	https://github.com/google/json_serializable.dart/tree/master/json_serializable
31	pin_code_fields	A flutter package which will help you to generate pin code fields. Can be useful for OTP for example.	7.4.0	99.66176661896708	1626	549	246	14	adar2378	theadar.xyz	MIT	2022-12-15T16:10:20.000Z	https://github.com/adar2378/pin_code_fields
32	yaml	A parser for YAML, a human-friendly data serialization standard	3.1.1	99.63574866657994	174	121	53	18	dart-lang	tools.dart.dev	MIT	2022-11-15T20:27:41.000Z	https://github.com/dart-lang/yaml
33	convert	Utilities for converting between data representations. Provides a number of Sink, Codec, Decoder, and Encoder types.	3.1.1	99.63141234118208	64	45	21	8	dart-lang	dart.dev	BSD-3-Clause	2022-10-12T21:53:57.000Z	https://github.com/dart-lang/convert
34	web_socket_channel	StreamChannel wrappers for WebSockets. Provides a cross-platform WebSocketChannel API, a cross-platform implementation of that API that communicates over an underlying StreamChannel.	2.2.0	99.61406703959065	765	312	81	85	dart-lang	tools.dart.dev	BSD-3-Clause	2022-12-07T09:27:31.000Z	https://github.com/dart-lang/web_socket_channel
35	source_span	A library for identifying source spans and locations.	1.9.1	99.58371276180564	18	21	14	12	dart-lang	tools.dart.dev	BSD-3-Clause	2022-10-25T17:24:45.000Z	https://github.com/dart-lang/source_span
36	string_scanner	A class for parsing strings using a sequence of patterns.	1.2.0	99.57504011100993	150	51	13	5	dart-lang	tools.dart.dev	BSD-3-Clause	2022-12-13T00:08:03.000Z	https://github.com/dart-lang/string_scanner
37	typed_data	Utility functions and classes related to the dart:typed_data library.	1.3.1	99.57070378561207	30	29	10	3	dart-lang	dart.dev	BSD-3-Clause	2022-11-10T17:39:40.000Z	https://github.com/dart-lang/typed_data
38	shelf	A model for web server middleware that encourages composition and easy reuse.	1.4.0	99.56636746021421	559	701	102	29	dart-lang	tools.dart.dev	BSD-3-Clause	2022-12-08T17:24:18.000Z	https://github.com/dart-lang/shelf/tree/master/pkgs/shelf
39	pub_semver	Versions and version constraints implementing pub's versioning policy. This is very similar to vanilla semver, with a few corner cases.	2.1.3	99.54468583322492	71	47	22	8	dart-lang	tools.dart.dev	BSD-3-Clause	2022-11-12T00:56:02.000Z	https://github.com/dart-lang/pub_semver
40	bloc	A predictable state management library that helps implement the BLoC (Business Logic Component) design pattern.	8.1.0	99.54034950782706	2078	9890	3023	94	felangel	bloclibrary.dev	MIT	2022-12-11T03:56:07.000Z	https://github.com/felangel/bloc/tree/master/packages/bloc
41	term_glyph	Useful Unicode glyphs and ASCII substitutes.	1.2.1	99.5360131824292	21	10	10	0	dart-lang	tools.dart.dev	BSD-3-Clause	2022-11-15T22:30:35.000Z	https://github.com/dart-lang/term_glyph
42	clock	A fakeable wrapper for dart:core clock APIs.	1.1.1	99.53167685703134	119	34	13	1	dart-lang	tools.dart.dev	Apache-2.0	2022-11-09T23:23:34.000Z	https://github.com/dart-lang/clock
43	stack_trace	A package for manipulating stack traces and printing them readably.	1.11.0	99.51866788083777	147	102	19	18	dart-lang	tools.dart.dev	BSD-3-Clause	2022-12-01T20:24:46.000Z	https://github.com/dart-lang/stack_trace
44	shelf_static	Static file server support for the shelf package and ecosystem.	1.1.1	99.49698625384849	53	24	25	3	dart-archive	tools.dart.dev	BSD-3-Clause	2022-05-09T20:32:05.000Z	https://github.com/dart-lang/shelf/tree/master/pkgs/shelf_static
45	qr_code_scanner	QR code scanner that can be embedded inside flutter. It uses zxing in Android and MTBBarcode scanner in iOS.	1.0.1	99.49264992845063	1494	854	577	127	juliuscanute		BSD-2-Clause	2022-12-14T08:23:47.000Z	https://github.com/juliuscanute/qr_code_scanner
46	webkit_inspection_protocol	A client for the Chrome DevTools Protocol (previously called the Webkit Inspection Protocol).	1.2.0	99.47096830146134	4	24	26	4	google	google.dev	BSD-3-Clause	2022-11-14T17:14:57.000Z	https://github.com/google/webkit_inspection_protocol.dart
47	io	Utilities for the Dart VM Runtime including support for ANSI colors, file copying, and standard exit code values.	1.0.3	99.44928667447205	26	32	16	19	dart-lang	tools.dart.dev	BSD-3-Clause	2022-11-15T20:27:29.000Z	https://github.com/dart-lang/io
48	flutter_riverpod	A simple way to access state from anywhere in your application while robust and testable.	2.1.1	99.43627769827847	1322	3843	617	104	rrousselGit	dash-overflow.net	MIT	2022-12-17T20:19:05.000Z	https://github.com/rrousselGit/riverpod
49	csslib	A library for parsing and analyzing CSS (Cascading Style Sheets)	0.17.2	99.42760504748276	22	69	32	21	dart-lang	tools.dart.dev	BSD-3-Clause	2022-11-15T15:46:59.000Z	https://github.com/dart-lang/csslib
50	petitparser	A dynamic parser framework to build efficient grammars and parsers quickly.	5.1.0	99.4232687220849	189	382	51	5	petitparser	lukas-renggli.ch	MIT	2022-12-18T16:27:51.000Z	https://github.com/petitparser/dart-petitparser
51	glob	A library to perform Bash-style file and directory globbing.	2.1.1	99.41025974589132	37	36	14	6	dart-lang	tools.dart.dev	BSD-3-Clause	2022-11-09T23:20:11.000Z	https://github.com/dart-lang/glob
52	package_config	Support for reading and writing Dart Package Configuration files.	2.1.0	99.40592342049347	6	13	16	6	dart-lang	tools.dart.dev	BSD-3-Clause	2022-11-15T20:29:54.000Z	https://github.com/dart-lang/package_config
53	stream_channel	An abstraction for two-way communication channels based on the Dart Stream class.	2.1.1	99.4015870950956	28	38	20	4	dart-lang	tools.dart.dev	BSD-3-Clause	2022-11-10T11:30:32.000Z	https://github.com/dart-lang/stream_channel
54	watcher	A file system watcher. It monitors changes to contents of directories and sends notifications when files have been added, removed, or modified.	1.0.2	99.39291444429989	114	103	26	19	dart-lang	tools.dart.dev	BSD-3-Clause	2022-10-14T17:19:59.000Z	https://github.com/dart-lang/watcher
55	fixnum	Library for 32- and 64-bit signed fixed-width integers with consistent behavior between native and JS runtimes.	1.0.1	99.38857811890203	25	36	25	16	dart-lang	dart.dev	BSD-3-Clause	2022-12-08T16:13:54.000Z	https://github.com/dart-lang/fixnum
56	coverage	Coverage data manipulation and formatting	1.6.1	99.38424179350417	60	90	55	27	dart-lang	tools.dart.dev	BSD-3-Clause	2022-11-14T22:55:10.000Z	https://github.com/dart-lang/coverage
57	shelf_web_socket	A shelf handler that wires up a listener for every connection.	1.0.3	99.36689649191275	81	22	15	6	dart-archive	tools.dart.dev	BSD-3-Clause	2022-05-09T20:49:07.000Z	https://github.com/dart-lang/shelf/tree/master/pkgs/shelf_web_socket
58	http_multi_server	A dart:io HttpServer wrapper that handles requests from multiple servers.	3.2.1	99.35822384111704	31	22	13	1	dart-lang	tools.dart.dev	BSD-3-Clause	2022-11-09T23:47:30.000Z	https://github.com/dart-lang/http_multi_server
59	pool	Manage a finite pool of resources. Useful for controlling concurrent file system or network requests.	1.5.1	99.3408785395256	45	35	20	5	dart-lang	tools.dart.dev	BSD-3-Clause	2022-11-09T23:47:56.000Z	https://github.com/dart-lang/pool
60	source_maps	A library to programmatically manipulate source map files.	0.10.11	99.33654221412775	0	12	14	13	dart-lang	tools.dart.dev	BSD-3-Clause	2022-10-19T17:16:50.000Z	https://github.com/dart-lang/source_maps
61	shelf_packages_handler	A shelf handler for serving a `packages/` directory.	3.0.1	99.31486058713845	2	3	4	0	dart-archive	tools.dart.dev	BSD-3-Clause	2022-05-09T20:49:46.000Z	https://github.com/dart-lang/shelf/tree/master/pkgs/shelf_packages_handler
62	tuple	A library providing a tuple data structure.	2.0.1	99.30618793634274	356	171	27	11	google	google.dev	BSD-2-Clause	2022-10-06T20:21:52.000Z	https://github.com/google/tuple.dart
63	matcher	Support for specifying test expectations via an extensible Matcher class. Also includes a number of built-in Matcher implementations for common cases.	0.12.14	99.30185161094488	28	54	32	27	dart-lang	dart.dev	BSD-3-Clause	2022-12-13T19:01:10.000Z	https://github.com/dart-lang/matcher
64	flutter_image_compress	Compress image with native (Objective-C/Kotlin) with faster speed. Support Android/iOS.	1.1.3	99.2888426347513	817	505	132	60	fluttercandies		MIT	2022-09-22T08:48:55.000Z	https://github.com/fluttercandies/flutter_image_compress
65	source_map_stack_trace	A package for applying source maps to stack traces.	2.1.1	99.28450630935345	5	5	7	0	dart-lang	tools.dart.dev	BSD-3-Clause	2022-10-18T18:16:18.000Z	https://github.com/dart-lang/source_map_stack_trace
66	sync_http	Synchronous HTTP client for Dart.	0.3.1	99.28016998395559	4	10	14	5	google	google.dev	BSD-3-Clause	2022-12-02T18:53:11.000Z	https://github.com/google/sync_http.dart
67	webdriver	Provides WebDriver bindings for Dart. Supports WebDriver JSON interface and W3C spec. Requires the use of WebDriver remote server.	3.0.1	99.27149733315987	29	121	59	23	google	google.dev	Apache-2.0	2022-12-15T01:13:15.000Z	https://github.com/google/webdriver.dart
68	wakelock	Plugin that allows you to keep the device screen awake, i.e. prevent the screen from sleeping on Android, iOS, macOS, Windows, and web.	0.6.2	99.2584883569663	1121	336	57	7	creativecreatorormaybenot	creativemaybeno.dev	BSD-3-Clause	2022-09-13T04:03:51.000Z	https://github.com/creativecreatorormaybenot/wakelock/tree/main/wakelock
69	dropdown_search	Simple and robust Searchable Dropdown with item search feature, making it possible to use an offline item list or filtering URL for easy customization.	5.0.5	99.25415203156844	1185	239	219	12	salim-lachdhaf	salimdev.ovh	MIT	2022-12-05T08:46:47.000Z	https://github.com/salim-lachdhaf/searchable_dropdown
70	boolean_selector	A flexible syntax for boolean expressions, based on a simplified version of Dart's expression syntax.	2.1.1	99.24114305537488	9	15	12	1	dart-lang	tools.dart.dev	BSD-3-Clause	2022-11-10T17:41:56.000Z	https://github.com/dart-lang/boolean_selector
71	json_rpc_2	Utilities to write a client or server using the JSON-RPC 2.0 spec.	3.0.2	99.21512510298773	56	63	33	6	dart-lang	tools.dart.dev	BSD-3-Clause	2022-11-09T23:47:44.000Z	https://github.com/dart-lang/json_rpc_2
72	shelf_proxy	A shelf handler for proxying HTTP requests to another server.	1.0.2	99.20211612679417	49	24	15	10	dart-archive	tools.dart.dev	BSD-3-Clause	2022-05-09T20:50:00.000Z	https://github.com/dart-lang/shelf/tree/master/pkgs/shelf_proxy
73	completion	A package to add shell command completion to your Dart application	1.0.1	99.19344347599845	26	53	11	1	kevmoo	j832.com	BSD-3-Clause	2022-12-14T20:13:37.000Z	https://github.com/kevmoo/completion.dart
74	flutter_keyboard_visibility	Flutter plugin for discovering the state of the soft-keyboard visibility on Android and iOS.	5.4.0	99.18477082520273	556	300	61	17	MisterJimson	jasonrai.ca	MIT	2022-12-08T13:51:05.000Z	https://github.com/MisterJimson/flutter_keyboard_visibility
75	fake_async	Fake asynchronous events such as timers and microtasks for deterministic testing.	1.3.1	99.17609817440702	49	68	13	5	dart-lang	dart.dev	Apache-2.0	2022-11-09T23:22:10.000Z	https://github.com/dart-lang/fake_async
76	browser_launcher	Provides a standardized way to launch web browsers for testing and tools.	1.1.1	99.15875287281558	5	10	9	2	dart-lang	tools.dart.dev	BSD-3-Clause	2022-12-13T18:32:41.000Z	https://github.com/dart-lang/browser_launcher
77	sse	Provides client and server functionality for setting up bi-directional communication through Server Sent Events (SSE) and corresponding POST requests.	4.1.2	99.15441654741772	24	49	18	5	dart-lang	tools.dart.dev	BSD-3-Clause	2022-12-14T21:03:50.000Z	https://github.com/dart-lang/sse
78	sentry_flutter	Sentry SDK for Flutter. This package aims to support different Flutter targets by relying on the many platforms supported by Sentry with native SDKs.	6.18.1	99.14574389662201	496	600	158	81	getsentry	sentry.io	MIT	2022-12-19T16:47:17.000Z	https://github.com/getsentry/sentry-dart
79	usage	A Google Analytics wrapper for command-line, web, and Flutter apps.	4.1.0	99.14140757122415	60	139	48	15	dart-lang	tools.dart.dev	BSD-3-Clause	2022-10-20T20:09:59.000Z	https://github.com/dart-lang/usage
80	pdf	A pdf producer for Dart. It can create pdf files for both web or flutter.	3.8.4	99.12839859503057	1746	950	372	120	DavBfr	nfet.net	Apache-2.0	2022-12-06T09:29:55.000Z	https://github.com/DavBfr/dart_pdf
81	internet_connection_checker	A pure Dart library that checks for internet by opening a socket to a list of specified addresses, each with individual port and timeout. Defaults are provided for convenience.	1.0.0+1	99.11972594423486	615	61	16	14	RounakTadvi		NOASSERTION	2022-09-22T10:54:54.000Z	https://github.com/RounakTadvi/internet_connection_checker
82	ffi	Utilities for working with Foreign Function Interface (FFI) code.	2.0.1	99.115389618837	161	125	28	20	dart-lang	dart.dev	BSD-3-Clause	2022-11-21T11:11:52.000Z	https://github.com/dart-lang/ffi
83	vector_math	A Vector Math library for 2D and 3D applications.	2.1.4	99.11105329343914	198	259	77	19	google	google.dev	NOASSERTION	2022-11-01T09:39:33.000Z	https://github.com/google/vector_math.dart
84	pinput	Pin code input (OTP) text field, iOS SMS autofill, Android SMS autofill One Time Code, Password, Passcode, Captcha, Security, Coupon, Wowcher, 2FA, Two step verification	2.2.19	99.09804431724557	1307	447	109	6	Tkko	fman.ge	MIT	2022-12-19T12:49:29.000Z	https://github.com/Tkko/Flutter_PinPut
85	youtube_player_flutter	Flutter plugin for playing or streaming inline YouTube videos using the official iFrame player API. This plugin supports both Android and iOS.	8.1.1	99.08937166644985	1045	555	562	311	sarbagyastha	sarbagyastha.com.np	BSD-3-Clause	2022-12-12T15:34:31.000Z	https://github.com/sarbagyastha/youtube_player_flutter
86	flutter_downloader	Powerful plugin making it easy to download files.	1.9.1	99.08503534105199	1053	782	426	270	fluttercommunity	fluttercommunity.dev	BSD-3-Clause	2022-12-17T18:49:53.000Z	https://github.com/fluttercommunity/flutter_downloader
87	timezone	Time zone database and time zone aware DateTime.	0.9.0	99.06769003946056	240	76	38	31	srawlins		BSD-2-Clause	2022-11-07T12:23:11.000Z	https://github.com/srawlins/timezone
88	flutter_hooks	A flutter implementation of React hooks. It adds a new kind of widget with enhanced code reuse.	0.18.5+1	99.05901738866486	1525	2557	147	29	rrousselGit	dash-overflow.net	MIT	2022-07-20T09:57:15.000Z	https://github.com/rrousselGit/flutter_hooks/tree/master/packages/flutter_hooks
89	quiver	Quiver is a set of utility libraries for Dart that makes using many Dart libraries easier and more convenient, or adds additional functionality.	3.1.0	99.01131780928841	410	901	140	50	google	google.dev	Apache-2.0	2022-12-09T17:16:25.000Z	https://github.com/google/quiver-dart
90	flutter_map	A versatile mapping package for Flutter, based off leaflet.js, that's simple and easy to learn, yet completely customizable and configurable.	3.0.0	98.98529985690126	1108	2233	712	27	fleaflet	fleaflet.dev	BSD-3-Clause	2022-12-11T21:07:27.000Z	https://github.com/fleaflet/flutter_map
91	jiffy	Jiffy is a date dart package inspired by momentjs for parsing, manipulating and formatting dates	5.0.0	98.9809635315034	569	401	78	32	jama5262		MIT	2022-11-02T17:46:17.000Z	https://github.com/jama5262/jiffy
92	hooks_riverpod	A simple way to access state from anywhere in your application while robust and testable.	2.1.1	98.93326395212696	557	3843	617	104	rrousselGit	dash-overflow.net	MIT	2022-12-17T20:19:05.000Z	https://github.com/rrousselGit/riverpod
93	win32	A Dart library for accessing common Win32 APIs using FFI. No C required!	3.1.3	98.91158232513769	561	601	94	31	timsneath	sneath.org	BSD-3-Clause	2022-12-17T10:19:39.000Z	https://github.com/timsneath/win32
94	printing	Plugin that allows Flutter apps to generate and print documents to compatible printers on Android, iOS, macOS, Windows, and Linux, as well as web print.	5.9.3	98.89423702354625	975	950	372	120	DavBfr	nfet.net	Apache-2.0	2022-12-06T09:29:55.000Z	https://github.com/DavBfr/dart_pdf
95	googleapis	Auto-generated client libraries for accessing Google APIs described through the API discovery service.	9.2.0	98.8899006981484	668	329	103	33	google	google.dev	BSD-3-Clause	2022-12-19T19:06:11.000Z	https://github.com/google/googleapis.dart/tree/master/generated/googleapis
96	socket_io_client	Dartlang port of socket.io-client for web, flutter, dartvm to use	2.0.0	98.87689172195482	884	553	141	95	rikulo		MIT	2022-12-17T13:34:57.000Z	https://github.com/rikulo/socket.io-client-dart
97	flutter_form_builder	This package helps in creation of forms in Flutter by removing the boilerplate code, reusing validation, react to changes, and collect final user input.	7.7.0	98.87255539655696	1718	1192	441	51	flutter-form-builder-ecosystem	flutterformbuilderecosystem.com	BSD-3-Clause	2022-12-15T15:22:03.000Z	https://github.com/flutter-form-builder-ecosystem/flutter_form_builder
98	mockito	A mock framework inspired by Mockito with APIs for Fakes, Mocks, behavior verification, and stubbing.	5.3.2	98.85521009496553	894	552	146	56	dart-lang	dart.dev	Apache-2.0	2022-12-14T21:34:39.000Z	https://github.com/dart-lang/mockito
99	pubspec_parse	Simple package for parsing pubspec.yaml files with a type-safe API and rich error reporting.	1.2.1	98.85087376956767	24	42	16	5	dart-lang	tools.dart.dev	BSD-3-Clause	2022-12-12T22:14:20.000Z	https://github.com/dart-lang/pubspec_parse
100	event_bus	A simple Event Bus using Dart Streams for decoupling applications	2.0.0	98.84653744416981	464	698	75	0	marcojakob	jakobservices.ch	MIT	2022-03-01T17:38:59.000Z	https://github.com/marcojakob/dart-event-bus
101	dotted_line	This package allows you to draw dotted lines with Flutter. You can draw a beautiful dotted line.	3.1.0	98.83352846797624	178	33	12	4	umechanhika		BSD-3-Clause	2022-09-04T08:08:54.000Z	https://github.com/umechanhika/dotted_line
102	video_thumbnail	A flutter plugin for creating a thumbnail from a local video file or from a video URL.	0.5.3	98.79883786479337	340	153	114	28	justsoft		MIT	2022-11-14T15:45:18.000Z	https://github.com/justsoft/video_thumbnail
103	mobile_scanner	A universal barcode and QR code scanner for Flutter based on MLKit. Uses CameraX on Android, AVFoundation on iOS and Apple Vision & AVFoundation on macOS.	2.1.0	98.77715623780409	689	321	196	79	juliansteenbakker	steenbakker.dev	BSD-3-Clause	2022-12-19T22:02:55.000Z	https://github.com/juliansteenbakker/mobile_scanner
104	awesome_notifications	A complete solution to create Local and Push Notifications, customizing buttons, images, sounds, emoticons and applying many different layouts for Flutter apps.	0.7.4+1	98.75981093621266	1936	562	211	25	rafaelsetragni	carda.me	Apache-2.0	2022-11-28T13:30:31.000Z	https://github.com/rafaelsetragni/awesome_notifications
105	cli_util	A library to help in building Dart command-line apps.	0.3.5	98.75113828541694	40	45	22	5	dart-lang	tools.dart.dev	BSD-3-Clause	2022-11-15T15:54:18.000Z	https://github.com/dart-lang/cli_util
106	grouped_list	A Flutter ListView where the list items can be grouped into sections.	5.1.2	98.74246563462123	911	275	78	45	Dimibe	begnis.dev	MIT	2022-10-20T16:04:42.000Z	https://github.com/Dimibe/grouped_list
107	flutter_staggered_animations	Easily add staggered animations to your ListView, GridView, Column and Row children as shown in Material Design guidelines	1.1.1	98.73379298382551	1318	1231	119	10	The-ring-io	dailyn.app	MIT	2022-11-09T20:05:42.000Z	https://github.com/mobiten/flutter_staggered_animations
108	stream_transform	A collection of utilities to transform and manipulate streams.	2.1.0	98.72078400763193	160	104	18	11	dart-lang	tools.dart.dev	BSD-3-Clause	2022-12-12T18:24:29.000Z	https://github.com/dart-lang/stream_transform
109	characters	String replacement with operations that are Unicode/grapheme cluster aware.	1.2.1	98.7034387060405	273	54	11	3	dart-lang	dart.dev	BSD-3-Clause	2022-11-09T23:30:34.000Z	https://github.com/dart-lang/characters
110	rive	Rive 2 Flutter Runtime. This package provides runtime functionality for playing back and interacting with animations built with the Rive editor available at https://rive.app.	0.10.0	98.66874810285763	977	752	126	52	rive-app	rive.app	MIT	2022-12-14T22:15:44.000Z	https://github.com/rive-app/rive-flutter
111	protobuf	Runtime library for protocol buffers support. Use https://pub.dev/packages/protoc_plugin to generate dart code for your '.proto' files.	2.1.0	98.65573912666406	130	57453	14651	684	protocolbuffers	google.dev	NOASSERTION	2022-12-20T01:44:24.000Z	https://github.com/google/protobuf.dart/tree/master/protobuf
112	responsive_framework	Easily make Flutter apps responsive. Automatically adapt UI to different screen sizes. Responsiveness made simple.	0.2.0	98.62538484887907	2102	925	110	50	Codelessly	codelessly.com	0BSD	2022-09-18T16:01:30.000Z	https://github.com/Codelessly/ResponsiveFramework
113	lints	Official Dart lint rules. Defines the 'core' and 'recommended' set of lints suggested by the Dart team.	2.0.1	98.60803954728763	162	66	23	23	dart-lang	tools.dart.dev	BSD-3-Clause	2022-11-14T22:19:20.000Z	https://github.com/dart-lang/lints
114	animate_do	Beautiful animations inspired on Animate.css, every animation is a widget that contains default but customizable values that look attractive.	3.0.2	98.5906942456962	2897	157	30	7	Klerith	fernando-herrera.com	MIT	2022-11-24T13:47:31.000Z	https://github.com/Klerith/animate_do_package
115	gcloud	High level idiomatic Dart API for Google Cloud Storage, Pub-Sub and Datastore.	0.8.7	98.54299466631976	57	89	40	42	dart-lang	labs.dart.dev	BSD-3-Clause	2022-11-22T08:56:54.000Z	https://github.com/dart-lang/gcloud
116	marquee	A Flutter widget that scrolls text infinitely. Provides many customizations including custom scroll directions, durations, curves as well as pauses after every round.	2.2.3	98.49963141234119	664	217	64	36	MarcelGarus		MIT	2022-06-04T20:38:07.000Z	https://github.com/MarcelGarus/marquee
117	photo_manager	A Flutter plugin that provides assets abstraction management APIs on Android, iOS, and macOS.	2.5.2	98.49529508694333	409	518	215	24	fluttercandies	fluttercandies.com	Apache-2.0	2022-12-19T03:32:43.000Z	https://github.com/fluttercandies/flutter_photo_manager
118	country_picker	A flutter package to select a country from a list of countries.	2.0.19	98.46060448376046	159	58	82	20	Daniel-Ioannou		MIT	2022-12-17T15:43:54.000Z	https://github.com/Daniel-Ioannou/flutter_country_picker
119	flutter_animate	Add beautiful animated effects & builders in Flutter, via an easy, customizable, unified API.	2.0.1	98.44759550756689	586	347	19	19	gskinner	gskinner.com	BSD-3-Clause	2022-12-19T00:11:20.000Z	https://github.com/gskinner/flutter_animate
120	persistent_bottom_nav_bar	A do all, highly customizable persistent/static bottom navigation bar for flutter. Includes up-to 20 styles.	5.0.2	98.4259138805776	1586	420	257	152	BilalShahid13		BSD-3-Clause	2022-10-09T22:19:51.000Z	https://github.com/BilalShahid13/PersistentBottomNavBar
121	charcode	Constants for ASCII and common non-ASCII character codes. Integer constants corresponding to the code points of individual characters.	1.3.1	98.42157755517974	28	21	10	2	lrhn	infimum.dk	BSD-3-Clause	2022-10-14T16:50:53.000Z	https://github.com/lrhn/charcode
122	multi_select_flutter	A flexible multi select package for Flutter. Make multi select widgets the way you want.	4.1.3	98.34786002341616	478	176	141	98	CHB61		BSD-2-Clause	2022-12-08T10:41:19.000Z	https://github.com/CHB61/flutter-multi-select
123	timeline_tile	A package to help you build highly customisable timelines with Flutter.	2.0.0	98.3435236980183	1337	542	122	23	JHBitencourt	juliobitencourt.com	MIT	2022-10-26T12:08:15.000Z	https://github.com/JHBitencourt/timeline_tile
124	sliver_tools	A set of useful sliver tools that are missing from the flutter framework	0.2.8	98.32184207102901	752	410	39	16	Kavantix	pietervanloon.com	MIT	2022-11-28T10:51:07.000Z	https://github.com/Kavantix/sliver_tools
125	youtube_player_iframe	Flutter port of the official YouTube iFrame player API. Supports web & mobile platforms.	3.1.0	98.3131694202333	356	555	562	311	sarbagyastha	sarbagyastha.com.np	BSD-3-Clause	2022-12-12T15:34:31.000Z	https://github.com/sarbagyastha/youtube_player_flutter
126	decimal	The decimal package allows you to deal with decimal numbers without losing precision.	2.3.2	98.30883309483544	204	146	39	2	a14n		Apache-2.0	2022-12-07T14:19:22.000Z	https://github.com/a14n/dart-decimal
127	wechat_assets_picker	An audio/video/image picker in pure Dart which is the same with WeChat,support multi picking, custom item and delegates override.	8.2.0	98.30449676943758	437	1117	309	4	fluttercandies	fluttercandies.com	Apache-2.0	2022-12-19T03:15:36.000Z	https://github.com/fluttercandies/flutter_wechat_assets_picker
128	in_app_update	Enables In App Updates on Android using the official Android APIs.	4.0.1	98.30016044403972	625	234	57	10	jonasbark	jonasbark.de	NOASSERTION	2022-11-28T11:08:00.000Z	https://github.com/jonasbark/flutter_in_app_update
129	form_builder_validators	Form Builder Validators set of validators for FlutterFormBuilder. Provides common validators and a way to make your own.	8.4.0	98.29582411864186	108	7	15	4	flutter-form-builder-ecosystem	flutterformbuilderecosystem.com	BSD-3-Clause	2022-12-01T07:09:26.000Z	https://github.com/flutter-form-builder-ecosystem/form_builder_validators
130	flutter_sound	Europe Stand With Ukraine. Pray for Ukraine. A complete api for audio playback and recording. Audio player, audio recorder.	9.2.13	98.27414249165257	1026	762	459	245	Canardoux	tau.canardoux.xyz	MPL-2.0	2022-10-21T03:07:36.000Z	https://github.com/canardoux/flutter_sound
131	flutter_phoenix	Easily restart your application from scratch, losing any previous state	1.1.0	98.26980616625471	360	119	9	7	The-ring-io	dailyn.app	MIT	2022-08-23T16:00:34.000Z	https://github.com/mobiten/flutter_phoenix
132	formz	A unified form representation in Dart which aims to simplify form representation and validation in a generic way.	0.4.1	98.21343393608257	426	217	27	9	VeryGoodOpenSource	verygood.ventures	MIT	2022-12-13T02:08:36.000Z	https://github.com/ChicagoFlutter/formz
133	nb_utils	Collection of Widgets and helpful Methods that every developer needs.	4.6.25	98.20909761068471	208	51	19	5	bhoominn	bhoominn.com	MIT	2022-11-24T17:43:31.000Z	https://github.com/bhoominn/nb_utils
134	loading_animation_widget	Loading animation or loading spiner or loader. It's used to show loading animation when the app is in loading state or something is processing for uncertain time.	1.2.0+4	98.19175230909327	526	68	20	1	watery-desert	waterydesert.com	BSD-3-Clause	2022-12-14T11:04:34.000Z	https://github.com/watery-desert/loading_animation_widget
135	nested	A Flutter Widget which helps nest multiple widgets without needing to manually nest them.	1.0.0	98.17440700750184	265	113	12	1	rrousselGit	dash-overflow.net	MIT	2021-02-20T16:36:28.000Z	https://github.com/rrousselGit/nested
136	mocktail	A Dart mock library which simplifies mocking with null safety support and no manual mocks or code generation.	0.3.0	98.16139803130827	658	428	63	21	felangel	felangel.dev	MIT	2022-12-06T12:35:53.000Z	https://github.com/felangel/mocktail
137	workmanager	Flutter Workmanager. This plugin allows you to schedule background work on Android and iOS.	0.5.1	98.13104375352326	1256	699	173	59	fluttercommunity	fluttercommunity.dev	MIT	2022-11-07T20:00:35.000Z	https://github.com/fluttercommunity/flutter_workmanager
138	data_table_2	In-place substitute for Flutter's DataTable and PaginatedDataTable with fixed/sticky headers and few extra features	2.3.10	98.1267074281254	406	118	69	18	maxim-saplin	saplin.blogspot.com	BSD-3-Clause	2022-12-18T19:30:21.000Z	https://github.com/maxim-saplin/data_table_2
139	drift	Drift is a reactive library to store relational data in Dart and Flutter applications.	2.3.0	98.11803477732968	836	1798	238	102	simolus3	simonbinder.eu	MIT	2022-12-19T23:40:06.000Z	https://github.com/simolus3/drift
140	barcode_widget	Barcode generation widget for Flutter with support for standard barcodes.	2.0.3	97.97493603920037	180	88	26	7	DavBfr	nfet.net	Apache-2.0	2022-12-07T16:49:31.000Z	https://github.com/DavBfr/dart_barcode
141	purchases_flutter	Flutter in-app purchases and subscriptions made easy. The plugin supports Apple, Android, and the web.	4.5.3	97.97059971380251	407	412	114	14	RevenueCat	revenuecat.com	MIT	2022-12-19T20:07:41.000Z	https://github.com/RevenueCat/purchases-flutter
142	hydrated_bloc	An extension to the bloc state management library which automatically persists and restores bloc states.	9.0.0	97.96626338840466	504	189	25	0	felangel	bloclibrary.dev	MIT	2020-07-09T03:23:09.000Z	https://github.com/felangel/bloc/tree/master/packages/hydrated_bloc
143	flutter_login_facebook	Login via Facebook. Easily add Facebook login feature in your application. User profile information included.	1.7.0	97.90989115823251	176	64	42	14	Innim	innim.ru	BSD-3-Clause	2022-12-07T15:09:34.000Z	https://github.com/Innim/flutter_login_facebook
144	amplify_flutter	The top level Flutter package for the AWS Amplify libraries.	0.6.10	97.78847404709249	111	1127	176	195	aws-amplify	aws-amplify.com	Apache-2.0	2022-12-19T22:24:32.000Z	https://github.com/aws-amplify/amplify-flutter
145	flutter_phone_direct_caller	Simple flutter plugin to call a number directly, without going to phone dialer, from app	2.1.1	97.76245609470534	222	21	20	9	yanisalfian		MIT	2022-10-26T15:29:16.000Z	https://github.com/yanisalfian/flutter-phone-direct-caller
146	flutter_cached_pdfview	A package to show Native PDF View for iOS and Android, support Open from a different resource like Path, Asset or Url and Cache it.	0.4.1	97.74944711851178	291	94	34	39	binSaed	abdosaed.ml	MIT	2022-05-16T21:31:57.000Z	https://github.com/AbdOoSaed/flutter_cached_pdfview
147	amplify_auth_cognito	The Amplify Flutter Auth category plugin using the AWS Cognito provider.	0.6.10	97.74511079311392	66	1127	176	195	aws-amplify	aws-amplify.com	Apache-2.0	2022-12-19T22:24:32.000Z	https://github.com/aws-amplify/amplify-flutter
148	flutter_ringtone_player	A simple player for system default ringtones, alarms and notifications	3.2.0	97.71475651532892	173	61	37	8	inway	inway.dev	MIT	2022-11-08T23:47:13.000Z	https://github.com/inway/flutter_ringtone_player
149	riverpod	A simple way to access state from anywhere in your application while robust and testable.	2.1.1	97.6844022375439	2202	3843	617	104	rrousselGit	dash-overflow.net	MIT	2022-12-17T20:19:05.000Z	https://github.com/rrousselGit/riverpod
150	flutter_chat_ui	Actively maintained, community-driven chat UI implementation with an optional Firebase BaaS.	1.6.6	97.68006591214605	695	628	329	26	flyerhq	flyer.chat	Apache-2.0	2022-12-19T08:27:02.000Z	https://github.com/flyerhq/flutter_chat_ui
151	geocode	Package to make Geocode requests. It exposes two methods to translate coordinates into locations and addresses into coordinates.	1.0.2	97.66272061055462	84	6	7	4	imvalient	imanol.dev	BSD-3-Clause	2022-07-24T11:27:50.000Z	https://github.com/imvalient/geocode
152	flutter_windowmanager	A Flutter plugin for manipulating Android WindowManager LayoutParams.	0.2.0	97.64971163436104	197	39	17	9	adaptant-labs	adaptant.io	Apache-2.0	2021-08-26T10:45:43.000Z	https://github.com/adaptant-labs/flutter_windowmanager
153	shrine_images	Image assets for the Material Components for Flutter codelabs based on an app called Shrine.	2.0.2	97.63670265816748	5	18	19	0	material-components		NOASSERTION	2022-12-07T19:48:40.000Z	https://github.com/material-components/material-components-flutter-codelabs-packages
154	android_id	A Flutter plugin for getting the Android ID. Only for Android.	0.1.3+1	97.61502103117819	37	12	3	1	fluttercommunity	achim.io	BSD-3-Clause	2022-11-28T22:33:32.000Z	https://github.com/fluttercommunity/android_id
155	flex_color_scheme	A Flutter package to use and make beautiful Material design based themes.	6.1.1	97.60201205498461	1365	454	59	3	rydmike	rydmike.com	NOASSERTION	2022-12-11T20:12:08.000Z	https://github.com/rydmike/flex_color_scheme
156	velocity_x	A minimalist Flutter framework for rapidly building custom designs.	3.6.0	97.58900307879104	1084	1160	161	11	iampawan	codepur.dev	MIT	2022-10-12T13:25:49.000Z	https://github.com/iampawan/VelocityX
157	sentry	A crash reporting library for Dart that sends crash reports to Sentry.io. This library supports Dart VM and Web. For Flutter consider sentry_flutter instead.	6.18.1	97.58466675339318	382	600	158	81	getsentry	sentry.io	MIT	2022-12-19T16:47:17.000Z	https://github.com/getsentry/sentry-dart
158	adaptive_dialog	Show alert dialog or modal action sheet adaptively according to platform.	1.8.0+1	97.52395819782316	708	244	46	11	mono0926	mono0926.com	MIT	2022-09-01T00:24:24.000Z	https://github.com/mono0926/adaptive_dialog
159	data_connection_checker	A pure Dart library that checks for internet by opening a socket to a list of specified addresses, each with individual port and timeout. Defaults are provided for convenience.	0.3.4	97.49794024543603	415	103	71	19	komapeb		NOASSERTION	2021-12-14T10:00:14.000Z	https://github.com/komapeb/data_connection_checker
160	flutter_quill	A rich text editor supporting mobile and web (Demo App @ bulletjournal.us)	6.1.7	97.4805949438446	919	1668	452	60	singerdmx	bulletjournal.us	MIT	2022-12-19T22:47:10.000Z	https://github.com/singerdmx/flutter-quill
161	dart_style	Opinionated, automatic Dart source code formatter. Provides an API and a CLI tool.	2.2.4	97.46758596765102	69	571	108	100	dart-lang	tools.dart.dev	BSD-3-Clause	2022-12-19T23:17:17.000Z	https://github.com/dart-lang/dart_style
162	flutter_vibrate	A Haptic Feedback plugin.	1.3.0	97.41121373747886	129	81	54	2	rodydavis		MIT	2022-02-26T16:48:22.000Z	https://github.com/rodydavis/flutter_vibrate
163	isar	Extremely fast, easy to use, and fully async NoSQL database for Flutter.	3.0.5	97.38519578509171	1040	2018	159	56	isar	isar.dev	Apache-2.0	2022-12-19T03:15:56.000Z	https://github.com/isar/isar/tree/main/packages/isar
164	isar_flutter_libs	Isar Core binaries for the Isar Database. Needs to be included for Flutter apps.	3.0.5	97.36785048350029	13	2018	159	56	isar	isar.dev	Apache-2.0	2022-12-19T03:15:56.000Z	https://github.com/isar/isar
165	stop_watch_timer	Simple CountUp timer / CountDown timer. It easily create app of stopwatch.	2.0.0	97.36351415810243	172	75	39	1	hukusuke1007	neverjp.com	MIT	2022-09-10T08:14:40.000Z	https://github.com/hukusuke1007/stop_watch_timer
166	grpc	Dart implementation of gRPC, a high performance, open-source universal RPC framework.	3.1.0	97.35484150730672	246	728	209	66	grpc	dart.dev	Apache-2.0	2022-12-13T20:46:41.000Z	https://github.com/grpc/grpc-dart
167	image_editor	Edit your image data and output to file/memory on Android and iOS.	1.3.0	97.33749620571528	210	314	94	15	fluttercandies	fluttercandies.com	Apache-2.0	2022-11-15T13:26:26.000Z	https://github.com/fluttercandies/flutter_image_editor
168	build	A package for authoring build_runner compatible code generators.	2.3.1	97.25510602315597	58	676	192	176	dart-lang	dart.dev	BSD-3-Clause	2022-12-19T23:26:42.000Z	https://github.com/dart-lang/build/tree/master/build
169	flick_video_player	Flick Video Player is a video player for flutter. The video_player plugin gives low level access for the video playback.	0.5.0	97.21607909457526	350	194	167	33	GeekyAnts	geekyants.com	NOASSERTION	2022-11-04T11:04:21.000Z	https://github.com/GeekyAnts/flick-video-player
170	expandable_text	Widget that only shows the first lines of a text and adds a link to expand the full text.	2.3.0	97.19439746758597	165	33	30	12	fweinaug		MIT	2022-06-13T05:36:21.000Z	https://github.com/fweinaug/expandable_text
171	source_gen	Source code generation builders and utilities for the Dart build system	1.2.6	97.17705216599454	100	416	93	24	dart-lang	tools.dart.dev	BSD-3-Clause	2022-12-01T20:41:01.000Z	https://github.com/dart-lang/source_gen
172	dynamic_color	A Flutter package to create Material color schemes based on a platform's implementation of dynamic color.	1.5.4	97.1597068644031	153	53	12	6	material-foundation	material.io	BSD-3-Clause	2022-12-07T11:11:46.000Z	https://github.com/material-foundation/material-dynamic-color-flutter
173	mixpanel_flutter	Official Flutter Tracking SDK for Mixpanel Analytics developed and maintained by Mixpanel, Inc.	2.0.0	97.12501626122024	65	43	33	22	mixpanel		Apache-2.0	2022-12-12T13:51:32.000Z	https://github.com/mixpanel/mixpanel-flutter
174	markdown	A portable Markdown library written in Dart that can parse Markdown into HTML.	6.0.1	97.11200728502666	173	348	159	39	dart-lang	tools.dart.dev	BSD-3-Clause	2022-12-16T18:04:09.000Z	https://github.com/dart-lang/markdown
175	external_app_launcher	A Flutter plugin which helps you to open another app from your app	3.1.0	97.1076709596288	160	4	12	5	GeekyAnts	geekyants.com	BSD-3-Clause	2022-08-04T13:42:48.000Z	https://github.com/GeekyAnts/external_app_launcher
176	http_interceptor	A lightweight, simple plugin that allows you to intercept request and response objects and modify them if desired.	1.0.2	97.09899830883309	136	86	51	4	CodingAleCR	codingale.dev	MIT	2022-08-24T21:03:52.000Z	https://github.com/CodingAleCR/http_interceptor
177	styled_text	Text widget with formatted text using tags. Makes it easier to use formatted text in multilingual applications.	6.0.0	97.0686440310481	287	59	36	1	andyduke	amazingsoftworks.com	BSD-3-Clause	2022-10-11T16:57:09.000Z	https://github.com/andyduke/styled_text_package
178	file_saver	This package will help you save file with a single method on any platform including macOS, iOS, Android, Windows, Web, Linux.	0.1.1	97.05563505485452	177	32	40	19	incrediblezayed		BSD-3-Clause	2022-07-27T07:31:34.000Z	https://github.com/incrediblezayed/file_saver
179	brasil_fields	O jeito mais fácil de utilizar padrões e formatos brasileiros em seu projeto Dart.	1.9.0	97.05129872945666	399	98	32	10	flutterbootcamp	flutterbootcamp.com.br	NOASSERTION	2022-12-16T23:09:29.000Z	https://github.com/flutterbootcamp/brasil_fields
180	lint	An opinionated, community-driven set of lint rules for Dart and Flutter projects. Like pedantic but stricter	2.0.1	97.00793547547808	741	254	73	15	passsy	pascalwelsch.com	Apache-2.0	2022-11-30T14:52:38.000Z	https://github.com/passsy/dart-lint
181	objectbox	Flutter database for super-fast NoSQL ACID compliant object persistence.	1.7.0	97.00359915008022	823	720	88	54	objectbox	objectbox.io	Apache-2.0	2022-12-19T15:22:03.000Z	https://github.com/objectbox/objectbox-dart
182	flutter_archive	Create and extract ZIP archive files in Android, iOS and macOS. Zip all files in a directory recursively or a given list of files.	5.0.0	96.98625384848879	108	46	34	10	kineapps	kineapps.com	BSD-3-Clause	2022-10-21T10:29:33.000Z	https://github.com/kineapps/flutter_archive
183	pinch_zoom	A widget based on Flutter's new Interactive Viewer that makes picture pinch zoom, and return to its initial size and position when released.	1.0.0	96.91687264212307	139	35	13	3	tkortekaas	jelter.net	ISC	2021-07-16T19:20:08.000Z	https://github.com/tkortekaas/pinch_zoom
184	objectbox_flutter_libs	Superfast NoSQL Flutter / Dart database. This package contains Flutter runtime libraries for ObjectBox.	1.7.0	96.88651836433806	17	720	88	54	objectbox	objectbox.io	Apache-2.0	2022-12-19T15:22:03.000Z	https://github.com/objectbox/objectbox-dart
185	barcode	Barcode generation library for Dart that can generate generic drawing operations for any backend.	2.2.3	96.85182776115519	330	88	26	7	DavBfr	nfet.net	Apache-2.0	2022-12-07T16:49:31.000Z	https://github.com/DavBfr/dart_barcode
186	flutter_sms	A Flutter plugin to Send SMS and MMS on iOS and Android. If iMessage is enabled it will send as iMessage on iOS. This plugin must be tested on a real device on iOS.	2.3.3	96.84749143575733	249	208	96	28	fluttercommunity	fluttercommunity.dev	MIT	2022-08-02T13:56:14.000Z	https://github.com/fluttercommunity/flutter_sms
187	flutter_login	A login widget with login/signup functionalities to help speed up development	4.1.1	96.82580980876804	1059	1224	658	61	NearHuscarl		MIT	2022-12-07T07:52:51.000Z	https://github.com/NearHuscarl/flutter_login
188	twitter_login	Flutter Twitter Login Plugin. Library for login with Twitter APIs OAuth service	4.2.3	96.82147348337018	84	44	32	6	0maru		MIT	2022-11-12T14:45:11.000Z	https://github.com/0maru/twitter_login
189	copy_with_extension	Annotation for generating `copyWith` extensions code using `copy_with_extension_gen`.	5.0.0	96.80846450717662	70	57	23	8	numen31337	oleksandrkirichenko.com	MIT	2022-12-02T23:18:09.000Z	https://github.com/numen31337/copy_with_extension
190	qr	A QR code generation library for Dart and Flutter. Supports QR code version 1 through 40, error correction and redundancy.	3.0.1	96.7997918563809	134	234	54	2	kevmoo	j832.com	BSD-3-Clause	2022-12-15T21:18:34.000Z	https://github.com/kevmoo/qr.dart
191	iconsax	Iconsax for flutter (1000+ icons 6 diferent styles, total 6000+ icons).	0.0.8	96.77377390399376	218	14	5	8	luisDanielRoviraContreras		GPL-3.0	2022-06-28T08:48:23.000Z	https://github.com/luisDanielRoviraContreras/flutter_iconsax
192	bitsdojo_window	A package to help with creating custom windows with Flutter desktop (custom border, titlebar and minimize/maximize/close buttons) and common desktop window operations (show/hide/position on screen) for Windows and macOS	0.1.5	96.76076492780018	654	600	142	98	bitsdojo	bitsdojo.com	MIT	2022-11-19T14:48:02.000Z	https://github.com/bitsdojo/bitsdojo_window
193	amplitude_flutter	Amplitude Flutter plugin	3.13.0	96.74341962620875	72	80	38	19	amplitude		MIT	2022-12-12T20:30:44.000Z	https://github.com/amplitude/Amplitude-Flutter
194	custom_refresh_indicator	Flutter Widget that make it easy to implement custom refresh indicator.	2.0.1	96.7174016738216	393	315	47	0	gonuit	klyta.it	MIT	2022-11-04T16:56:56.000Z	https://github.com/gonuit/flutter-custom-refresh-indicator
195	custom_pop_up_menu	Wrap a widget with CustomPopupMenu, Tap or Long Press this widget, a popup menu would display in a suitable position.	1.2.4	96.71306534842374	189	88	34	9	malikwang	malikwang.com	MIT	2022-10-29T19:46:59.000Z	https://github.com/malikwang/custom_pop_up_menu
196	drift_dev	Dev-dependency for users of drift. Contains a the generator and development tools.	2.3.3	96.63067516586445	16	1798	238	102	simolus3	simonbinder.eu	MIT	2022-12-19T23:40:06.000Z	https://github.com/simolus3/drift
197	flutter_chat_types	Utility library for the flutter_chat_ui and flutter_firebase_chat_core libraries which contains shared type declarations.	3.6.0	96.62633884046659	23	14	48	1	flyerhq	flyer.chat	MIT	2022-10-29T07:17:39.000Z	https://github.com/flyerhq/flutter_chat_types
198	very_good_analysis	Lint rules for Dart and Flutter used internally at Very Good Ventures.	3.1.0	96.53527600711158	333	242	30	1	VeryGoodOpenSource	verygood.ventures	MIT	2022-12-13T14:47:03.000Z	https://github.com/VeryGoodOpenSource/very_good_analysis
199	flutter_exif_rotation	Flutter plugin that fixes the picture orientation when it's took in landscape for some devices.	0.5.1	96.522267030918	56	23	46	14	NGhebreial		BSD-3-Clause	2022-04-03T10:36:06.000Z	https://github.com/NGhebreial/flutter_exif_rotation
200	web3dart	Dart library to connect to Ethereum clients. Send transactions and interact with smart contracts!	2.5.2	96.48757642773514	369	91	45	58	xclud	pwa.ir	MIT	2022-12-14T20:38:05.000Z	https://github.com/xclud/web3dart
201	algolia	Algolia is a pure dart SDK, wrapped around Algolia REST API for easy implementation for your Flutter or Dart projects.	1.1.1	96.47456745154156	191	112	67	17	knoxpo	knoxpo.com	NOASSERTION	2022-10-08T11:49:40.000Z	https://github.com/knoxpo/dart_algolia
202	webview_cookie_manager	Have you been turned into a cookie management problem? This package can help. It has all of the cookie management functionality you have been looking for.	2.0.6	96.45288582455227	63	40	29	6	fryette	mobilepeople.dev	MIT	2021-11-15T11:07:33.000Z	https://github.com/fryette/webview_cookie_manager
203	amplify_api	The Amplify Flutter API category plugin, supporting GraphQL and REST operations.	0.6.10	96.44421317375655	30	1127	176	195	aws-amplify	aws-amplify.com	Apache-2.0	2022-12-19T22:24:32.000Z	https://github.com/aws-amplify/amplify-flutter
204	dart_jsonwebtoken	A dart implementation of the famous javascript library 'jsonwebtoken' (JWT).	2.6.2	96.4398768483587	99	29	19	5	jonasroussel	jroussel.fr	MIT	2022-12-11T19:08:14.000Z	https://github.com/jonasroussel/dart_jsonwebtoken
205	simple_gradient_text	Create fast and simple gradient texts, whether linear or radial, you just decide the colors and the text to display, very easy.	1.2.4	96.40518624517583	38	5	5	0	astudilloalex	alexastudillo.com	Apache-2.0	2022-09-24T19:09:38.000Z	https://github.com/astudilloalex/flutter_gradient_text
206	custom_info_window	A widget based custom info window for google_maps_flutter package.	1.0.1	96.38350461818655	90	21	16	6	abhishekduhoon	abhishekduhoon.com	BSD-3-Clause	2022-09-19T00:18:17.000Z	https://github.com/abhishekduhoon/custom_info_window
207	scroll_snap_list	A Flutter widget that allows "snaping" event to an item at the end of user-scroll.	0.9.1	96.37916829278869	289	84	30	13	MSVCode	msvcode.com	NOASSERTION	2022-05-29T10:59:44.000Z	https://github.com/MSVCode/scroll_snap_list
208	tab_indicator_styler	Add beautiful and trending tab indicators directly to your default Flutter TabBar	2.0.0	96.37049564199297	203	50	16	3	adar2378	theadar.xyz	MIT	2022-04-20T05:11:00.000Z	https://github.com/adar2378/tab_indicator_styler
209	wechat_camera_picker	A camera picker based on WeChat's UI which is a separate runnable extension to wechat_assets_picker.	3.6.5	96.36615931659512	137	264	84	5	fluttercandies	fluttercandies.com	Apache-2.0	2022-12-19T03:18:04.000Z	https://github.com/fluttercandies/flutter_wechat_camera_picker
210	oauth2	A client library for authenticating with a remote service via OAuth2 on behalf of a user, and making authorized HTTP requests with the user's OAuth2 credentials.	2.0.1	96.35315034040154	211	173	116	44	dart-lang	tools.dart.dev	BSD-3-Clause	2022-11-11T07:22:29.000Z	https://github.com/dart-lang/oauth2
211	pluto_grid	PlutoGrid is a dataGrid that can be controlled by the keyboard on desktop and web. Of course, it works well on Android and IOS. (DataGrid, DataTable, Data Grid, Data Table, Sticky)	5.4.9	96.34881401500368	556	444	136	93	bosskmk	weblaze.dev	MIT	2022-12-15T13:38:25.000Z	https://github.com/bosskmk/pluto_grid
212	supabase_flutter	Flutter integration for Supabase. This package makes it simple for developers to build secure and scalable products.	1.2.2	96.34014136420797	174	237	53	54	supabase	supabase.io	MIT	2022-12-02T09:07:59.000Z	https://github.com/supabase/supabase-flutter
213	accordion	An expandable Flutter widget list where each item can be expanded or collapsed simply by clicking on the header.	2.5.1	96.32279606261653	174	29	21	5	GotJimmy	vulcansoft.com	NOASSERTION	2022-07-10T20:10:18.000Z	https://github.com/GotJimmy/accordion
214	searchfield	A highly customizable, simple and easy to use flutter Widget to add a searchfield to your Flutter Application. This Widget allows you to search and select from list of suggestions.	0.7.2	96.31845973721867	157	45	29	20	maheshmnj	maheshjamdade.com	MIT	2022-11-21T21:23:07.000Z	https://github.com/maheshmnj/searchfield
215	whatsapp_unilink	Dart package helping your app interact with WhatsApp via HTTP links (universal links). Works with Flutter.	2.1.0	96.31412341182082	192	18	7	0	dartsidedev	dartside.dev	BSD-3-Clause	2022-11-20T16:10:41.000Z	https://github.com/dartsidedev/whatsapp_unilink
216	flutter_translate	Flutter Translate is a fully featured localization / internationalization (i18n) library for Flutter.	4.0.3	96.30111443562724	178	330	102	2	Jesway	jesway.com	NOASSERTION	2022-11-25T20:40:11.000Z	https://github.com/Jesway/Flutter-Translate
217	expandable_bottom_sheet	This is a BottomSheet with a draggable height like the Google Maps App on Android.	1.1.1+1	96.29677811022938	139	32	19	9	torbenkeller	torben-keller.de	MIT	2022-07-01T17:32:48.000Z	https://github.com/torbenkeller/expandable_bottom_sheet
218	search_choices	Highly versatile Widget to search through a single or multiple choices list in a dialog box or a menu. Supports pagination and future/API/webservice searches with sort and filter.	2.2.1	96.29244178483152	386	43	26	8	lcuis	jod.li	MIT	2022-12-15T02:41:53.000Z	https://github.com/lcuis/search_choices
219	beamer	A routing package built on top of Router and Navigator's pages API, supporting arbitrary nested navigation, guards and more.	1.5.3	96.23606955465938	926	480	117	70	slovnicki	beamer.dev	MIT	2022-10-17T09:41:39.000Z	https://github.com/slovnicki/beamer
220	mvc_pattern	To develop apps using a framework following the MVC design pattern separating the app's 'interface' from its 'business logic' and from its 'data source' if any.	8.12.0	96.2143879276701	179	163	30	0	AndriousSolutions	andrioussolutions.com	NOASSERTION	2022-08-26T01:39:37.000Z	https://github.com/AndriousSolutions/mvc_pattern
221	buttons_tabbar	A Flutter package that implements a TabBar where each label is a toggle button.	1.3.6	96.19270630068081	199	55	17	0	afonsocraposo	afonsoraposo.com	MIT	2022-06-12T13:27:25.000Z	https://github.com/Afonsocraposo/buttons_tabbar
222	dio_smart_retry	Retry library for Dio package made with love. By default, the request will be retried only for appropriate retryable http statuses.	1.4.0	96.17536099908938	81	43	15	1	rodion-m	rodion-m.ru	MIT	2022-12-08T19:04:58.000Z	https://github.com/rodion-m/dio_smart_retry
223	flutter_bluetooth_serial	A basic Flutter Bluetooth Serial library	0.4.0	96.15367937210009	250	373	348	70	edufolly	3daysapp.com.br	MIT	2022-10-25T11:46:33.000Z	https://github.com/edufolly/flutter_bluetooth_serial
224	app_review	Request and Write Reviews and Open Store Listing for Android and iOS in Flutter.	2.1.2+1	96.14500672130437	250	270	69	14	fluttercommunity	fluttercommunity.dev	MIT	2022-11-22T09:07:27.000Z	https://github.com/fluttercommunity/app_review
225	simple_html_css	This package allows you to use simple HTML and inline CSS styles to style your text in flutter. A fork of css_text package.	4.0.0	96.14067039590651	92	27	18	5	ali-thowfeek		NOASSERTION	2022-10-26T14:44:53.000Z	https://github.com/ali-thowfeek/simple_html_css_flutter
226	code_builder	A fluent, builder-based library for generating valid Dart code	4.3.0	96.13633407050865	146	326	58	19	dart-lang	tools.dart.dev	BSD-3-Clause	2022-12-20T01:35:43.000Z	https://github.com/dart-lang/code_builder
227	fpdart	Functional programming in Dart and Flutter. All the main functional programming types and patterns fully documented, tested, and with examples.	0.4.0	96.07128918954079	287	270	24	5	SandroMaglione	sandromaglione.com	MIT	2022-12-19T04:43:09.000Z	https://github.com/SandroMaglione/fpdart
228	mailto	Simple Dart package for creating mailto links in your Flutter apps	2.0.0	96.0496075625515	101	21	6	4	smaho-engineering	smaho.dev	BSD-3-Clause	2021-04-13T19:22:03.000Z	https://github.com/smaho-engineering/mailto
229	gql	GraphQL tools for parsing, transforming and printing GraphQL documents.	0.14.0	96.04093491175578	33	240	99	56	gql-dart	gql-dart.dev	MIT	2022-12-03T23:04:15.000Z	https://github.com/gql-dart/gql
230	easy_refresh	A flutter widget that provides pull-down refresh and pull-up load.	3.0.5+1	96.03659858635793	113	3350	582	35	xuelongqy		MIT	2022-12-14T07:12:42.000Z	https://github.com/xuelongqy/flutter_easy_refresh
231	image_picker_web	Flutter Web Plugin to pick Images (as Widget, File or Uint8List) and Videos (as File or Uint8List)	3.0.0+1	96.02358961016435	107	40	20	0	Ahmadre	rouxguillau.me	GPL-3.0	2022-11-21T12:19:51.000Z	https://github.com/Ahmadre/image_picker_web
232	screen_brightness	A Plugin for controlling screen brightness with application life cycle reset implemented	0.2.2	95.9975716577772	59	13	6	2	aaassseee		MIT	2022-10-09T13:08:08.000Z	https://github.com/aaassseee/screen_brightness/tree/master/screen_brightness
233	flex_color_picker	A customizable Flutter primary, accent and custom color picker. Includes an optional HSV wheel color picker.	3.0.0	95.96721737999219	268	132	21	10	rydmike	rydmike.com	BSD-3-Clause	2022-11-23T19:49:46.000Z	https://github.com/rydmike/flex_color_picker
234	contained_tab_bar_view	Encapsulates TabController, TabBar and TabBarView into a single customizable Widget.	0.8.0	95.92385412601362	90	13	7	12	slovnicki	scipack.dev	MIT	2021-06-10T10:53:34.000Z	https://github.com/slovnicki/contained_tab_bar_view
235	flow_builder	Flutter Flows made easy! A Flutter package which simplifies flows with a flexible, declarative API.	0.0.9	95.91084514982005	308	335	50	26	felangel	felangel.dev	MIT	2022-08-26T14:49:12.000Z	https://github.com/felangel/flow_builder
236	amplify_storage_s3	The Amplify Flutter Storage category plugin using the AWS S3 provider.	0.6.10	95.86748189584146	51	1127	176	195	aws-amplify	aws-amplify.com	Apache-2.0	2022-12-19T22:24:32.000Z	https://github.com/aws-amplify/amplify-flutter
237	flutter_background	A plugin to keep flutter apps running in the background by using foreground service, wake lock and disabling battery optimizations	1.1.0	95.85447291964789	193	72	28	20	JulianAssmann		MIT	2022-08-23T10:06:18.000Z	https://github.com/JulianAssmann/flutter_background
238	sentry_dio	An integration which adds support for performance tracing for the Dio package.	6.18.1	95.8024370148736	14	600	158	81	getsentry	sentry.io	MIT	2022-12-19T16:47:17.000Z	https://github.com/getsentry/sentry-dart
239	otp_autofill	Android implementation of OTP autofill with using User Consent API and Retriever API. Add possibility to receive OTP code from another input.	2.1.0	95.78075538788431	127	37	14	11	surfstudio	surf.ru	Apache-2.0	2022-11-12T20:13:05.000Z	https://github.com/surfstudio/flutter-otp-autofill
240	flutter_gen	The Flutter code generator for your assets, fonts, colors, … — Get rid of all String-based APIs.	5.1.0+1	95.7504011100993	764	1133	95	40	FlutterGen	wasabeef.jp	MIT	2022-12-18T19:16:29.000Z	https://github.com/FlutterGen/flutter_gen
241	either_dart	Error handler library for type-safe and easy work with errors on Dart and Flutter. Either is an alternative to Nullable value and Exceptions.	0.3.0	95.72871948311001	73	20	6	0	avdosev		MIT	2022-11-06T17:04:13.000Z	https://github.com/avdosev/either_dart
242	line_awesome_flutter	The Line Awesome Icons pack for flutter. Provides 1542 additional icons to use in your apps.	2.0.0	95.71137418151858	141	12	2	1	clean		MIT	2021-07-19T10:41:13.000Z	https://github.com/clean/line_awesome_flutter
243	flutter_flavorizr	A flutter utility to easily create flavors in your flutter application	2.1.5	95.698365205325	375	266	48	27	AngeloAvv	angelocassano.it	MIT	2022-12-09T04:21:29.000Z	https://github.com/AngeloAvv/flutter_flavorizr
244	any_link_preview	Dart package that helps with preview of any links. Fully customizable and has the ability to render from cached data. Useful for apps where we had chat feature.	2.0.9	95.68535622913143	174	33	37	8	sur950	suresh-konakanchi.in	MIT	2022-12-11T21:24:25.000Z	https://github.com/sur950/any_link_preview
245	flutter_keyboard_visibility_web	An implementation for the web platform of `flutter_keyboard_visibility'	2.0.0	95.60730237197	1	300	61	17	MisterJimson		MIT	2022-12-08T13:51:05.000Z	https://github.com/MisterJimson/flutter_keyboard_visibility
246	stream_chat_flutter	Stream Chat official Flutter SDK. Build your own chat experience using Dart and Flutter.	5.1.0	95.60296604657213	251	655	237	76	GetStream	getstream.io	NOASSERTION	2022-12-16T14:41:48.000Z	https://github.com/GetStream/stream-chat-flutter
247	disk_space	A tiny Flutter Plugin to show free and total disk space.	0.2.1	95.59429339577642	54	12	20	8	mboeddeker		MIT	2022-03-25T22:53:03.000Z	https://github.com/mboeddeker/disk_space
248	http_mock_adapter	A simple to use mocking package for Dio intended to be used in tests. It provides various types and methods to declaratively mock request-response communication.	0.3.3	95.55960279259355	92	46	19	10	lomsa-dev	lomsa.com	MIT	2022-08-10T19:29:16.000Z	https://github.com/lomsa-dev/http-mock-adapter
249	amplify_datastore	The Amplify Flutter DataStore category plugin, providing a queryable, on-device data store.	0.6.10	95.48154893543212	26	1127	176	195	aws-amplify	aws-amplify.com	Apache-2.0	2022-12-19T22:24:32.000Z	https://github.com/aws-amplify/amplify-flutter
250	flutter_gen_runner	The Flutter code generator for your assets, fonts, colors, … — Get rid of all String-based APIs.	5.1.0+1	95.45986730844282	82	1133	95	40	FlutterGen	wasabeef.jp	MIT	2022-12-18T19:16:29.000Z	https://github.com/FlutterGen/flutter_gen
251	flutter_advanced_drawer	An advanced drawer widget, that can be fully customized with size, text, color, radius of corners.	1.3.2	95.45553098304497	186	44	12	2	alex-melnyk	alexmelnyk.io	BSD-3-Clause	2022-04-03T16:04:36.000Z	https://github.com/alex-melnyk/flutter_advanced_drawer
252	gql_http_link	GQL Terminating Link to execute requests via HTTP using JSON.	0.4.5	95.44252200685139	10	240	99	56	gql-dart	gql-dart.dev	MIT	2022-12-03T23:04:15.000Z	https://github.com/gql-dart/gql
253	advertising_id	A Flutter plugin to access advertising ID.Wraps ASIdentifierManager.advertisingIdentifier (on iOS) and advertising ID (on Android).	2.3.0	95.42517670525996	18	8	24	3	operando		Apache-2.0	2022-05-23T18:46:59.000Z	https://github.com/operando/advertising_id
254	custom_sliding_segmented_control	Allows you to flexibly configure the widget for displaying controls. You can add color, speed, size, initial value, animation and more.	1.7.3	95.4208403798621	55	13	10	1	hadukin		MIT	2022-10-20T06:34:16.000Z	https://github.com/hadukin/custom_sliding_segmented_control
255	persistent_bottom_nav_bar_v2	A do all, highly customizable persistent/static bottom navigation bar for flutter. Includes up-to 20 styles. Based on persistent_bottom_nav_bar which currently is not continued.	4.2.6	95.38181345128139	156	26	21	32	jb3rndt		BSD-3-Clause	2022-11-28T23:06:20.000Z	https://github.com/jb3rndt/PersistentBottomNavBarV2
256	loading_animations	A Flutter package with a selection of simple yet very customizable set of loading animations.	2.2.0	95.30375959411994	218	171	22	2	cytryn		MIT	2021-03-09T18:19:44.000Z	https://github.com/cytryn/loading-animations
257	custom_lint	Lint rules are a powerful way to improve the maintainability of a project. Custom Lint allows package authors and developers to easily write custom lint rules.	0.0.16	95.29508694332422	59	151	17	20	invertase	invertase.io	Apache-2.0	2022-12-19T11:17:52.000Z	https://github.com/invertase/dart_custom_lint
258	ffmpeg_kit_flutter	FFmpeg Kit for Flutter. Supports Android, iOS and macOS platforms.	5.1.0	95.19968778457135	143	2161	306	68	arthenica	arthenica.com	LGPL-3.0	2022-11-19T15:37:05.000Z	https://github.com/arthenica/ffmpeg-kit
259	sticky_grouped_list	A ScrollablePositionedList where the list items can be grouped into sections.	3.1.0	95.1953514591735	191	130	34	22	Dimibe	begnis.dev	MIT	2022-10-22T23:12:24.000Z	https://github.com/Dimibe/sticky_grouped_list
260	flutter_keyboard_visibility_platform_interface	A common platform interface for the flutter_keyboard_visibility plugin.	2.0.0	95.1736698321842	1	300	61	17	MisterJimson		MIT	2022-12-08T13:51:05.000Z	https://github.com/MisterJimson/flutter_keyboard_visibility
261	system_settings	Flutter plugin to open system and app settings on iOS and Android.	2.1.0	95.16066085599063	52	11	20	6	fweinaug		MIT	2022-04-03T12:17:03.000Z	https://github.com/fweinaug/system_settings
262	bottom_sheet	Flexible bottom sheet with the ability to scroll content even without a list.	3.1.2	95.14765187979705	213	92	25	6	surfstudio	surf.ru	Apache-2.0	2022-11-24T05:54:54.000Z	https://github.com/surfstudio/flutter-bottom-sheet
263	agora_rtm	Flutter wrapper around the Agora Real Time Message SDKs for Android and iOS.	1.5.0	95.13897922900134	51	92	54	28	AgoraIO	agora.io	MIT	2022-11-30T02:36:35.000Z	https://github.com/AgoraIO/Flutter-RTM
264	filesystem_picker	FileSystem file or folder picker dialog. Allows the user to browse the file system and pick a folder or file.	3.1.0	95.13030657820562	119	48	28	5	andyduke	amazingsoftworks.com	BSD-3-Clause	2022-09-01T14:03:18.000Z	https://github.com/andyduke/filesystem_picker
265	darq	The power of lazy-evaluated enumerables in your hands! (A port of functional LINQ from the .NET library.)	1.2.1	95.12597025280776	118	75	7	0	Abion47		MIT	2022-09-18T18:01:58.000Z	https://github.com/abion47/darq
266	flutter_spinbox	SpinBox is a numeric input widget with an input field for entering a specific value, and spin buttons for quick, convenient, and accurate value adjustments.	0.11.0	95.1216339274099	94	26	23	10	jpnurmi		MIT	2022-12-16T12:14:30.000Z	https://github.com/jpnurmi/flutter_spinbox
267	flutter_google_places_hoc081098	Google places autocomplete widgets for flutter. No wrapper, use https://pub.dartlang.org/packages/google_maps_webservice. Better flutter_google_places, updated by @hoc081098	1.1.0	95.11729760201206	27	10	10	4	hoc081098		NOASSERTION	2022-11-13T17:01:41.000Z	https://github.com/hoc081098/flutter_google_places
268	agora_uikit	Flutter plugin to simply integrate Agora Video Calling or Live Video Streaming to your app with just a few lines of code.	1.1.0	95.09995230042063	322	106	37	13	AgoraIO-Community	agora.io	MIT	2022-11-29T10:58:37.000Z	https://github.com/AgoraIO-Community/VideoUIKit-Flutter
269	flutter_map_location_marker	A flutter map plugin for displaying device current location.	5.0.0+1	95.07827067343133	53	40	41	3	tlserver	tlserver6y.net	BSD-3-Clause	2022-11-08T17:06:59.000Z	https://github.com/tlserver/flutter_map_location_marker
270	styled_widget	Simplifying your widget tree structure by defining widget using methods. Taking ispiration from CSS and SwiftUI	0.4.1	95.06526169723776	624	968	79	19	ReinBentdal		MIT	2022-11-07T22:26:11.000Z	https://github.com/ReinBentdal/styled_widget
271	flutter_sound_lite	A complete api for audio playback and recording. Audio player, audio recorder, media player, media recorder, sound player, sound recorder.	8.5.0	95.0609253718399	108	762	459	245	Canardoux		MPL-2.0	2022-10-21T03:07:36.000Z	https://github.com/canardoux/flutter_sound
272	telephony	A Flutter plugin to use telephony features such as fetch network info, start phone calls, send and receive SMS, and listen for incoming SMS.	0.2.0	95.05225272104418	258	103	72	33	shounakmulay	shounakmulay.dev	MIT	2022-12-03T18:26:22.000Z	https://github.com/shounakmulay/Telephony
273	envied	Explicitly reads environment variables into a dart file from a .env file for more security and faster start up times.	0.3.0	95.03924374485061	107	30	15	3	petercinibulk		MIT	2022-11-28T17:56:33.000Z	https://github.com/petercinibulk/envied
274	flutter_segment	Flutter implementation of Segment Analytics for iOS, Android and Web	3.12.1	95.03490741945275	61	15	102	25	la-haus		MIT	2022-11-22T07:39:58.000Z	https://github.com/la-haus/flutter-library-segment
275	link_preview_generator	A cross-platform flutter package to convert your links into rich beautiful previews.	1.2.0	95.00021681626988	40	12	6	3	ghpranav		MIT	2021-11-08T07:26:36.000Z	https://github.com/ghpranav/link_preview_generator
276	flutter_callkit_incoming	Flutter Callkit Incoming to show callkit screen in your Flutter app.	1.0.2+2	94.98287151467846	134	71	96	46	hiennguyen92	hiennv.com	MIT	2022-11-14T23:34:58.000Z	https://github.com/hiennguyen92/flutter_callkit_incoming
277	queue	Queue up futures from multiple sources and await their return anywhere in your code.	3.1.0+2	94.96118988768917	66	37	8	5	rknell		MIT	2022-12-06T00:41:06.000Z	https://github.com/rknell/dart_queue
278	location_android	Android implementation of the location plugin	5.0.0-dev.3	94.9481809114956	1	952	592	90	Lyokone		MIT	2022-07-21T16:05:20.000Z	https://github.com/Lyokone/flutterlocation
279	money2	Money and Currency classes with fixed precision maths, parsing and formatting. (Money.parse('$2010.00') * 10).format('S CC#,##0') -> $ US20,100	3.3.0	94.93950826069988	150	50	26	5	onepub-dev	onepub.dev	MIT	2022-11-02T04:43:07.000Z	https://github.com/onepub-dev/money.dart
280	fijkplayer	A Video Player Flutter plugin based on ijkplayer, support most popular protocols and codecs	0.10.1	94.93517193530202	148	1381	256	179	befovy		MIT	2022-07-22T03:47:47.000Z	https://github.com/befovy/fijkplayer
281	location_ios	iOS implementation of the location plugin	5.0.0-dev.4	94.93083560990416	1	952	592	90	Lyokone		MIT	2022-07-21T16:05:20.000Z	https://github.com/Lyokone/flutterlocation
282	video_editor	A flutter package for editing video written in pure Dart with fully customizable UI. Supports crop, trim, rotation and cover selection.	2.1.0	94.9264992845063	269	213	100	11	LeGoffMael	felipemurguia.com	MIT	2022-12-01T09:55:03.000Z	https://github.com/LeGoffMael/video_editor
283	location_macos	MacOS implementation of the location plugin	5.0.0-dev.3	94.92216295910845	0	952	592	90	Lyokone		MIT	2022-07-21T16:05:20.000Z	https://github.com/Lyokone/flutterlocation
284	supabase	A dart client for Supabase. This client makes it simple for developers to build secure and scalable products.	1.2.0	94.90481765751701	393	389	63	0	supabase	supabase.io	MIT	2022-12-03T13:45:54.000Z	https://github.com/supabase/supabase-dart
285	quickalert	With QuickAlert, instantly display animated alert dialogs such as success, error, warning, confirm, loading or even a custom dialog.	1.0.1	94.89180868132344	165	16	7	0	belovance	belovance.com	MIT	2022-12-02T08:02:27.000Z	https://github.com/belovance/QuickAlert
286	glassmorphism	A Flutter package for implimentation of Glassmorphic UI easily.	3.0.0	94.874463379732	337	46	19	2	RitickSaha		Apache-2.0	2022-09-13T13:48:25.000Z	https://github.com/RitickSaha/glassmorphism
287	dual_screen	Foldable and dual-screen support, like the TwoPane widget and hinge angle sensor data.	1.0.3	94.86579072893629	67	39	4	0	microsoft	microsoft.com	MIT	2022-05-05T14:12:42.000Z	https://github.com/microsoft/flutter-dualscreen
288	graphs	Graph algorithms that operate on graphs in any representation	2.2.0	94.83110012575344	63	69	14	3	dart-lang	tools.dart.dev	BSD-3-Clause	2022-11-01T16:47:02.000Z	https://github.com/dart-lang/graphs
289	flutter_inset_box_shadow	This package extends BoxShadow and BoxDecoration to support the inset property.	1.0.8	94.79640952257057	35	14	2	2	johynpapin	qoumo.dev	BSD-3-Clause	2022-04-08T12:26:18.000Z	https://github.com/qoumo/flutter_inset_box_shadow
290	flutter_link_previewer	Customizable link and URL preview extracted from the provided text with the ability to render from the cache. Ideal for chat applications.	3.2.0	94.77906422097914	171	47	45	1	flyerhq	flyer.chat	MIT	2022-10-29T07:36:56.000Z	https://github.com/flyerhq/flutter_link_previewer
291	ferry	Ferry is a simple, powerful GraphQL Client for Flutter and Dart.	0.13.0	94.73570096700057	275	478	90	52	gql-dart	gql-dart.dev	MIT	2022-12-19T20:07:48.000Z	https://github.com/gql-dart/ferry
292	animated_toggle_switch	Simple and animated toggle switch for multiple choices. It's a good alternative if you don't want to use something like a dropdown menu.	0.5.2	94.72702831620485	251	19	6	3	SplashByte	splashbyte.dev	BSD-3-Clause	2022-12-05T21:20:09.000Z	https://github.com/SplashByte/animated_toggle_switch
293	searchable_dropdown	Widget to let the user search through a keyword string typed on a customizable keyboard in a single or multiple choices list presented as a dropdown in a dialog box or a menu.	1.1.3	94.722691990807	298	108	144	103	icemanbsi		MIT	2022-05-12T17:25:32.000Z	https://github.com/icemanbsi/searchable_dropdown
294	dropdown_plus	Simple and easy to use Dropdown in forms with search, keyboard navigation, offiline data source, remote data source and easy customization.	0.0.9	94.69667403841984	97	8	28	25	crawlinknetworks	crawlink.com	MIT	2022-11-08T09:05:50.000Z	https://github.com/crawlinknetworks/dropdown_plus
295	currency_picker	A flutter package to select a currency from a list of currencies.	2.0.13	94.66631976063485	60	21	48	12	Daniel-Ioannou		MIT	2022-11-29T19:57:30.000Z	https://github.com/Daniel-Ioannou/flutter_currency_picker
296	credit_card_validator	A package that validates credit card numbers, expiration dates, and security codes (CVV/CVC) based on the type of credit card	2.0.1	94.59260222887126	57	21	14	1	cholojuanito		MIT	2022-11-01T18:06:45.000Z	https://github.com/cholojuanito/credit_card_validator
297	flutter_breadcrumb	Flutter Widget that can easily create Breadcrumb in Flutter.	1.0.1	94.55791162568839	74	35	5	0	payam-zahedi	payamzahedi.com	BSD-3-Clause	2021-05-01T14:23:59.000Z	https://github.com/payam-zahedi/flutter_breadcrumb
298	flutter_keyboard_visibility_macos	An implementation for the macOS platform of `flutter_keyboard_visibility'	1.0.0	94.5362299986991	0	300	61	17	MisterJimson		MIT	2022-12-08T13:51:05.000Z	https://github.com/MisterJimson/flutter_keyboard_visibility
299	flutter_keyboard_visibility_linux	An implementation for the linux platform of `flutter_keyboard_visibility'	1.0.0	94.52322102250554	0	300	61	17	MisterJimson		MIT	2022-12-08T13:51:05.000Z	https://github.com/MisterJimson/flutter_keyboard_visibility
300	flutter_keyboard_visibility_windows	An implementation for the Windows platform of `flutter_keyboard_visibility'	1.0.0	94.49720307011839	0	300	61	17	MisterJimson		MIT	2022-12-08T13:51:05.000Z	https://github.com/MisterJimson/flutter_keyboard_visibility
301	icons_launcher	A command-line tool that simplifies the task of updating your Flutter app's launcher icon.	2.0.6	94.47118511773124	209	48	5	3	mrrhak	mrrhak.com	MIT	2022-11-12T11:57:12.000Z	https://github.com/mrrhak/icons_launcher
302	uri_to_file	A Flutter plugin for converting supported uri to file. Supports Android & iOS.	0.2.0	94.46251246693552	14	2	3	3	Nikhil1999		MIT	2022-11-01T18:15:56.000Z	https://github.com/Nikhil1999/uri-to-file
303	home_widget	A plugin to provide a common interface for creating HomeScreen Widgets for Android and iOS.	0.1.6	94.4538398161398	696	401	92	27	ABausG	antonborri.es	BSD-3-Clause	2022-12-16T16:35:53.000Z	https://github.com/ABausG/home_widget
304	realm	The official Realm SDK for Flutter. Realm is a mobile database - an alternative to SQLite and key-value stores.	0.8.0+rc	94.43649451454837	254	525	44	122	realm	realm.io	Apache-2.0	2022-12-19T23:55:32.000Z	https://github.com/realm/realm-dart
305	animate_icons	This is a plugin with the help of which you can animate between any two icons like we do in AnimatedIcon widget given to us by default.	2.0.0	94.42782186375265	157	17	17	11	Aman-Malhotra		MIT	2022-05-27T08:41:54.000Z	https://github.com/Aman-Malhotra/animate_icons
306	avatars	An avatar widget that uses the best available data source among those provided (social images, gravatar, name initials, custom)	3.0.2	94.41481288755908	68	8	3	8	luckyseven	albertofecchi.com	MIT	2022-02-01T18:48:22.000Z	https://github.com/luckyseven/avatars
307	freshchat_sdk	Freshchat is a modern messaging software for sales and customer engagement teams. freshchat_sdk (BETA) will help you integrate chat support in your mobile apps.	0.10.1	94.39746758596766	22	8	19	3	freshworks	freshworks.com	NOASSERTION	2022-12-06T09:02:47.000Z	https://github.com/freshworks/freshchat-flutter-sdk
308	rally_assets	Assets for the app Rally, a Flutter sample app based on the Material study Rally.	3.0.1	94.35844065738694	0	18	19	0	material-components		NOASSERTION	2022-12-07T19:48:40.000Z	https://github.com/material-components/material-components-flutter-codelabs-packages
309	crop	Crop for Flutter. Crop any widget/image in Android, iOS, Web and Desktop with fancy and customizable UI, in 100% pure Dart code.	0.5.4	94.33242270499979	166	221	78	8	xclud	pwa.ir	MIT	2022-12-05T19:10:18.000Z	https://github.com/xclud/flutter_crop
310	flutter_rating_stars	A Flutter package to create Rating Stars bar. It will be useful for your awesome app.	1.0.3+4	94.28472312562334	63	1	4	1	minhhung2556	romanticdeveloper.com	Apache-2.0	2021-11-02T17:25:27.000Z	https://github.com/minhhung2556/romantic_project_flutter_rating_stars
311	flextras	A collection of Flex widgets (Columns and Rows) with additional functionality.	1.0.0	94.27605047482763	72	21	4	4	gskinnerTeam	gskinner.com	MIT	2022-11-07T16:23:15.000Z	https://github.com/gskinnerTeam/flutter-flextras
312	flutter_fortune_wheel	Visualize (random) selection processes with widgets like a spinning wheel of fortune or a fortune bar.	1.2.0	94.19799661766619	171	60	43	7	kevlatus	kevlatus.de	MIT	2022-07-30T19:34:13.000Z	https://github.com/kevlatus/flutter_fortune_wheel
313	loading_more_list	A loading more list which supports ListView,GridView,WaterfallFlow and Slivers.	5.0.2	94.18065131607476	103	292	42	7	fluttercandies	fluttercandies.com	MIT	2022-08-17T11:39:50.000Z	https://github.com/fluttercandies/loading_more_list
314	measure_size	A widget that provides a callback that is triggered when its size changes	4.0.0	94.15896968908547	12	4	2	1	mhrst	qrl.app	MIT	2022-06-01T16:00:14.000Z	https://github.com/mhrst/measure_size
315	select_dialog	Package designed to select an item from a list, with the option to filter and even search the items online.	2.0.0	94.15029703828975	75	63	34	9	davidsdearaujo		MIT	2022-01-05T01:35:12.000Z	https://github.com/davidsdearaujo/select_dialog
316	gradient_borders	Gradient borders for inputs and containers. Borders package integrated with a basic flutter widgets as a container and input decorations. Easy in use, platform independent.	0.2.0	94.14596071289189	34	6	5	1	obiwanzenobi	warwas.dev	MIT	2022-09-02T11:17:30.000Z	https://github.com/obiwanzenobi/gradient-borders
317	datadog_flutter_plugin	Flutter bindings and tools for utilizing Datadog Mobile SDks	1.1.1	94.1156064351069	17	17	12	8	DataDog	datadoghq.com	Apache-2.0	2022-12-16T21:24:54.000Z	https://github.com/DataDog/dd-sdk-flutter
318	shamsi_date	A Flutter and Dart package for using Jalali (Shamsi, Solar, Persian or Jalaali) calendar. You can convert, format and manipulate Jalali and Gregorian (Miladi) date and times.	1.0.1	94.10259745891332	144	64	7	2	FatulM		BSD-3-Clause	2022-11-15T13:28:51.000Z	https://github.com/FatulM/shamsi_date
319	flutter_file_dialog	Dialogs for picking and saving files in Android and in iOS.	2.3.2	94.09826113351546	49	25	20	8	kineapps	kineapps.com	BSD-3-Clause	2022-11-04T13:28:42.000Z	https://github.com/kineapps/flutter_file_dialog
320	flutter_logs	An extensive filebased logging framework for flutter apps. (ELK Stack Supported)	2.1.10	94.08525215732189	66	29	14	32	umair13adil	umairadil.com	Apache-2.0	2022-11-23T08:55:30.000Z	https://github.com/umair13adil/flutter_logs
321	oauth2_client	Flutter library for interacting with OAuth2 servers, with classes for transparent authorized requests, secure OAuth token storage, automatic token refeshing.	3.0.0	94.04622522874116	133	73	78	48	teranetsrl	teranet.it	BSD-2-Clause	2022-11-08T04:30:00.000Z	https://github.com/teranetsrl/oauth2_client
322	kt_dart	This project is a port of kotlin-stdlib for Dart/Flutter projects. It includes collections (KtList, KtMap, KtSet) with 150+ methods as well as other useful packages.	1.0.0	94.03755257794545	148	456	28	6	passsy	pascalwelsch.com	Apache-2.0	2022-10-05T20:22:02.000Z	https://github.com/passsy/kt.dart
323	webview_windows	A WebView2-powered webview implementation for the Windows platform.	0.2.2	94.02887992714973	128	123	64	47	jnschulze	jns.io	BSD-3-Clause	2022-11-26T11:49:29.000Z	https://github.com/jnschulze/flutter-webview-windows
324	network_image_mock	Utility for providing mocked Image.network response in Flutter widget tests.	2.1.1	94.02020727635401	37	21	12	6	stelynx	stelynx.com	BSD-3-Clause	2022-06-28T07:41:55.000Z	https://github.com/stelynx/network_image_mock
325	flutter_firebase_chat_core	Actively maintained, community-driven Firebase BaaS for chat applications with an optional chat UI.	1.6.4	94.01587095095616	192	171	129	10	flyerhq	flyer.chat	Apache-2.0	2022-10-29T17:35:19.000Z	https://github.com/flyerhq/flutter_firebase_chat_core
326	credit_card_type_detector	A package that detects credit card types based on the current credit card number patterns	2.0.0	93.99418932396686	52	23	10	0	cholojuanito		MIT	2022-11-01T17:54:23.000Z	https://github.com/cholojuanito/credit_card_type_detector
327	image_fade	A widget that displays a placeholder and optional progress indicator while an image loads, then cross-fades to the loaded image. Improves on FadeInImage. Compatible with CachedNetworkImageProvider.	0.6.1	93.98551667317115	38	27	9	5	gskinner	gskinner.com	BSD-2-Clause	2022-12-19T20:25:48.000Z	https://github.com/gskinner/image_fade
328	dart_vlc	Flutter audio / video playback, broadcast & recording library for Windows & Linux. Based on libvlc.	0.4.0	93.96817137157973	212	416	108	28	alexmercerind		LGPL-2.1	2022-12-01T03:01:49.000Z	https://github.com/alexmercerind/dart_vlc
329	fake_cloud_firestore	Previously known as cloud_firestore_mocks. Fake implementation of Cloud Firestore. Use this package to unit test apps that use Cloud Firestore.	2.1.0	93.94648974459044	68	95	71	41	atn832	wafrat.com	BSD-2-Clause	2022-12-11T04:47:43.000Z	https://github.com/atn832/fake_cloud_firestore
330	amplify_authenticator	A prebuilt Sign In and Sign Up experience for the Amplify Auth category	0.2.4	93.94215341919258	20	1127	176	195	aws-amplify	aws-amplify.com	Apache-2.0	2022-12-19T22:24:32.000Z	https://github.com/aws-amplify/amplify-flutter
331	flutter_animarker	Marker Geo-Animation solution for Google Maps.	3.2.0	93.93781709379472	128	51	34	31	gauris26	gaurisjavier.com	BSD-3-Clause	2022-12-05T13:26:31.000Z	https://github.com/gauris26/flutter_animarker
332	simple_logger	Provides super simple APIs for logging. The log also includes caller info by setting includeCallerInfo to true. On Android Studio, jump to called location by clicking the log.	1.9.0+1	93.91613546680543	77	50	7	1	mono0926	mono0926.com	MIT	2022-11-14T06:42:28.000Z	https://github.com/mono0926/simple_logger
333	unity_ads_plugin	Unity Ads plugin for Flutter Applications. This plugin is able to display Unity Banner Ads and Unity Video Ads.	0.3.7	93.88578118902042	104	23	11	14	pavelzaichyk	rebeloid.com	MIT	2022-10-16T09:16:25.000Z	https://github.com/pavelzaichyk/flutter_unity_ads
334	flutter_advanced_switch	An advanced switch control provides a rich API for widget customization that opens a new look and feel in your app.	3.0.1	93.85542691123541	82	13	3	0	alex-melnyk	alexmelnyk.io	BSD-3-Clause	2022-04-14T20:17:10.000Z	https://github.com/alex-melnyk/flutter_advanced_switch
335	map	Lightweight Map widget for flutter supporting different projections including EPSG4326/Mercator/WGS1984.	1.3.5+1	93.83374528424613	252	100	23	1	xclud	pwa.ir	MIT	2022-12-08T14:37:34.000Z	https://github.com/xclud/flutter_map
336	import_sorter	Automatically organize your dart imports	4.6.0	93.82940895884828	231	138	27	19	fluttercommunity	fluttercommunity.dev	MIT	2022-10-31T06:06:51.000Z	https://github.com/fluttercommunity/import_sorter
337	tap_debouncer	Tap debounce simplifying widget. Wrap your button widget in TapDebounce widget and any taps will be disabled while tap callback is in progress.	2.0.2	93.82507263345042	77	12	3	0	sla-000		MIT	2022-01-23T20:25:46.000Z	https://github.com/sla-000/flutter_debouncer
338	numeral	A Dart library for Format number into beautiful string, Format the number into a beautiful, readable and short string.	2.0.1	93.80339100646113	43	8	5	0	medz	odroe.com	MIT	2022-07-21T17:15:35.000Z	https://github.com/medz/numeral.dart
339	source_helper	Utilities to help with Dart source code generation. Includes utilities for properly generating String literals from any String value.	1.3.3	93.79905468106327	13	9	2	1	google	google.dev	Apache-2.0	2022-10-30T00:39:25.000Z	https://github.com/google/source_helper.dart
340	appwrite	Appwrite is an open-source self-hosted backend server that abstract and simplify complex and repetitive development tasks behind a very simple REST API	8.1.0	93.7643640778804	356	255	64	19	appwrite	appwrite.io	BSD-3-Clause	2022-12-19T21:02:56.000Z	https://github.com/appwrite/sdk-for-flutter
341	time_range_picker	A time range picker for flutter. This widget let's you open a dialog to choose a timeframe with start and end time.	2.2.0	93.72533714929968	124	26	24	10	Chris1234567899		NOASSERTION	2022-07-02T15:38:20.000Z	https://github.com/Chris1234567899/flutter_time_range_picker
342	amplify_core	The base package containing common types and utilities that are shared across the Amplify Flutter packages.	0.6.10	93.7123281731061	36	1127	176	195	aws-amplify	aws-amplify.com	Apache-2.0	2022-12-19T22:24:32.000Z	https://github.com/aws-amplify/amplify-flutter
343	vrouter	A navigation package that makes navigation and routing easy on every platform. Built on top of Navigator 2.	1.2.1	93.68631022071897	298	195	23	29	lulupointu	vrouter.dev	MIT	2022-05-12T08:29:07.000Z	https://github.com/lulupointu/vrouter
344	pausable_timer	A timer implementation that can be paused, resumed and reset.	1.0.0+6	93.68197389532111	51	17	5	2	llucax	llucax.com	BSD-3-Clause	2022-09-02T20:58:21.000Z	https://github.com/llucax/pausable_timer
345	effective_dart	Linter rules corresponding to the guidelines in Effective Dart.	1.3.2	93.67330124452539	127	127	28	0	tenhobi	tenhobi.dev	MIT	2021-06-20T16:27:20.000Z	https://github.com/tenhobi/effective_dart
346	background_location	A Flutter plugin to get location updates in the background for both Android and iOS. Uses CoreLocation for iOS and FusedLocationProvider for Android.	0.8.1	93.62126533975109	279	179	158	39	Almoullim	faultyapp.com	NOASSERTION	2022-11-15T13:25:55.000Z	https://github.com/Almoullim/background_location
347	text_scroll	TextScroll Flutter widget adds text auto-scrolling functionality (marquee text).	0.1.1	93.61259268895537	57	9	3	4	yurii-khi	yurii-khi.dev	MIT	2022-11-14T09:09:42.000Z	https://github.com/yurii-khi/text_scroll
348	pusher_channels_flutter	Pusher Channels Flutter Plugin	2.1.0	93.57356576037465	54	57	40	7	pusher	pusher.com	MIT	2022-10-27T10:39:13.000Z	https://github.com/pusher/pusher-channels-flutter
349	cupertino_will_pop_scope	Enables 'onWillPop' callbacks on Cupertino page transitions and improves visual feedback of rejected "Swipe to go back" gestures.	1.2.1	93.56489310957895	38	16	9	0	benPesso	benpesso.com	MIT	2022-07-31T09:44:38.000Z	https://github.com/benPesso/flutter_cupertino_will_pop_scope
350	blinking_text	A simple plugin to creating a blinking text. It allows to adjust duration of a blink and number of times text blinks before stopping.	1.0.2	93.55622045878323	23	0	1	2	androideen		MIT	2022-03-30T13:17:21.000Z	https://github.com/androideen/blinking_text
351	eventify	A cancellable event emitter which supports context based event driven programming. 	1.0.1	93.5388751571918	33	11	3	0	iMeshAcademy		NOASSERTION	2022-06-16T04:22:31.000Z	https://github.com/iMeshAcademy/EventEmitter
352	ua_client_hints	Provide User-Agent Client Hints to Flutter.	1.1.3	93.52586618099822	23	40	10	9	wasabeef	wasabeef.jp	MIT	2022-12-18T17:18:42.000Z	https://github.com/wasabeef/flutter_ua_client_hints
353	dismissible_page	Creates page that is dismissed by swipe gestures, with Hero style animations, Inspired by Facebook, Instagram stories.	0.7.3	93.50852087940679	294	75	27	3	Tkko	fman.ge	NOASSERTION	2022-12-19T10:00:13.000Z	https://github.com/Tkko/Flutter_dismissible_page
354	is_first_run	A simple package to check if it is the first time the app runs.	1.0.0	93.47816660162178	64	6	2	1	JulianAssmann		BSD-3-Clause	2022-07-20T17:58:55.000Z	https://github.com/JulianAssmann/flutter_is_first_run
355	charset_converter	Charset/encoding converter that uses underlying platform - no external dependencies	2.1.0	93.47383027622392	39	15	11	9	pr0gramista	pr0gramista.pl	BSD-3-Clause	2022-12-19T15:06:29.000Z	https://github.com/pr0gramista/charset_converter
356	tiengviet	🇻🇳 Converts vietnamese language sign to unsigned easily. 😍 Give me a string vietnamese language, i will respond you string vietnamese unsigned. 👍	0.5.0	93.4348033476432	72	16	1	0	tvc12	4pet.social	BSD-3-Clause	2021-03-27T14:06:50.000Z	https://github.com/tvc12/tiengviet
357	flutter_acpcore	Official Adobe Experience Platform support for Flutter apps. The Mobile Core represents the core Adobe Experience Platform SDK that is required for every app implementation.	2.0.1	93.41745804605178	4	3	10	0	adobe	adobe.com	Apache-2.0	2022-01-26T23:50:26.000Z	https://github.com/adobe/flutter_acpcore
358	data_connection_checker_tv	A pure Dart library that checks for internet by opening a socket to a list of specified addresses, each with individual port and timeout. Defaults are provided for convenience.	0.3.5-nullsafety	93.4044490698582	25	2	0	0	thorved		NOASSERTION	2021-05-15T16:48:21.000Z	https://github.com/thorved/data_connection_checker
359	flutter_acrylic	Window acrylic, mica & transparency effects for Flutter on Windows, macOS & Linux.	1.0.0+2	93.36975846667534	295	432	34	9	alexmercerind		MIT	2022-12-05T08:19:20.000Z	https://github.com/alexmercerind/flutter_acrylic
360	flutter_js	A Javascript engine to use with flutter. It uses Quickjs on Android and JavascriptCore on IOS	0.6.0	93.35674949048176	184	329	74	31	abner		MIT	2022-11-29T19:38:36.000Z	https://github.com/abner/flutter_js
361	country_state_city_picker	A flutter package for showing a country, states, and cities. In addition it gives the possibility to select a list of favorites countries.	1.2.8	93.30904991110532	60	18	38	14	prof22		BSD-3-Clause	2022-11-18T06:20:39.000Z	https://github.com/prof22/country_state_city_picker
362	amplify_analytics_pinpoint	The Amplify Flutter Analytics category plugin using the AWS Pinpoint provider.	0.6.10	93.29604093491174	16	1127	176	195	aws-amplify	aws-amplify.com	Apache-2.0	2022-12-19T22:24:32.000Z	https://github.com/aws-amplify/amplify-flutter
363	intl_translation	Contains code to deal with internationalized/localized messages, date and number formatting and parsing, bi-directional text, and other internationalization issues.	0.18.0	93.28736828411604	68	117	182	27	dart-lang	dart.dev	BSD-3-Clause	2022-12-19T09:31:00.000Z	https://github.com/dart-lang/intl_translation
364	flutter_settings_screens	A Simple plugin to implement settings UI screens for your flutter apps. Customize what you want, From UI elements, behaviour or underlying storage library.	0.2.2+1	93.25267768093319	160	143	59	26	GAM3RG33K		MIT	2022-11-22T14:25:42.000Z	https://github.com/GAM3RG33K/flutter_settings_screens
365	sentry_logging	An integration which adds support for recording log from the logging package.	6.18.1	93.23966870473961	6	600	158	81	getsentry	sentry.io	MIT	2022-12-19T16:47:17.000Z	https://github.com/getsentry/sentry-dart
366	firebase_auth_mocks	Fakes for Firebase Auth. Use this package with `google_sign_in_mocks` to write unit tests involving Firebase Authentication.	0.9.2	93.2309960539439	56	23	51	8	atn832	wafrat.com	BSD-2-Clause	2022-11-30T23:17:14.000Z	https://github.com/atn832/firebase_auth_mocks
367	flutter_acpanalytics	Official Adobe Experience Platform support for Flutter apps. The Analytics extension allows for integration with Adobe Analytics.	2.0.1	93.21798707775032	5	3	8	1	adobe	adobe.com	Apache-2.0	2022-09-14T15:50:17.000Z	https://github.com/adobe/flutter_acpanalytics
368	wiredash	Wiredash is an interactive user feedback tool for Flutter apps.	1.5.0	93.20497810155675	208	404	45	34	wiredashio	wiredash.io	NOASSERTION	2022-11-22T10:39:36.000Z	https://github.com/wiredashio/wiredash-sdk
369	webengage_flutter	WebEngage Flutter plugin.	1.2.1	93.19196912536317	9	4	17	7	WebEngage		NOASSERTION	2022-10-31T14:47:50.000Z	https://github.com/WebEngage/webengage-flutter
370	touchable	Flutter library to add various gesture callbacks to each Shape you draw on your canvas in your CustomPainter	1.0.2	93.17462382377174	178	188	51	23	nateshmbhat		MPL-2.0	2022-10-07T21:50:26.000Z	https://github.com/nateshmbhat/touchable
371	instabug_flutter	Instabug empowers mobile teams to monitor, prioritize, and debug  performance and stability issues throughout the app development lifecycle. 	11.5.0	93.16595117297602	32	148	38	6	Instabug	instabug.com	MIT	2022-12-19T16:27:19.000Z	https://github.com/Instabug/Instabug-Flutter
372	photo_gallery	A Flutter plugin that retrieves images and videos from mobile native gallery.	1.1.1	93.13126056979316	81	32	25	21	Firelands128		BSD-3-Clause	2022-12-08T17:05:55.000Z	https://github.com/Firelands128/photo_gallery
373	plaid_flutter	Plaid Link for Flutter. Integrates the native iOS, Android and Web SDKs.	3.0.0	93.11825159359958	58	45	30	5	jorgefspereira		MIT	2022-11-21T17:10:30.000Z	https://github.com/jorgefspereira/plaid_flutter
374	gql_dio_link	Similar to gql_http_link, gql_dio_link is a GQL Terminating Link to execute requests via Dio using JSON	0.2.4	93.07055201422315	20	240	99	56	gql-dart	gql-dart.dev	MIT	2022-12-03T23:04:15.000Z	https://github.com/gql-dart/gql
375	phosphor_flutter	Implementation of Phosphoricons for Flutter. 772 icons and counting. Thin, Light, Regular, Bold, Fill.	1.4.0	93.06187936342744	50	53	2	4	phosphor-icons	phosphoricons.com	MIT	2021-12-24T07:21:29.000Z	https://github.com/phosphor-icons/phosphor-flutter
376	web_browser_detect	Flutter Web browser detection package. This package allows you to detect which browser and its version is in use.	2.0.3	93.05320671263172	10	5	1	2	tomaschyly	tomas-chyly.com	MIT	2022-06-02T05:55:06.000Z	https://github.com/tomaschyly/web_browser_detect
377	spider	A small dart command-line tool for generating dart references of assets from the assets folder.	4.1.0	93.04019773643815	209	159	14	10	BirjuVachhani	birju.dev	Apache-2.0	2022-11-16T12:47:35.000Z	https://github.com/BirjuVachhani/spider
378	timing	A simple package for tracking the performance of synchronous and asynchronous actions.	1.0.0	93.02285243484671	14	10	5	2	dart-lang	tools.dart.dev	BSD-3-Clause	2022-11-09T23:30:57.000Z	https://github.com/dart-lang/timing
379	decorated_icon	A lightweight, efficient icon widget that supports a list of shadow effects.	1.2.1	92.96648020467457	69	8	5	0	benPesso	benpesso.com	MIT	2021-07-04T06:35:38.000Z	https://github.com/benPesso/flutter_decorated_icon
380	braze_plugin	This is the Braze plugin for Flutter. Effective marketing automation is an essential part of successfully scaling and managing your business.	3.0.0	92.95347122848099	26	13	14	7	braze-inc	braze.com	NOASSERTION	2022-12-06T16:56:38.000Z	https://github.com/braze-inc/braze-flutter-sdk
381	gql_link	A simple and modular AST-based GraphQL request execution interface.	0.5.0+1	92.94046225228742	16	240	99	56	gql-dart	gql-dart.dev	MIT	2022-12-03T23:04:15.000Z	https://github.com/gql-dart/gql
382	slang	Localization / Internationalization (i18n) solution. Use JSON, YAML or CSV files to create typesafe translations via source generation.	3.7.0	92.93612592688956	82	184	18	9	Tienisto	tienisto.com	MIT	2022-12-19T15:54:13.000Z	https://github.com/Tienisto/slang
383	dio_logging_interceptor	Logging interceptor for DIO	1.0.1	92.90143532370669	9	1	2	2	granoeste		Apache-2.0	2022-07-08T07:23:58.000Z	https://github.com/granoeste/dio_logging_interceptor
384	camera_camera	The easy plugin camera for your project, platforms Android and iOS.	2.0.2	92.89276267291098	149	96	79	29	gabuldev	gabul.dev	MIT	2022-10-09T02:35:47.000Z	https://github.com/gabuldev/camera_camera
385	material	Set of material design icons packed in a single ttf font file. Works on all platforms.	1.0.0+2	92.88842634751312	11	1	2	0	xclud		MIT	2021-05-25T20:29:52.000Z	https://github.com/xclud/flutter_material
386	http_proxy	http proxy plugin,get and set http proxy automatically.This package help you to use proxy tools.	1.2.1	92.88409002211526	23	8	12	4	wslaimin		MIT	2022-10-27T10:20:08.000Z	https://github.com/wslaimin/http_proxy
387	draggable_widget	A flutter package which will help you to create a draggable widget that can be dragged around the screen.	2.0.0	92.8797536967174	78	31	17	2	adar2378	theadar.xyz	MIT	2021-08-12T06:09:31.000Z	https://github.com/adar2378/draggable_widget
388	walletconnect_dart	Open protocol for connecting decentralised applications to mobile wallets with QR code scanning or deep linking.	0.0.11	92.85807206972811	91	87	52	27	RootSoft		MIT	2022-11-05T16:26:26.000Z	https://github.com/RootSoft/walletconnect-dart-sdk
389	form_builder_image_picker	Images picker field for FlutterFormBuilder. Get images from gallery or camera	3.1.0	92.85373574433025	41	22	44	8	flutter-form-builder-ecosystem	flutterformbuilderecosystem.com	BSD-3-Clause	2022-11-20T19:29:04.000Z	https://github.com/flutter-form-builder-ecosystem/form_builder_image_picker
390	dartdoc	A non-interactive HTML documentation generator for Dart source code.	6.1.5	92.81470881574954	116	415	113	262	dart-lang	tools.dart.dev	BSD-3-Clause	2022-12-20T02:03:19.000Z	https://github.com/dart-lang/dartdoc
391	another_stepper	A flutter package to create easily customizable Horizontal and Vertical stepper.	1.1.6	92.81037249035168	37	8	5	1	RajnishOnly		MIT	2022-11-14T14:54:04.000Z	https://github.com/BlackNoir1/another_stepper
392	gql_exec	Basis for GraphQL execution layer to support Link and Client.	0.4.3	92.78001821256667	0	240	99	56	gql-dart	gql-dart.dev	MIT	2022-12-03T23:04:15.000Z	https://github.com/gql-dart/gql
393	drop_down_list	A drop down list with single and multiple selection that will work with search.	0.0.4	92.77134556177096	142	47	16	3	Mindinventory	mindinventory.com	MIT	2022-12-14T16:42:18.000Z	https://github.com/Mindinventory/drop_down_list
394	flutter_libserialport	A simple wrapper around libserialport utilizing Flutter's build system to build and deploy the C-library for the target platform.	0.3.0	92.74099128398595	69	87	35	39	jpnurmi		MIT	2022-03-05T14:09:01.000Z	https://github.com/jpnurmi/flutter_libserialport
395	easy_web_view	A super simple webview for Flutter Web, Mobile and Desktop	1.6.0	92.71063700620094	162	479	83	1	rodydavis	rodydavis.com	MIT	2022-06-06T06:25:06.000Z	https://github.com/rodydavis/plugins
396	slang_flutter	Flutter support for slang. This library provides helpful Flutter API.	3.7.0	92.6846190538138	2	184	18	9	Tienisto	tienisto.com	MIT	2022-12-19T15:54:13.000Z	https://github.com/Tienisto/slang
397	kana_kit	A Dart library for for detecting and transliterating Hiragana, Katakana, and Romaji.	2.0.0	92.67594640301809	24	25	5	4	jeroen-meijer	jfk.dev	MIT	2022-06-06T00:39:41.000Z	https://github.com/jeroen-meijer/kana_kit
398	copy_with_extension_gen	Automatically generating `copyWith` extensions code for classes with `@CopyWith()` annotation.	5.0.0	92.63691947443736	122	57	23	8	numen31337	oleksandrkirichenko.com	MIT	2022-12-02T23:18:09.000Z	https://github.com/numen31337/copy_with_extension
399	dio_logger	Simple logging library for DIO requests. Prints request and response information to a console.	4.0.8+8	92.62391049824379	18	6	3	0	Defuera		BSD-3-Clause	2022-10-31T09:21:19.000Z	https://github.com/Defuera/dio_logger
400	loading_gifs	Loading indicator GIFs. Material and Cupertino (Android and iOS) loading indicators in assorted sizes. Use as placeholders for loading remote image assets.	0.3.0	92.61957417284593	74	30	6	2	Codelessly	codelessly.com	0BSD	2021-03-04T22:54:25.000Z	https://github.com/Codelessly/FlutterLoadingGIFs
401	responsive_grid_list	A Flutter plugin to create responsive grid lists using ListView.builder() or SliverList with a SliverChildBuilderDelegate.	1.3.0	92.6022288712545	38	11	7	0	hauketoenjes	htoenjes.de	BSD-3-Clause	2022-09-07T13:32:13.000Z	https://github.com/hauketoenjes/responsive_grid_list
402	system_theme	A plugin to get the current system theme info. Supports Android, Web and Windows	2.0.0	92.58488356966306	36	23	7	5	bdlukaa	bdlukaa.dev	BSD-3-Clause	2022-04-03T19:37:20.000Z	https://github.com/bdlukaa/system_theme
403	awesome_notifications_fcm	Awesome Notifications add-on plugin to send push notifications through Firebase Cloud Messaging, enabling all awesome notifications features.	0.7.4+1	92.5805472442652	42	7	7	8	rafaelsetragni	carda.me	NOASSERTION	2022-11-09T21:20:38.000Z	https://github.com/rafaelsetragni/awesome_notifications_fcm
404	stream_chat_flutter_core	Stream Chat official Flutter SDK Core. Build your own chat experience using Dart and Flutter.	5.1.0	92.53284766488878	41	655	237	76	GetStream	getstream.io	NOASSERTION	2022-12-16T14:41:48.000Z	https://github.com/GetStream/stream-chat-flutter
405	cupertino_stepper	Stepper is a widget that displays progress through a sequence of steps. This is a Cupertino version of the stock Material Stepper in Flutter.	0.2.1	92.52851133949092	176	18	12	1	jpnurmi		BSD-3-Clause	2021-12-11T08:35:57.000Z	https://github.com/jpnurmi/cupertino_stepper
406	gql_transform_link	GQL Link to transform Requests and Responses. May be used to update context, document, variables, data, errors, etc.	0.2.2+1	92.50682971250163	0	240	99	56	gql-dart	gql-dart.dev	MIT	2022-12-03T23:04:15.000Z	https://github.com/gql-dart/gql
407	week_of_year	Adds extension method to get the ISO 8601 week of year from a date	2.0.0	92.50249338710377	32	12	1	1	KadaDev	kada.se	BSD-3-Clause	2021-03-28T17:15:40.000Z	https://github.com/KadaDev/week_of_year
408	internet_connection_checker_plus	A pure Dart library that checks for internet by opening a socket to a list of specified addresses, each with individual port and timeout.	1.0.1	92.48081176011448	14	3	1	0	OutdatedGuy	outdatedguy.rocks	NOASSERTION	2022-06-22T22:12:43.000Z	https://github.com/OutdatedGuy/internet_connection_checker_plus
409	throttling	Contain "throttling" and "debouncing" async helper classes with listeners	1.0.0	92.45913013312519	25	35	3	0	PlugFox	plugfox.dev	MIT	2021-03-08T13:16:46.000Z	https://github.com/PlugFox/throttling
410	jovial_svg	SVG - Robust rendering of Scalable Vector Graphic images, supporting a well-defined profile of SVG and a fast-loading binary storage format.	1.1.7	92.44178483153375	115	54	5	4	zathras	jovial.com	BSD-3-Clause	2022-12-03T19:17:10.000Z	https://github.com/zathras/jovial_svg
411	flutter_session_manager	Easy to use session wrapper that adds support to session storage and management in flutter.	1.0.3	92.43311218073804	12	2	0	0	edumigueis		MIT	2021-11-12T19:13:27.000Z	https://github.com/edumigueis/flutter_session_manager
412	expand_tap_area	Manually expand the tap area of a widget without changing its size or layout. Similar with the hitTest in iOS development.	1.1.1	92.42443952994233	32	35	5	2	malikwang	malikwang.com	MIT	2022-06-14T08:50:41.000Z	https://github.com/malikwang/expand_tap_area
413	shrink_sidemenu	A Side Menu plugin for flutter and compatible with liquid ui.	2.0.0+2-null-safety	92.42010320454447	208	18	12	9	raj457036	stackorient.com	MIT	2022-09-30T06:19:04.000Z	https://github.com/raj457036/shrink_sidemenu_flutter
414	weekday_selector	A collection of Flutter widgets and classes to help you select weekdays in your apps. Perfect for recurring events, alarms.	1.1.0	92.41143055374876	91	37	9	3	smaho-engineering	smaho.dev	BSD-3-Clause	2022-10-30T18:48:05.000Z	https://github.com/smaho-engineering/weekday_selector
415	unsplash_client	Unsplash provides free high-resolution photos. This is a client for their REST API.	2.1.0+3	92.4070942283509	45	17	5	5	blaugold	gabriel.terwesten.net	BSD-3-Clause	2022-11-16T22:27:39.000Z	https://github.com/blaugold/unsplash_client
416	collapsible_sidebar	A collapsible sidebar for Flutter apps implementing the Material Design.	2.0.3+2	92.37673995056589	269	121	46	14	DrunkOnBytes		Apache-2.0	2022-12-04T23:06:42.000Z	https://github.com/DrunkOnBytes/flutter_collapsible_sidebar
417	another_transformer_page_view	Yet another pageTransformer for flutter with null-safety support	2.0.1	92.34638567278088	31	3	4	2	juliansteenbakker	steenbakker.dev	MIT	2022-11-09T08:00:46.000Z	https://github.com/juliansteenbakker/another_transformer_page_view
418	firebase_core_desktop	Desktop implementation of firebase_core	1.0.2	92.32904037118945	37	286	36	18	invertase	invertase.io	NOASSERTION	2022-11-05T03:27:18.000Z	https://github.com/invertase/flutterfire_desktop
419	crypton	A simple Dart library for asymmetric encryption and digital signatures	2.1.0	92.30735874420016	51	28	9	2	konstantinullrich	konstantinullrich.de	MIT	2022-10-28T11:44:43.000Z	https://github.com/konstantinullrich/crypton
420	swipe	The easy way to detect swipe up, down, left and right in Flutter.	0.0.1	92.28567711721087	36	4	4	1	salkuadrat		MIT	2021-11-06T19:30:00.000Z	https://github.com/salkuadrat/swipe
421	uri	Utilities for building and parsing URIs, including support for parsing URI templates as defined in RFC 6570.	1.0.0	92.2726681410173	18	70	51	8	google	google.dev	BSD-3-Clause	2022-07-14T13:38:15.000Z	https://github.com/google/uri.dart
422	gql_error_link	GQL Link to handle execution errors and exceptions	0.2.3+1	92.23364121243658	1	240	99	56	gql-dart	gql-dart.dev	MIT	2022-12-03T23:04:15.000Z	https://github.com/gql-dart/gql
423	barcode_image	Barcode generation library for Dart that can generate barcodes using the image library.	2.0.2	92.220632236243	46	88	26	7	DavBfr	nfet.net	Apache-2.0	2022-12-07T16:49:31.000Z	https://github.com/DavBfr/dart_barcode
424	map_picker	A lovely Flutter package for creating pin in map center and animate it with a map movement so the user can select his location.	0.0.3	92.21195958544729	96	16	11	4	akbarpulatov		MIT	2021-09-15T13:23:14.000Z	https://github.com/akbarpulatov/flutter_map_picker
425	ar_flutter_plugin	Flutter Plugin for creating (collaborative) Augmented Reality experiences - Supports ARKit for iOS and ARCore for Android devices.	0.7.3	92.17293265686656	212	217	119	61	CariusLars	lars.carius.io	MIT	2022-12-19T15:34:39.000Z	https://github.com/CariusLars/ar_flutter_plugin
426	miniplayer	A lightweight flutter package to simplify the creation of a miniplayer.	1.0.1	92.1685963314687	246	80	47	10	peterscodee	peterscode.dev	MIT	2022-04-29T11:25:28.000Z	https://github.com/peterscodee/miniplayer
427	awesome_bottom_bar	Awesome Bottom Bar	1.2.1	92.15558735527513	38	4	7	1	AppCheap	appcheap.io	BSD-3-Clause	2022-08-22T11:51:55.000Z	https://github.com/AppCheap/awesome_bottom_bar
428	dynamic_themes	Allows you to specify a number of color themes for the user to choose from. Persits the selected theme across app restarts.	1.1.0	92.13824205368371	31	8	2	3	JulianAssmann		MIT	2022-01-08T17:06:10.000Z	https://github.com/JulianAssmann/flutter_dynamic_themes
429	flutter_painter	A Flutter widget to draw scribbles, text, shapes and images on a background image or color	1.0.1	92.12523307749014	112	78	36	17	omarhurani		MIT	2022-10-27T19:17:57.000Z	https://github.com/omarhurani/flutter_painter
430	painter	A simple widget to paint with your fingers. Supports setting a background color, undo and export to png!	2.0.0	92.12089675209228	161	132	62	15	EPNW	epnw.eu	NOASSERTION	2022-02-07T04:20:13.000Z	https://github.com/EPNW/painter
431	ai_barcode	barcode,qrcode,scan,scanning,Barcode generation,Barcode scanning,qrcode,qrcode generation,qrcode creator	3.2.4	92.1078877758987	124	108	69	32	pdliuw		BSD-3-Clause	2022-10-12T16:42:15.000Z	https://github.com/pdliuw/ai_barcode
432	lazy_load_indexed_stack	A package that extends IndexedStack to allow for lazy loading.	0.1.4	92.09054247430727	43	18	3	0	okaryo	okaryo.io	MIT	2022-06-14T11:05:24.000Z	https://github.com/okaryo/lazy_load_indexed_stack
433	google_static_maps_controller	The package provides simple and declarative access to the Google Static Maps service.	1.0.0	92.02983391873725	39	15	6	1	gonuit	klyta.it	MIT	2022-04-07T17:25:32.000Z	https://github.com/gonuit/flutter_google_static_maps
434	shelf_cors_headers	CORS headers middleware for Shelf.	0.1.4	92.01682494254368	22	6	2	1	lenniezelk		MIT	2022-09-27T11:09:12.000Z	https://github.com/lenniezelk/shelf-cors-headers
435	ios_utsname_ext	Extension method for translation ios utsname to full product name.	2.2.0	92.01248861714582	14	4	0	0	stefandevo	stefandevo.dev	MIT	2022-11-04T17:19:48.000Z	https://github.com/stefandevo/flutter-ios-utsname-ext
436	smart_auth	Wrapper of Android SMS User Consent API, SMS Retriever API to read one time sms code, get/save/delete user phone number, OTP, OTC, sms autofill, android autofill	1.0.6	92.00381596635012	32	13	5	4	Tkko	fman.ge	MIT	2022-10-06T15:15:28.000Z	https://github.com/Tkko/flutter_smart_auth
437	side_navigation	Provides Flutter navigation by using a sidemenu similar to Drawer or BottomNavigationBar.	1.0.4	91.99947964095226	82	11	6	1	jksevend		MIT	2022-11-05T11:19:01.000Z	https://github.com/jksevend/side_navigation
438	datadog_tracking_http_client	A wrapping implementation of HttpClient for tracking resources with Datadog	1.1.0	91.98647066475868	3	17	12	8	DataDog	datadoghq.com	Apache-2.0	2022-12-16T21:24:54.000Z	https://github.com/DataDog/dd-sdk-flutter
439	flutter_web_frame	Make Limit content size in Flutter Web/Desktop/PWA, Make your app that doesn't support responsiveness more focused on content	0.0.3	91.97779801396297	36	7	1	4	wisnuwiry		MIT	2022-05-18T06:07:57.000Z	https://github.com/wisnuwiry/flutter_web_frame
440	polylabel	A fast algorithm for finding polygon pole of inaccessibility implemented as a Dart library.  Useful for optimal placement of a text label on a polygon.	1.0.1	91.96912536316725	7	2	2	0	beroso	beroso.dev	BSD-3-Clause	2022-08-15T15:26:33.000Z	https://github.com/beroso/dart_polylabel
441	profanity_filter	Simple filter to check and censor strings against profanity, obscene words. A default English words list is provided (LDNOOBW).	2.0.0	91.9431074107801	72	13	7	3	roshanrahman		BSD-2-Clause	2021-06-29T16:56:38.000Z	https://github.com/roshanrahman/profanity_filter
442	azure_application_insights	A Dart client to integrate with Azure's Application Insights service	3.1.0	91.92576210918867	28	7	5	0	kentcb	kent-boogaart.com	MIT	2022-11-26T00:14:55.000Z	https://github.com/kentcb/azure_application_insights
443	animated_snack_bar	Easily show beautiful snack bars directly using overlays. Create custom snack bars and show them with awesome animations.	0.3.0	91.90408048219938	29	10	4	1	JulyWitch		GPL-3.0	2022-09-10T04:12:43.000Z	https://github.com/JulyWitch/animated_snack_bar
444	flutter_rust_bridge	High-level memory-safe binding generator for Flutter/Dart <-> Rust	1.56.0	91.88673518060794	111	2071	124	51	fzyzcjy	cjycode.com	MIT	2022-12-19T23:39:00.000Z	https://github.com/fzyzcjy/flutter_rust_bridge
445	linkedin_login	Library for login with LinkedIn OAuth V2 service. This library helps you to implement authorization with LinkedIn OAuth API's.	2.2.1	91.86938987901652	43	34	35	4	d3xt3r2909		MIT	2022-11-18T11:25:29.000Z	https://github.com/d3xt3r2909/linkedin_login
446	vs_scrollbar	Customizable ScrollBar that can be dragged for quick navigation supporting both Horizontal and Vertical list.	0.2.1	91.86505355361867	54	9	7	3	VickySalunkhe	vickysalunkhe.in	MIT	2021-06-27T06:41:34.000Z	https://github.com/VickySalunkhe/vs_scrollbar
447	fast_contacts	A faster way of accessing device's contacts list	1.1.1	91.8607172282208	24	5	3	3	s0nerik	sonerik.dev	MIT	2022-07-13T18:40:12.000Z	https://github.com/s0nerik/fast_contacts
448	flutter_shimmer	it creating Shimmer effect that indicate a loading status, so instead of using ProgressBar or usual loader use Shimmer for a better design and user interface.	2.1.2	91.8303629504358	171	41	8	0	skaran921		NOASSERTION	2021-09-23T11:22:24.000Z	https://github.com/skaran921/flutter_shimmer
449	tab_container	Animated and customisable tab view widget. It's self-contained, so you can just pass in children and tabs, or also use a controller, change the tab side, add color(s), and more.	2.0.0	91.82169029964008	147	11	2	10	sourcemain	elew.dev	MIT	2022-12-18T02:31:51.000Z	https://github.com/sourcemain/tab_container
450	is_lock_screen	Detects if device is in lock screen. Useful for determining whether app entered background due to locking screen or leaving app.	2.0.0	91.81735397424222	31	4	2	3	chihimng	chihimng.com	MIT	2021-04-07T16:55:54.000Z	https://github.com/chihimng/flutter_is_lock_screen
451	ftpconnect	Simple and robust dart FTP Connect Library to interact with FTP Servers.	2.0.2	91.79133602185507	78	49	27	5	salim-lachdhaf	salimdev.ovh	MIT	2022-11-20T17:43:55.000Z	https://github.com/salim-lachdhaf/ftpConnect
452	hashtagable	Widgets and functions to implement hashtag decorated text. Decorates the words which start with `#` like a Twitter.	2.1.0	91.75664541867222	125	27	35	19	santa112358	3tadev.work	MIT	2022-04-22T15:56:03.000Z	https://github.com/santa112358/hashtagable
453	get_time_ago	A Flutter package to convert and format `DateTime` object into `get_time_ago` format to get String like `10 seconds ago`, `a minute ago`, `7 hours ago`, etc.	1.2.0	91.73496379168293	59	17	13	2	nixrajput	nixlab.co.in	GPL-3.0	2022-12-19T14:46:19.000Z	https://github.com/nixrajput/get-time-ago
454	light_compressor	A powerful and easy-to-use video compression plugin for Flutter.	2.0.1	91.71328216469364	89	38	18	10	AbedElazizShe		MIT	2022-12-13T17:02:29.000Z	https://github.com/AbedElazizShe/light_compressor
455	material_color_generator	A package for generating a material color palette with HEX Color.	1.1.0	91.70460951389792	26	5	0	0	berkanaslan	berkanaslan.com	BSD-2-Clause	2022-12-16T08:46:38.000Z	https://github.com/berkanaslan/material-color-generator
456	linter	The implementation of the lint rules supported by the analyzer framework. This package is not intended to be used directly.	1.30.0	91.68292788690864	67	558	158	661	dart-lang	tools.dart.dev	BSD-3-Clause	2022-12-19T23:27:29.000Z	https://github.com/dart-lang/linter
457	isar_generator	Code generator for the Isar Database. Finds classes annotated with @Collection.	3.0.5	91.67425523611293	13	2018	159	56	isar	isar.dev	Apache-2.0	2022-12-19T03:15:56.000Z	https://github.com/isar/isar
458	model_viewer_plus	A Flutter widget for rendering interactive 3D models in the glTF and GLB formats.	1.4.0	91.66991891071507	74	30	25	20	omchiii		Unlicense	2022-12-08T08:43:11.000Z	https://github.com/omchiii/model_viewer_plus.dart
459	scidart	Cross-platform scientific library for Dart. The main goal of SciDart is run where Dart can run, in other words, run on Flutter, Dart CLI, Dart web, etc.	0.0.2-dev.12	91.63956463293006	93	139	17	2	scidart		Apache-2.0	2022-12-06T14:57:34.000Z	https://github.com/scidart/scidart
460	camerawesome	Easiest Flutter camera Plugin supporting capturing images, streaming images, video recording, switch sensors, autofocus, flash... on Android and iOS	0.3.3	91.61788300594077	379	482	68	29	Apparence-io	apparence.io	MIT	2022-12-19T16:31:45.000Z	https://github.com/Apparence-io/camera_awesome
461	flutter_glow	complete and easy to use flutter glow ui kit that help you to create and use glow widgets. also you can create your own GlowTheme.	0.2.0	91.6048740297472	103	19	3	4	payam-zahedi	payamzahedi.com	BSD-3-Clause	2022-06-20T12:16:45.000Z	https://github.com/payam-zahedi/flutter-glow
462	environment_config	Environment specific config generator. Allows to specify env configuration during CI/CD build. Primarily created to simplify Flutter build configuration	3.1.0	91.60053770434934	81	86	7	8	TatsuUkraine		BSD-3-Clause	2022-05-26T10:57:47.000Z	https://github.com/TatsuUkraine/dart_environment_config
463	rnd	Extension methods & helpers for Random, and a globally accessible instance. Ex. rnd(10), rnd.getItem(list), rnd.getBit(0.8).	0.2.0	91.58752872815576	8	19	4	1	gskinner	gskinner.com	BSD-2-Clause	2022-03-23T03:07:07.000Z	https://github.com/gskinner/dart_rnd
464	http2	A HTTP/2 implementation in Dart.	2.0.1	91.56151077576862	51	137	43	24	dart-lang	dart.dev	BSD-3-Clause	2022-12-15T02:04:06.000Z	https://github.com/dart-lang/http2
465	reactive_multi_image_picker	Wrapper around multi_image_picker to use with reactive_forms	0.8.0	91.53982914877933	2	47	23	2	artflutter		MIT	2022-12-15T16:51:57.000Z	https://github.com/artflutter/reactive_forms_widgets
466	flutter_xupdate	A Flutter plugin for XUpdate(Android Version Update Library).	2.0.3	91.49646589480075	57	232	65	7	xuexiangjys	xuexiangjys.club	Apache-2.0	2022-12-04T14:51:38.000Z	https://github.com/xuexiangjys/flutter_xupdate
467	weather_icons	Flutter library for using erikflowers/weather-icons. An icon pack with over 200 weather themed icons.	3.0.0	91.49212956940289	63	12	6	9	worldturtlemedia		MIT	2022-12-09T18:25:46.000Z	https://github.com/worldturtlemedia/weather_icons
468	status_change	Status Change Package	2.0.0	91.45743896622002	280	42	28	1	usamaaelgendy		NOASSERTION	2021-12-08T10:40:34.000Z	https://github.com/UsamaElgendy/status_change
469	dart_geohash	A simple encode, decode, and neighbor finder for longitude/latitude and geohash.	2.0.2	91.44442999002645	28	6	11	0	nfrawley93	frawley.me	MIT	2022-02-02T01:41:03.000Z	https://github.com/nfrawley93/dart_geohash
470	basics	A Dart library containing convenient extension methods on basic Dart objects.	0.9.0	91.41841203763931	76	150	14	3	google	google.dev	BSD-3-Clause	2022-11-01T15:09:23.000Z	https://github.com/google/dart-basics
471	flutter_bounceable	A simple, interactive and customizable on-tap bounce animation that can be wrapped on any widgets that you like.	1.0.3	91.41407571224146	106	16	1	2	MingSern		MIT	2022-07-25T07:21:53.000Z	https://github.com/MingSern/flutter_bounceable
472	cupertino_list_tile	This is a Cupertino version of the stock Material ListTile in Flutter.	0.2.1	91.40106673604788	34	12	11	1	jpnurmi		BSD-3-Clause	2021-12-10T12:51:09.000Z	https://github.com/jpnurmi/cupertino_list_tile
473	particle_field	A Flutter Widget for adding high performance custom particle effects to your UI.	0.0.1+1	91.37938510905859	31	5	0	0	gskinner	gskinner.com	BSD-3-Clause	2022-09-19T20:33:58.000Z	https://github.com/gskinner/particle_field
474	linear_progress_bar	Flutter and Dart advanced linear progress indicator like Native Android Progress Bar	1.1.0	91.37504878366073	22	1	0	0	Angopapo	angopapo.com	BSD-2-Clause	2022-03-03T14:36:03.000Z	https://github.com/Angopapo/linear_progress_bar
475	dart_frog	A fast, minimalistic backend framework for Dart built by Very Good Ventures.	0.3.1	91.37071245826287	376	1027	64	17	VeryGoodOpenSource	verygood.ventures	MIT	2022-12-19T21:53:47.000Z	https://github.com/VeryGoodOpenSource/dart_frog
476	ios_insecure_screen_detector	A flutter plugin to detect the screenshot and screen recording on iOS.	0.0.2	91.36203980746716	10	3	1	0	crackerli		BSD-3-Clause	2021-09-16T12:55:23.000Z	https://github.com/crackerli/flutter_ios_insecure_screen_detector
477	baseflow_plugin_template	A template for plugin examples	2.1.1	91.34469450587572	1	3	1	1	Baseflow		MIT	2022-09-13T07:30:10.000Z	https://github.com/Baseflow/baseflow_plugin_template
478	styled_divider	Divider widget with different line styles.	1.0.4	91.34035818047786	0	1	0	0	KevinVan720		MIT	2022-12-05T07:41:16.000Z	https://github.com/KevinVan720/styled_divider
479	just_debounce_it	A simple debounce library for preventing continuous execution of functions	4.1.0	91.31867655348857	16	8	0	2	mhrst	qrl.app	MIT	2022-05-03T18:37:20.000Z	https://github.com/mhrst/just_debounce_it
480	download	Cross-Platform file downloader for Dart and Flutter projects.	0.0.1+1	91.29699492649928	37	4	2	4	xclud	pwa.ir	MIT	2021-09-02T08:05:23.000Z	https://github.com/xclud/dart_download
481	flutter_iconpicker	A Dialog for picking Icons in Flutter and use them anywhere. Can be used as a default Dialog or as a Adaptive Dialog.	3.2.2	91.29265860110142	81	91	56	2	Ahmadre	ahmadre.com	MIT	2022-11-01T17:59:33.000Z	https://github.com/Ahmadre/FlutterIconPicker
482	build_version	A builder for extracting a package version into code.	2.1.1	91.26230432331643	15	39	9	4	kevmoo	j832.com	BSD-3-Clause	2022-11-09T20:21:14.000Z	https://github.com/kevmoo/build_version
483	system_info2	Provides easy access to useful information about the system (architecture, bitness, kernel, memory, operating system, CPU, user).	2.0.4	91.23628637092928	28	9	3	0	onepub-dev	onepub.dev	BSD-3-Clause	2022-06-03T05:10:41.000Z	https://github.com/onepub-dev/system_info
484	macos_ui	Flutter widgets and themes implementing the current macOS design language.	1.7.5	91.2232773947357	492	1115	94	35	GroovinChip	macosui.dev	MIT	2022-11-18T13:24:13.000Z	https://github.com/GroovinChip/macos_ui
485	dio_http_formatter	A Dio interceptor for pretty printing the HTTP request/response to be printed in the console for easier debugging	2.1.0	91.21026841854213	23	8	4	2	assemmarwan		MIT	2022-03-26T10:31:23.000Z	https://github.com/assemmarwan/dio_http_formatter
486	firebase_auth_desktop	Windows and Linux implementation of firebase_auth	1.0.2	91.20159576774641	46	286	36	18	invertase	invertase.io	NOASSERTION	2022-11-05T03:27:18.000Z	https://github.com/invertase/flutterfire_desktop
487	multiple_localization	Support for multiple abr and messages localization files for intl package.	0.3.0	91.1929231169507	18	9	8	2	Innim	innim.ru	BSD-3-Clause	2022-03-10T12:46:08.000Z	https://github.com/Innim/flutter_multiple_localization
488	omni_datetime_picker	A datetime picker package with option to use a single datetime picker or a datetime range picker.	0.1.3	91.17557781535926	39	16	22	6	Type0N1	type0n1.com	MIT	2022-10-23T02:54:44.000Z	https://github.com/Type0N1/OmniDateTimePicker
489	paged_vertical_calendar	A simple paginated framework for implementing calendar based interfaces.	1.1.5	91.15823251376783	65	25	13	3	casvanluijtelaar	casvanluijtelaar.com	Apache-2.0	2022-10-21T08:08:11.000Z	https://github.com/casvanluijtelaar/paged_vertical_calendar
490	flutter_zoom_sdk	Zoom SDK from ZOOM ported to flutter as plugin with all necessary features and with Null Safety which is implementation by EvilRATT	1.1.0+4	91.14522353757425	68	36	65	35	evilrat	evilrattechnologies.com	BSD-3-Clause	2022-11-17T06:24:03.000Z	https://github.com/evilrat/flutter_zoom_sdk
491	flutter_web3	Web3 Ethereum, Etherjs and Wallet Connect wrapper for Flutter Web. Made especially for developing Dapp.	2.1.9	91.13221456138069	123	103	30	20	y-pakorn		NOASSERTION	2022-02-07T16:35:22.000Z	https://github.com/y-pakorn/flutter_web3
492	ffigen	Generator for FFI bindings, using LibClang to parse C header files.	7.2.4	91.12787823598283	162	287	39	68	dart-lang	tools.dart.dev	NOASSERTION	2022-12-16T08:25:30.000Z	https://github.com/dart-lang/ffigen
493	firebase_pagination	A flutter package to paginate realtime database and firestore with realtime updates.	3.0.0	91.12354191058498	13	2	1	0	OutdatedGuy	outdatedguy.rocks	BSD-3-Clause	2022-11-19T16:17:53.000Z	https://github.com/OutdatedGuy/firebase_pagination
494	optional	An implementation of the Optional type, which helps avoid dealing with null references	6.1.0+1	91.11486925978926	32	35	7	0	tonio-ramirez	tech42solutions.com	BSD-2-Clause	2022-04-12T10:57:45.000Z	https://github.com/tonio-ramirez/optional.dart
495	instant	A package that exports functions for converting, formatting, and nicening of dates/times in Dart.	0.4.1	91.1105329343914	27	10	3	5	AKushWarrior	kishoredev.live	AGPL-3.0	2021-03-07T05:36:50.000Z	https://github.com/AKushWarrior/instant
496	image_editor_plus	Image Editor Plugin with filters, drawing, text and emoji like stories.	0.1.7	91.10619660899354	96	44	26	5	hsbijarniya	ensorta.com	MIT	2022-11-15T07:52:57.000Z	https://github.com/hsbijarniya/image_editor_plus
497	checkbox_formfield	This package contains checkbox widgets that can be used as FormField for Flutter beginners.	0.2.0	91.09752395819783	25	3	5	2	reidha		BSD-3-Clause	2022-01-02T10:09:55.000Z	https://github.com/reidha/checkbox_formfield
498	flutter_dynamic_icon	A flutter plugin for dynamically changing app icon and app icon batch number	2.1.0	91.08885130740211	175	64	30	3	tastelessjolt		BSD-3-Clause	2022-12-07T02:17:06.000Z	https://github.com/tastelessjolt/flutter_dynamic_icon
499	draggable_home	Draggable is a library for adding a beautiful draggable home page	1.0.4	91.08451498200425	374	106	28	6	DevsOnFlutter		BSD-3-Clause	2022-10-22T16:46:00.000Z	https://github.com/4-alok/draggable_home
500	hasura_connect	Connect your Flutter/Dart apps to Hasura simply. All the power of GraphQL and Postgres in Flutter.	4.0.0+4	91.0584970296171	194	202	57	14	Flutterando	flutterando.com.br	MIT	2022-11-16T08:36:59.000Z	https://github.com/Flutterando/hasura_connect/tree/master/packages/hasura_connect
501	list_tile_switch	A simple yet elegant widget combines Material ListTile with custom and original Material and Cupertino switch implementations.	1.0.0	91.01947010103638	63	20	2	1	firatcetiner		MIT	2021-03-06T13:06:41.000Z	https://github.com/firatcetiner/list_tile_switch
502	kartal	Kartal is an extension package for easy to use at app development time. You can access more features with primitive variables(context, string etc.).	2.7.0	90.95442522006852	128	61	21	1	VB10	vb10.dev	MIT	2022-11-27T16:28:48.000Z	https://github.com/VB10/kartal
503	mocktail_image_network	A Dart package which allows you to mock Image.network in your widget tests with confidence using the mocktail package.	0.3.1	90.85035341051993	33	428	63	21	felangel	felangel.dev	MIT	2022-12-06T12:35:53.000Z	https://github.com/felangel/mocktail
504	fraction	A package that helps you working with fractions and mixed fractions.	4.1.4	90.8330081089285	39	14	3	0	albertodev01	fluttercompletereference.com	MIT	2022-08-30T23:20:40.000Z	https://github.com/albertodev01/fraction
505	drop_shadow	Add highly customizable drop shadow effect for any widgets in flutter	0.0.2+1	90.8113264819392	41	10	1	0	rei-codes	rei.codes	MIT	2022-11-12T20:00:30.000Z	https://github.com/iisprey/drop_shadow
506	flutter_map_tile_caching	Plugin for 'flutter_map' providing advanced caching functionality, with ability to download map regions for offline use.	6.2.0	90.80265383114349	58	67	28	4	JaffaKetchup	jaffaketchup.dev	GPL-3.0	2022-12-18T13:36:02.000Z	https://github.com/JaffaKetchup/flutter_map_tile_caching
507	dialog_flowtter	A Flutter implementation of DialogFlow improved. Get your chatbots ready in no time.	0.3.3	90.79398118034777	43	36	16	1	Deimos-Applications	deimos.app	MIT	2022-12-05T21:29:21.000Z	https://github.com/Deimos-Applications/dialog_flowtter
508	flutter_carousel_widget	A customizable carousel slider widget in Flutter which supports inifinte scrolling, auto scrolling, custom child widget, custom animations and built-in indicators.	2.0.0+1	90.77229955335848	33	7	2	2	nixrajput	nixlab.co.in	GPL-3.0	2022-12-16T17:52:01.000Z	https://github.com/nixrajput/flutter_carousel_widget
509	flutter_reorderable_grid_view	Enables animated GridViews when updating children or when trying to reorder them by using drag and drop.	3.1.3	90.76362690256276	67	57	8	9	karvulf	karvulf.com	BSD-3-Clause	2022-11-12T18:49:09.000Z	https://github.com/karvulf/flutter-reorderable-grid-view
510	find_dropdown	Simple and robust FindDropdown with item search feature, making it possible to use an offline item list or filtering URL for easy customization.	1.0.0	90.71592732318634	80	59	24	11	davidsdearaujo		MIT	2021-12-02T15:57:51.000Z	https://github.com/davidsdearaujo/find_dropdown
511	flutter_shake_animated	a new flutter shake animated project.	0.0.5	90.68557304540133	17	0	0	0	aiyakuaile		BSD-3-Clause	2022-01-30T14:40:29.000Z	https://github.com/aiyakuaile/flutter_shake_animated
512	ferry_flutter	Flutter widgets for the Ferry GraphQL client	0.8.0	90.65955509301418	15	478	90	52	gql-dart	gql-dart.dev	MIT	2022-12-19T20:07:48.000Z	https://github.com/gql-dart/ferry
513	cider	Tools for Dart package maintainers. Automates changelog and pubspec.yaml updates.	0.1.3	90.63353714062703	79	69	11	7	f3ath	karapetov.com	MIT	2022-12-17T23:10:13.000Z	https://github.com/f3ath/cider
514	steel_crypt	A comprehensive library of high-level, cryptographic APIs. This library supports hashing, password hashing, two-way encryption, MAC authentication, and key/IV generation.	3.0.0+1	90.5945102120463	69	41	10	8	AKushWarrior	kishoredev.live	MPL-2.0	2021-04-21T01:19:01.000Z	https://github.com/AKushWarrior/steel_crypt
515	widget_mask	Use a widget to mask and blend another widget, for example to imprint text onto surfaces.	1.0.0+0	90.59017388664844	37	5	2	1	blaugold	gabriel.terwesten.net	MIT	2022-06-12T23:30:27.000Z	https://github.com/blaugold/widget_mask
516	stream_chat_persistence	Official Stream Chat Persistence library. Build your own chat experience using Dart and Flutter.	5.1.0	90.56849225965917	16	655	237	76	GetStream	getstream.io	NOASSERTION	2022-12-16T14:41:48.000Z	https://github.com/GetStream/stream-chat-flutter
517	form_builder_file_picker	FilePicker Field for flutter_form_builder package. Used to select files as part of form input.	2.3.0	90.51645635488487	24	11	22	8	flutter-form-builder-ecosystem	flutterformbuilderecosystem.com	BSD-3-Clause	2022-11-23T01:38:32.000Z	https://github.com/flutter-form-builder-ecosystem/form_builder_file_picker
518	flutter_tabler_icons	Tabler Icons for flutter using icons from https://github.com/tabler/tabler-icons by Csaba Kissi @csaba_kissi	1.1.2	90.43406617232557	40	4	1	3	bigbadbob2003	rob-b.co.uk	MIT	2022-11-04T14:12:35.000Z	https://github.com/bigbadbob2003/flutter_tabler_icons
519	ferry_hive_store	Hive-based Store implementation for Ferry GraphQL client	0.5.0	90.40804821993842	4	478	90	52	gql-dart	gql-dart.dev	MIT	2022-12-19T20:07:48.000Z	https://github.com/gql-dart/ferry
520	scrollable_list_tabview	A Flutter widget which syncronize a ScrollView and a custom tab view.	0.1.6	90.40371189454056	148	21	25	11	firatcetiner		MIT	2022-12-01T07:27:44.000Z	https://github.com/firatcetiner/scrollable_list_tabview
521	flutter_screen_wake	A Flutter plugin to manage the device's screen on Android and iOS.	1.0.2	90.3993755691427	22	2	4	2	erickhaendel		MIT	2021-08-12T01:02:07.000Z	https://github.com/erickhaendel/flutter_screen_wake
522	cupertino_tabbar	A highly customisable and simple widget for having iOS 13 style tab bars.	2.0.0	90.39503924374485	61	98	24	2	aliyigitbireroglu	cosmossoftware.coffee	MIT	2021-05-04T11:10:58.000Z	https://github.com/aliyigitbireroglu/flutter-cupertino-tabbar
523	objectbox_generator	ObjectBox Flutter / Dart database binding code generator - finds annotated entities and adds them to the ObjectBox DB model.	1.7.0	90.38203026755127	14	720	88	54	objectbox	objectbox.io	Apache-2.0	2022-12-19T15:22:03.000Z	https://github.com/objectbox/objectbox-dart
524	swipeable_tile	A package to dismiss with animated background. Also Swipe to tigger action without dismiss.	2.0.0+3	90.3690212913577	121	28	7	2	watery-desert	waterydesert.com	BSD-3-Clause	2022-12-14T11:16:19.000Z	https://github.com/watery-desert/swipeable_tile
525	socket_io	Port of JS/Node library Socket.io. It enables real-time, bidirectional and  event-based communication cross-platform.	1.0.1	90.32565803737911	105	109	30	10	rikulo		MIT	2021-09-09T02:49:35.000Z	https://github.com/rikulo/socket.io-dart
526	container_tab_indicator	Build your own Tab indicator using familiar Container-like properties.	0.3.0	90.32132171198126	36	11	0	6	slovnicki	scipack.dev	MIT	2021-06-08T11:46:07.000Z	https://github.com/slovnicki/container_tab_indicator
527	language_picker	Language picker dropdown and dialog.	0.4.2	90.29096743419626	18	2	3	2	atn832	wafrat.com	MIT	2022-12-02T07:18:59.000Z	https://github.com/atn832/language_picker
528	svg_path_parser	A Flutter/Dart utility to parse an SVG path into a equivalent Path object from dart:ui library.	1.1.1	90.2779584580027	40	13	3	1	masterashu	masterashu.codes	MIT	2021-12-06T16:25:17.000Z	https://github.com/masterashu/svg_path_parser
529	udp	Lightweight, efficient, and easy-to-use UDP library for Dart. Supports Unicast, Broadcast, Multicast and Loopback communications.	5.0.3	90.24760418021769	52	40	16	7	xenoken		BSD-3-Clause	2022-03-27T12:21:20.000Z	https://github.com/xenoken/udp
530	art_sweetalert	A beautiful, responsive, customizable, accessible replacement, easy use for flutter popup boxes. Both supported ios and android.	0.0.5	90.24326785481983	31	3	2	3	hsndmr	hasandemir.org	MIT	2022-08-22T15:30:46.000Z	https://github.com/hsndmr/art_sweetalert
531	serverpod	Serverpod is an open-source, scalable app server, written in Dart for the Flutter community.	0.9.21	90.23025887862626	231	980	71	81	serverpod	serverpod.dev	BSD-3-Clause	2022-12-19T12:33:44.000Z	https://github.com/serverpod/serverpod
532	pedantic_mono	[mono edition] Recommended lints for Flutter apps, packages, and plugins to encourage good coding practices.	1.20.1	90.21291357703483	55	62	21	0	mono0926	mono0926.com	MIT	2022-12-17T19:29:39.000Z	https://github.com/mono0926/pedantic_mono
533	dart_frog_gen	Code generation tooling for Dart Frog. Built by Very Good Ventures.	0.3.0	90.19556827544339	11	1027	64	17	VeryGoodOpenSource	verygood.ventures	MIT	2022-12-19T21:53:47.000Z	https://github.com/VeryGoodOpenSource/dart_frog
534	data_tables	ListView on Mobile and Stateless Data Tables on Tablets and Desktops.	1.4.0	90.19123195004553	123	164	45	16	rodydavis	rodydavis.com	MIT	2022-12-08T01:18:17.000Z	https://github.com/rodydavis/data_tables
535	loop_page_view	A simple Flutter PageView builder constructor wrapper that allows for endless scrolling on both directions.	1.2.0	90.16955032305624	43	16	9	12	wjuniorgit		BSD-2-Clause	2022-09-16T13:13:30.000Z	https://github.com/wjuniorgit/loop_page_view
536	division	Simple to use yet powerfull style widgets with syntax inspired by CSS.	0.9.0	90.16521399765838	182	266	35	15	ReinBentdal		MIT	2022-06-26T13:31:55.000Z	https://github.com/ReinBentdal/division
537	os_detect	Platform independent OS detection.	2.0.1	90.13052339447553	18	13	6	2	dart-lang	dart.dev	BSD-3-Clause	2022-11-15T20:27:18.000Z	https://github.com/dart-lang/os_detect
538	add_to_cart_animation	A flutter plugin which provide you add to cart animation. I have prepared it to special to shopping apps however you can use it on the others apps too.	2.0.1	90.11751441828196	81	480	117	70	slovnicki		MIT	2022-10-17T09:41:39.000Z	https://github.com/slovnicki/beamer
539	vimeo_video_player	A Video Player that support videos from Vimeo platform in Flutter. This Package allow us to play any videos from Vimeo by using its Vimeo Video Id.	0.0.6	90.10884176748624	40	26	15	3	Mindinventory	mindinventory.com	MIT	2022-11-10T09:12:21.000Z	https://github.com/Mindinventory/vimeo_video_player
540	ms_undraw	Updated UnDraw library. These illustrations are designed by Katerina Limpitsouni.	3.1.0+3	90.10450544208838	44	5	2	1	Marcus-Software	marcussoftware.info	MIT	2022-08-09T20:05:47.000Z	https://github.com/Marcus-Software/ms_undraw
541	stream_chat_localizations	The Official localizations for Stream Chat Flutter, a service for building chat applications	4.0.0	90.05246953731408	8	655	237	76	GetStream	getstream.io	NOASSERTION	2022-12-16T14:41:48.000Z	https://github.com/GetStream/stream-chat-flutter
542	eth_sig_util	Ethereum signature utility porting from JS	0.0.9	90.03078791032479	15	13	11	5	wakumo		MIT	2022-12-13T05:02:10.000Z	https://github.com/wakumo/eth-sig-util
543	action_slider	A slider to confirm actions and provide feedback on the success of these after subsequent loading.	0.6.1	90.00476995793764	72	10	1	0	SplashByte	splashbyte.dev	BSD-3-Clause	2022-12-09T01:02:39.000Z	https://github.com/SplashByte/action_slider
544	reactive_date_time_picker	Wrapper around showDatePicker and showTimePicker to work with reactive_forms	0.5.0	89.98308833094836	9	47	23	2	artflutter		MIT	2022-12-15T16:51:57.000Z	https://github.com/artflutter/reactive_forms_widgets
545	multiple_result	Multiple results for dart. Inspired by dartz's Either and Kotlin's sealed classes	3.1.0	89.93538875157192	78	29	7	0	higorlapa		MIT	2022-12-16T14:14:07.000Z	https://github.com/higorlapa/result
546	flutter_alarm_clock	A lightweight flutter package connecting android clock app intents.	0.0.2	89.91804344998049	43	12	4	5	mevljas		MIT	2021-12-22T21:26:59.000Z	https://github.com/mevljas/flutter_alarm_clock
547	charts_painter	Highly customizable and extendable charts library for flutter made with custom painters	3.0.0	89.91370712458263	184	92	31	8	infinum	infinum.com	MIT	2022-11-16T08:54:07.000Z	https://github.com/infinum/flutter-charts
548	bezier_chart	A beautiful bezier line chart widget for flutter that is highly interactive and configurable.	1.0.17+1	89.90937079918477	241	425	132	38	aeyrium	aeyrium.com	Apache-2.0	2021-07-29T00:46:25.000Z	https://github.com/aeyrium/bezier-chart
549	objectid	Blazing fast, cross-platform ObjectId implementation for the dart language.	2.1.0	89.87901652139976	26	6	1	0	gonuit	klyta.it	MIT	2022-06-15T16:22:07.000Z	https://github.com/gonuit/dart_objectid
550	handy_window	This package enhances the looks of Flutter applications on Linux by providingmodern-looking Handy windows with rounded bottom corners.	0.1.9	89.8746801960019	15	16	4	1	ubuntu-flutter-community	canonical.com	MPL-2.0	2022-12-01T19:17:54.000Z	https://github.com/ubuntu-flutter-community/handy_window
551	flutter_advanced_segment	An advanced segment widget, that can be fully customized with bunch of properties, just try it and enjoy!	3.0.1	89.86167121980834	70	19	8	0	alex-melnyk	alexmelnyk.io	BSD-3-Clause	2022-05-24T15:23:30.000Z	https://github.com/alex-melnyk/flutter_advanced_segment
552	freerasp	Flutter library for improving app security and threat monitoring on Android and iOS mobile devices. Learn more about provided features on the freeRASP's homepage first.	3.0.2	89.8356532674212	137	62	3	6	talsec	talsec.app	MIT	2022-11-14T17:34:03.000Z	https://github.com/talsec/Free-RASP-Flutter
553	image_downloader_web	A Flutter plugin for downloading images from URL to user's device. This plugin only works for Flutter web.	1.0.2	89.80963531503404	17	1	3	3	hrvojecukman		MIT	2022-10-19T09:50:51.000Z	https://github.com/hrvojecukman/image_downloader_web
554	functions_framework	FaaS (Function as a service) framework for writing portable Dart functions	0.4.1	89.79229001344261	124	484	49	26	GoogleCloudPlatform	cloud.google.com	Apache-2.0	2022-11-30T03:47:21.000Z	https://github.com/GoogleCloudPlatform/functions-framework-dart
555	mysql_client	Native MySQL client written in Dart. Tested with MySQL Percona Server (5.7, 8), MariaDB (10). Supports TLS.	0.0.27	89.77494471185118	78	46	11	10	zim32		BSD-3-Clause	2022-12-04T13:18:14.000Z	https://github.com/zim32/mysql.dart
556	flutter_acpuserprofile	Adobe Experience Platform User Profile support for Flutter apps.	2.0.1	89.75759941025974	0	3	6	0	adobe	adobe.com	Apache-2.0	2022-01-13T23:54:56.000Z	https://github.com/adobe/flutter-acpuserprofile
557	speech_balloon	This is a flutter widget that generates a simple speech bubble. This widget can display simple speech bubbles and reproduce speech bubbles with a border.	0.0.4	89.7315814578726	30	1	1	0	s-tyd	s-tyd.com	MIT	2021-07-22T13:39:46.000Z	https://github.com/s-tyd/speech_balloon
558	image_sequence_animator	A simple widget for animating a set of images with full custom controls as an alternative to using a GIF file.	2.0.0	89.72724513247474	67	132	27	5	aliyigitbireroglu	cosmossoftware.coffee	MIT	2022-04-11T00:16:32.000Z	https://github.com/aliyigitbireroglu/flutter-image-sequence-animator
559	avatar_stack	Advanced and agile avatar stack with settings. It allows to place a lot of avatars or another widgets in small place.	1.1.2	89.61016434673257	69	11	1	0	cyrax111		BSD-3-Clause	2022-07-12T03:07:45.000Z	https://github.com/cyrax111/avatar_stack
560	platform_maps_flutter	A Flutter package that combines google_maps and apple_maps to provide a crossplatform native map implementation.	1.0.2	89.566801092754	90	70	42	21	LuisThein	luisthein.de	BSD-2-Clause	2022-05-02T21:54:40.000Z	https://github.com/LuisThein/platform_maps_flutter
561	bloc_provider	Provides bloc to descendant widget (O(1)), and the bloc is disposed appropriately by state which the bloc_provider holds internally.	1.0.0	89.55812844195829	24	115	18	4	mono0926	mono0926.com	MIT	2022-08-16T00:54:48.000Z	https://github.com/mono0926/bloc_provider
562	reorderable_grid	A full reorderable grid implementations similar to flutter's native reorderable list.	1.0.5	89.54945579116257	64	34	3	3	casvanluijtelaar	casvanluijtelaar.com	MIT	2022-11-04T11:42:29.000Z	https://github.com/casvanluijtelaar/reorderable_grid
563	yaml_edit	A library for YAML manipulation with comment and whitespace preservation.	2.0.3	89.54511946576471	17	16	5	6	dart-lang	tools.dart.dev	BSD-3-Clause	2022-11-10T11:31:16.000Z	https://github.com/dart-lang/yaml_edit
564	speed_test_dart	Internet speed tester (ping, upload, download) using speedtest.net	1.0.4+1	89.536446814969	6	2	3	0	jorger5	jrincondev.com	NOASSERTION	2022-10-03T16:37:56.000Z	https://github.com/jorger5/speed_test_dart
565	chucker_flutter	Chucker Flutter helps you inspect the HTTP(S) requests/responses. It stores data locally and provides a UI for inspecting network calls and sharing their content.	1.4.0	89.52777416417328	36	27	7	2	syedmurtaza108	syedmurtaza.site	MIT	2022-12-15T09:00:05.000Z	https://github.com/syedmurtaza108/chucker-flutter
566	list_ext	Dart extension methods for Iterable and List. You can easily sum, count elements and many more.	1.0.6	89.52343783877542	33	10	2	0	Innim	innim.ru	BSD-3-Clause	2022-10-04T06:24:39.000Z	https://github.com/Innim/dart_list_extensions
567	credit_card_scanner	Fast, Accurate and Secure Credit & Debit card scanning library for flutter. This package is a fork of the original.	1.0.5	89.51910151337756	33	82	66	27	nateshmbhat		GPL-3.0	2021-05-29T23:53:21.000Z	https://github.com/nateshmbhat/card-scanner-flutter
568	esys_flutter_share_plus	A Flutter plugin for sharing images & text with other applications. Fork by Innim	2.2.0	89.5147651879797	8	0	2	0	Innim	innim.ru	Apache-2.0	2022-08-12T11:58:41.000Z	https://github.com/Innim/esys-flutter-share
569	flutter_fancy_tree_view	A highly customizable TreeView Widget for visualization of nested data in Flutter.	0.5.3+2	89.50609253718399	64	80	39	9	mbaumgartenbr		MIT	2022-12-16T20:42:08.000Z	https://github.com/mbaumgartenbr/flutter_tree_view
570	either_option	The simple library for Error Handling with functionnal programming concept	2.0.0	89.49741988638827	39	34	8	1	cbyad		MIT	2022-10-31T09:36:48.000Z	https://github.com/cbyad/either_option
571	float_column	Flutter FloatColumn widget for building a vertical column of widgets and text where the text wraps around floated widgets, similar to how CSS float works.	1.3.1	89.47573825939898	29	12	0	0	ronjb	ronbooth.com	MIT	2022-12-10T23:07:25.000Z	https://github.com/ronjb/float_column
572	file_manager	FileManager is a wonderful widget that allows you to manage files and folders, pick files and folders, and do a lot more. Designed to feel like part of the Flutter framework.	1.0.1	89.45839295780755	91	50	12	12	DevsOnFlutter		BSD-3-Clause	2022-10-23T09:00:34.000Z	https://github.com/DevsOnFlutter/file_manager
573	hmssdk_flutter	The Flutter package for 100ms SDK. Video Conferencing infrastructure for a Video first world.	1.1.0	89.44972030701183	47	78	35	31	100mslive	100ms.live	MIT	2022-12-19T20:35:36.000Z	https://github.com/100mslive/100ms-flutter
574	rudder_sdk_flutter	The RudderStack Flutter SDK allows you to track event data from your app. It can be easily integrated into your Flutter application. After integrating this SDK, you will also send the event data to your preferred analytics destination/s, such as Google Analytics, Amplitude, and more.	2.2.0	89.4237023546247	7	4	17	7	rudderlabs	rudderstack.com	MIT	2022-12-19T09:26:10.000Z	https://github.com/rudderlabs/rudder-sdk-flutter
575	git	Git command line wrapper. Exposes a Git directory abstraction that makes it easy to inspect and manipulate a local Git repository.	2.2.0	89.40635705303326	28	112	16	15	kevmoo	j832.com	BSD-2-Clause	2022-11-09T23:27:57.000Z	https://github.com/kevmoo/git
576	page_view_dot_indicator	A simple and animated page view indicator in the form of dots, which you can customise color, size, space and duration.	2.0.1	89.39334807683969	31	10	6	2	douglasiacovelli		MIT	2022-08-22T22:28:55.000Z	https://github.com/douglasiacovelli/page_view_dot_indicator
577	flutter_locales	Easily localize your app to multiple languages	2.0.2	89.35432114825896	30	4	0	2	iampopal		MIT	2022-06-27T18:56:09.000Z	https://github.com/iampopal/flutter_locales
578	pull_down_button	Cupertino styled Pull-Down Button from iOS 14 with great customisation options.	0.4.1	89.3499848228611	58	16	3	0	notDmDrl		MIT	2022-12-03T19:07:59.000Z	https://github.com/notDmDrl/pull_down_button
579	vertical_scrollable_tabview	A Flutter widget which syncronize a ScrollView and a custom tab view.	0.0.7	89.34564849746324	59	12	18	9	wayne900204		MIT	2022-06-29T02:42:32.000Z	https://github.com/wayne900204/vertical_scrollable_tabview
580	pluto_menu_bar	A menu bar for flutter. You can add as many submenus as you want, and you can change the default style.	3.0.0	89.33263952126967	65	53	15	7	bosskmk	weblaze.dev	MIT	2022-11-30T06:54:57.000Z	https://github.com/bosskmk/pluto_menu_bar
581	form_builder_phone_field	International phone number field for FlutterFormBuilder package	1.3.0	89.32830319587181	23	3	1	9	flutter-form-builder-ecosystem	flutterformbuilderecosystem.com	BSD-3-Clause	2022-11-21T20:29:37.000Z	https://github.com/flutter-form-builder-ecosystem/form_builder_phone_field
582	flutter_gradient_colors	it's provide you more than 100 predefined Gradient Colors.	2.1.1	89.31095789428039	79	17	3	3	skaran921		NOASSERTION	2022-10-31T09:27:40.000Z	https://github.com/skaran921/flutter_gradient_colors
583	flutter_mapbox_navigation	Add Turn By Turn Navigation to Your Flutter Application Using MapBox. Never leave your app when you need to navigate your users to a location.	0.0.26	89.29794891808682	199	162	103	65	eopeter	dormmom.com	Apache-2.0	2022-11-13T16:05:39.000Z	https://github.com/eopeter/flutter_mapbox_navigation
584	qlevar_router	A router that helps you to manage your project routes. Create nested routes. navigation without context between your pages.	1.7.1	89.29361259268896	110	66	16	12	SchabanBo	qlevar.de	MIT	2022-11-23T07:02:31.000Z	https://github.com/SchabanBo/qlevar_router
585	flutter_advanced_networkimage_2	An advanced image provider provides caching and retrying for flutter app. Now with zoomable widget and transition to image widget.	2.0.1	89.28493994189324	8	0	7	2	insinfo		MIT	2022-11-11T13:38:28.000Z	https://github.com/insinfo/flutter_advanced_networkimage
586	gql_code_builder	Dart code builders taking *.graphql documents and SDL to build useful classes.	0.7.0	89.28060361649538	2	240	99	56	gql-dart	gql-dart.dev	MIT	2022-12-03T23:04:15.000Z	https://github.com/gql-dart/gql
587	serverpod_flutter	Flutter specific utilities for Serverpod.	0.9.21	89.26759464030181	0	980	71	81	serverpod		BSD-3-Clause	2022-12-19T12:33:44.000Z	https://github.com/serverpod/serverpod
588	firebase_installations	Firebase installations Flutter plugin	16.3.6	89.25458566410823	5	3	2	0	lidio601		MIT	2021-06-04T20:03:07.000Z	https://github.com/lidio601/flutter_installations
589	flutter_media_metadata	A Flutter plugin to read metadata of media files.	1.0.0+1	89.2372403625168	36	60	12	7	alexmercerind		MIT	2022-12-10T15:32:12.000Z	https://github.com/alexmercerind/flutter_media_metadata
590	gql_dedupe_link	GQL Link to deduplicate identical in-flight execution requests	2.0.3+1	89.21122241012965	1	240	99	56	gql-dart	gql-dart.dev	MIT	2022-12-03T23:04:15.000Z	https://github.com/gql-dart/gql
591	serverpod_client	Base classes for communication with the server.	0.9.21	89.17653180694678	5	980	71	81	serverpod	serverpod.dev	BSD-3-Clause	2022-12-19T12:33:44.000Z	https://github.com/serverpod/serverpod
592	typicons_flutter	Typicons pack with the code to support flutter, easy use, beautifully.	0.5.0	89.15918650535536	15	3	2	1	tvc12	4pet.social	MIT	2021-03-27T14:31:29.000Z	https://github.com/tvc12/typicons_flutter
593	flutter_file_view	A file viewer plugin for Flutter, support local file and network link of Android, iOS.	2.1.2	89.13750487836607	18	18	13	3	LiWenHui96		Apache-2.0	2022-11-01T01:19:21.000Z	https://github.com/LiWenHui96/flutter_file_view
594	flutter_web_auth_2	Flutter plugin for authenticating a user with a web service.	2.0.3	89.09414162438749	22	17	12	9	ThexXTURBOXx	femtopedia.de	MIT	2022-12-13T11:34:44.000Z	https://github.com/ThexXTURBOXx/flutter_web_auth_2
595	update_available	Know if there's any update for your Flutter app, based on published versions.	2.1.0	89.08980529898963	47	16	7	9	mateusfccp		MIT	2022-12-05T13:35:36.000Z	https://github.com/mateusfccp/update_available/tree/master/update_available
596	get_phone_number	Get real phone number from device - It only works on android device and also need to run in a real device.	2.0.1	89.07679632279606	30	1	0	5	ssk-flutter		BSD-3-Clause	2021-05-23T20:59:46.000Z	https://github.com/ssk-flutter/get_phone_number
597	webviewx_plus	A cross-platform webview using webview_flutter for mobile and iFrame for web.	0.3.2	89.06812367200034	12	4	1	2	Mahad61	lazyus.com	BSD-3-Clause	2022-09-23T19:16:46.000Z	https://github.com/Mahad61/webviewx_plus
598	top_modal_sheet	A simple top modal sheet implementation in pure dart.	2.0.1	89.05945102120462	15	5	8	1	Pilaba		BSD-2-Clause	2022-07-29T18:25:48.000Z	https://github.com/Pilaba/TopModalSheet
599	unifiedpush	Push notifications with the provider chosen by the user.	4.0.3	89.04210571961319	7	15	9	10	UnifiedPush	unifiedpush.org	Apache-2.0	2022-11-29T23:14:09.000Z	https://github.com/UnifiedPush/flutter-connector
600	aes_crypt	Dart encryption library for encrypting/decrypting files, plain text and binary data in AES Crypt file format.	0.1.1	89.01608776722605	83	27	22	17	alexgoussev	alexgusev.com	MIT	2022-03-19T07:11:46.000Z	https://github.com/alexgoussev/aes_crypt
601	jitsi_meet_wrapper	A Flutter wrapper around the official JitsiMeetSDKs. With this package, you can launch Jitsi meetings in a native view.	0.0.5	89.0117514418282	20	11	25	25	saibotma		BSD-3-Clause	2022-12-16T03:07:06.000Z	https://github.com/saibotma/jitsi_meet_wrapper/tree/main/jitsi_meet_wrapper
602	simple_time_range_picker	A simple time range picker for flutter	0.0.5	88.97272451324747	10	4	8	5	trashfeed	trashfeed.net	MIT	2022-08-07T03:30:18.000Z	https://github.com/trashfeed/simple_time_range_picker
603	flutter_camera_overlay	A Flutter plugin to add common camera overlay components such as ID Card, Credit Card, Texts, prompts or custom components.	0.1.1	88.95537921165604	68	9	13	4	matwright	matwright.dev	MIT	2022-06-29T10:02:27.000Z	https://github.com/matwright/flutter_camera_overlay
604	tiktoklikescroller	A vertical fullscreen scroll implementation that snaps in place, similar to the TikTok app	0.2.3	88.92502493387103	124	35	12	4	dmt195	davidtaylor.io	Apache-2.0	2022-06-29T17:01:37.000Z	https://github.com/dmt195/tiktok-flutter-plugin
605	markdown_editable_textinput	A TextField Widget that allow you to convert easily what's in the TextField to Markdown.	2.1.0	88.91635228307531	116	56	30	9	playmoweb	playmoweb.com	BSD-3-Clause	2022-11-17T08:38:14.000Z	https://github.com/playmoweb/markdown-editable-textinput
606	lucide_icons	A Lucide icon library package for Flutter applications. Fork of Feather Icons, open for anyone to contribute icons.	0.104.0	88.87298902909674	30	2975	161	55	lucide-icons	lucide.dev	ISC	2022-12-13T17:42:51.000Z	https://github.com/lucide-icons/lucide
607	bugsnag_flutter	Bugsnag crash monitoring and reporting tool for Flutter apps	2.4.0	88.86865270369888	7	5	5	3	bugsnag	bugsnag.com	MIT	2022-12-08T17:24:22.000Z	https://github.com/bugsnag/bugsnag-flutter
608	pushy_flutter	The official Pushy SDK for Flutter apps.	2.0.12	88.8469710767096	14	19	13	0	pushy		Apache-2.0	2022-10-09T12:05:25.000Z	https://github.com/pushy/pushy-flutter
609	calendar_appbar	Flutter package for custom AppBar with full calendar view with many new features!	0.0.6	88.84263475131173	148	40	19	5	vpalcar		MIT	2022-06-10T10:14:54.000Z	https://github.com/vpalcar/calendar_appbar
610	in_app_notification	A Flutter package to show custom in-app notification with any Widgets.	1.1.2	88.81661679892458	108	18	6	1	cb-cloud	cb-cloud.com	MIT	2022-12-01T08:40:43.000Z	https://github.com/cb-cloud/flutter_in_app_notification
611	ed25519_hd_key	BIP-0032 like derivation for ed25519 curve	2.2.0	88.80360782273102	9	12	6	1	alepop	alepop.dev	MIT	2021-09-16T06:40:18.000Z	https://github.com/alepop/dart-ed25519-hd-key
612	flutter_boxicons	Boxicons (https://boxicons.com) customization for Flutter. You can use 2K+ more Boxicons.	3.0.0	88.78626252113959	46	4	7	5	arifai		MIT	2021-07-07T00:24:25.000Z	https://github.com/arifai/flutter_boxicons
613	resizable_widget	Enables users to resize the internal widgets by dragging. This package contains simple APIs, but if needed, you can customize ResizableWidget flexibly.	1.0.5	88.77758987034387	118	35	24	13	ibako	ibako-piyo.com	BSD-3-Clause	2022-07-08T19:01:53.000Z	https://github.com/ibako/resizable_widget
614	apple_maps_flutter	This plugin uses the Flutter platform view to display an Apple Maps widget.	1.2.0	88.75157191795672	35	49	45	14	LuisThein	luisthein.de	BSD-2-Clause	2022-12-02T18:40:39.000Z	https://github.com/LuisThein/apple_maps_flutter
615	flutter_hooks_lint_plugin	a lint plugin for flutter_hooks	0.6.1	88.72555396556959	7	29	1	1	mj-hd		MIT	2022-11-03T21:36:14.000Z	https://github.com/mj-hd/flutter_hooks_lint_plugin
616	sliver_header_delegate	A flexible sliver header delegate that allows easily customize your SliverHeader	0.0.5	88.7038723385803	72	11	8	3	miroslava-podybailo		MIT	2022-11-01T03:43:58.000Z	https://github.com/miroslava-podybailo/flutter_sliver_header_delegate
617	zxcvbn	Dart port of DropBox's zxcvbn library.	1.0.0	88.67351806079529	10	7	4	2	careapp-inc	careapp.com.au	MIT	2021-05-27T03:14:44.000Z	https://github.com/careapp-inc/zxcvbn-dart
618	faker_dart	generate massive amounts of fake data in Dart & Flutter! A dart port of the famous faker.js	0.1.11	88.651836433806	60	26	5	0	casvanluijtelaar	casvanluijtelaar.com	NOASSERTION	2022-11-02T15:24:41.000Z	https://github.com/casvanluijtelaar/faker.dart
619	gauges	A library for customizable gauges (radial gauges only for now).	1.0.0	88.58679155283812	35	11	9	4	JulianAssmann		MIT	2022-01-08T17:05:01.000Z	https://github.com/JulianAssmann/flutter_gauges
620	normalize	Normalization and denormalization of GraphQL responses in Dart	0.8.0	88.56510992584884	8	478	90	52	gql-dart	gql-dart.dev	MIT	2022-12-19T20:07:48.000Z	https://github.com/gql-dart/ferry
621	spring_button	A simple widget for having child widgets that respond to gestures with a spring animation.	2.0.0	88.54342829885955	36	73	13	0	aliyigitbireroglu	cosmossoftware.coffee	MIT	2021-05-04T11:01:21.000Z	https://github.com/aliyigitbireroglu/flutter-spring-button
622	reactive_dropdown_search	Wrapper around searchable_dropdown to use with reactive_forms	0.12.0	88.49572871948311	6	47	23	2	artflutter		MIT	2022-12-15T16:51:57.000Z	https://github.com/artflutter/reactive_forms_widgets
623	nyxx	A Discord library for Dart. Simple, robust framework for creating discord bots for Dart language.	4.4.0	88.47838341789168	71	264	40	4	nyxx-discord	l7ssha.xyz	Apache-2.0	2022-12-12T17:07:06.000Z	https://github.com/nyxx-discord/nyxx
624	socket_io_common	Socket.io common parser library.	2.0.2	88.46971076709596	4	6	17	0	rikulo		MIT	2022-10-25T03:16:39.000Z	https://github.com/rikulo/socket_io_common
625	graphql_codegen	Simple, opinionated, codegen library for GraphQL. It allows you togenerate serializers and client helpers to easily call and parse your data.	0.11.2	88.44369281470883	56	85	37	16	heftapp	heft.app	MIT	2022-12-14T11:20:16.000Z	https://github.com/heftapp/graphql_codegen/tree/main/packages/graphql_codegen
626	redis	Redis database (https://redis.io/) client, with both simplicity and performance as primary goals.	3.1.0	88.42634751311739	87	62	27	2	ra1u		AGPL-3.0	2022-05-08T11:03:46.000Z	https://github.com/ra1u/redis-dart
627	stats	Calculate common statistical values for a set of numbers: max, min, mean, median, standard deviation, and standard error.	2.0.0	88.42201118771953	23	8	5	2	kevmoo	j832.com	MIT	2022-10-26T00:49:30.000Z	https://github.com/kevmoo/stats
628	just_throttle_it	A simple throttle library for limiting consecutive execution of functions	2.1.0	88.40032956073024	2	2	0	0	mhrst	qrl.app	MIT	2022-05-03T14:16:02.000Z	https://github.com/mhrst/just_throttle_it
629	gson	Parses and encodes the json generated by GSON (Can parse minecraft's json)	0.1.4	88.39599323533238	14	2	2	3	MinimineLP		BSD-2-Clause	2021-03-21T13:09:29.000Z	https://github.com/MinimineLP/dart-gson
630	drift_sqflite	A Flutter-only implementation of a drift database, based on the `sqflite` package.	2.0.0	88.37431160834309	7	1798	238	102	simolus3	simonbinder.eu	MIT	2022-12-19T23:40:06.000Z	https://github.com/simolus3/drift
631	window_location_href	Cross-platfrom window.location.href. Supports all platforms and is easy.	1.0.1+2	88.31793937817093	5	0	0	0	xclud		MIT	2022-10-24T20:06:12.000Z	https://github.com/xclud/window_location_href
632	flutter_calendar_week	Flutter calendar week UI package	3.0.0	88.31360305277308	32	67	26	5	mduccc		MIT	2022-09-12T17:00:44.000Z	https://github.com/mduccc/flutter_calendar_week
633	generic_bloc_provider	A generic BloC Provider for your Flutter apps. This package will help you avoid the boilerplate of writing BloC Providers.	2.1.1	88.30059407657951	22	26	6	1	robertohuertasm	robertohuertas.com	MIT	2022-02-14T09:54:59.000Z	https://github.com/robertohuertasm/generic_bloc_provider
634	aes_crypt_null_safe	Dart encryption library for encrypting/decrypting files, plain text and binary data in AES Crypt file format.	2.0.2	88.2919214257838	14	3	1	0	CodingFries	codingfries.com	MIT	2021-12-15T06:47:17.000Z	https://github.com/CodingFries/aes_crypt_null_safe
635	json_store	A Flutter storage solution somewhat similar to a browser's localStorage (but super powered)	2.0.0	88.28758510038594	36	8	8	1	fstof		BSD-2-Clause	2022-08-15T22:42:46.000Z	https://github.com/fstof/flutter_json_store
636	fuzzywuzzy	An implementation of the popular fuzzywuzzy package in Dart, to suit all your fuzzy string matching/searching needs!	0.2.0	88.28324877498808	48	22	3	3	SphericalKat	sphericalk.at	GPL-2.0	2022-06-26T07:19:47.000Z	https://github.com/sphericalkat/dart-fuzzywuzzy
637	animated_segmented_tab_control	A customizable segmented control that can be used with a TabView.	1.0.1	88.27457612419236	32	11	9	8	LanarsInc		NOASSERTION	2022-11-08T02:00:54.000Z	https://github.com/LanarsInc/animated-segmented-tab-control
638	apivideo_live_stream	Flutter RTMP live stream client for your audio/video application. Made with ♥ by api.video.	1.0.7	88.26590347339665	34	20	11	7	apivideo	api.video	MIT	2022-11-16T15:18:14.000Z	https://github.com/apivideo/api.video-flutter-live-stream
639	json_editor	A json editor on flutter.	0.0.8	88.22254021941806	19	12	8	4	youngchan1988	dev.apptoy.cc	BSD-3-Clause	2022-05-25T08:22:49.000Z	https://github.com/youngchan1988/json_editor
640	icons_plus	A collection of popular icon packs is available in icons_plus. Such as bootstrap, font awesome, eva icons, line awesome, ionicons, and many more.	3.0.0	88.21386756862235	78	12	2	1	chouhan-rahul	rahulchouhan.me	MIT	2022-09-03T14:28:00.000Z	https://github.com/chouhan-rahul/icons_plus
641	antdesign_icons	AntDesign Icons implementation for dart projects.	0.0.3	88.20085859242877	9	4	0	1	elkhayder		MIT	2021-04-27T01:12:50.000Z	https://github.com/elkhayder/anticons
642	selectable	A Flutter widget that enables text selection over all the text widgets it contains.	0.2.8	88.19652226703091	30	9	4	5	ronjb	ronbooth.com	MIT	2022-12-11T02:16:12.000Z	https://github.com/ronjb/selectable
643	alphabet_scroll_view	A Scrollable ListView Widget with the dynamic vertical Alphabet List which you can drag and tap to scroll to the first item starting with that letter.	0.3.2	88.1878496162352	68	20	9	9	maheshmnj	maheshjamdade.com	MIT	2022-10-08T03:19:19.000Z	https://github.com/maheshmnj/alphabet_scroll_view
644	change_case	An extension on String to transform a string between camelCase, PascalCase, Capital Case, snake_case, param-case, CONSTANT_CASE and others.	1.0.2	88.1574953384502	16	4	0	0	mrgnhnt96	mrgnhnt.com	MIT	2022-02-23T20:13:46.000Z	https://github.com/mrgnhnt96/change_case
645	byte_size	ByteSize is a library that handles how byte sizes are represented and an easy to use interface to convert to other forms of representation also taking locale into consideration.	1.4.1	88.14448636225663	4	3	4	1	ron4fun		NOASSERTION	2022-10-22T12:46:21.000Z	https://github.com/ron4fun/byte_size
646	sliding_clipped_nav_bar	Bottom Navigation Bar with sliding menu icon and text with clipping effect, it also has ripple effect when tapped.	3.1.0+4	88.12280473526734	177	55	9	0	watery-desert	waterydesert.com	BSD-3-Clause	2022-12-14T11:08:30.000Z	https://github.com/watery-desert/sliding_clipped_nav_bar
647	interval_time_picker	A variant of the default Flutter Time Picker in which you can pick intervals.	2.0.0+5	88.1054594336759	14	2	11	0	Fleximex	fleximex.com	MIT	2022-09-01T19:57:30.000Z	https://github.com/Fleximex/interval_time_picker
648	easy_table	A full customized data table that builds the cells on demand. Focused on Web/Desktop Applications. Bidirectional scroll bars.	2.3.0	88.07076883049304	46	19	5	9	caduandrade	caduandrade.net	MIT	2022-12-20T00:47:36.000Z	https://github.com/caduandrade/easy_table_flutter
649	zego_uikit_prebuilt_call	PrebuiltCall is a full-featured call kit that provides a ready-made call invitation, voice/video chat, device detection, etc. Add a voice/video call to your app in minutes.	1.2.14	88.06643250509518	5	1	3	0	ZEGOCLOUD	zegocloud.com	MIT	2022-12-13T03:23:32.000Z	https://github.com/ZEGOCLOUD/zego_uikit_prebuilt_call_flutter
650	firebase_core_dart	Pure Dart implementation of FlutterFire core API	1.0.1	88.0534235289016	7	286	36	18	invertase	invertase.io	NOASSERTION	2022-11-05T03:27:18.000Z	https://github.com/invertase/flutterfire_desktop
651	app_popup_menu	A more modular popup menu.	1.0.0	88.04041455270803	31	9	2	1	AndriousSolutions		NOASSERTION	2022-11-04T16:16:11.000Z	https://github.com/AndriousSolutions/app_popup_menu
652	cr_calendar	Awesome calendar with customizations, range picking and event showing.	1.0.0+1	87.98837864793374	60	17	14	2	Cleveroad	cleveroad.com	MIT	2022-11-17T11:47:30.000Z	https://github.com/Cleveroad/cr_calendar
653	flutter_mdns_plugin	Flutter mDNS plugin	0.0.3	87.98404232253588	4	46	37	10	terrabythia		MIT	2022-01-07T15:53:00.000Z	https://github.com/terrabythia/flutter_mdns_plugin
654	undo	A Undo/Redo Library for Flutter	1.4.0	87.94935171935302	66	55	13	2	rodydavis	rodydavis.com	MIT	2021-04-14T23:05:41.000Z	https://github.com/rodydavis/undo
655	shelf_plus	Shelf Plus is a quality of life addon for your server-side development within the Shelf platform.	1.5.0	87.92767009236373	75	53	9	0	felixblaschke	felix-blaschke.de	MIT	2022-09-09T19:13:55.000Z	https://github.com/felixblaschke/shelf_plus
656	flavor	An easy way to configure flavor settings and displaying flavor banner.	2.0.0	87.89731581457872	44	12	4	1	stefandevo	stefandevo.dev	MIT	2021-09-28T09:46:59.000Z	https://github.com/stefandevo/flutter-flavor
657	quickblox_sdk	Quickblox includes everything that brings messaging right into your application - chat, video calling, users, push notifications, etc.	0.11.0	87.85828888599801	44	6	0	24	QuickBlox		NOASSERTION	2022-09-30T13:13:32.000Z	https://github.com/QuickBlox/quickblox-flutter-sdk
658	md5_file_checksum	Flutter plugin to calculate a file checksum as MD5 hash, using a platform native implementation.	1.0.4	87.84527990980443	5	4	1	2	albemala	albemala.me	MIT	2022-10-01T14:19:32.000Z	https://github.com/albemala/md5_file_checksum
659	toml	Parser and encoder for TOML v1.0.0 (Tom's Obvious, Minimal Language) configuration files.	0.13.1	87.78023502883656	19	31	5	1	just95		MIT	2022-12-19T08:09:57.000Z	https://github.com/just95/toml.dart
660	flutter_update_dialog	A beautiful application version update dialog for flutter.You can customize your own version update pop-up window!	2.0.0	87.7758987034387	44	32	10	3	xuexiangjys	xuexiangjys.club	Apache-2.0	2022-12-04T15:20:44.000Z	https://github.com/xuexiangjys/flutter_update_dialog
661	pocketbase	Multi-platform Dart SDK for PocketBase, an open source realtime backend in 1 file.	0.6.0	87.77156237804084	70	157	13	0	pocketbase	pocketbase.io	MIT	2022-12-16T15:27:44.000Z	https://github.com/pocketbase/dart-sdk
662	horizontal_blocked_scroll_physics	A ScrollPhysics class that blocks movement in the horizontal axis.	4.0.1	87.75855340184727	23	10	3	0	koa-health	koahealth.tech	MIT	2022-03-07T08:05:10.000Z	https://github.com/Alpha-health/horizontal_blocked_scroll_physics
663	sentry_dart_plugin	A Dart Build Plugin that uploads symbols for Android, iOS/macOS, and Web to Sentry via sentry-cli.	1.0.0-beta.4	87.74988075105156	13	33	13	5	getsentry	sentry.io	MIT	2022-12-19T01:01:59.000Z	https://github.com/getsentry/sentry-dart-plugin
664	auto_start_flutter	The plugin redirects the user to auto-start permission screen to allow auto-start and fix background problems in some phones.	0.1.1	87.73253544946013	22	4	5	3	seena98	techflow.ir	BSD-2-Clause	2022-11-02T09:41:57.000Z	https://github.com/seena98/auto_start_flutter
665	icon_decoration	Add decoration capabilities for the Icon widget with shadows, borders, gradients.	1.0.1	87.72819912406227	69	23	0	0	TesteurManiak	rouxguillau.me	BSD-2-Clause	2022-03-11T08:59:36.000Z	https://github.com/TesteurManiak/icon_decoration
666	dart_appwrite	Appwrite is an open-source self-hosted backend server that abstract and simplify complex and repetitive development tasks behind a very simple REST API	7.1.0	87.7151901478687	69	91	15	2	appwrite	appwrite.io	BSD-3-Clause	2022-12-14T09:25:38.000Z	https://github.com/appwrite/sdk-for-dart
667	flutter_oss_licenses	A tool to generate detail and better OSS license list using pubspec.yaml/lock files.	2.0.1	87.68049954468583	40	30	9	3	espresso3389	espresso3389.jp	MIT	2022-10-22T13:07:06.000Z	https://github.com/espresso3389/flutter_oss_licenses
668	adapty_flutter	Adapty SDK is an open-source framework that makes implementing in-app subscriptions in Flutter applications fast and easy. It’s 100% open-source and lightweight.	2.2.1	87.66749056849225	37	46	7	2	adaptyteam	adapty.io	MIT	2022-12-16T09:39:09.000Z	https://github.com/adaptyteam/AdaptySDK-Flutter
669	whatsapp	A top package for whatsapp business api send messages, product, media, location through flutter app.	2.0.0	87.64580894150296	78	7	4	2	rohit-chouhan	rohitchouhan.com	MIT	2022-10-09T04:02:05.000Z	https://github.com/rohit-chouhan/whatsapp
670	ensure_visible_when_focused	A handy Flutter widget to scroll to a certain widget every time this widget gains Focus.	1.1.1	87.62846363991153	22	9	3	1	rodrigobastosv	rodrigobastos.dev	MIT	2022-09-05T12:14:44.000Z	https://github.com/rodrigobastosv/ensure_visible_when_focused
671	pspdfkit_flutter	A Flutter plugin providing a feature-rich PDF viewing and editing experience to your users with the powerful PSPDFKit PDF SDK.	3.4.1	87.6024456875244	34	73	26	6	PSPDFKit	pspdfkit.com	NOASSERTION	2022-11-18T13:01:40.000Z	https://github.com/PSPDFKit/pspdfkit-flutter
672	youtube_api	YouTubeAPI is a plugin which directly interacts with YouTube server. Supports Searching video and playlist.	1.0.4	87.57642773513724	67	48	42	16	nstack-in	nstack.in	Apache-2.0	2021-11-09T07:03:17.000Z	https://github.com/nstack-in/youtube_api
673	build_verify	Test utility to ensure generated Dart code within a package is up-to-date when using package:build.	3.1.0	87.55908243354581	30	52	10	2	kevmoo	j832.com	MIT	2022-12-02T20:46:45.000Z	https://github.com/kevmoo/build_verify
674	flutter_zxing	A barcode scanner and generator natively in Flutter with Dart FFI based on ZXing.	0.9.0	87.55474610814795	29	32	12	6	khoren93		MIT	2022-12-18T18:23:15.000Z	https://github.com/khoren93/flutter_zxing
675	result_type	Result Type for Dart.	0.2.0	87.5504097827501	23	0	0	0	minikin	minikin.me	MIT	2022-08-25T08:07:46.000Z	https://github.com/minikin/result_type
676	onboarding_overlay	Flexible to control Onboarding overlay with or without target element (fork from onboard_overlay)	3.1.2	87.52005550496509	208	31	10	3	talamaska		MIT	2022-11-17T13:46:34.000Z	https://github.com/talamaska/onboarding_overlay
677	avoid_keyboard	This package enables convenient keyboard avoidance. It can be used to enable keyboard avoidance for specific view regions, without compressing the entire view.	0.3.0	87.50271020337365	15	1	0	0	HornMichaelS		MIT	2021-06-10T23:56:37.000Z	https://github.com/HornMichaelS/flutter_avoid_keyboard
678	qr_code_utils	Flutter plugin that provides tools for dealing with QR code. For now, just read.	0.0.1	87.48102857638436	1	0	0	1	atech-dev		MIT	2022-05-14T20:00:41.000Z	https://github.com/atech-dev/qr_code_utils/tree/main/qr_code_utils
679	schedulers	Dart library for running asynchronous functions on time. Useful for load balancing, rate limiting, lazy execution.	1.0.1	87.44633797320151	13	3	1	1	rtmigo	revercode.com	MIT	2022-11-25T05:28:46.000Z	https://github.com/rtmigo/schedulers
680	cunning_document_scanner	A document scanner plugin for flutter. Scan and crop automatically on iOS and Android.	1.1.2	87.43332899700793	52	17	12	1	jachzen	cunning.biz	MIT	2022-11-08T12:26:14.000Z	https://github.com/jachzen/cunning_document_scanner
681	libserialport	Serial Port for Dart (FFI bindings to libserialport, a minimal C-library created by the sigrok).	0.3.0+1	87.41164737001864	42	61	15	32	jpnurmi		LGPL-3.0	2022-08-27T14:23:26.000Z	https://github.com/jpnurmi/libserialport.dart
682	msal_js	A Dart wrapper for the 'Microsoft Authentication Library for JavaScript (MSAL.js)'.	2.14.0	87.38562941763149	18	13	9	3	Francessco121		MIT	2022-05-12T03:53:46.000Z	https://github.com/Francessco121/msal-js-dart
683	morphable_shape	A Flutter package for creating various shapes that are responsive and can morph betweem each other.	1.6.4	87.35961146524434	113	35	5	0	KevinVan720	wenkaifan.com	MIT	2022-09-05T13:48:35.000Z	https://github.com/KevinVan720/morphable_shape
684	ably_flutter	A wrapper around Ably's Cocoa and Java client library SDKs, providing iOS and Android support.	1.2.15	87.34660248905077	22	46	14	62	ably	ably.com	Apache-2.0	2022-12-13T18:41:49.000Z	https://github.com/ably/ably-flutter
685	json_model	Gernerating Dart model class from Json files with one command.	1.0.0	87.3335935128572	35	623	114	48	flutterchina		NOASSERTION	2022-01-10T02:14:10.000Z	https://github.com/flutterchina/json_model
686	mixpanel_analytics	A dart wrapper on the mixpanel REST API to be used in Flutter applications. As this is using the http REST API it works both with Android and iOS.	2.1.1	87.32492086206149	17	18	22	3	koa-health	koahealth.tech	MIT	2021-07-12T20:02:40.000Z	https://github.com/Alpha-health/mixpanel_analytics
687	star_menu	Contextual popup menu with different shapes and multiple ways to fine-tune animation and position. The menu entries can be almost any kind of widgets.	3.1.0+1	87.32058453666363	105	27	9	2	alnitak	marcobavagnoli.com	MIT	2022-12-12T17:15:50.000Z	https://github.com/alnitak/flutter_star_menu
688	bottom_sheet_bar	A toolbar that aligns to the bottom of a widget and expands into a bottom sheet.	2.3.8	87.31624821126577	52	9	2	3	mhrst	qrl.app	MIT	2022-10-18T15:06:35.000Z	https://github.com/mhrst/bottom_sheet_bar
689	nyxx_interactions	Nyxx Interactions Module. Discord library for Dart. Simple, robust framework for creating discord bots for Dart language.	4.5.0	87.23819435410434	7	7	6	2	nyxx-discord	l7ssha.xyz	Apache-2.0	2022-12-12T19:13:37.000Z	https://github.com/nyxx-discord/nyxx_interactions
690	brightness_volume	Adjust the volume and brightness	1.0.3	87.22952170330862	7	3	2	5	tion126		MIT	2021-05-26T07:03:53.000Z	https://github.com/tion126/brightness_volume
691	datepicker_dropdown	A Dropdown Date picker for Flutter with customizable options.	0.0.7+2	87.22518537791076	14	3	5	2	Robertrobinson777	robertrobinson.in	MIT	2022-09-01T13:55:20.000Z	https://github.com/Robertrobinson777/dropdown_date_picker
692	prefs	A Library Package that utilizes the plugin, shared_preferences, to store and read an app’s preferences in both the Android and the iOS platform.	4.0.0	87.1904947747279	13	8	3	0	AndriousSolutions	andrioussolutions.com	NOASSERTION	2022-12-02T22:38:18.000Z	https://github.com/AndriousSolutions/prefs
693	contactus	contactus is the package which helps the developers to add their contact information with ease.Developers can add many important details such as website, email, phone number, etc.	1.2.0	87.18615844933004	52	19	12	0	AbhishekDoshi26		MIT	2021-11-24T11:47:56.000Z	https://github.com/AbhishekDoshi26/contactus
694	nepali_utils	A pure dart package with collection of Nepali Utilities like Date converter, Date formatter, DateTime, Nepali Numbers, Nepali Unicode, Nepali Moments and many more.	3.0.3	87.17314947313646	35	23	13	3	sarbagyastha	sarbagyastha.com.np	MIT	2022-08-29T08:19:08.000Z	https://github.com/sarbagyastha/nepali_utils
695	skeleton_animation	Display skeleton animations in your app. It works on android, iOS and the web.	0.1.4	87.1688131477386	24	4	1	0	wjtje	wjtje.dev	MIT	2021-05-16T09:48:41.000Z	https://github.com/wjtje/flutter-skeleton-animation
696	fluid_bottom_nav_bar	A beautiful bottom navigation with a fluid animation. Bar color, icons and animation speed are fully customizable.	1.4.0	87.15146784614718	136	24	23	13	eric-taix		MIT	2022-11-21T16:02:57.000Z	https://github.com/eric-taix/fluid-nav-bar
697	dnd	Drag and Drop for Dart web apps with mouse and touch support.	2.0.1	87.14713152074933	47	136	92	5	marcojakob	jakobservices.ch	MIT	2021-10-07T20:03:58.000Z	https://github.com/marcojakob/dart-dnd
698	benchmark_harness	The official Dart project benchmark harness.	2.2.0	87.1081045921686	22	76	25	8	dart-lang	tools.dart.dev	BSD-3-Clause	2022-11-10T17:41:50.000Z	https://github.com/dart-lang/benchmark_harness
699	loading_overlay_pro	A new Flutter project with a simple widget wrapper set of loading animations for Flutter projects.	2.1.1	87.09075929057717	28	2	0	0	HVLoc		MIT	2021-03-23T07:51:34.000Z	https://github.com/HVLoc/loading_overlay_pro
700	vcard_maintained	A dart port of vCard JS by Eric J Nesser. Create vCards to import contacts into Outlook, iOS, Mac OS, and Android devices from your website or mobile application.	0.0.1+1	86.96066952864143	5	8	15	10	valerycolong	quds.cc	MIT	2021-10-27T09:07:00.000Z	https://github.com/valerycolong/vcard
701	water_drop_nav_bar	Bottom navigation bar, it has unique water drop effect. When water droplet falls it marks seleted item.	2.2.0+5	86.93898790165214	177	34	5	1	watery-desert	waterydesert.com	BSD-3-Clause	2022-12-14T11:12:35.000Z	https://github.com/watery-desert/water_drop_nav_bar
702	shared_storage	Flutter plugin to work with external storage and privacy-friendly APIs.	0.7.0	86.93031525085642	26	30	11	13	alexrintt	alexrintt.io	MIT	2022-11-19T03:40:15.000Z	https://github.com/alexrintt/shared-storage
703	salesiq_mobilisten	Mobilisten enables you to give your users the best in-app live chat experience. Mobilisten provides drop-in in-app chat and knowledge base.	1.0.4	86.92164260006071	13	9	5	8	zoho	zoho.com	MIT	2022-12-08T15:54:42.000Z	https://github.com/zoho/salesiq-mobilisten-flutter
704	bonfire	(RPG maker) Create RPG-style or similar games more simply with Flame.	2.11.9	86.91730627466285	275	780	119	4	RafaelBarbosatec		MIT	2022-12-15T11:51:02.000Z	https://github.com/RafaelBarbosatec/bonfire
705	background_app_bar	A background app bar plugin, use this plugin if you want to preserve background of sliver app bar when scrolling,	2.0.1	86.91296994926499	34	10	7	1	LeonColt		MIT	2022-03-19T19:57:03.000Z	https://github.com/LeonColt/background_app_bar
706	fhir	FHIR library of versions R4, STU3, DSTU2, and R5 (draft) for Dart & Flutter.	0.9.3	86.90429729846927	26	34	26	1	MayJuun	fhirfli.dev	MIT	2022-12-12T14:54:35.000Z	https://github.com/MayJuun/fhir/tree/main/fhir
707	image_cropping	This package helps you to crop image with ratio and free scale.	0.0.13	86.86527036988856	72	40	14	1	Mindinventory	mindinventory.com	MIT	2022-09-01T07:14:05.000Z	https://github.com/Mindinventory/image_cropping
708	hive_test	Initialize a temporary Hive database for testing	1.0.1	86.82190711590998	4	4	1	1	netsells		MIT	2021-05-11T10:03:48.000Z	https://github.com/netsells/hive_test
709	mrx_charts	Simple, high-performance Flutter charts with beautiful animations.	0.1.3	86.81323446511426	76	54	7	3	merixstudio	merixstudio.com	MIT	2022-12-01T18:16:54.000Z	https://github.com/merixstudio/mrx-flutter-charts
710	isoweek	A lightweight Dart package which provides the class Week (based on the ISO 8601 format).	1.1.4	86.79588916352283	17	4	0	0	devj3ns	jensbecker.dev	BSD-3-Clause	2022-06-22T12:03:02.000Z	https://github.com/devj3ns/isoweek
711	perfect_freehand	Draw perfect pressure-sensitive freehand lines. A set of functions for turning input points into a polygon of outline points.	1.0.4	86.7568622349421	109	184	25	4	steveruizok		MIT	2022-07-14T06:01:25.000Z	https://github.com/steveruizok/perfect-freehand-dart
712	flutter_expandable_table	A Flutter widget for create an expandable table with header and first column fixed.	1.1.1	86.73518060795283	58	15	14	3	rickypid	rcprogrammer.net	BSD-3-Clause	2022-08-01T15:45:46.000Z	https://github.com/rickypid/flutter_expandable_table
713	swagger_dart_code_generator	Have you been turned into a problem with writing code for Http requests? This package can help. It has all of the Http and model codegen functionality you have been looking for.	2.9.0	86.72650795715711	193	185	59	5	epam-cross-platform-lab	mobilepeople.dev	Apache-2.0	2022-12-19T13:06:56.000Z	https://github.com/epam-cross-platform-lab/swagger-dart-code-generator
714	bcrypt	This package use jBCrypt modified code to work with Dart VM.	1.1.3	86.6961536793721	10	1	0	0	astudilloalex	alexastudillo.com	NOASSERTION	2022-03-23T21:03:10.000Z	https://github.com/astudilloalex/dart-bcrypt
715	ferry_generator	Generated types for Ferry GraphQL Client	0.7.0	86.67447205238281	15	478	90	52	gql-dart	gql-dart.dev	MIT	2022-12-19T20:07:48.000Z	https://github.com/gql-dart/ferry
716	input_history_text_field	A input_history_text_field widget is automatically saved and suggest as you type.	0.2.0	86.6441177745978	44	8	4	4	trashfeed	trashfeed.net	MIT	2022-09-03T03:05:07.000Z	https://github.com/trashfeed/input_history_text_field
717	alert	A Flutter plugin for showing native alert dialog in IOS and Toast messages in Android.	2.0.1	86.63544512380209	18	1	4	0	Oleksandr32		MIT	2021-05-25T19:50:37.000Z	https://github.com/Oleksandr32/flutter-alert
718	msh_checkbox	An animated checkbox, inspired by BEMCheckbox for iOS, using an API similar to Flutter's own Checkbox.	2.0.0	86.62677247300637	13	4	3	0	HornMichaelS		MIT	2022-12-14T18:52:36.000Z	https://github.com/HornMichaelS/msh_checkbox
719	flutter_sensors	A flutter plugin to access the available sensors of the device.	1.0.1	86.59641819522137	28	28	26	14	LJaraCastillo		MIT	2022-02-23T13:22:29.000Z	https://github.com/LJaraCastillo/native_video_view
720	geocoder_buddy	Forward, Reverse geocoding and Search Address without any apikey.	1.0.1	86.58774554442566	15	3	5	4	flutterbuddy1	flutterbuddy.in	MIT	2022-11-20T16:56:40.000Z	https://github.com/flutterbuddy1/geocoder_buddy
721	dart_twitter_api	A dart wrapper for using the Twitter API with well documented interfaces for every endpoint.	0.5.8	86.5834092190278	41	54	23	0	robertodoering		BSD-3-Clause	2022-12-14T17:46:48.000Z	https://github.com/robertodoering/twitter_api
722	quds_popup_menu	A new way to show advanced popup menu in Flutter, the package is a part of quds_ui_kit package.	0.0.1+1	86.57473656823208	56	18	11	2	MohammedAsaadAsaad	quds.cc	MIT	2022-05-03T07:57:51.000Z	https://github.com/MohammedAsaadAsaad/quds_ui_kit
723	signalr_flutter	A flutter plugin for .net SignalR client. This client is for ASP.Net SignalR, not for .Net Core SignalR.	0.2.0	86.55739126664065	56	16	16	14	AS-Devs		MIT	2022-11-21T12:23:46.000Z	https://github.com/AS-Devs/signalr_flutter
724	icalendar_parser	Package to parse iCalendar (.ics) files written in pure Dart.	1.1.0	86.55305494124279	34	26	4	1	TesteurManiak	rouxguillau.me	MIT	2022-12-12T14:11:44.000Z	https://github.com/TesteurManiak/icalendar_parser
725	reactive_phone_form_field	Wrapper around phone_form_field to use with reactive_forms	0.10.0	86.54871861584493	6	47	23	2	artflutter		MIT	2022-12-15T16:51:57.000Z	https://github.com/artflutter/reactive_forms_widgets
726	flutter_widgetkit	Flutter library for iOS Widgets Extensions. Integrate a Widget into your App	1.0.3	86.54004596504922	38	224	20	5	fasky-software		MIT	2021-03-22T09:10:11.000Z	https://github.com/fasky-software/flutter_widgetkit
727	animated_notch_bottom_bar	This package helps you to achieve animated notch bottom navigation bar with any widget as children.	0.0.6	86.48801006027492	62	32	3	1	Mindinventory	mindinventory.com	MIT	2022-10-18T12:06:25.000Z	https://github.com/Mindinventory/animated_notch_bottom_bar
728	fancy_password_field	A highly customizable password control input widget. It has features such as password strenght and rules validation	2.0.0	86.47500108408136	44	12	5	0	rodrigobastosv	rodrigobastos.dev	MIT	2022-10-13T13:25:35.000Z	https://github.com/rodrigobastosv/fancy_password_field
729	statusbarz	A Flutter package for dynamically changing status bar color based on the background. Works with static colors and images.	1.0.12	86.4706647586835	38	6	2	0	Mapventure	mankeli.co	MIT	2022-10-20T11:18:02.000Z	https://github.com/Mapventure/statusbarz
730	very_good_infinite_list	A library for easily displaying paginated data, created by Very Good Ventures. Great for activity feeds, news feeds, and more.	0.7.0	86.46632843328564	132	102	14	3	VeryGoodOpenSource	verygood.ventures	MIT	2022-11-28T18:02:53.000Z	https://github.com/VeryGoodOpenSource/very_good_infinite_list
731	webcrypto	Cross-platform implementation of Web Cryptography APIs for Flutter.	0.5.3	86.44031048089849	51	56	30	14	google	google.dev	Apache-2.0	2022-11-02T14:39:32.000Z	https://github.com/google/webcrypto.dart
732	flutter_star	You can create a star easily and decide how many angle or color of the star, even the fat and progress of the star.	1.2.0	86.3969472269199	11	20	2	0	toly1994328	toly1994.com	NOASSERTION	2020-02-23T02:34:32.000Z	https://github.com/toly1994328/flutter_star
733	stream_feed_flutter_core	Stream Feed official Flutter SDK Core. Build your own feed experience using Dart and Flutter.	0.8.0	86.37092927453276	11	67	25	31	GetStream	getstream.io	NOASSERTION	2022-11-15T01:27:16.000Z	https://github.com/GetStream/stream-feed-flutter
734	custom_lint_builder	A package to help writing custom linters	0.0.16	86.32756602055419	3	151	17	20	invertase	invertase.io	Apache-2.0	2022-12-19T11:17:52.000Z	https://github.com/invertase/dart_custom_lint
735	info_popup	The simple way to show the user some information on your selected widget.	2.4.6	86.31022071896275	36	9	1	0	SalihCanBinboga	salihcan.dev	MIT	2022-11-22T13:29:29.000Z	https://github.com/salihcanbinboga/info_popup
736	survey_kit	Create beautiful surveys with Flutter (inspired by iOS ResearchKit Surveys)	0.1.1	86.27119379038203	69	89	50	10	QuickBirdEng	quickbirdstudios.com	MIT	2022-12-15T12:56:25.000Z	https://github.com/quickbirdstudios/survey_kit
737	matomo_tracker	A fully cross-platform wrap of the Matomo tracking client for Flutter, using the Matomo API.	2.0.0	86.24517583799488	18	11	8	0	Floating-Dartists	floating-dartists.dev	MIT	2022-12-02T16:13:09.000Z	https://github.com/Floating-Dartists/matomo-tracker
738	multi_image_picker_view	A complete widget which can easily pick multiple images from device and display them in UI. Also picked image can be re-ordered and removed easily.	0.0.7	86.21482156020987	18	8	5	2	shubham-gupta-16		MIT	2022-12-19T14:53:32.000Z	https://github.com/shubham-gupta-16/multi_image_picker_view
739	http_status_code	HTTP Status Codes	0.0.2	86.19747625861845	9	3	3	0	salkuadrat		MIT	2021-10-30T10:07:24.000Z	https://github.com/salkuadrat/http_status_code
740	google_language_fonts	Include easily Google Fonts which are compatible with your languages.	2.0.0	86.18446728242488	12	1	0	0	mzdm		Apache-2.0	2021-06-16T18:58:21.000Z	https://github.com/mzdm/google-language-fonts-flutter
741	animated_card	Package to animate the initialization of any widget, with the possibility of using a custom dismissible.	2.0.0	86.17579463162916	58	15	3	1	davidsdearaujo		MIT	2021-04-16T19:55:32.000Z	https://github.com/davidsdearaujo/animated_card
742	scribble	Scribble is a lightweight library for freehand drawing in Flutter supporting pressure, variable line width and more!	0.9.1	86.1714583062313	107	73	18	9	fyzo-dev	fyzio.de	MIT	2022-12-02T11:21:07.000Z	https://github.com/timcreatedit/scribble
743	tabbed_view	Flutter widget inspired by the classic Desktop-style tab component. Supports customizable themes.	1.15.0	86.16712198083344	59	29	9	5	caduandrade	caduandrade.net	MIT	2022-11-20T14:30:02.000Z	https://github.com/caduandrade/tabbed_view
744	google_sign_in_mocks	Mocks for Google Sign In. Use this package with `firebase_auth_mocks` to write unit tests involving Firebase Authentication.	0.2.1	86.14977667924201	17	6	9	4	atn832	wafrat.com	BSD-2-Clause	2022-08-20T09:17:39.000Z	https://github.com/atn832/google_sign_in_mocks
745	flutter_tagging	A flutter package with tagging or multiselect functionality. Useful for adding Tag or Label Selection Forms.	3.0.0	86.14544035384415	177	149	47	17	sarbagyastha	sarbagyastha.com.np	BSD-3-Clause	2021-10-04T11:12:52.000Z	https://github.com/sarbagyastha/flutter_tagging
746	stream_chat	The official Dart client for Stream Chat, a service for building chat applications.	5.1.0	86.13676770304843	58	655	237	76	GetStream	getstream.io	NOASSERTION	2022-12-16T14:41:48.000Z	https://github.com/GetStream/stream-chat-flutter
747	flutter_custom_cards	Flutter Custom Cards help developers to create beautiful custom cards and 3D cards with flutter.	0.2.1	86.12375872685486	12	2	0	0	pktintali	studentmitra.in	MIT	2021-11-21T05:31:04.000Z	https://github.com/pktintali/flutter_custom_cards
748	humanizer	A library to convert Dart values into human-friendly representations.	2.0.0	86.10641342526343	40	19	2	0	kentcb	kent-boogaart.com	MIT	2022-05-12T08:41:27.000Z	https://github.com/kentcb/humanizer
749	patrol	Simple yet powerful Flutter-native UI testing framework eliminating limitations of flutter_test, integration_test, and flutter_driver.	0.10.4	86.09340444906985	132	250	22	82	leancodepl	leancode.co	Apache-2.0	2022-12-20T00:28:27.000Z	https://github.com/leancodepl/patrol
750	iso_countries	A plugin for fetching ISOCountries data from device OS. Name of countries can be obtained in different languages.	2.1.0	86.08906812367199	14	4	12	2	anoop4real		MIT	2022-01-13T16:19:36.000Z	https://github.com/anoop4real/flutter_iso_countries
751	tabbar	Simple tabbar, rewritten using pagecontroller and facilitating internal PageView manipulation	0.1.1	86.02835956810199	23	7	11	3	davidsdearaujo		MIT	2021-03-26T16:38:37.000Z	https://github.com/davidsdearaujo/tabbar
752	gql_websocket_link	GQL Websocket Link	0.3.4+1	86.01968691730627	8	240	99	56	gql-dart	gql-dart.dev	MIT	2022-12-03T23:04:15.000Z	https://github.com/gql-dart/gql
753	flutter_scale_tap	Scale and opacity animated Button for Flutter	1.0.5	86.01101426651056	24	7	4	3	fedeamura		MIT	2022-09-19T10:17:19.000Z	https://github.com/fedeamura/flutter_scale_tap
754	camcode	A camera barcode scanner for Flutter Web using your favorite Javascript library	3.0.0	86.0066779411127	40	10	9	8	PiotrFLEURY		BSD-3-Clause	2022-07-23T18:21:05.000Z	https://github.com/PiotrFLEURY/camcode
755	japx	Lightweight parser for the JSON:API (http://jsonapi.org/) structure.	2.0.5	85.99366896491912	34	22	11	3	infinum	infinum.com	MIT	2022-11-07T10:04:13.000Z	https://github.com/infinum/flutter-plugins-japx
756	flutter_randomcolor	A flutter package for generating attractive random colors. it can be used for data visualization, generative and lot more.	1.0.14	85.98065998872555	12	7	3	1	DAMMAK	dammak.dev	MIT	2022-07-31T19:36:45.000Z	https://github.com/DAMMAK/RandomColorDart
757	firebase_storage_mocks	Mocks for Firebase Storage. Use this package to write unit tests involving Firebase Storage.	0.6.0+1	85.96765101253197	16	8	19	5	atn832	wafrat.com	BSD-2-Clause	2022-11-29T06:34:12.000Z	https://github.com/atn832/firebase_storage_mocks
758	test_process	Test processes: starting; validating stdout and stderr; checking exit code	2.0.3	85.9546420363384	8	15	11	1	dart-lang	tools.dart.dev	BSD-3-Clause	2022-11-01T15:02:42.000Z	https://github.com/dart-lang/test_process
759	pusher_beams	Official Flutter Plugin for Pusher Beams, receive notifications easily on your Flutter application with Pusher Beams.	1.1.1	85.91561510775769	18	8	11	7	pusher	pusher.com	MIT	2022-09-19T13:11:43.000Z	https://github.com/pusher/push-notifications-flutter
760	zego_uikit_signaling_plugin	ZegoUIKitSignalingPlugin is a low-code plugin collection that provides the signal related function extensions for ZegoUIKit, helps you to integarte features easier and faster.	1.1.0	85.88959715537054	4	1	0	1	ZEGOCLOUD	zegocloud.com	MIT	2022-12-12T07:20:13.000Z	https://github.com/ZEGOCLOUD/zego_uikit_signaling_plugin_flutter
761	flagsmith	Flutter Client SDK for https://www.flagsmith.com/, Flagsmith is 100% Open Source. Host yourself or let us take care of the hosting.	3.0.3	85.86791552838125	15	13	7	3	Flagsmith	flagsmith.com	BSD-3-Clause	2022-11-30T09:14:20.000Z	https://github.com/Flagsmith/flagsmith-flutter-client
762	theme_tailor_annotation	Annotations for the Theme Tailor code-generator. This package does nothing without Theme Tailor.	1.0.3	85.85057022678981	8	33	7	6	Iteo	iteo.com	MIT	2022-12-13T13:45:39.000Z	https://github.com/Iteo/theme_tailor
763	objectbox_sync_flutter_libs	Fast Flutter database for persisting Dart objects. This package contains Flutter runtime libraries for ObjectBox, including ObjectBox Sync.	1.7.0	85.83756125059624	8	720	88	54	objectbox	objectbox.io	Apache-2.0	2022-12-19T15:22:03.000Z	https://github.com/objectbox/objectbox-dart
764	flutter_timeline	a fully customizable & general timeline widget, based on real-world application references	0.3.0	85.82455227440266	124	284	24	6	softmarshmallow	softmarshmallow.com	MIT	2021-11-13T13:31:12.000Z	https://github.com/softmarshmallow/flutter-timeline
765	horizontal_picker	You can select your value on Horizontal Picker while scrolling on items.	1.2.0	85.80287064741339	53	10	6	3	leventkantaroglu	leventkantaroglu.com	BSD-3-Clause	2022-06-27T17:45:26.000Z	https://github.com/leventkantaroglu/horizontal_picker
766	flutter_scroll_shadow	ScrollShadow adds shadows to a scrollable child. Supports ScrollController and vertical or horizontal orientation.	1.0.2	85.79853432201553	9	4	1	0	rickypid	rcprogrammer.net	BSD-3-Clause	2022-01-25T12:39:32.000Z	https://github.com/rickypid/flutter_scroll_shadow
767	drawing_animation	An dart-only library for gradually painting SVG path objects on canvas (drawing line animation).	1.0.1	85.79419799661767	180	440	97	8	biocarl		BSD-2-Clause	2022-10-08T12:14:17.000Z	https://github.com/biocarl/drawing_animation
768	f_datetimerangepicker	Date and Time Range Picker for Flutter using Cupertino. Support pick date range, time range, date and time range.	0.2.0	85.7811890204241	36	20	8	7	longphanmn		Apache-2.0	2021-09-06T08:08:04.000Z	https://github.com/longphanmn/f-datetimerangepicker
769	advance_image_picker	Flutter plugin in pure Dart code for selecting/editing multiple images from the Android/iOS image library and taking new pictures with the camera in the same view.	0.1.7+1	85.72915311564981	102	91	32	15	weta-vn	weta.vn	BSD-3-Clause	2022-10-15T16:04:24.000Z	https://github.com/weta-vn/advance_image_picker
770	algorand_dart	Unofficial community SDK to interact with the Algorand network, for Dart & Flutter	1.0.3	85.71614413945623	32	35	11	3	RootSoft		MIT	2022-12-15T14:02:19.000Z	https://github.com/RootSoft/algorand-dart
771	nfc_in_flutter	Flutter plugin to read and write NFC tags on both Android and iOS. Currently it only supports reading NDEF formatted tags.	2.0.5	85.70313516326266	103	113	108	61	semlette	semler.dev	MIT	2021-05-22T20:19:03.000Z	https://github.com/semlette/nfc_in_flutter
772	interact	A collection of customizable interactive command-line components.	2.1.1	85.69012618706908	42	70	7	5	frencojobs	frenco.dev	MIT	2022-10-05T12:51:01.000Z	https://github.com/frencojobs/interact
773	flutter_number_picker	A new custom Flutter Number Picker plugin by using add and minus buttons.	1.0.4	85.67711721087551	15	2	7	1	phuongtinhbien	phvit.blogspot.com	MIT	2022-07-04T10:29:00.000Z	https://github.com/phuongtinhbien/flutter_number_picker
774	openapi_dart_common	OpenAPI API common libraries so the generator doesn't generate them	4.1.2	85.63809028229478	4	4	5	0	dart-ogurets	bluebiscuitdesign.dev	BSD-2-Clause	2022-07-23T06:32:33.000Z	https://github.com/dart-ogurets/openapi_dart_common
775	open_app_settings	A remaster plugin of app_settings. app_setting use Kotlin and Swift may cause build issue, so this plugin used Java and ObjC.	2.0.1	85.59472702831621	6	3	2	0	mjl0602		MIT	2021-12-30T03:56:28.000Z	https://github.com/mjl0602/open_app_settings
776	card_scanner	Fast, Accurate and Secure Credit & Debit card scanning library for flutter.	0.2.2	85.54702744893977	98	82	66	27	nateshmbhat		GPL-3.0	2021-05-29T23:53:21.000Z	https://github.com/nateshmbhat/card-scanner-flutter
777	msal_flutter	A Microsoft Authentication Library wrapper for Android and iOS	2.0.1	85.5123368457569	18	4	7	4	Muljin	muljin.com	BSD-3-Clause	2022-11-21T09:41:41.000Z	https://github.com/muljin/msal-flutter
778	cached_network_image_builder	A widget to cache your network image check it if it has already stored with downloading it through basic http request, so doesn't need to download it again.	0.2.0	85.49932786956333	17	3	3	1	malibayram91	dershub.com	MIT	2021-09-26T07:43:49.000Z	https://github.com/malibayram91/cached_network_image_builder
779	touchable_opacity	This widget lets you provide a more visual feedback to users when they interact with your app, similar to TouchableOpacity in React Native.	1.2.0	85.47330991717618	13	14	2	1	nkshah2		BSD-2-Clause	2021-03-15T15:18:03.000Z	https://github.com/nkshah2/touchable_opacity
780	youtube_player_flutter_quill	Flutter plugin for playing or streaming inline YouTube videos using the official iFrame player API. This plugin supports both Android and iOS.	8.2.2	85.43861931399333	5	555	562	311	sarbagyastha		BSD-3-Clause	2022-12-12T15:34:31.000Z	https://github.com/sarbagyastha/youtube_player_flutter
781	video_editor_sdk	The official Flutter plugin for VideoEditor SDK. Integrate the video editor into your own iOS or Android app - in minutes!	2.7.1	85.43428298859547	28	15	25	1	imgly	img.ly	NOASSERTION	2022-11-01T15:43:33.000Z	https://github.com/imgly/vesdk-flutter
782	flutter_advanced_calendar	An advanced calendar provides a rich API for widget customization that opens a new look and feel in your app.	1.3.0	85.42561033779975	36	13	12	2	alex-melnyk	alexmelnyk.io	BSD-3-Clause	2022-10-17T13:53:03.000Z	https://github.com/alex-melnyk/flutter_advanced_calendar
783	envied_generator	Generator for the Envied package. See https://pub.dev/packages/envied.	0.3.0	85.41260136160618	5	30	15	3	petercinibulk		MIT	2022-11-28T17:56:33.000Z	https://github.com/petercinibulk/envied
784	flutter_animated_icons	Collection of 2400+ animations for your icons and buttons. They are implemented by Lottie animation. Effective icon animation tells a clear story amplifying the intended UX.	1.0.1	85.37357443302545	118	8	2	1	iconforest	iconforest.flutterplay.com	MIT	2022-07-24T16:14:57.000Z	https://github.com/iconforest/flutter_animated_icons
785	flrx_validator	A powerful, extensible validator package to get validation messages based on a list of rules.	0.6.0	85.3692381076276	4	12	0	14	flrx		MIT	2022-12-11T01:39:56.000Z	https://github.com/flrx/validator
786	flutter_hls_parser	dart plugin for parse m3u8 file for HLS. both of master and media file is supported.	2.0.0	85.3475564806383	19	12	3	1	HiroyukiTamura		Apache-2.0	2022-10-25T10:50:40.000Z	https://github.com/HiroyukTamura/flutter_hls_parser
787	melos	A tool for managing Dart & Flutter repositories with multiple packages (monorepo). Supports automated versioning via Conventional Commits. Inspired by JavaScripts Lerna package.	2.9.0	85.33454750444474	299	711	126	48	invertase	invertase.io	Apache-2.0	2022-12-19T12:28:43.000Z	https://github.com/invertase/melos/tree/main/packages/melos
788	flutter_translate_annotations	Defines the annotations used by flutter_translate_gen to create statically-typed localization keys.	2.1.0	85.33021117904688	2	6	7	0	Jesway	jesway.com	NOASSERTION	2021-12-11T11:54:21.000Z	https://github.com/bratan/flutter_translate_annotations
789	rate_limiter	A pure dart package to apply useful rate limiting strategies on regular functions.	1.0.0	85.32153852825117	37	24	4	0	GetStream	getstream.io	MIT	2022-12-14T13:07:39.000Z	https://github.com/GetStream/rate_limiter
790	squadron	Multithreading and worker thread pool for Dart / Flutter, to offload CPU-bound and heavy I/O tasks to Isolate or Web Worker threads.	4.3.3	85.31720220285331	43	28	0	0	d-markey		MIT	2022-11-30T23:45:23.000Z	https://github.com/d-markey/squadron
791	flutter_map_dragmarker	Dragmarker class for flutter_map	4.1.2	85.24348467108972	10	40	26	8	ibrierley		BSD-3-Clause	2022-11-10T14:49:13.000Z	https://github.com/ibrierley/flutter_map_dragmarker
792	simple_icons	The Simple Icon pack available as Flutter Icons. Provides over 1500 Free SVG icons for popular brands.	7.10.0	85.23914834569186	65	18	1	3	jlnrrg	teavelopment.com	CC0-1.0	2022-12-12T04:02:35.000Z	https://github.com/jlnrrg/simple_icons
793	polyline_do	Polyline encoding algorithm for encoding and decoding a list of coordinates	0.1.0	85.21746671870257	21	4	0	1	Klerith	fernando-herrera.com	NOASSERTION	2021-08-31T23:29:39.000Z	https://github.com/Klerith/dart_polyline_do
794	system_info_plus	A flutter plugin to get device (system) info including Random access memory (RAM).	0.0.5	85.20445774250899	8	2	0	0	SebghatYusuf		BSD-3-Clause	2022-05-05T13:44:36.000Z	https://github.com/SebghatYusuf/system_info_plus
795	permission_handler_web	My implementation of web part for permission_handler	0.0.2	85.16976713932614	1	0	0	0	johnwcchau		MIT	2022-07-11T04:57:08.000Z	https://github.com/johnwcchau/permission_handler_web
796	in_date_utils	Utils for DateTime. Easily modify, check and copy dates. Get numbers of days in year/month. And many more.	1.1.0	85.09604960756255	16	3	0	0	Innim	innim.ru	BSD-3-Clause	2022-06-15T17:42:48.000Z	https://github.com/Innim/in_date_utils
797	twitter_api_v2	The most famous and powerful Dart/Flutter library for Twitter API v2.0.	4.7.0	85.08737695676683	50	137	25	7	twitter-dart	shinyakato.dev	BSD-3-Clause	2022-12-12T00:57:33.000Z	https://github.com/twitter-dart/twitter-api-v2
798	tim_ui_kit	UI components library and basic chat business logic for Tencent Cloud Chat service, helping you build In-APP Chat module easily.	1.0.1	85.08304063136897	15	19	4	0	TencentCloud	comm.qq.com	Apache-2.0	2022-12-07T09:13:26.000Z	https://github.com/TencentCloud/tc-chat-uikit-flutter
799	flex_seed_scheme	A more flexible version of Flutter's ColorScheme.fromSeed, use multiple seed colors, custom chroma and tone mapping.	1.1.0	85.07870430597112	21	9	0	0	rydmike	rydmike.com	NOASSERTION	2022-11-19T20:22:54.000Z	https://github.com/rydmike/flex_seed_scheme
800	redux_saga	redux_saga is a library that aims to make application side effects easier to manage, more efficient to execute, easy to test, and better at handling failures.	3.0.6	85.07436798057326	29	34	6	0	reduxsaga		MIT	2022-01-04T14:27:12.000Z	https://github.com/reduxsaga/redux_saga
801	animated_icon	This package support a animated icon with some customization like color, animate, hover, callback.	0.0.4	85.06569532977754	32	11	5	0	Mindinventory	mindinventory.com	MIT	2022-08-03T08:47:53.000Z	https://github.com/Mindinventory/animated_icons
802	mad_pay	Mad Pay will help you make payments through Apple Pay and Google Pay	2.2.14	85.05702267898184	58	23	13	1	MadBrains	madbrains.ru	MIT	2022-11-25T09:39:47.000Z	https://github.com/MadBrains/Mad-Pay-Flutter
803	flutter_joystick	A virtual joystick for Flutter applications. Highly flexible and customizable.	0.0.2	85.04835002818612	24	9	4	2	pavelzaichyk	rebeloid.com	MIT	2022-01-22T11:41:49.000Z	https://github.com/pavelzaichyk/flutter_joystick
804	nyxx_commander	Nyxx Commander Module. Discord library for Dart. Simple, robust framework for creating discord bots for Dart language.	3.0.0	85.0396773773904	5	264	40	4	nyxx-discord	l7ssha.xyz	Apache-2.0	2022-12-12T17:07:06.000Z	https://github.com/nyxx-discord/nyxx
805	livechatt	A livechat package for embedding mobile chat window in your mobile application.	1.4.0	85.02666840119683	28	8	10	8	Mastersam07	mastersam.tech	MIT	2021-12-12T01:56:21.000Z	https://github.com/Mastersam07/livechat
806	screen_recorder	Record your Flutter widgets and export the recordings as a GIF	0.2.0	85.01365942500325	76	28	11	4	ueman	uekoetter.dev	MIT	2022-11-29T15:24:14.000Z	https://github.com/ueman/screenrecorder
807	data_connection_checker_nulls	A pure Dart library that checks for internet by opening a socket to a list of specified addresses, each with individual port and timeout. Defaults are provided for convenience.	0.0.2	85.0093230996054	5	0	0	0	AntiDesert5		NOASSERTION	2022-03-04T19:47:53.000Z	https://github.com/AntiDesert5/data_connection_checker
808	alfred	A performant, expressjs like web server / rest api framework thats easy to use and has all the bits in one place.	1.0.0+1	84.96595984562681	283	448	23	9	rknell		NOASSERTION	2022-12-05T11:26:39.000Z	https://github.com/rknell/alfred
809	map_pin_picker	A Flutter package for creating pin in map center and animate it with map movement so the user can select his location  .	0.0.1	84.94427821863752	36	0	5	1	pharous-flutter	pharous.com	MIT	2021-01-31T20:25:58.000Z	https://github.com/pharous-flutter/map_pin_picker
810	odoo_rpc	Odoo RPC Client library for Dart with session changes tracking via steam.	0.5.1	84.88790598846538	31	24	20	5	ERP-Ukraine	erp.co.ua	MIT	2022-10-14T09:02:42.000Z	https://github.com/ERP-Ukraine/odoo-rpc-dart
811	qiscus_chat_sdk	The Scalable In-App Chat SDK for Mobile & Web	2.0.1	84.8748970122718	6	11	6	1	qiscus		Apache-2.0	2022-11-16T08:34:53.000Z	https://github.com/qiscus/qiscus-chat-sdk-flutter
812	dart_jts	An ongoing effort to port the Java Topology Suite to the dart programming language and make it available to its mobile, dektop and web environments.	0.2.1+1	84.87056068687394	17	18	12	5	moovida	hydrologis.com	NOASSERTION	2022-08-08T22:51:21.000Z	https://github.com/moovida/dart_jts
813	flutter_to_airplay	Flutter plugin that offers two widgets, one to play a video for given url or file path using native AVPlayer and second with an option to airplay it on available Apple devices.	2.0.2	84.83587008369108	19	19	11	8	MrJai		MIT	2022-02-25T11:46:16.000Z	https://github.com/MrJai/flutter_to_airplay
814	flutter_dialpad	A phone dialer widget that can be added to any Flutter Application to enable ability to dial a number. This could be combined with a voip application to enable placing calls.	1.0.4	84.80117948050821	21	25	22	3	eopeter	eopeter.com	BSD-3-Clause	2022-02-21T14:57:37.000Z	https://github.com/eopeter/flutter_dialpad
815	flutter_spinning_wheel	A customizable widget to use as a spinning wheel in Flutter.	1.1.0	84.79684315511035	84	110	59	12	davidanaya		MIT	2021-12-27T17:42:15.000Z	https://github.com/davidanaya/flutter-spinning-wheel
816	hive_listener	A tiny widget to listen hive box changes, using the ValueListenableBuilder with removing unnecessary parts of it, like context and child widget of it.	1.2.1	84.75781622652964	17	7	2	1	malibayram91	dershub.com	MIT	2021-06-21T12:33:17.000Z	https://github.com/malibayram91/hive_listener
817	fl_toast	A simple yet powerful Toast Library for Flutter. Works in all the platforms	3.1.0	84.75347990113178	25	12	2	1	bdlukaa	bdlukaa.dev	BSD-3-Clause	2022-07-13T15:35:57.000Z	https://github.com/bdlukaa/fl_toast
818	compute	Flutter's compute function made available for all non-Flutter Dart programs	1.0.2	84.74047092493821	12	6	0	1	dartsidedev	dartside.dev	BSD-3-Clause	2022-08-14T13:21:31.000Z	https://github.com/dartsidedev/compute
819	flutter_flurry_sdk	A Flutter plugin for Flurry Analytics SDK. Flurry Push for messaging and Flurry Config for remote configuration are supported by our plugin as well!	3.0.0	84.7101166471532	18	5	1	1	flurry		Apache-2.0	2022-10-28T20:14:24.000Z	https://github.com/flurry/flutter-flurry-sdk
820	hooked_bloc	Flutter package that simplifies injection and usage of Bloc/Cubit.	1.3.0	84.70144399635748	52	43	1	0	Iteo	iteo.com	MIT	2022-12-13T10:48:35.000Z	https://github.com/Iteo/hooked_bloc
821	flutter_assurance	Official Adobe Experience Platform support for Flutter apps. Assurance is a new, innovative product from Adobe to help you easily validate SDK implementations.	2.0.1	84.69277134556177	3	3	6	0	adobe	adobe.com	Apache-2.0	2022-01-15T01:54:27.000Z	https://github.com/adobe/flutter_assurance
822	spannable_grid	Custom grid widget that allows it's cells to span columns and rows and supports editing.	0.3.0	84.68843502016391	56	17	7	3	echedev	eche.dev	MIT	2022-02-21T13:54:50.000Z	https://github.com/ech89899/spannablegrid-flutter
823	scaled_list	A Horizontal List view With Lots of modification including a scaled current item and curved custom painting.	2.0.0	84.65374441698104	97	35	6	1	hosain-mohamed		MIT	2022-06-07T23:24:50.000Z	https://github.com/hosain-mohamed/scaled_list
824	quick_usb	A cross-platform (Android/Windows/macOS/Linux) USB plugin for Flutter	0.4.0	84.64940809158318	58	39	27	5	woodemi	woodemi.com	BSD-3-Clause	2022-06-20T00:07:55.000Z	https://github.com/woodemi/quick.flutter/tree/master/packages/quick_usb
825	pdftron_flutter	A convenience wrapper to build Flutter apps that use the PDFTron mobile SDK for smooth, flexible, and stand-alone document viewing.	1.0.1-4	84.64507176618532	31	154	31	8	PDFTron	pdftron.com	NOASSERTION	2022-12-16T18:15:19.000Z	https://github.com/PDFTron/pdftron-flutter
826	auth	Authorization Library Package to log into Google, Facebook, or by Username and Password.	8.2.0	84.6277264645939	48	46	13	3	AndriousSolutions	andrioussolutions.com	NOASSERTION	2022-12-14T19:49:06.000Z	https://github.com/AndriousSolutions/auth
827	native_video_view	A video player widget displayed using the platform native player (VideoView in Android and AVPlayer in iOS).	1.0.5	84.58869953601318	40	28	26	14	LJaraCastillo		MIT	2022-02-23T13:22:29.000Z	https://github.com/LJaraCastillo/native_video_view
828	animated_login	Animated Login for Flutter. You can welcome your users with this beautiful animated screen that gives functionality for both login and sign up.	1.5.5	84.55834525822817	107	90	22	2	bahricanyesil		MIT	2022-10-19T19:48:27.000Z	https://github.com/bahricanyesil/flutter-animated-login
829	talker	Advanced and simple error handler and logger for dart and flutter apps with history, sharing, customization, etc.	2.1.0+1	84.5453362820346	87	100	7	5	Frezyx	frezycode.com	MIT	2022-12-19T06:39:01.000Z	https://github.com/Frezyx/talker
830	babylonjs_viewer	3D Model Rendering with BabylonJS Viewer	1.1.4	84.5236546550453	39	18	4	6	MarlonJD	radlof.com	MIT	2022-07-29T08:48:40.000Z	https://github.com/MarlonJD/babylonjs_viewer
831	flutter_3d_choice_chip	Simple 3D choice chip for Flutter with customizable color themes and sizing.	0.1.4	84.51064567885173	13	2	0	0	matwright	matwright.dev	MIT	2021-09-20T15:57:03.000Z	https://github.com/matwright/flutter_3d_choice_chip
832	dropdown_search2	Simple and robust Searchable Dropdown with item search feature, making it possible to use an offline item list or filtering URL for easy customization.	1.0.2	84.4846277264646	4	0	1	0	artflutter		MIT	2022-03-06T19:29:49.000Z	https://github.com/artflutter/searchable_dropdown
833	modern_form_esys_flutter_share	A Flutter plugin for sharing images & text with other applications.	1.1.2	84.47595507566888	6	0	2	2	apps-auth	appsauth.com	Apache-2.0	2022-01-23T17:07:20.000Z	https://github.com/apps-auth/modern_form_esys_flutter_share
834	saf	Flutter plugin that leverages Storage Access Framework (SAF) API to get access and perform the operations on files and folders.	1.0.3+4	84.47161875027102	29	8	6	10	ivehement	ivehement.com	MIT	2022-11-11T12:39:07.000Z	https://github.com/ivehement/saf
835	image_compare	Dart package for image comparison. Compare images for difference using a variety of algorithms.	1.1.2	84.4629460994753	32	17	1	3	nitinramadoss		BSD-3-Clause	2022-05-09T12:38:16.000Z	https://github.com/nitinramadoss/image_compare
836	day	A date library Day.js in dart. Day.dart is inspired by Day.js. Write with nearly the same API. Build on the top of the powerful DateTime class.	0.8.0	84.42391917089458	18	60	3	0	dayjs		MIT	2022-02-04T03:55:29.000Z	https://github.com/dayjs/day.dart
837	pinch_zoom_release_unzoom	A Widget to let you have a pinch to zoom that returns to the old size after the pinch has ended. Is very similar to the way you can zoom pictures on instagram	0.0.10	84.39790121850743	20	7	1	0	ivofernandes	incaview.com	Apache-2.0	2022-09-29T22:47:27.000Z	https://github.com/ivofernandes/pinch_zoom_release_unzoom
838	airship_flutter	Cross-platform plugin interface for the native Airship iOS and Android SDKs. Simplifies adding Airship to Flutter apps.	6.2.1	84.36754694072242	9	17	11	7	urbanairship	airship.com	NOASSERTION	2022-12-14T10:10:29.000Z	https://github.com/urbanairship/airship-flutter
839	overlay_tutorial	A Flutter package for displaying overlay tutorial by cutting a hole on widget. It allows also to add hint aside the hole.	3.0.0	84.35887428992672	56	9	8	0	TabooSun	tech-creator.com	BSD-3-Clause	2022-05-12T14:42:44.000Z	https://github.com/TabooSun/overlay_tutorial
840	nice_buttons	A beautiful, animated, and customizable 3D button for your flutter project with a built-in progress indicator and nice on press animations.	0.0.2	84.32852001214171	39	3	1	0	voonic	encerge.com	MIT	2021-08-05T15:58:04.000Z	https://github.com/voonic/nice_buttons
841	sticky_infinite_list	Infinite list with sticky headers that can be rendered any direction. Supports header positioning.Can be customized or with config options or with override.	4.0.1	84.30250205975457	91	291	25	2	TatsuUkraine		BSD-2-Clause	2021-04-18T21:25:02.000Z	https://github.com/TatsuUkraine/flutter_sticky_infinite_list
842	photo_editor_sdk	The official Flutter plugin for PhotoEditor SDK. Integrate the photo editor into your own iOS or Android app - in minutes!	2.7.1	84.28082043276528	59	17	11	0	imgly	img.ly	NOASSERTION	2022-10-19T12:56:35.000Z	https://github.com/imgly/pesdk-flutter
843	postgrest	PostgREST client for Dart. This library provides an ORM interface to PostgREST.	1.2.1	84.25480248037813	73	126	31	0	supabase	supabase.io	MIT	2022-11-29T04:26:37.000Z	https://github.com/supabase/postgrest-dart
844	mask	This project is for you to be able to make validations and formatting in a simple and easy way in your projects	1.0.4	84.2374571787867	19	3	0	0	welitonsousa		MIT	2022-10-23T14:38:59.000Z	https://github.com/welitonsousa/mask
845	dashboard	Dynamic dashboard widget that allows your users to create their own layouts. Rezise, move, indirect resize/move, auto re-layout are supported.	0.0.2+5	84.22444820259312	73	33	9	5	Mehmetyaz	styledart.dev	Apache-2.0	2022-11-24T21:42:51.000Z	https://github.com/Mehmetyaz/dashboard
846	derry	A script manager to help you define script shortcuts and use them effortlessly, and performantly.	1.4.3	84.19843025020597	157	161	18	10	frencojobs	frenco.dev	MIT	2022-10-31T19:59:18.000Z	https://github.com/frencojobs/derry
847	circular_clip_route	A page route, which reveals its page by expanding a circular clip from an anchor widget.	0.2.0+3	84.18542127401241	103	26	2	0	blaugold	gabriel.terwesten.net	MIT	2022-06-12T23:31:48.000Z	https://github.com/blaugold/circular_clip_route
848	breakpoint	A Flutter plugin to calculate the material design breakpoints.	1.2.0	84.16373964702312	75	106	9	2	fluttercommunity	fluttercommunity.dev	MIT	2022-02-16T01:30:26.000Z	https://github.com/fluttercommunity/breakpoint
849	flutter_native_screenshot	A Flutter plugin to take screenshot on Android & iOS with natively code.	1.1.2	84.10736741685096	6	4	2	0	nusanet	nusa.net.id	MIT	2021-12-31T03:16:51.000Z	https://github.com/nusanet/flutter-native-screenshot
850	bazel_worker	Protocol and utilities to implement or invoke persistent bazel workers.	1.0.2	84.09869476605525	2	19	16	0	dart-lang	tools.dart.dev	BSD-3-Clause	2022-11-10T17:43:12.000Z	https://github.com/dart-lang/bazel_worker
851	gradient_progress_indicator	This package shows a circular progress indicator with gradient colors, and it is possible insert texts inside that.	1.0.0+5	84.08134946446381	13	2	3	0	otonielduarte		MIT	2021-07-12T14:48:42.000Z	https://github.com/otonielduarte/gradient-progress-indicator
852	windows_taskbar	Flutter plugin serving utilities related to Windows taskbar.	1.1.1	84.06834048827024	61	107	8	0	alexmercerind		MIT	2022-12-03T18:10:57.000Z	https://github.com/alexmercerind/windows_taskbar
853	flutter_login_vk	Login via VK.com. Easily add VK login feature in your application. User profile information included.	2.2.1+1	84.05966783747452	43	16	13	10	Innim	innim.ru	BSD-3-Clause	2022-11-28T15:30:51.000Z	https://github.com/Innim/flutter_login_vk
854	walletconnect_secure_storage	Securely store WalletConnect sessions in your Flutter applications using walletconnect_dart.	1.0.0	84.04665886128096	9	3	3	3	RootSoft		MIT	2022-11-16T16:43:15.000Z	https://github.com/RootSoft/walletconnect-secure-storage
855	push_notification	Library for implementing push notifications. The module contains the main work with push notifications.	1.1.1	84.0423225358831	51	19	3	2	surfstudio	surf.ru	Apache-2.0	2022-05-18T14:20:57.000Z	https://github.com/surfstudio/flutter-push-notification
856	orm	◭ Next-generation ORM for Dart & Flutter | PostgreSQL, MySQL, MariaDB, SQL Server, SQLite, MongoDB and CockroachDB.	2.4.6	84.02931355968953	57	149	4	22	odroe	odroe.com	BSD-3-Clause	2022-12-19T04:29:30.000Z	https://github.com/odroe/prisma-dart
857	flutter_circular_slider	A customizable widget to select intervals in a circular line.	2.5.0	83.99462295650666	73	193	65	20	davidanaya		MIT	2021-05-04T09:36:24.000Z	https://github.com/davidanaya/flutter-circular-slider
858	talker_flutter	Flutter extensions for talker. Advanced and simple error handler and logger for dart and flutter apps with history, sharing, customization, etc.	2.1.1	83.97727765491523	43	100	7	5	Frezyx	frezycode.com	MIT	2022-12-19T06:39:01.000Z	https://github.com/Frezyx/talker
859	typesense	Dart client library for accessing the HTTP API of Typesense search engine.	0.2.0	83.97294132951737	28	39	9	7	typesense		Apache-2.0	2022-12-19T06:35:15.000Z	https://github.com/typesense/typesense-dart
860	dialogflow_grpc	Flutter package for Dialogflow CX, V2 and V2beta using gRPC. A faster integration with the Dialogflow API and also the possibility to do audio streaming.	0.2.9	83.92957807553879	31	4	6	5	savelee	leeboonstra.dev	Apache-2.0	2021-07-15T09:55:47.000Z	https://github.com/savelee/dialogflow_grpc_flutter
861	swiping_card_deck	A widget for swiping through a deck of cards with gestures or buttons.	1.2.0	83.90789644854951	33	8	9	6	jushutch		BSD-3-Clause	2022-11-24T14:58:40.000Z	https://github.com/jushutch/swiping_card_deck
862	shelf_hotreload	Wrapper to easily enable hot-reload for shelf applications.	1.3.0	83.90356012315165	35	25	3	0	felixblaschke	felix-blaschke.de	MIT	2022-06-13T18:09:16.000Z	https://github.com/felixblaschke/shelf_hotreload
863	cbl	Couchbase Lite is an embedded, NoSQL JSON Document Style database, supporting Blobs, Encryption, N1QL Queries, Live Queries, Full-Text Search and Data Sync.	2.1.3	83.89922379775379	45	72	10	29	cbl-dart	gabriel.terwesten.net	Apache-2.0	2022-12-19T21:36:59.000Z	https://github.com/cbl-dart/cbl-dart
864	cli_script	Write scripts that call subprocesses with the ease of shell scripting and the power of Dart.	0.3.0	83.88621482156022	8	19	7	0	google	sass-lang.com	Apache-2.0	2022-12-19T22:01:25.000Z	https://github.com/google/dart_cli_script
865	splash_view	A splash view is the first screen the user sees when the application is launched.	2.0.1	83.88187849616236	26	3	1	0	chouhan-rahul	rahulchouhan.me	MIT	2022-09-30T05:13:27.000Z	https://github.com/chouhan-rahul/splash_view
866	icon	An extended Icon "too" for those that are not actually square, plus shadows support + neat Icon extension operators.	2.2.1	83.84285156758163	12	0	2	1	Zabadam	zaba.app	BSD-3-Clause	2021-08-04T23:01:04.000Z	https://github.com/Zabadam/icon
867	network_tools	Networking Tools library which can help you discover open ports, devices on subnet and many other things.	3.0.0+3	83.8255062659902	20	28	7	8	osociety	fsoc13ty.blogspot.com	BSD-3-Clause	2022-11-28T15:25:37.000Z	https://github.com/osociety/network_tools/tree/main/network_tools
868	flutter_floating_bottom_bar	A flutter package that allows showing a floating widget that can be used as a tab bar, bottom navigation bar, etc. The widget reacts to scrolling events too.	1.1.0	83.81683361519448	91	9	4	1	codenameakshay	hashstudios.dev	MIT	2022-08-09T05:58:36.000Z	https://github.com/codenameakshay/flutter-floating-bottom-bar
869	i18next	A localization formatter based on the i18next standard. It is not yet a fully i18n tool only the formatting itself.	0.6.1	83.80816096439877	9	3	2	1	williamhjcho		Apache-2.0	2022-11-17T12:05:26.000Z	https://github.com/williamhjcho/i18next
870	qonversion_flutter	Flutter plugin to implement in-app subscriptions and purchases. Validate user receipts and manage cross-platform access to paid content on your app. Android & iOS.	5.0.0	83.80382463900091	31	82	17	1	qonversion	qonversion.io	MIT	2022-12-14T08:29:13.000Z	https://github.com/qonversion/flutter-sdk
871	scrollable_list_tab_scroller	Customizable Flutter widget which synchronize a scrollable grouped items list with tabs	1.1.0	83.78214301201162	30	3	1	0	railson-ferreira	railson.dev	MIT	2022-11-10T03:04:06.000Z	https://github.com/railson-ferreira/scrollable_list_tab_scroller
872	stash	Stash is a key-value store abstraction with plain and cache driven semantics  and support for a pluggable backend architecture.	4.4.1	83.76913403581806	120	72	10	0	ivoleitao	ivoleitao.dev	MIT	2022-12-05T23:19:18.000Z	https://github.com/ivoleitao/stash
873	fast_cached_network_image	A flutter package to cache network image fastly without any native dependencies.You can add beautiful loaders, percentade indicators and error builder.	1.0.1	83.74745240882876	41	3	2	5	CHRISTOPANANJICKAL		MIT	2022-10-14T11:43:03.000Z	https://github.com/CHRISTOPANANJICKAL/fast_cached_network_image
874	videos_player	A flutter package to display list of video with help of chewie and video player	0.1.3	83.71709813104376	50	24	6	1	danyalxahid		BSD-3-Clause	2021-03-04T08:58:17.000Z	https://github.com/danyalxahid/FlutterVideosPlayer
875	flutter_broadcasts	A plugin for sending and receiving broadcasts with Android intents and iOS notifications.	0.3.0	83.68240752786089	11	5	3	1	kevlatus	kevlatus.de	MIT	2022-10-02T21:36:14.000Z	https://github.com/kevlatus/flutter_broadcasts
876	bs58	Dart package to compute base 58 encoding. This encoding is typically used for crypto currencies such as Bitcoin.	1.0.2	83.67807120246303	6	1	1	0	litaoh		MIT	2021-11-17T01:16:52.000Z	https://github.com/litaoh/base58
877	lehttp_overrides	A Flutter package to resolve Let's Encrypt SSL certificate problems with Android 7.1.1 and below	1.0.2	83.6607259008716	18	8	2	0	netfarm		MIT	2021-10-22T16:42:54.000Z	https://github.com/netfarm/lehttp_overrides
878	flutter_advanced_avatar	An advanced avatar provides a rich API for widget customization that opens a new look and feel in your app.	1.1.0	83.63904427388232	63	9	2	1	alex-melnyk	alexmelnyk.io	BSD-3-Clause	2022-04-14T20:06:42.000Z	https://github.com/alex-melnyk/flutter_advanced_avatar
879	fast_csv	Classic non-configurable CSV parser suitable for most use cases. Pretty fast parsing.	0.1.44	83.6000173453016	10	3	0	0	mezoni		BSD-3-Clause	2022-06-04T13:45:44.000Z	https://github.com/mezoni/csv_parser
880	page_flip_builder	A custom Flutter widget that enables interactive page-flip transitions in your app.	0.1.3	83.59568101990374	70	35	6	1	bizz84		MIT	2021-04-28T08:03:13.000Z	https://github.com/bizz84/page_flip_builder
881	word_break_text	A Flutter Text widget support word break for CJK. Based on Wrap with Text widget	0.1.0	83.56966306751659	13	5	2	0	ChangJoo-Park		MIT	2022-08-12T07:30:01.000Z	https://github.com/ChangJoo-Park/word_break_text
882	fl_downloader	A plugin to download files using the native capabilities. URLSession on iOS and DownloadManager on Android	1.1.1	83.50895451194657	10	2	5	2	inceptusp	inceptusp.dev	BSD-3-Clause	2022-12-01T20:51:41.000Z	https://github.com/inceptusp/fl_downloader
883	kotlin_flavor	An utility package for providing static extension methods familiar in Kotlin.	0.2.0	83.49594553575301	22	27	0	0	YusukeIwaki	dartpkg.yusuke-iwaki.com	MIT	2021-04-01T11:38:43.000Z	https://github.com/YusukeIwaki/dart-kotlin_flavor
884	time_formatter	Format UNIX timestamps into human-readable strings in Dart; inspired by YouTube's time formatting habits.	1.0.0+5	83.47426390876372	38	9	11	5	tpscrpt		GPL-2.0	2021-05-11T11:25:47.000Z	https://github.com/jeremigendron/time_formatter
885	introduction_slider	Introduction/Onboarding slider package for flutter application with several features.	2.0.1	83.46125493257014	54	6	6	2	chouhan-rahul	rahulchouhan.me	MIT	2022-12-07T12:57:27.000Z	https://github.com/chouhan-rahul/introduction_slider
886	advstory	An advanced, complete story viewer. Has support for images, videos, custom widget contents, gestures, interceptors, listeners, manipulators and much more.	0.2.1	83.45691860717228	45	21	12	8	ertgrulll	sourcekod.com	MIT	2022-08-16T21:47:35.000Z	https://github.com/ertgrulll/advstory
887	sms_user_consent	Request user's phone number (supports dual sim) and/or consent to read SMS without adding any permissions	0.1.0	83.44390963097871	79	8	16	5	pharshdev		MIT	2022-11-28T17:15:52.000Z	https://github.com/pharshdev/sms_user_consent
888	cbl_flutter	Flutter Plugin for Couchbase Lite, an embedded, NoSQL JSON Document Style database, supporting Blobs, Encryption, N1QL Queries, Live Queries, Full-Text Search and Data Sync.	2.0.2	83.41789167859156	27	72	10	29	cbl-dart	gabriel.terwesten.net	Apache-2.0	2022-12-19T21:36:59.000Z	https://github.com/cbl-dart/cbl-dart
889	colours	An extended version of Flutter Colors with more swatches and more flexibility to generate your own custom swatch.	0.0.2	83.39621005160227	20	4	3	0	salkuadrat		BSD-2-Clause	2021-05-19T14:26:53.000Z	https://github.com/salkuadrat/colours
890	queen_validators	collection of validation methods and rules for flutter form with ZERO extra widgets	1.0.1	83.37452842461298	67	21	9	3	FlutterQueen		MIT	2022-08-31T19:10:05.000Z	https://github.com/FlutterQueen/validators
891	ngdart	Fast and productive web framework by Google. Separate, but similar to the JavaScript framework with a similar name.	7.1.1	83.36151944841941	16	40	5	5	angulardart-community	angulardart.xyz	MIT	2022-12-03T19:31:43.000Z	https://github.com/angulardart-community/angular
892	circle_flags	A collection of roundd flags	1.0.3	83.3528467976237	13	5	7	0	cedvdb		MIT	2022-12-07T01:51:31.000Z	https://github.com/cedvdb/flutter_circle_flags
893	dynamic_cached_fonts	A font loader to download, cache and load web fonts in flutter with support for Firebase Cloud Storage.	1.0.0	83.3311651706344	19	16	7	7	sidrao2006	sidrao2006.ml	BSD-3-Clause	2022-12-19T03:09:09.000Z	https://github.com/sidrao2006/dynamic_cached_fonts
894	window_to_front	To have the application automatically bring itself to the front of the stack of application windows for Mac, Linux & Desktop.	0.0.3	83.32682884523655	9	1	0	0	sumitvekariya	devmonk.io	MIT	2021-05-07T04:06:30.000Z	https://github.com/sumitvekariya/window_to_front
895	collision	Collision Detection and 2D geometry library for Dart and/or Flutter.	0.0.3	83.32249251983869	1	1	2	0	xclud		MIT	2021-05-22T15:59:53.000Z	https://github.com/xclud/dart_collision
896	circle_checkbox	Make Material CheckBox Circle	0.0.2+1	83.31815619444083	0	3	1	1	redevRx		MIT	2021-05-28T09:05:10.000Z	https://github.com/redevRx/CircleCheckBox
897	wp_json_api	WordPress and WooCommerce JSON API for Flutter Mobile. API allows you to login, register new users, get users info and more.	3.2.0	83.31381986904297	31	23	9	0	woosignal	woosignal.com	BSD-2-Clause	2022-09-01T05:50:32.000Z	https://github.com/woosignal/wp-json-api-flutter
898	charset	Multiple charset Encoding and Decoding Library.	1.1.0	83.28780191665582	11	9	0	0	shirne	shirne.com	Apache-2.0	2022-09-24T03:14:03.000Z	https://github.com/shirne/charset-dart
899	page_animation_transition	Using this package, you can add beautiful page transitions to your application.	0.0.9	83.2791292658601	15	2	0	1	aayushkedawat		GPL-3.0	2022-04-19T15:33:23.000Z	https://github.com/aayushkedawat/page_animation_transition
900	flutter_bugfender	Flutter plugin to enable Bugfender reporting (iOS, Android and web support).	2.1.0	83.2487749880751	12	8	12	1	bugfender	bugfender.com	BSD-3-Clause	2022-06-13T08:37:07.000Z	https://github.com/bugfender/BugfenderSDK-Flutter
901	flutter_custom_carousel_slider	A carousel slider widget,support custom decoration suitable for news and blog.	1.2.0	83.24010233727938	16	39	0	0	coskuncay	justec.dev	MIT	2022-04-05T07:53:39.000Z	https://github.com/coskuncay/flutter_custom_carousel_slider
902	safe_change_notifier	A safe drop-in replacement for Flutter's ChangeNotifier, that makesnotifyListeners() a no-op, rather than an error, after its disposal.	0.2.0	83.2184207102901	2	7	2	1	ubuntu-flutter-community		MIT	2022-12-17T06:56:18.000Z	https://github.com/ubuntu-flutter-community/safe_change_notifier
903	nylo_framework	Micro-framework for Flutter that's built to simplify app development for Flutter projects.	3.4.0	83.20541173409653	42	24	5	1	nylo-core	nylo.dev	MIT	2022-12-08T20:08:25.000Z	https://github.com/nylo-core/framework
904	flutter_cashfree_pg_sdk	This is a new integration provided by Cashfree. If you are integrating with Cashfree PG for the first time, we recommend that you use this integration.	2.0.1+4	83.19673908330081	4	1	2	0	cashfree	cashfree.com	MIT	2022-12-17T05:05:20.000Z	https://github.com/cashfree/flutter-cashfree-pg-sdk
905	swipe_refresh	Set of widgets provides make refresh by using pull down gesture.	1.0.2	83.17939378170938	56	10	0	5	surfstudio	surf.ru	Apache-2.0	2022-08-15T12:52:16.000Z	https://github.com/surfstudio/flutter-swipe-refresh
906	posthog_flutter	Flutter implementation of Posthog client for iOS, Android and Web	2.0.3	83.14903950392437	7	20	12	9	PostHog		MIT	2022-11-03T17:26:45.000Z	https://github.com/posthog/posthog-flutter
907	stash_memory	Memory storage extension for the stash API. Provides support to store vaults  and caches in-memory	4.4.1	83.08833094835435	4	72	10	0	ivoleitao	ivoleitao.dev	MIT	2022-12-05T23:19:18.000Z	https://github.com/ivoleitao/stash
908	simple_grouped_listview	A package to display a grouped list of items. Provide a List, a grouper, and let it display it as a ListView, a GridView or anything else. Grouped by headers.	2.0.0	83.06664932136508	9	3	1	0	quentin7b	quentin.klein.onl	MIT	2022-12-02T13:54:19.000Z	https://github.com/quentin7b/flutter_grouped_listview
909	cupertino_lists	Package that implements iOS-style grouped lists.	1.0.1	83.02762239278435	41	13	1	1	ivirtex	ivirtex.dev	MIT	2022-04-22T18:37:34.000Z	https://github.com/ivirtex/cupertino_lists
910	flutter_barcode_sdk	A Flutter plugin for Dynamsoft Barcode Reader SDK. It covers Android, iOS, Web, Windows, Linux and macOS, supporting linear barcode, QR Code, DataMatrix, MaxiCode, PDF417, etc.	2.2.0	83.0232860673865	97	34	11	0	yushulx	yushulx.me	MIT	2022-12-14T07:48:52.000Z	https://github.com/yushulx/flutter_barcode_sdk
911	pdf_image_renderer	A package that allows fast and simple rendering of pdfs using the native renderers of the OS.	0.7.0	83.00594076579506	9	5	3	2	cloudacy	cloudacy.com	MIT	2022-11-05T15:31:41.000Z	https://github.com/cloudacy/pdf_image_renderer
912	widget_loading	An easy way to hide a widget when you have nothing to show yet and need a loading animation at the same time.	0.3.2	82.99293178960149	56	9	1	0	SplashByte	splashbyte.dev	BSD-3-Clause	2022-06-13T11:09:16.000Z	https://github.com/SplashByte/widget_loading
913	dart_bip32_bip44	Library implementing Bitcoins BIP32 (Hierarchical Deterministic key derivation) specification in a Flutter friendly fashion.	0.2.0	82.98425913880577	8	4	1	2	k1rak1ra		NOASSERTION	2021-07-07T01:13:49.000Z	https://github.com/k1rak1ra/dart-bip32-bip44
914	control_style	Applies additional decoration to Flutter-based text fields, buttons and other controls. This allows for better interface customisation.	0.0.3	82.97992281340791	7	1	0	0	astoniocom		MIT	2022-10-12T17:11:11.000Z	https://github.com/astoniocom/control_style
915	dough	This library provides widgets that can be used to create a smooshy user interface.	1.0.3	82.9408958848272	352	524	21	3	josiahsrc	josiahsaunders.com	MIT	2022-05-17T19:48:54.000Z	https://github.com/josiahsrc/dough/tree/master/packages/dough
916	nuts_activity_indicator	Highly customizable activity indicator (spinner) for your Flutter apps based on the cupertino package.	1.0.0	82.91054160704219	11	2	4	0	dartsidedev	dartside.dev	BSD-3-Clause	2022-11-18T21:30:46.000Z	https://github.com/dartsidedev/nuts_activity_indicator
917	flutter_pollfish	A Flutter plugin for rendering Pollfish surveys within an app	4.1.2	82.8888599800529	18	7	8	1	pollfish		NOASSERTION	2022-12-15T10:14:28.000Z	https://github.com/pollfish/flutter-plugin-pollfish
918	flutter_use	Collection of Flutter Hooks.	0.0.3	82.87585100385932	35	143	8	7	wasabeef	wasabeef.jp	Unlicense	2022-11-20T18:09:02.000Z	https://github.com/wasabeef/flutter_use
919	geocore	Geospatial data structures (points, geometry, features, meta) and parsers (GeoJSON, WKT) for Dart.	0.10.0	82.83248774988076	11	20	3	31	navibyte	navibyte.com	NOASSERTION	2022-12-02T20:19:03.000Z	https://github.com/navibyte/geospatial
920	email_otp	A fast & simple email authentication OTP sender and verification flutter package.	1.0.4	82.82381509908504	11	1	0	1	rohit-chouhan	rohitchouhan.com	MIT	2022-07-31T11:40:26.000Z	https://github.com/rohit-chouhan/email_otp
921	colorfilter_generator	Collection of ColorFilter matrices that can be used with ColorFiltered and generator to create custom color filters.	0.0.8	82.79779714669789	6	2	3	1	hsbijarniya	ensorta.com	MIT	2022-03-15T12:46:37.000Z	https://github.com/hsbijarniya/colorfilter_generator
922	serial_port_win32	A SerialPort library using win32 API, for connecting real device by serial port. Only supports Windows.	0.5.2	82.78912449590217	24	18	3	5	FengChendian		BSD-3-Clause	2022-11-11T10:21:38.000Z	https://github.com/FengChendian/serial_port_win32
923	storage_space	Get the free, available and total storage space for the device. Utility helpers for readable sizes	1.0.1+5	82.72841594033217	9	2	3	1	flowmobile	oodavid.com	NOASSERTION	2022-12-02T19:33:20.000Z	https://github.com/flowmobile/storage_space
924	model_viewer	A Flutter widget for rendering interactive 3D models in the glTF and GLB formats.	0.8.1	82.71107063874074	130	193	70	31	drydart	ar.to	Unlicense	2022-12-13T12:00:43.000Z	https://github.com/drydart/model_viewer.dart
925	commons	Commons Flutter package includes alert dialogs, extension functions and much more... Written by 'Ch Arbaz Mateen'	0.7.8+3	82.70673431334288	54	42	16	10	Arbaz-Softagics		GPL-3.0	2021-05-29T12:12:06.000Z	https://github.com/Arbaz-Softagics/commons
926	amplify_datastore_plugin_interface	The platform interface for the DataStore module of Amplify Flutter.	0.6.10	82.69806166254716	7	1127	176	195	aws-amplify	aws-amplify.com	Apache-2.0	2022-12-19T22:24:32.000Z	https://github.com/aws-amplify/amplify-flutter
927	ai_awesome_message	A new Awesome message widget that is sames to toast;snackbar;prompt of Flutter package.	3.0.0	82.66770738476215	34	6	6	1	pdliuw		BSD-3-Clause	2022-08-10T04:02:13.000Z	https://github.com/pdliuw/ai_awesome_message
928	ff_stars	Star Evaluation Components. Powerful and easy to use. Highly customized.	3.0.0	82.63735310697714	2	70	1	0	flutting		MIT	2022-11-07T03:31:52.000Z	https://github.com/flutting/ff_stars
929	walletconnect_qrcode_modal_dart	Provides UI for DApps to easily connect to a supported Wallet apps through open WalletConnect protocol.	0.1.1	82.62434413078358	13	15	10	3	nextchapterstudio	thenextchapter.studio	MIT	2022-12-12T11:06:08.000Z	https://github.com/nextchapterstudio/walletconnect_qrcode_modal_dart
930	zebrautility	A flutter plugin for working with zebra printers	0.0.40	82.61567147998787	24	3	16	11	MythiCode		MIT	2022-09-28T14:53:16.000Z	https://github.com/MythiCode/zebra_utlity
931	implicitly_animated_list	A Flutter widget that implicitly animates a list whenever it rebuilds with new items.	2.1.0	82.61133515459001	16	4	3	2	MarcelGarus		MIT	2021-04-06T17:47:11.000Z	https://github.com/marcelgarus/implicitly_animated_list
932	item_selector	A generic item selector that works with ListView, GridView, Row, Column, or basically any parent widget that can have indexed child widgets.	0.2.0	82.580980876805	33	5	5	1	jpnurmi		NOASSERTION	2021-09-02T10:57:04.000Z	https://github.com/jpnurmi/item_selector
933	alchemist	A support package that aims to make golden testing in Flutter easier and more streamlined.	0.5.1	82.57230822600928	83	210	14	12	Betterment	betterment.dev	MIT	2022-11-16T15:54:00.000Z	https://github.com/Betterment/alchemist
934	gql_build	Useful builders for your GraphQL SDL and documents. Based on package:gql_code_builder and package:build	0.7.0	82.52027232123498	13	240	99	56	gql-dart	gql-dart.dev	MIT	2022-12-03T23:04:15.000Z	https://github.com/gql-dart/gql
935	ethereum_addresses	A dart library to generate, checksum, and validate Ethereum addresses	1.0.2	82.49425436884785	8	1	1	0	fuseio	fuse.io	MIT	2021-12-05T10:42:17.000Z	https://github.com/fuseio/dart-ethereum_address
936	xid	Xid is a globally unique id generator. Xids are small, fast to generate, sortable, compact URL-safe string with no configuration or central generator server.	1.0.12	82.4162005116864	15	5	2	0	pitabwire		MIT	2022-11-13T11:15:31.000Z	https://github.com/pitabwire/xid
937	unleash	A Server Side Dart SDK for Unleash. Unleash is an open-source feature flag service.	0.4.1	82.34248297992282	16	11	8	5	ivarconr	getunleash.io	Apache-2.0	2022-11-06T20:09:00.000Z	https://github.com/ivarconr/unleash-client-dart
938	modals	Modals, a Flutter package to simplify all your overlay needs!	1.0.0+1	82.33814665452496	38	9	2	1	KlausJokisuo	klasu.dev	MIT	2022-09-22T10:56:25.000Z	https://github.com/KlausJokisuo/modals
939	mlkit_scanner	A Flutter plugin to detect barcodes, text, faces, and objects using Google MLKit API for iOS and Android	0.3.3	82.31212870213781	31	20	5	9	dns-technologies	dns-tech.ru	NOASSERTION	2022-11-09T15:15:26.000Z	https://github.com/dns-technologies/mlkit_scanner
940	flutter_math	Fast and high-quality TeX math equation rendering with pure Dart & Flutter.	0.2.1	82.2514201465678	64	109	44	24	znjameswu		Apache-2.0	2022-01-14T03:04:43.000Z	https://github.com/znjameswu/flutter_math
941	sms_maintained	SMS library for Flutter applications. Its allow to send, receive, query sms messages, sms delivery and query contacts info. It exposes an easy and friendly API for developing a completely functional sms app in Flutter.	0.2.5	82.24274749577208	59	36	43	24	geordyvc		MIT	2020-10-09T09:19:37.000Z	https://github.com/geordyvcErasmus/flutter_sms
942	yaru_colors	A collection of Yaru color palettes for Flutter.	0.1.1	82.22540219418065	3	18	3	1	ubuntu		MPL-2.0	2022-11-11T10:27:23.000Z	https://github.com/ubuntu/yaru_colors.dart
943	pie_menu	A Flutter package that provides a customizable circular/radial context menu	1.2.3	82.2210658687828	58	14	1	3	rasitayaz		MIT	2022-12-02T23:06:20.000Z	https://github.com/rasitayaz/flutter-pie-menu
944	at_utils	A Dart library that contains various utility classes such as atSign, atmetadata, configuration, and logger.	3.0.11	82.19504791639565	7	24	9	12	atsign-foundation	atsign.org	BSD-3-Clause	2022-12-19T17:34:24.000Z	https://github.com/atsign-foundation/at_tools
945	reactive_forms_annotations	Annotations for reactive_forms_generator	0.13.0-beta	82.1907115909978	4	36	9	2	artflutter		NOASSERTION	2022-12-19T16:42:34.000Z	https://github.com/artflutter/reactive_forms_generator
946	onboarding_animation	This package provides page type animation to onboarding screens and provides indicator.	0.0.2	82.17770261480422	47	13	3	0	Mindinventory	mindinventory.com	MIT	2022-09-20T11:29:53.000Z	https://github.com/Mindinventory/onboarding_animation
947	advance_expansion_tile	1. It allows you to manually collapse, exapnd or toggle expansion tile. It allows you to disable the click	1.0.2	82.0866397814492	5	0	1	0	tarique-khan	whizfy.ai	BSD-3-Clause	2022-11-09T12:32:02.000Z	https://github.com/tarique-khan/advance_expansion_tile
948	messagepack	Streaming API implementation of MessagePack binary serialization format - msgpack.	0.2.1	82.07796713065349	30	17	8	5	nailgilaziev		BSD-3-Clause	2022-04-21T07:58:45.000Z	https://github.com/nailgilaziev/messagepack
949	flutter_persistent_keyboard_height	Flutter package to get keyboard height. Can be used to display a sticker/emoji modal with correct height.	1.0.5	82.04761285286848	22	13	3	1	f-person	fperson.dev	MIT	2022-03-13T17:00:58.000Z	https://github.com/f-person/flutter_persistent_keyboard_height
950	markdown_quill	Convert between quill (delta) format and markdown	1.0.0	82.04327652747062	6	6	14	4	TarekkMA		MIT	2022-05-23T15:38:24.000Z	https://github.com/TarekkMA/markdown_quill
951	youtube	A package to stream/download youtube video or thumbnail and more.	1.0.1	82.03026755127705	24	1	1	2	rohit-chouhan	rohitchouhan.com	MIT	2022-06-19T08:03:26.000Z	https://github.com/rohit-chouhan/youtube-flutter
952	pfile_picker	Variation of file_picker that uses an external pfile definition	4.5.1+3	82.01725857508347	10	974	432	29	miguelpruivo		MIT	2022-12-12T17:26:48.000Z	https://github.com/miguelpruivo/flutter_file_picker
953	toggle_list	An easy-to-use and highly customizable expandable list widget for your Flutter application.	0.2.1	82.01292224968562	31	1	1	0	BinaryBush	binarybush.dev	Apache-2.0	2022-05-26T09:17:35.000Z	https://github.com/binarybush/toggle_list
954	test_descriptor	An API for defining and verifying directory structures.	2.0.1	81.98256797190061	2	7	8	0	dart-lang	tools.dart.dev	BSD-3-Clause	2022-11-07T16:13:31.000Z	https://github.com/dart-lang/test_descriptor
955	flutter_locker	Secures your secrets in keychain using biometric authentication (Fingerprint, Touch ID, Face ID...)	2.1.1	81.9522136941156	30	25	4	3	infinum	infinum.com	MIT	2022-11-07T11:34:38.000Z	https://github.com/infinum/flutter-plugins-locker
956	at_commons	A library of Dart and Flutter utility classes that are used across other components of the atPlatform.	3.0.32	81.94787736871774	13	24	9	12	atsign-foundation	atsign.org	BSD-3-Clause	2022-12-19T17:34:24.000Z	https://github.com/atsign-foundation/at_tools
957	custom_text	A highly customisable text widget that enables decorations and gestures on strings.	0.6.0	81.9435410433199	17	5	0	1	kaboc	kaboc.cc	MIT	2022-11-24T07:34:23.000Z	https://github.com/kaboc/flutter_custom_text
958	firebase_instance_id	A Flutter plugin to retrieve the Firebase App Instance ID.	1.0.0	81.91318676553489	3	1	0	0	cingulo	cingulo.com	MIT	2021-10-28T16:55:31.000Z	https://github.com/cingulo/firebase_instance_id
959	siri_wave	A Flutter package to create beautiful waveforms like in Siri.	0.2.2	81.8915051385456	27	27	5	2	halildurmus		MIT	2022-10-10T20:03:11.000Z	https://github.com/halildurmus/siri_wave
960	big_decimal	A bugless implementation of BigDecimal in Dart based on Java's BigDecimal	0.3.1	81.88283248774988	9	18	0	2	bugless	bugless.dev	MIT	2022-03-15T20:39:26.000Z	https://github.com/bugless/big-decimal
961	reactive_image_picker	Wrapper around image_picker to work with reactive_forms	0.12.0	81.8394692337713	10	47	23	2	artflutter		MIT	2022-12-15T16:51:57.000Z	https://github.com/artflutter/reactive_forms_widgets
962	slide_switcher	Package for creating switching widgets with extensive customization options	1.1.2	81.82646025757772	22	4	2	1	chahohbily		MIT	2022-10-15T20:21:30.000Z	https://github.com/chahohbily/slide_switcher
963	async_wallpaper	Set wallpapers on Android asynchronously. Also supports video live wallpapers. Use this, when you want to set a wallpaper on Android without a delay or blocking your whole app.	2.0.1	81.81345128138415	43	11	10	5	codenameakshay	hashstudios.dev	MIT	2022-10-02T07:06:35.000Z	https://github.com/codenameakshay/async_wallpaper
964	flutter_feed_reaction	A Flutter package providing you with highly customizable reactions list for posts/comments in a Social Media kind of an app.	0.0.6	81.79610597979273	15	1	0	1	shrijanRegmi		BSD-3-Clause	2022-12-08T12:01:00.000Z	https://github.com/shrijanRegmi/flutter_feed_reaction
965	line_chart	A simple flutter package to create a custom line chart	1.1.11	81.76141537660986	23	2	0	1	lucas-sesti		MIT	2021-04-19T14:51:11.000Z	https://github.com/lucas-sesti/line_chart
966	rich_clipboard	Flutter plugin for accessing rich text and other data types in the system clipboard.	1.0.1	81.74407007501843	26	15	6	2	BringingFire	bringingfire.com	BSD-3-Clause	2022-11-30T17:39:55.000Z	https://github.com/BringingFire/rich_clipboard/tree/dev/rich_clipboard
967	turf	A turf.js-like geospatial analysis library working with GeoJSON, written in pure Dart.	0.0.7	81.73106109882485	21	29	12	21	dartclub	dartlang.rocks	MIT	2022-09-30T04:59:57.000Z	https://github.com/dartclub/turf_dart
968	esp_smartconfig	EspTouch and EspTouchV2 implementations of SmartConfig provisioning protocols. Plain Dart. All platforms.	1.1.10	81.72238844802914	12	25	2	0	abobija	abobija.com	MIT	2022-08-11T22:10:49.000Z	https://github.com/abobija/esp-smartconfig-dart
969	dhttpd	A static HTTP file server for easy local hosting of a directory.	4.0.1	81.69637049564199	70	82	18	10	kevmoo	j832.com	BSD-3-Clause	2022-11-09T20:33:26.000Z	https://github.com/kevmoo/dhttpd
970	ironsource_mediation	an ironSource SDK Flutter bridge	1.1.0	81.68336151944841	12	3	11	7	ironsource-mobile		MIT	2022-09-20T06:57:36.000Z	https://github.com/ironsource-mobile/Flutter-SDK
971	installer_info	Returns information about the method used to install your app.	0.3.0	81.67035254325484	5	0	4	0	caiopo	caiopo.com	MIT	2021-04-16T21:59:22.000Z	https://github.com/caiopo/flutter-installer-info
972	country	Generated country class with country_generator using countries.	2.0.3	81.62698928927627	9	0	1	0	aaassseee		MIT	2022-12-13T01:47:03.000Z	https://github.com/aaassseee/country/tree/master/country
973	custom_rating_bar	Custom rating bar for flutter with support of  custom icons, half icons, directions, alignments & more.	2.0.4	81.61831663848055	13	0	0	0	eterkit	eterkit.com	BSD-3-Clause	2022-12-16T15:08:13.000Z	https://github.com/eterkit/flutter-packages
974	rounded_background_text	Text, TextField and TextSpan highlighted with rounded corners	0.3.0	81.60530766228698	25	39	7	3	bdlukaa	bdlukaa.dev	BSD-3-Clause	2022-08-06T12:15:37.000Z	https://github.com/bdlukaa/rounded_background_text
975	flutter_openim_sdk	An instant messaging plug-in that supports Android and IOS. And the server is also all open source.	2.3.5	81.57495338450197	7	276	179	3	OpenIMSDK		MIT	2022-12-15T07:54:21.000Z	https://github.com/OpenIMSDK/Open-IM-SDK-Flutter
976	fitted_text_field_container	A Container that automatically resizes to fit a the text value of a Material TextField.	2.0.0	81.52725380512553	27	7	1	2	huyffs	su93rheroes.com	MIT	2021-03-06T23:33:41.000Z	https://github.com/huyffs/fitted_text_field_container
977	flat	A simple, no dependency 🚀 way to take a nested Map and flatten it into a single depth Map. Based on Node.js `flat` package.	0.4.1	81.51858115432982	11	8	2	1	danilofuchs		MIT	2021-11-18T20:51:29.000Z	https://github.com/danilofuchs/flat
978	import_lint	The Import Lint package defines import lint rules and report on lints found in Dart code.	0.9.4	81.50123585273839	13	15	1	4	kawa1214	kawa.dev	NOASSERTION	2022-12-09T21:05:33.000Z	https://github.com/kawa1214/import-lint
979	easy_loader	The easiest way to handle a simple full screen loader in Flutter. Written in Dart. Fully customizable.	2.0.0	81.48822687654481	14	5	3	0	aligorithm	aligorithm.i.ng	MIT	2021-12-02T22:23:55.000Z	https://github.com/aligorithm/easy_loader
980	easy_web_view2	A super simple webview for Flutter Web and Mobile from @rodydavis (Null safety and updated dependencies)	0.0.3	81.4795542257491	14	2	4	2	berat-cakir		MIT	2021-06-15T17:16:42.000Z	https://github.com/berat-cakir/easy_web_view2
981	hyperpay	A plugin to wrap HyperPay mobile SDK for iOS and Android, used to accept payments in Flutter apps using HyperPay Payments Gateway.	1.0.0-dev.7	81.45353627336195	34	11	26	7	nyartech	nyartech.com	MIT	2022-12-03T08:14:02.000Z	https://github.com/nyartech/hyperpay
982	flutter_dtmf	Generates DTFM Tones for Flutter Application. This can be used in VOIP applications or other applications that need to generate DTMF Tones.	2.0.2	81.43619097177051	7	9	7	1	eopeter	eopeter.com	MIT	2022-01-19T19:20:50.000Z	https://github.com/eopeter/flutter_dtmf
983	deepar_flutter	Official Flutter SDK for DeepAR	0.0.3	81.39716404318979	21	11	7	12	DeepARSDK	deepar.ai	MIT	2022-11-30T06:13:06.000Z	https://github.com/DeepARSDK/deepar-flutter-plugin
984	gviz	A simple utility for creating GraphViz directed graphs using an object oriented API.	0.4.0	81.31477386063051	7	15	5	1	kevmoo	j832.com	BSD-3-Clause	2022-11-10T01:44:01.000Z	https://github.com/kevmoo/gviz
985	breathing_collection	A collection of Flutter widgets with breathing animation. More widgets will be added.	1.0.0+3	81.26273795585621	54	2	1	0	Type0N1	dogeeexd.com	MIT	2022-02-04T03:14:43.000Z	https://github.com/Type0N1/Breathing-Collection
986	very_good_cli	A Very Good Command-Line Interface for Dart created by Very Good Ventures.	0.9.1	81.24972897966263	387	1758	148	52	VeryGoodOpenSource	verygood.ventures	MIT	2022-12-19T17:55:25.000Z	https://github.com/VeryGoodOpenSource/very_good_cli
987	global_configs	A flutter package to manage application configurations via singleton pattern.	1.1.2	81.22804735267334	9	5	1	0	initCommerce		MIT	2021-11-03T10:31:49.000Z	https://github.com/mehdizarepour/flutter-global-configs
988	flutter_section_list	A ListView and GridView support section like iOS，header pinned，item staggered.	1.1.1	81.21503837647978	10	8	1	2	lhx546920268		MIT	2021-03-17T08:51:40.000Z	https://github.com/lhx546920268/flutter_section_list
989	flutter_unity	A Flutter plugin for embedding Unity projects in Flutter projects.	0.3.0	81.19335674949049	44	94	43	23	Glartek	glartek.com	BSD-3-Clause	2022-04-11T12:21:40.000Z	https://github.com/Glartek/flutter-unity
990	advanced_in_app_review	Advanced In App Reviews for iOS and Android. Tries to show the in app reviews only after meetings defined conditions (days after install ...).	1.1.1	81.18034777329692	23	6	2	1	eeoom	eeoom.com	MIT	2022-12-16T14:39:52.000Z	https://github.com/eeoom/advanced_in_app_review
991	mediasoup_client_flutter	Mediasoup client side Flutter library. Work for Android, iOS, MacOS, Windows and browser.	0.8.1	81.1196392177269	27	81	29	17	Blancduman		MIT	2022-09-10T14:16:22.000Z	https://github.com/Blancduman/mediasoup-client-flutter
992	flutter_device_locale	A Flutter plugin for retrieving the device locale information.	0.4.0	81.11530289232904	17	20	30	0	Jesway	jesway.com	NOASSERTION	2022-05-05T11:20:28.000Z	https://github.com/bratan/flutter_device_locale
993	native_context_menu	Provides a native context menu for flutter applications. Most useful on desktop.	0.2.2+5	81.08061228914619	80	149	17	11	lesnitsky	lesnitsky.dev	MIT	2022-08-14T16:26:05.000Z	https://github.com/lesnitsky/native_context_menu
994	persian_tools	An anthology of a variety of tools for the Persian language which you can use in all platform that dart supports	1.0.3	81.06326698755475	39	53	9	4	persian-tools		MIT	2022-11-28T06:29:05.000Z	https://github.com/persian-tools/dart-persian-tools
995	equations	An equation solving library that also works with complex numbers and fractions.	4.1.0	81.0589306621569	54	42	3	2	albertodev01	fluttercompletereference.com	MIT	2022-09-09T12:46:12.000Z	https://github.com/albertodev01/equations
996	expandable_tree_menu	Tree of menu-nodes that can be expanded/collapsed to review more menu nodes, built from a recursive list of nodes.	0.1.0-dev.5	81.05459433675904	36	1	1	2	Tahaan		BSD-3-Clause	2021-04-23T06:10:08.000Z	https://github.com/Tahaan/expandable_tree_menu
997	at_lookup	A Dart library that contains the core commands that can be used with a secondary server (scan, update, lookup, llookup, plookup, etc.)	3.0.33	81.01556740817831	8	35	10	17	atsign-foundation	atsign.org	BSD-3-Clause	2022-12-20T02:02:21.000Z	https://github.com/atsign-foundation/at_libraries
998	apphud	Official Apphud Flutter SDK is a lightweight open-source library to manage auto-renewable subscriptions and other in-app purchases in your iOS/Android app. No backend required.	2.2.7	80.98954945579116	4	4	3	0	apphud		MIT	2022-11-18T03:56:03.000Z	https://github.com/apphud/ApphudSDK-Flutter
999	motion	A fancy widget that applies a gyroscope or hover based motion effect to its child.	1.3.3	80.98087680499545	70	14	5	4	mrcendre	cendre.me	GPL-3.0	2022-08-30T13:55:59.000Z	https://github.com/mrcendre/motion
1000	progressive_time_picker	This package allow us to customize time picker based on our requirements for selecting a specific range from time picker and it's supports multiple platforms.	0.0.7	80.93751355101688	69	50	7	2	Mindinventory	mindinventory.com	MIT	2022-09-23T11:34:33.000Z	https://github.com/Mindinventory/progressive_time_picker
1001	cloudinary	A dart package to integrate Cloudinary API in Dart and Flutter.	1.0.3	80.9245045748233	1	1	0	0	nixrajput	nixlab.co.in	GPL-3.0	2022-09-11T01:00:40.000Z	https://github.com/nixrajput/cloudinary-dart
1002	test_reflective_loader	Support for discovering tests and test suites using reflection.	0.2.2	80.92016824942544	0	4	13	0	dart-lang	tools.dart.dev	BSD-3-Clause	2022-11-15T22:30:54.000Z	https://github.com/dart-lang/test_reflective_loader
1003	flutter_voximplant	Voximplant plugin for embedding voice and video communication into Flutter applications.	3.7.0	80.91149559862973	33	8	7	5	voximplant	voximplant.com	MIT	2022-12-06T14:02:59.000Z	https://github.com/voximplant/flutter_voximplant
1004	thinking_analytics	Official flutter plugin for tracking events to Thinking Analytics.	2.2.0	80.872468670049	0	2	2	1	ThinkingDataAnalytics	thinkingdata.cn	Apache-2.0	2022-11-07T03:31:48.000Z	https://github.com/ThinkingDataAnalytics/flutter-sdk
1005	twitter_oauth2_pkce	Provides the optimized and easiest way to integrate OAuth 2.0 PKCE with Twitter API in Flutter.	1.0.1	80.86813234465114	14	10	4	3	twitter-dart	shinyakato.dev	BSD-3-Clause	2022-12-19T03:15:51.000Z	https://github.com/twitter-dart/twitter-oauth2-pkce
1006	riverpod_infinite_scroll	Riverpod implementation of infinite_scroll_pagination, this package allows to use infinite_scroll_pagination with Riverpod abstracting away the complexity	1.0.9	80.85078704305971	19	11	11	5	ftognetto	quantos.it	MIT	2022-11-03T21:15:52.000Z	https://github.com/ftognetto/riverpod_infinite_scroll
1007	application_icon	This package provides a widget which shows the application icon of your app.	2.0.0	80.842114392264	6	6	2	10	ueman	uekoetter.dev	NOASSERTION	2022-11-20T16:39:26.000Z	https://github.com/ueman/application_icon
1008	live_activities	A Flutter plugin to use iOS 16.1+ Live Activities & iPhone 14 Pro Dynamic Island features	1.4.0+6	80.83777806686614	70	52	9	2	istornz	dimitridessus.fr	MIT	2022-12-18T17:31:27.000Z	https://github.com/istornz/live_activities
1009	hsv_color_pickers	Flutter package for creating customisable Color pickers for HSV Colors.	0.2.2	80.82476909067256	13	4	2	0	WieFel	wiefel.dev	BSD-3-Clause	2022-09-11T18:47:12.000Z	https://github.com/WieFel/hsv_color_pickers
1010	animated_tree_view	Animated TreeView based on AnimatedList that allows building fully customizable Nodes that can be nested to infinite levels and children.	1.0.0	80.80742378908113	55	10	1	1	embraceitmobile	cubivue.com	MIT	2022-11-08T05:53:19.000Z	https://github.com/embraceitmobile/animated_tree_view
1011	const_date_time	A drop-in replacement for Dart's DateTime class with const constructors.	1.0.2	80.80308746368328	1	1	1	0	westy92	westy92.com	MIT	2022-12-18T05:02:06.000Z	https://github.com/westy92/const-date-time
1012	flutter_bluetooth_printer	Image based printing for bluetooth thermal printer, support for iOS and Android.	2.7.1	80.77706951129613	20	6	6	5	ekasetiawans	maseka.dev	MIT	2022-12-19T08:02:42.000Z	https://github.com/ekasetiawans/flutter_bluetooth_printer_plugin
1013	yandex_geocoder	API to translate geographic coordinates into an address and vice versa	2.0.2	80.77273318589828	26	3	2	0	MadBrains	madbrains.ru	MIT	2022-06-23T07:57:16.000Z	https://github.com/MadBrains/Yandex-Geocoder-Flutter
1014	input_slider	A customizable input that synchronizes a Slider and a TextField.	0.3.1	80.71636095572612	16	1	1	0	smofe		MIT	2022-10-08T10:36:46.000Z	https://github.com/smofe/input_slider
1015	code_scan	A flexible code scanner for QR codes, barcodes and many others. Using Google's ML Kit. Use it as a Widget with a camera or use the methods provided, with a camera controller.	0.4.6	80.69467932873683	10	5	2	0	DrafaKiller	drafakiller.com	MIT	2022-09-25T00:15:32.000Z	https://github.com/DrafaKiller/CodeScanner-flutter
1016	ethers	Ethereum library and wallet implementation in Dart.	0.0.1+3	80.67299770174753	13	12	4	3	Hanggi		NOASSERTION	2022-04-23T09:08:35.000Z	https://github.com/Hanggi/ethers
1017	native_dio_client	A client for Dio which makes use of cupertino_http and cronet_http to delegate HTTP requests to the native platform.	0.0.3	80.66866137634968	0	16	1	1	ueman	uekoetter.dev	Apache-2.0	2022-11-20T09:45:46.000Z	https://github.com/ueman/native-dio-client
1018	bloc_event_transformers	Configurable transformers for your bloc (bloclibrary.dev) events. Throttle, debounce, skip, and delay with ease.	1.0.1	80.65998872555397	4	3	2	1	wrbl-xyz	wrbl.xyz	MIT	2022-03-15T13:37:47.000Z	https://github.com/wrbl-xyz/bloc_event_transformers
1019	swipe_gesture_recognizer	A simple and lightweight swipe gesture recognizer for a widget in Flutter.	0.0.2	80.64264342396254	27	7	4	2	BilalShahid13		BSD-3-Clause	2021-06-05T00:43:27.000Z	https://github.com/BilalShahid13/FlutterSwipeGestureRecognizer
1020	vertical_barchart	Simple, responsive and beautiful Vertical BarChart.	2.0.0+2	80.63830709856468	24	2	0	2	nizarhdt		BSD-2-Clause	2021-03-22T07:57:17.000Z	https://github.com/nizarhdt/vertical_barchart
1021	infinite_scroll	A flutter package which provides List and Grid widgets for infinite scrolling views.	1.1.1	80.59928016998396	15	1	2	5	Syed-Waleed-Shah		MIT	2022-12-10T16:32:34.000Z	https://github.com/Syed-Waleed-Shah/infinite_scroll
1022	zego_uikit_prebuilt_live_streaming	PrebuiltLiveStreaming is a full-featured live streaming kit that provides ready-made video streaming, live text chat, face beautification, and supports unlimited viewers.	1.3.2	80.58627119379038	4	2	0	0	ZEGOCLOUD	zegocloud.com	MIT	2022-12-12T09:57:48.000Z	https://github.com/ZEGOCLOUD/zego_uikit_prebuilt_live_streaming_flutter
1023	jhtoast	jhtoast - Flutter toast package. supported effects： text, imagetext, loading, horizontal and vertical layout. Supports iOS and Android.	1.2.0	80.5732622175968	3	8	4	1	iotjin		BSD-2-Clause	2022-07-08T11:08:35.000Z	https://github.com/iotjin/jhtoast
1024	browser_detector	Dart browser detector library. Detects popular browsers, engines and platforms by analyzing the user agent string. Safe to use with Flutter Native.	2.0.0	80.56025324140323	3	1	1	0	aicantar	aicantar.com	MIT	2021-11-14T09:53:46.000Z	https://github.com/aicantar/browser_detector
